distance_ticks,count
0,124455
1,7849
2,4413
3,4066
4,4236
5,4240
6,4362
7,4544
8,4322
9,4492
10,7651
11,4468
12,4913
13,4798
14,5032
15,6299
16,5055
17,5067
18,4930
19,4853
20,4407
21,4721
22,4130
23,4286
24,4062
25,4126
26,4090
27,4038
28,3968
29,3905
30,4099
31,3995
32,3889
33,3931
34,3888
35,3866
36,3753
37,3563
38,3775
39,3702
40,3558
41,3480
42,3518
43,3482
44,3528
45,3393
46,3449
47,3353
48,3366
49,3386
50,3454
51,3331
52,3164
53,3166
54,3091
55,3023
56,3048
57,3096
58,3078
59,3064
60,3018
61,3005
62,2952
63,3031
64,2956
65,2904
66,2793
67,2860
68,2750
69,2873
70,2816
71,2697
72,2702
73,2664
74,2681
75,2754
76,2651
77,2632
78,2545
79,2642
80,2507
81,2513
82,2438
83,2378
84,2454
85,2338
86,2330
87,2169
88,2233
89,2238
90,2100
91,2031
92,1896
93,1965
94,1841
95,1843
96,1613
97,1598
98,1526
99,1509
100,1762
101,1560
102,1537
103,1563
104,1478
105,1462
106,1400
107,1507
108,1458
109,1360
110,1386
111,1434
112,1407
113,1406
114,1455
115,1407
116,1351
117,1398
118,1701
119,2380
120,1317
121,1362
122,1334
123,1281
124,1341
125,1390
126,1338
127,1299
128,1311
129,1406
130,1492
131,2593
132,1700
133,1747
134,1571
135,1644
136,1667
137,1889
138,1527
139,1208
140,1246
141,1203
142,1222
143,1216
144,1220
145,1264
146,1237
147,1438
148,1251
149,1196
150,1310
151,1193
152,1211
153,1291
154,1127
155,1148
156,1129
157,1275
158,1229
159,1261
160,1137
161,1196
162,1191
163,1087
164,1175
165,1214
166,1148
167,1121
168,1206
169,1176
170,1118
171,1098
172,1113
173,1093
174,1194
175,1132
176,1016
177,1011
178,973
179,969
180,984
181,929
182,1012
183,1048
184,940
185,943
186,961
187,892
188,968
189,871
190,946
191,912
192,886
193,890
194,860
195,871
196,841
197,829
198,825
199,786
200,930
201,821
202,789
203,754
204,761
205,778
206,714
207,748
208,699
209,721
210,710
211,670
212,679
213,617
214,624
215,647
216,628
217,616
218,575
219,584
220,600
221,584
222,560
223,597
224,587
225,561
226,636
227,636
228,600
229,611
230,649
231,627
232,606
233,533
234,487
235,502
236,447
237,557
238,469
239,422
240,435
241,430
242,421
243,416
244,404
245,393
246,459
247,424
248,413
249,427
250,436
251,432
252,378
253,414
254,429
255,430
256,348
257,396
258,380
259,340
260,376
261,364
262,341
263,348
264,384
265,324
266,367
267,307
268,365
269,339
270,349
271,315
272,330
273,324
274,395
275,342
276,322
277,302
278,288
279,348
280,329
281,286
282,298
283,271
284,269
285,304
286,274
287,313
288,298
289,277
290,266
291,272
292,262
293,282
294,289
295,285
296,275
297,270
298,287
299,295
300,337
301,304
302,250
303,289
304,241
305,258
306,272
307,224
308,243
309,235
310,264
311,252
312,275
313,246
314,249
315,224
316,249
317,255
318,246
319,228
320,232
321,217
322,203
323,227
324,220
325,266
326,208
327,205
328,212
329,232
330,241
331,208
332,218
333,196
334,181
335,215
336,202
337,228
338,219
339,196
340,220
341,214
342,209
343,231
344,210
345,208
346,206
347,219
348,208
349,235
350,234
351,248
352,268
353,237
354,280
355,212
356,222
357,224
358,236
359,234
360,193
361,217
362,203
363,207
364,211
365,210
366,209
367,180
368,189
369,175
370,186
371,170
372,202
373,204
374,205
375,177
376,163
377,136
378,218
379,202
380,221
381,202
382,203
383,196
384,168
385,200
386,204
387,182
388,159
389,185
390,193
391,170
392,174
393,184
394,206
395,201
396,178
397,156
398,194
399,189
400,301
401,220
402,186
403,176
404,184
405,196
406,203
407,200
408,162
409,173
410,196
411,201
412,202
413,198
414,183
415,164
416,165
417,139
418,148
419,167
420,162
421,177
422,158
423,146
424,173
425,139
426,158
427,180
428,169
429,153
430,172
431,145
432,120
433,132
434,141
435,132
436,144
437,147
438,129
439,132
440,163
441,130
442,125
443,116
444,143
445,153
446,134
447,149
448,139
449,127
450,189
451,133
452,126
453,139
454,107
455,128
456,96
457,109
458,112
459,128
460,144
461,127
462,116
463,99
464,100
465,115
466,109
467,105
468,109
469,106
470,116
471,95
472,97
473,105
474,118
475,124
476,106
477,98
478,78
479,85
480,106
481,86
482,111
483,112
484,80
485,78
486,76
487,89
488,87
489,72
490,93
491,79
492,56
493,73
494,91
495,72
496,72
497,87
498,59
499,70
500,215
501,110
502,84
503,82
504,92
505,78
506,80
507,76
508,88
509,120
510,72
511,94
512,82
513,90
514,81
515,67
516,66
517,68
518,87
519,75
520,67
521,66
522,73
523,69
524,96
525,86
526,77
527,71
528,82
529,70
530,78
531,71
532,71
533,61
534,91
535,63
536,77
537,77
538,55
539,79
540,76
541,77
542,58
543,74
544,79
545,73
546,70
547,68
548,84
549,58
550,93
551,70
552,74
553,60
554,74
555,61
556,60
557,52
558,104
559,60
560,68
561,50
562,70
563,58
564,67
565,54
566,65
567,62
568,64
569,49
570,70
571,52
572,73
573,51
574,65
575,55
576,43
577,47
578,55
579,49
580,55
581,52
582,68
583,67
584,53
585,41
586,43
587,53
588,56
589,55
590,60
591,60
592,58
593,50
594,55
595,45
596,59
597,53
598,50
599,34
600,184
601,76
602,59
603,44
604,41
605,49
606,37
607,53
608,44
609,55
610,49
611,48
612,48
613,46
614,41
615,54
616,47
617,42
618,47
619,40
620,51
621,51
622,54
623,53
624,55
625,46
626,56
627,52
628,48
629,49
630,51
631,51
632,30
633,44
634,39
635,21
636,38
637,41
638,43
639,40
640,61
641,35
642,45
643,38
644,39
645,59
646,39
647,38
648,48
649,34
650,50
651,49
652,48
653,40
654,33
655,31
656,41
657,26
658,28
659,35
660,42
661,42
662,32
663,33
664,26
665,24
666,32
667,29
668,24
669,37
670,29
671,33
672,34
673,43
674,32
675,38
676,31
677,47
678,41
679,27
680,52
681,46
682,34
683,32
684,37
685,40
686,35
687,34
688,32
689,28
690,38
691,35
692,37
693,28
694,37
695,29
696,33
697,30
698,32
699,36
700,112
701,58
702,31
703,51
704,43
705,43
706,40
707,34
708,35
709,39
710,45
711,43
712,28
713,43
714,37
715,34
716,43
717,20
718,31
719,23
720,29
721,28
722,26
723,31
724,36
725,31
726,36
727,39
728,32
729,28
730,22
731,29
732,28
733,24
734,30
735,17
736,30
737,17
738,15
739,28
740,38
741,21
742,22
743,30
744,24
745,31
746,33
747,32
748,35
749,23
750,63
751,27
752,29
753,36
754,32
755,22
756,23
757,22
758,18
759,54
760,34
761,36
762,33
763,35
764,20
765,14
766,28
767,23
768,19
769,75
770,22
771,22
772,30
773,15
774,19
775,15
776,31
777,33
778,24
779,30
780,34
781,25
782,18
783,19
784,27
785,23
786,22
787,26
788,24
789,20
790,20
791,24
792,28
793,16
794,22
795,28
796,29
797,15
798,22
799,18
800,89
801,34
802,21
803,23
804,25
805,27
806,20
807,30
808,19
809,19
810,29
811,22
812,28
813,24
814,22
815,17
816,22
817,27
818,21
819,18
820,28
821,33
822,25
823,24
824,22
825,21
826,26
827,17
828,53
829,23
830,20
831,32
832,23
833,25
834,21
835,19
836,21
837,25
838,25
839,24
840,19
841,21
842,34
843,24
844,18
845,21
846,26
847,23
848,17
849,23
850,37
851,36
852,18
853,24
854,25
855,13
856,23
857,23
858,18
859,30
860,19
861,15
862,17
863,65
864,25
865,22
866,24
867,24
868,20
869,16
870,15
871,19
872,28
873,24
874,20
875,25
876,28
877,15
878,20
879,21
880,20
881,23
882,22
883,18
884,20
885,22
886,17
887,22
888,20
889,19
890,25
891,15
892,19
893,16
894,17
895,20
896,16
897,20
898,16
899,20
900,65
901,28
902,18
903,9
904,27
905,26
906,21
907,23
908,23
909,21
910,18
911,21
912,21
913,15
914,19
915,18
916,14
917,21
918,20
919,23
920,17
921,25
922,36
923,16
924,20
925,20
926,14
927,24
928,12
929,22
930,15
931,25
932,24
933,13
934,14
935,22
936,10
937,18
938,14
939,13
940,16
941,19
942,16
943,18
944,20
945,18
946,23
947,12
948,23
949,18
950,59
951,20
952,15
953,17
954,15
955,22
956,17
957,26
958,10
959,21
960,20
961,17
962,18
963,14
964,17
965,20
966,11
967,14
968,23
969,23
970,22
971,15
972,8
973,18
974,11
975,24
976,20
977,17
978,17
979,11
980,18
981,14
982,7
983,16
984,21
985,16
986,10
987,15
988,15
989,15
990,8
991,16
992,15
993,14
994,26
995,18
996,24
997,14
998,18
999,13
1000,84
1001,16
1002,26
1003,17
1004,22
1005,19
1006,22
1007,14
1008,29
1009,11
1010,20
1011,20
1012,24
1013,19
1014,7
1015,20
1016,17
1017,20
1018,13
1019,10
1020,17
1021,22
1022,13
1023,13
1024,27
1025,25
1026,25
1027,26
1028,21
1029,23
1030,28
1031,26
1032,27
1033,32
1034,26
1035,24
1036,38
1037,24
1038,22
1039,38
1040,32
1041,45
1042,30
1043,31
1044,20
1045,38
1046,42
1047,24
1048,29
1049,21
1050,40
1051,39
1052,35
1053,26
1054,27
1055,24
1056,33
1057,23
1058,22
1059,22
1060,26
1061,24
1062,17
1063,28
1064,30
1065,25
1066,28
1067,18
1068,24
1069,24
1070,14
1071,20
1072,14
1073,24
1074,14
1075,15
1076,17
1077,12
1078,23
1079,22
1080,14
1081,11
1082,15
1083,20
1084,11
1085,17
1086,15
1087,16
1088,19
1089,20
1090,18
1091,14
1092,20
1093,17
1094,11
1095,23
1096,26
1097,16
1098,15
1099,26
1100,95
1101,25
1102,24
1103,21
1104,34
1105,28
1106,29
1107,19
1108,25
1109,29
1110,37
1111,41
1112,38
1113,36
1114,38
1115,47
1116,41
1117,43
1118,28
1119,48
1120,50
1121,57
1122,37
1123,30
1124,49
1125,46
1126,43
1127,50
1128,38
1129,47
1130,28
1131,33
1132,34
1133,26
1134,31
1135,22
1136,21
1137,28
1138,27
1139,32
1140,29
1141,36
1142,35
1143,33
1144,31
1145,19
1146,30
1147,32
1148,28
1149,34
1150,37
1151,28
1152,26
1153,21
1154,40
1155,25
1156,23
1157,34
1158,29
1159,35
1160,30
1161,37
1162,27
1163,36
1164,32
1165,32
1166,36
1167,25
1168,23
1169,31
1170,24
1171,33
1172,29
1173,30
1174,27
1175,36
1176,29
1177,42
1178,30
1179,25
1180,29
1181,33
1182,27
1183,30
1184,24
1185,26
1186,20
1187,14
1188,27
1189,22
1190,26
1191,24
1192,11
1193,23
1194,26
1195,24
1196,17
1197,18
1198,38
1199,23
1200,92
1201,22
1202,23
1203,32
1204,48
1205,18
1206,16
1207,25
1208,26
1209,22
1210,21
1211,16
1212,21
1213,29
1214,23
1215,12
1216,22
1217,11
1218,26
1219,17
1220,17
1221,19
1222,8
1223,21
1224,25
1225,18
1226,27
1227,21
1228,30
1229,16
1230,26
1231,29
1232,26
1233,31
1234,25
1235,31
1236,28
1237,22
1238,31
1239,18
1240,36
1241,26
1242,32
1243,34
1244,29
1245,34
1246,24
1247,30
1248,26
1249,40
1250,43
1251,35
1252,29
1253,29
1254,32
1255,35
1256,24
1257,37
1258,35
1259,51
1260,28
1261,37
1262,25
1263,35
1264,37
1265,20
1266,35
1267,36
1268,63
1269,44
1270,32
1271,50
1272,45
1273,52
1274,46
1275,45
1276,54
1277,66
1278,51
1279,67
1280,67
1281,55
1282,49
1283,53
1284,56
1285,66
1286,68
1287,64
1288,68
1289,71
1290,65
1291,53
1292,60
1293,58
1294,52
1295,56
1296,56
1297,64
1298,74
1299,54
1300,152
1301,51
1302,67
1303,58
1304,58
1305,52
1306,50
1307,38
1308,39
1309,44
1310,28
1311,42
1312,37
1313,28
1314,37
1315,35
1316,37
1317,24
1318,26
1319,26
1320,27
1321,25
1322,16
1323,18
1324,12
1325,19
1326,18
1327,8
1328,19
1329,10
1330,12
1331,18
1332,14
1333,14
1334,11
1335,10
1336,11
1337,8
1338,15
1339,10
1340,9
1341,8
1342,10
1343,9
1344,6
1345,5
1346,6
1347,5
1348,7
1349,13
1350,36
1351,6
1352,7
1353,8
1354,9
1355,4
1356,5
1357,2
1358,3
1359,6
1360,20
1361,14
1362,4
1364,4
1365,3
1366,8
1367,5
1368,6
1369,4
1370,6
1371,8
1372,11
1373,7
1374,5
1375,8
1376,4
1377,8
1378,7
1379,6
1380,11
1381,7
1382,5
1383,6
1384,5
1385,3
1386,23
1387,9
1388,6
1389,5
1390,4
1391,4
1392,3
1393,8
1394,8
1395,6
1396,7
1397,4
1398,6
1399,4
1400,33
1401,8
1402,9
1403,5
1404,12
1405,40
1406,5
1407,8
1408,4
1409,6
1410,7
1411,4
1412,6
1413,3
1414,5
1415,3
1416,4
1417,5
1418,4
1419,4
1420,8
1421,9
1422,9
1423,4
1424,9
1425,13
1426,252
1427,5
1428,4
1429,3
1430,7
1431,8
1432,3
1433,6
1434,5
1435,6
1436,5
1437,10
1438,5
1439,8
1440,4
1441,7
1442,6
1443,6
1444,4
1445,6
1446,5
1447,5
1448,7
1449,2
1450,24
1451,9
1452,6
1453,7
1454,8
1455,8
1456,2
1457,9
1458,5
1459,9
1460,8
1461,4
1462,15
1463,10
1464,3
1465,8
1466,4
1467,6
1468,2
1469,2
1470,22
1471,6
1472,21
1473,9
1474,5
1475,8
1476,3
1477,6
1478,5
1479,11
1480,11
1481,10
1482,5
1483,9
1484,12
1485,4
1486,4
1487,11
1488,8
1489,9
1490,8
1491,7
1492,8
1493,5
1494,12
1495,9
1496,6
1497,6
1498,6
1499,5
1500,87
1501,8
1502,19
1503,9
1504,8
1505,14
1506,3
1507,6
1508,40
1509,8
1510,6
1511,6
1512,9
1513,4
1514,5
1515,6
1516,9
1517,10
1518,4
1519,10
1520,5
1521,6
1522,9
1523,9
1524,10
1525,13
1526,7
1527,10
1528,6
1529,2
1530,20
1531,11
1532,10
1533,8
1534,6
1535,6
1536,8
1537,9
1538,8
1539,4
1540,12
1541,4
1542,8
1543,4
1544,6
1545,12
1546,6
1547,5
1548,9
1549,6
1550,14
1551,12
1552,6
1553,7
1554,6
1555,7
1556,8
1557,3
1558,3
1559,10
1560,16
1561,4
1562,11
1563,2
1564,7
1565,10
1566,2
1567,5
1568,5
1569,3
1570,6
1571,4
1572,22
1573,4
1574,9
1575,6
1576,7
1577,10
1578,5
1579,6
1580,5
1581,7
1582,5
1583,5
1584,5
1585,8
1586,6
1587,3
1588,9
1589,3
1590,2
1591,6
1592,1
1593,7
1594,7
1595,7
1596,4
1597,6
1598,6
1599,2
1600,100
1601,9
1602,11
1603,4
1604,11
1605,4
1606,4
1607,5
1608,2
1609,8
1610,5
1611,8
1612,6
1613,1
1614,8
1615,4
1616,7
1617,3
1618,6
1619,8
1620,14
1621,5
1622,7
1623,7
1624,8
1625,3
1626,8
1627,4
1628,9
1629,5
1630,4
1631,8
1632,4
1633,9
1634,7
1635,6
1636,4
1637,13
1638,6
1639,9
1640,7
1641,6
1642,4
1643,9
1644,2
1645,8
1646,8
1647,7
1648,10
1649,6
1650,23
1651,13
1652,6
1653,11
1654,3
1655,9
1656,9
1657,9
1658,7
1659,9
1660,8
1661,10
1662,5
1663,3
1664,8
1665,11
1666,12
1667,10
1668,10
1669,6
1670,18
1671,8
1672,24
1673,11
1674,21
1675,6
1676,4
1677,16
1678,11
1679,8
1680,11
1681,11
1682,5
1683,6
1684,6
1685,7
1686,11
1687,5
1688,9
1689,6
1690,4
1691,3
1692,5
1693,5
1694,10
1695,11
1696,4
1697,3
1698,10
1699,9
1700,59
1701,19
1702,8
1703,10
1704,16
1705,9
1706,7
1707,9
1708,9
1709,11
1710,11
1711,4
1712,9
1713,10
1714,10
1715,9
1716,8
1717,12
1718,6
1719,6
1720,9
1721,5
1722,6
1723,9
1724,9
1725,12
1726,12
1727,7
1728,8
1729,10
1730,22
1731,8
1732,6
1733,8
1734,8
1735,10
1736,9
1737,8
1738,11
1739,13
1740,9
1741,12
1742,6
1743,15
1744,12
1745,13
1746,20
1747,22
1748,18
1749,25
1750,47
1751,44
1752,37
1753,27
1754,43
1755,45
1756,56
1757,49
1758,56
1759,51
1760,55
1761,61
1762,55
1763,64
1764,69
1765,72
1766,68
1767,60
1768,40
1769,51
1770,42
1771,38
1772,53
1773,31
1774,33
1775,49
1776,66
1777,82
1778,78
1779,92
1780,65
1781,54
1782,53
1783,49
1784,49
1785,34
1786,30
1787,19
1788,17
1789,12
1790,12
1791,11
1792,14
1793,16
1794,13
1795,19
1796,19
1797,18
1798,15
1799,11
1800,241
1801,22
1802,16
1803,12
1804,13
1805,14
1806,13
1807,15
1808,13
1809,18
1810,11
1811,21
1812,13
1813,15
1814,12
1815,10
1816,15
1817,23
1818,22
1819,12
1820,13
1821,13
1822,10
1823,11
1824,10
1825,15
1826,18
1827,11
1828,15
1829,13
1830,16
1831,16
1832,7
1833,19
1834,4
1835,16
1836,11
1837,7
1838,10
1839,9
1840,19
1841,8
1842,4
1843,17
1844,15
1845,13
1846,22
1847,24
1848,15
1849,13
1850,66
1851,29
1852,22
1853,25
1854,41
1855,43
1856,36
1857,26
1858,16
1859,20
1860,27
1861,23
1862,18
1863,14
1864,10
1865,9
1866,19
1867,10
1868,12
1869,14
1870,10
1871,128
1872,29
1873,27
1874,24
1875,27
1876,20
1877,24
1878,24
1879,28
1880,27
1881,27
1882,16
1883,22
1884,16
1885,17
1886,17
1887,25
1888,21
1889,26
1890,24
1891,29
1892,21
1893,32
1894,28
1895,39
1896,34
1897,46
1898,51
1899,36
1900,67
1901,29
1902,43
1903,26
1904,35
1905,35
1906,27
1907,16
1908,15
1909,14
1910,23
1911,17
1912,11
1913,8
1914,8
1915,11
1916,10
1917,9
1918,11
1919,12
1920,7
1921,17
1922,11
1923,19
1924,6
1925,13
1926,4
1927,16
1928,13
1929,10
1930,6
1931,65
1932,13
1933,10
1934,9
1935,21
1936,25
1937,7
1938,10
1939,6
1940,21
1941,12
1942,7
1943,9
1944,10
1945,15
1946,14
1947,9
1948,12
1949,12
1950,140
1951,22
1952,13
1953,12
1954,14
1955,13
1956,12
1957,14
1958,16
1959,13
1960,16
1961,9
1962,10
1963,9
1964,10
1965,13
1966,7
1967,13
1968,4
1969,11
1970,5
1971,27
1972,5
1973,15
1974,10
1975,10
1976,5
1977,9
1978,6
1979,7
1980,12
1981,10
1982,12
1983,12
1984,14
1985,13
1986,7
1987,7
1988,5
1989,5
1990,17
1991,7
1992,9
1993,8
1994,13
1995,11
1996,10
1997,7
1998,8
1999,5
2000,62
2001,12
2002,21
2003,9
2004,4
2005,20
2006,5
2007,5
2008,10
2009,3
2010,11
2011,11
2012,9
2013,7
2014,8
2015,13
2016,3
2017,1
2018,10
2019,10
2020,7
2021,13
2022,10
2023,2
2024,39
2025,7
2026,8
2027,12
2028,17
2029,5
2030,4
2031,11
2032,7
2033,11
2034,3
2035,20
2036,5
2037,9
2038,8
2039,6
2040,12
2041,8
2042,3
2043,11
2044,7
2045,5
2046,5
2047,1
2048,17
2049,3
2050,16
2051,14
2052,8
2053,4
2054,13
2055,6
2056,2
2057,3
2058,6
2059,13
2060,2
2061,8
2062,5
2063,7
2064,6
2065,3
2066,5
2067,9
2068,5
2069,26
2070,3
2071,18
2072,4
2073,5
2074,7
2075,5
2076,12
2077,6
2078,5
2079,7
2080,10
2081,7
2082,6
2083,7
2084,13
2085,2
2086,5
2087,12
2088,7
2089,5
2090,4
2091,5
2092,11
2093,7
2094,3
2095,5
2096,3
2097,2
2098,5
2099,4
2100,28
2101,7
2102,59
2103,2
2104,7
2105,6
2106,5
2107,3
2108,1
2109,9
2110,5
2111,5
2112,9
2113,4
2114,3
2115,5
2116,3
2117,6
2118,5
2119,5
2120,5
2121,8
2122,3
2123,7
2124,12
2125,9
2126,5
2127,2
2128,9
2129,5
2130,6
2131,10
2132,1
2133,2
2134,1
2135,7
2136,3
2137,5
2138,3
2139,5
2140,5
2141,2
2142,3
2143,4
2144,4
2145,4
2146,1
2147,2
2148,7
2149,1
2150,21
2151,9
2152,2
2153,2
2154,4
2155,2
2156,7
2157,2
2158,3
2159,6
2160,6
2161,6
2162,2
2163,7
2164,2
2165,4
2166,3
2167,3
2168,4
2169,5
2170,3
2171,19
2172,4
2173,8
2174,1
2175,3
2176,3
2177,6
2178,4
2179,5
2180,7
2181,3
2182,3
2183,3
2185,5
2187,2
2188,2
2189,2
2190,3
2191,3
2193,4
2194,4
2195,7
2196,7
2197,4
2198,8
2199,7
2200,40
2201,17
2202,10
2203,7
2204,10
2205,6
2206,10
2207,3
2208,1
2209,4
2210,8
2211,7
2212,8
2213,5
2214,5
2215,7
2216,7
2217,4
2218,9
2219,6
2220,7
2221,12
2222,2
2223,16
2224,11
2225,9
2226,3
2227,7
2228,6
2229,5
2231,11
2232,7
2233,6
2234,4
2235,8
2236,4
2237,3
2238,3
2239,8
2240,8
2241,8
2242,3
2243,3
2244,3
2245,1
2246,1
2247,1
2248,4
2249,1
2250,56
2251,9
2252,3
2253,1
2254,2
2255,2
2256,2
2257,3
2258,6
2259,44
2260,3
2261,6
2262,1
2263,3
2264,2
2265,3
2266,1
2267,1
2268,2
2269,2
2270,3
2271,20
2272,4
2273,1
2274,3
2275,5
2276,2
2277,13
2278,2
2279,2
2280,2
2281,5
2282,4
2283,2
2284,7
2285,1
2286,3
2287,4
2288,6
2289,1
2290,1
2291,2
2292,4
2293,3
2295,5
2296,3
2297,1
2298,3
2299,3
2300,99
2301,8
2302,4
2304,1
2305,1
2306,6
2307,7
2308,3
2309,1
2310,2
2311,3
2312,4
2313,1
2314,3
2315,8
2316,3
2317,3
2318,1
2319,3
2320,4
2321,10
2322,5
2323,4
2324,14
2325,1
2326,3
2327,5
2329,4
2330,5
2331,2
2332,10
2333,4
2334,2
2335,3
2336,2
2337,2
2339,3
2340,7
2341,2
2342,1
2343,4
2344,47
2345,5
2346,3
2347,5
2348,1
2349,2
2350,17
2351,7
2352,3
2353,2
2354,1
2355,1
2356,3
2357,5
2358,4
2360,15
2361,7
2362,1
2363,1
2364,1
2365,2
2366,3
2367,2
2368,4
2369,3
2370,1
2371,87
2372,3
2373,2
2374,3
2375,5
2376,2
2377,3
2378,1
2379,2
2380,5
2381,3
2382,2
2383,4
2384,2
2385,2
2386,3
2387,2
2388,2
2390,3
2392,5
2393,3
2394,5
2395,3
2396,2
2397,3
2398,2
2399,2
2400,39
2401,1
2402,4
2403,3
2404,2
2405,5
2406,2
2407,1
2408,1
2409,3
2410,3
2411,1
2412,3
2413,4
2415,2
2416,2
2418,2
2419,5
2420,4
2421,4
2422,4
2423,2
2424,6
2425,5
2426,5
2427,3
2428,1
2429,1
2430,3
2431,5
2432,30
2433,2
2434,2
2435,5
2436,3
2437,1
2438,1
2439,2
2440,7
2441,1
2442,2
2443,5
2444,10
2445,1
2446,3
2447,5
2448,4
2449,3
2450,48
2451,6
2452,2
2453,1
2454,2
2455,3
2456,2
2457,3
2458,3
2459,1
2460,1
2461,2
2462,4
2463,1
2466,5
2467,1
2468,4
2469,2
2470,3
2471,1
2472,3
2473,1
2474,2
2475,4
2476,2
2477,1
2478,3
2480,4
2481,2
2482,5
2483,5
2484,2
2485,3
2486,1
2487,1
2488,1
2490,5
2491,1
2492,3
2493,2
2494,9
2495,1
2496,1
2497,2
2498,1
2499,5
2500,48
2501,7
2502,4
2504,2
2505,3
2506,4
2507,3
2508,6
2509,4
2510,7
2511,7
2512,5
2513,1
2514,1
2516,3
2517,2
2518,5
2519,1
2520,2
2521,3
2522,1
2523,2
2524,8
2525,2
2526,7
2527,4
2529,2
2531,1
2532,8
2533,4
2534,2
2535,3
2536,4
2537,2
2538,3
2539,5
2540,5
2541,3
2542,2
2544,20
2545,3
2546,2
2547,3
2548,2
2550,15
2551,42
2552,3
2553,4
2555,2
2556,4
2557,3
2558,2
2559,3
2560,2
2561,6
2562,3
2564,2
2566,1
2567,2
2568,2
2569,1
2570,2
2571,5
2572,2
2573,4
2574,1
2575,4
2576,2
2577,2
2578,2
2579,4
2580,5
2581,3
2582,1
2583,2
2585,5
2586,2
2587,1
2588,2
2589,2
2590,4
2591,1
2592,5
2593,3
2594,4
2595,2
2596,2
2597,3
2598,6
2599,4
2600,48
2601,7
2602,15
2603,4
2604,1
2606,8
2607,4
2608,1
2610,3
2611,1
2612,3
2613,4
2614,1
2615,7
2616,5
2617,2
2619,1
2620,3
2621,1
2622,2
2623,3
2624,4
2625,4
2626,4
2627,2
2628,1
2629,4
2630,3
2631,10
2632,6
2634,1
2635,5
2636,1
2637,2
2638,3
2639,3
2640,1
2641,1
2642,2
2643,3
2644,7
2645,4
2646,4
2647,2
2648,2
2649,3
2650,8
2651,4
2652,2
2653,5
2655,3
2656,5
2657,2
2658,2
2659,1
2660,5
2661,1
2662,5
2663,11
2664,1
2665,3
2666,6
2667,1
2668,3
2669,3
2671,4
2672,1
2673,2
2674,3
2676,1
2677,2
2678,3
2680,8
2681,4
2682,6
2683,3
2684,4
2685,3
2686,3
2687,5
2688,6
2689,6
2690,6
2691,3
2692,5
2693,3
2694,5
2695,3
2696,2
2697,3
2698,12
2699,8
2700,337
2701,4
2702,54
2703,236
2704,10
2705,3
2706,2
2707,8
2708,4
2709,5
2710,5
2711,3
2712,3
2713,4
2714,3
2715,4
2716,5
2717,4
2718,1
2719,1
2720,6
2721,4
2722,1
2723,5
2724,3
2725,6
2726,2
2727,4
2728,4
2729,5
2730,5
2731,14
2732,2
2733,1
2734,3
2735,2
2736,4
2737,3
2738,4
2739,4
2740,4
2741,4
2742,4
2743,2
2744,4
2745,4
2746,7
2747,5
2748,7
2749,3
2750,17
2751,3
2752,5
2753,4
2754,2
2755,5
2756,2
2757,2
2758,2
2759,1
2760,2
2761,1
2762,4
2763,3
2764,5
2765,5
2766,6
2767,3
2768,7
2769,5
2770,3
2771,4
2772,11
2773,8
2774,8
2775,10
2776,5
2777,9
2778,5
2779,7
2780,6
2781,8
2782,7
2783,7
2784,7
2785,6
2786,7
2787,3
2788,8
2789,9
2790,5
2791,8
2792,9
2793,3
2794,13
2795,7
2796,10
2797,7
2798,5
2799,5
2800,139
2801,10
2802,3
2803,3
2804,5
2805,3
2806,3
2807,4
2808,7
2809,5
2810,6
2811,5
2812,4
2813,3
2814,2
2815,5
2816,3
2817,5
2818,6
2819,3
2820,3
2821,7
2822,4
2823,46
2825,1
2826,2
2827,4
2829,5
2830,2
2831,18
2832,2
2833,7
2834,3
2835,2
2836,1
2837,6
2838,2
2839,5
2840,5
2841,4
2842,3
2843,1
2844,67
2845,7
2847,4
2848,2
2849,55
2850,6
2851,9
2852,3
2853,2
2854,15
2855,5
2856,3
2857,6
2858,5
2859,5
2860,6
2861,7
2862,5
2863,1
2864,2
2865,4
2866,4
2867,1
2868,3
2869,5
2870,2
2871,3
2872,2
2873,4
2874,2
2875,7
2876,4
2877,3
2878,2
2880,3
2881,1
2882,3
2883,6
2884,5
2886,4
2887,1
2888,6
2889,5
2890,2
2891,2
2892,1
2893,2
2894,8
2895,1
2897,2
2898,2
2899,8
2900,31
2901,8
2902,3
2903,6
2904,1
2905,4
2906,4
2907,2
2909,5
2910,6
2911,4
2912,4
2913,3
2914,33
2915,5
2916,3
2917,3
2919,3
2920,2
2921,6
2922,2
2923,4
2924,7
2925,4
2926,1
2927,2
2928,2
2929,4
2930,4
2931,77
2932,2
2933,9
2934,4
2935,2
2936,6
2937,5
2938,4
2939,4
2940,2
2941,1
2942,4
2943,75
2944,13
2945,3
2946,3
2947,3
2948,2
2949,5
2950,33
2951,10
2952,3
2953,8
2954,2
2955,3
2956,2
2958,4
2959,2
2960,2
2961,2
2962,3
2963,2
2964,1
2966,3
2967,3
2968,4
2969,5
2970,5
2971,5
2972,2
2973,1
2974,3
2975,1
2976,1
2977,2
2978,2
2979,3
2980,11
2981,2
2982,6
2983,5
2984,3
2985,1
2987,2
2988,2
2989,1
2990,1
2991,2
2992,2
2993,3
2994,10
2995,4
2996,1
2998,2
2999,1
3000,52
3001,6
3002,5
3003,1
3004,1
3005,5
3006,4
3008,5
3009,3
3010,1
3011,1
3012,7
3014,6
3015,11
3016,3
3017,3
3018,3
3019,3
3020,4
3021,2
3022,1
3023,5
3024,2
3025,2
3026,2
3027,3
3028,2
3029,1
3030,1
3031,2
3032,1
3034,3
3035,3
3036,5
3037,1
3039,3
3040,3
3041,1
3042,3
3043,7
3044,16
3045,5
3046,3
3048,4
3049,1
3050,7
3051,7
3052,3
3053,1
3055,1
3056,1
3057,1
3058,4
3059,2
3060,4
3061,1
3062,3
3063,4
3064,1
3065,1
3066,2
3067,3
3068,4
3069,2
3070,4
3071,3
3072,4
3073,2
3074,1
3075,1
3076,5
3077,1
3078,3
3079,3
3080,1
3081,3
3082,2
3083,1
3084,2
3085,1
3086,1
3087,1
3088,1
3089,5
3090,2
3091,1
3092,2
3093,2
3095,1
3096,2
3097,1
3098,3
3099,3
3100,36
3102,6
3103,3
3104,3
3105,3
3106,5
3108,2
3109,2
3110,7
3111,3
3112,1
3113,1
3114,2
3115,1
3116,2
3117,1
3118,1
3119,2
3120,16
3121,5
3122,1
3123,4
3124,3
3125,5
3126,2
3127,2
3128,2
3130,3
3131,2
3132,2
3133,1
3134,1
3135,3
3137,1
3138,2
3139,3
3140,3
3143,13
3144,39
3145,6
3146,1
3147,1
3148,2
3149,2
3150,7
3151,6
3152,3
3153,1
3154,1
3157,1
3158,3
3160,5
3161,2
3162,6
3163,7
3164,2
3165,3
3167,1
3168,3
3169,2
3170,3
3171,3
3172,3
3173,2
3174,1
3175,5
3176,1
3177,1
3178,1
3179,2
3180,3
3181,1
3182,3
3183,1
3184,2
3186,2
3189,2
3190,5
3191,4
3192,1
3193,3
3194,2
3195,4
3196,2
3197,1
3198,4
3199,9
3200,143
3201,2
3202,4
3203,5
3204,18
3205,5
3206,7
3207,5
3208,2
3209,2
3210,8
3211,2
3212,6
3213,1
3214,4
3215,3
3218,2
3219,5
3220,78
3221,8
3222,4
3223,5
3224,3
3225,4
3226,2
3227,1
3229,1
3230,2
3231,2
3232,1
3233,9
3234,1
3235,2
3236,2
3237,1
3238,2
3239,1
3240,2
3241,3
3242,4
3243,4
3244,5
3245,39
3247,1
3248,3
3249,4
3250,18
3251,4
3252,1
3253,2
3254,2
3255,23
3256,2
3257,2
3258,2
3259,1
3260,3
3261,2
3262,3
3263,2
3264,2
3265,1
3266,1
3267,1
3268,2
3269,2
3270,3
3271,11
3272,4
3275,3
3276,2
3277,4
3278,2
3279,1
3280,3
3281,2
3282,3
3283,7
3284,1
3286,1
3288,4
3289,2
3290,1
3291,3
3292,2
3294,2
3295,4
3298,1
3299,3
3300,109
3301,2
3302,1
3303,1
3304,2
3305,4
3306,7
3307,4
3308,1
3309,3
3310,2
3311,4
3312,7
3313,1
3314,3
3315,3
3316,2
3317,5
3318,2
3319,4
3320,3
3321,46
3322,1
3323,33
3324,4
3325,3
3326,1
3327,1
3330,1
3332,2
3333,3
3335,5
3336,2
3337,1
3338,3
3339,1
3340,10
3341,3
3342,2
3343,8
3344,4
3345,73
3346,195
3347,2
3348,3
3349,1
3350,10
3352,1
3353,4
3354,1
3355,16
3356,1
3357,1
3358,4
3359,4
3360,14
3361,7
3363,3
3365,2
3366,1
3367,1
3368,1
3369,2
3370,5
3371,1
3372,5
3373,2
3374,1
3375,4
3376,1
3377,2
3378,1
3379,1
3380,4
3381,3
3382,2
3384,1
3385,1
3386,1
3387,3
3389,6
3390,2
3391,1
3392,2
3394,3
3398,3
3399,1
3400,16
3401,7
3402,2
3403,1
3404,6
3405,4
3406,2
3408,10
3409,6
3410,3
3411,8
3412,2
3414,24
3415,2
3416,1
3417,1
3418,1
3419,2
3420,2
3421,5
3423,8
3424,2
3425,3
3426,1
3427,3
3428,4
3429,2
3430,2
3431,2
3432,3
3433,4
3434,3
3435,4
3436,1
3437,5
3438,1
3439,4
3440,1
3441,4
3443,32
3444,2
3445,16
3446,2
3447,2
3449,1
3450,13
3451,3
3452,3
3453,1
3454,2
3455,2
3456,1
3457,3
3458,2
3459,2
3460,4
3461,5
3462,3
3463,1
3465,2
3466,3
3468,1
3469,3
3470,1
3471,2
3472,2
3473,1
3474,1
3475,1
3477,1
3479,1
3480,1
3481,1
3482,1
3483,5
3484,2
3485,4
3486,2
3488,3
3490,1
3493,4
3494,10
3496,2
3497,2
3498,1
3499,4
3500,26
3501,2
3502,10
3503,3
3504,5
3505,3
3507,4
3508,12
3509,4
3510,7
3511,2
3512,6
3513,3
3514,4
3515,1
3516,18
3517,2
3518,3
3519,3
3520,5
3521,1
3522,3
3523,6
3524,2
3525,1
3526,3
3527,3
3528,1
3529,1
3530,2
3531,1
3532,1
3534,2
3535,3
3536,2
3537,3
3538,1
3539,2
3540,3
3542,1
3543,10
3544,1
3545,23
3546,2
3547,2
3548,3
3550,11
3551,9
3553,2
3554,2
3555,3
3556,1
3557,3
3558,5
3559,1
3560,5
3561,2
3562,2
3565,1
3566,15
3569,1
3570,2
3571,1
3574,1
3575,1
3577,4
3579,2
3580,1
3581,2
3583,2
3584,4
3585,3
3586,2
3587,3
3589,2
3590,2
3591,2
3592,2
3593,2
3594,2
3595,5
3597,1
3599,4
3600,48
3601,4
3602,3
3603,6
3604,5
3605,4
3607,3
3608,4
3609,3
3610,4
3611,1
3612,5
3613,1
3615,3
3616,5
3617,1
3618,2
3620,7
3621,2
3623,16
3624,6
3625,4
3626,2
3627,1
3628,1
3629,2
3631,2
3632,2
3633,4
3634,1
3635,10
3636,1
3637,2
3638,1
3639,1
3640,3
3641,1
3642,4
3643,3
3644,3
3645,16
3647,1
3648,2
3649,3
3650,9
3651,4
3652,1
3653,1
3654,5
3655,2
3656,3
3657,1
3660,6
3661,2
3662,3
3663,1
3665,1
3666,18
3667,1
3668,3
3670,3
3672,1
3673,1
3674,1
3675,1
3676,1
3677,4
3680,4
3681,3
3682,2
3683,4
3684,1
3685,3
3687,2
3688,4
3689,3
3690,4
3691,2
3692,2
3693,2
3694,4
3696,2
3697,3
3698,4
3699,1
3700,73
3701,6
3702,2
3703,1
3704,19
3705,2
3707,4
3708,5
3709,4
3710,4
3711,3
3713,2
3714,1
3716,1
3717,3
3720,5
3721,1
3723,7
3724,3
3725,6
3726,1
3727,2
3728,2
3729,2
3730,1
3732,2
3733,6
3734,5
3735,3
3736,1
3738,2
3739,3
3741,2
3742,1
3743,7
3744,2
3745,24
3746,2
3747,2
3748,2
3749,2
3750,22
3751,1
3752,1
3753,2
3755,2
3756,2
3757,1
3758,3
3759,3
3760,5
3761,4
3762,2
3763,2
3765,2
3766,2
3767,3
3768,3
3769,2
3770,3
3771,1
3773,2
3774,3
3775,2
3776,1
3777,3
3778,1
3779,2
3780,2
3781,4
3782,1
3783,3
3784,3
3785,3
3786,1
3787,9
3788,80
3789,2
3790,3
3791,6
3793,1
3794,10
3795,8
3796,3
3797,2
3798,5
3799,12
3800,442
3801,234
3802,46
3803,5
3804,3
3805,2
3806,2
3807,4
3808,2
3809,4
3810,4
3811,284
3812,10
3813,3
3814,1
3815,6
3816,5
3817,3
3818,1
3819,3
3820,4
3821,6
3822,3
3823,2
3824,50
3825,3
3826,2
3827,1
3828,3
3829,1
3830,1
3831,6
3833,2
3834,2
3835,4
3836,2
3837,1
3838,3
3839,2
3840,3
3841,1
3842,4
3843,15
3844,4
3845,253
3848,2
3849,3
3850,4
3851,2
3852,3
3853,2
3854,1
3855,7
3856,3
3857,1
3858,3
3859,3
3860,10
3861,2
3862,4
3863,3
3865,4
3866,3
3868,3
3870,3
3872,4
3873,1
3874,80
3876,2
3877,3
3880,1
3881,2
3882,4
3883,4
3884,5
3886,3
3888,4
3891,2
3893,2
3894,6
3895,5
3898,5
3899,3
3900,9
3901,3
3902,18
3903,1
3904,1
3905,3
3906,3
3907,2
3908,4
3910,3
3911,25
3912,4
3913,5
3914,3
3916,3
3917,1
3918,2
3919,2
3920,2
3921,3
3922,4
3923,1
3924,5
3925,2
3927,1
3928,1
3929,1
3930,3
3931,4
3932,7
3933,7
3934,4
3936,1
3938,2
3939,3
3940,3
3941,2
3942,2
3943,63
3944,2
3945,9
3946,2
3948,2
3949,3
3950,28
3951,6
3952,5
3953,2
3954,1
3955,1
3956,2
3957,1
3959,2
3960,4
3961,5
3962,2
3964,3
3965,2
3966,1
3967,3
3969,2
3970,3
3971,1
3972,3
3973,1
3974,5
3976,2
3977,2
3978,3
3979,2
3980,4
3982,5
3983,3
3984,2
3985,4
3986,1
3987,1
3988,1
3989,1
3991,1
3993,2
3994,57
3995,3
3996,1
3997,1
3998,2
3999,2
4000,14
4001,3
4002,26
4004,2
4005,3
4006,2
4007,6
4008,9
4009,2
4010,4
4011,20
4013,2
4014,1
4015,1
4016,4
4019,2
4020,2
4021,2
4022,1
4023,2
4024,9
4025,3
4026,2
4027,1
4028,1
4029,2
4030,2
4031,4
4032,6
4033,2
4035,1
4036,1
4037,1
4038,4
4039,2
4040,1
4041,1
4042,1
4043,7
4044,2
4045,14
4046,1
4047,4
4048,2
4050,9
4051,6
4052,2
4053,1
4054,2
4055,3
4056,3
4057,1
4058,2
4059,3
4060,1
4062,5
4063,1
4064,2
4065,1
4066,3
4067,2
4068,2
4070,3
4071,4
4072,1
4074,1
4076,2
4077,4
4078,1
4079,1
4080,1
4081,3
4082,2
4083,1
4084,2
4085,1
4086,2
4087,4
4088,1
4090,2
4091,2
4092,1
4093,1
4094,2
4095,3
4096,2
4097,2
4100,9
4101,5
4102,9
4103,2
4104,5
4105,1
4106,1
4108,4
4109,3
4110,3
4111,15
4112,3
4114,2
4115,8
4118,1
4119,1
4120,4
4121,6
4122,4
4123,2
4124,8
4125,2
4126,2
4128,3
4129,1
4131,2
4132,3
4134,2
4135,4
4138,1
4140,2
4142,2
4143,9
4145,23
4147,1
4149,3
4150,5
4151,4
4153,2
4154,3
4155,1
4157,1
4159,3
4160,4
4161,2
4163,2
4166,2
4167,1
4168,1
4169,1
4170,1
4171,2
4173,4
4175,1
4176,1
4177,2
4179,3
4181,1
4183,2
4184,2
4187,3
4189,2
4190,1
4191,3
4193,4
4194,9
4195,1
4197,2
4198,5
4199,1
4200,23
4202,3
4204,18
4205,2
4206,2
4207,2
4208,2
4209,1
4210,1
4211,5
4212,2
4213,2
4214,1
4215,51
4216,1
4217,3
4218,2
4219,2
4220,1
4221,6
4222,1
4223,1
4224,2
4225,3
4226,1
4227,4
4229,2
4230,2
4231,1
4233,5
4235,3
4238,1
4239,1
4240,2
4241,1
4242,2
4243,6
4245,20
4246,3
4247,1
4248,1
4249,1
4250,16
4251,5
4252,3
4253,1
4254,1
4255,2
4256,1
4258,2
4259,1
4260,2
4261,3
4262,1
4263,1
4264,1
4265,2
4266,1
4267,2
4268,1
4269,2
4270,2
4271,1
4272,1
4273,2
4274,1
4275,1
4276,3
4277,4
4279,1
4280,2
4281,1
4282,1
4283,2
4284,2
4285,3
4286,2
4288,3
4289,1
4290,1
4291,15
4292,2
4293,1
4294,3
4295,1
4297,2
4298,3
4300,8
4301,3
4302,6
4303,1
4304,2
4306,2
4307,3
4308,1
4309,2
4310,1
4311,60
4312,1
4315,3
4316,1
4318,3
4320,1
4321,11
4322,1
4323,4
4324,27
4325,4
4327,1
4328,4
4329,3
4331,3
4333,4
4334,1
4335,5
4336,2
4337,1
4338,4
4339,1
4340,3
4341,1
4342,1
4343,5
4344,3
4345,46
4346,112
4347,3
4348,1
4349,1
4350,7
4351,5
4352,1
4353,3
4355,1
4356,3
4357,2
4359,3
4360,12
4361,1
4362,1
4363,1
4364,1
4365,1
4366,1
4367,1
4368,1
4369,2
4370,1
4371,1
4372,9
4373,3
4374,3
4375,1
4376,3
4379,3
4380,1
4381,1
4383,1
4385,1
4388,2
4390,1
4391,2
4392,2
4393,3
4394,3
4395,1
4396,3
4398,1
4399,1
4400,6
4401,3
4402,4
4403,2
4404,4
4405,2
4406,3
4407,2
4410,4
4411,8
4412,1
4414,2
4415,4
4416,1
4417,2
4418,2
4420,2
4421,2
4422,1
4423,2
4424,7
4425,4
4426,1
4428,2
4430,4
4431,3
4432,2
4433,2
4434,1
4435,1
4437,1
4438,5
4439,1
4443,27
4444,3
4445,2
4446,8
4447,3
4448,2
4449,2
4450,34
4451,2
4452,1
4453,1
4454,3
4456,1
4457,1
4458,1
4460,1
4461,1
4462,5
4463,1
4467,2
4471,1
4472,6
4473,4
4474,1
4476,3
4477,2
4480,2
4482,3
4483,3
4484,3
4485,1
4488,1
4491,5
4492,1
4493,1
4494,34
4495,1
4496,1
4497,1
4498,2
4499,2
4500,15
4501,3
4502,3
4503,2
4504,1
4505,1
4506,4
4507,1
4508,5
4509,1
4510,2
4511,11
4512,4
4513,3
4516,10
4517,1
4518,1
4519,1
4520,3
4521,3
4522,1
4523,1
4524,4
4525,1
4526,2
4527,1
4528,1
4529,2
4530,2
4533,2
4535,1
4536,2
4537,3
4539,2
4540,2
4541,1
4543,4
4544,1
4545,2
4546,9
4547,1
4548,4
4549,3
4550,7
4551,10
4552,3
4554,2
4556,1
4557,2
4558,3
4559,1
4560,5
4562,1
4564,2
4566,3
4568,3
4569,4
4571,1
4572,11
4573,1
4576,3
4577,1
4579,4
4580,2
4581,1
4583,1
4584,1
4587,1
4589,1
4590,5
4591,2
4592,3
4593,2
4594,6
4596,1
4598,1
4599,2
4600,9
4602,1
4603,1
4604,1
4605,1
4606,1
4607,1
4608,4
4609,2
4610,3
4611,18
4613,2
4614,1
4617,3
4618,1
4619,4
4620,3
4622,3
4623,3
4624,2
4625,3
4626,2
4627,1
4628,1
4629,1
4630,3
4631,1
4634,1
4635,3
4640,2
4641,1
4642,2
4643,6
4644,2
4645,3
4646,18
4648,2
4649,1
4650,5
4651,1
4652,4
4653,1
4655,2
4656,2
4658,1
4659,1
4660,4
4661,1
4662,1
4663,1
4666,3
4667,2
4668,1
4669,4
4670,1
4671,2
4672,15
4674,1
4675,1
4676,3
4677,2
4678,2
4679,3
4680,3
4683,4
4684,5
4686,1
4687,1
4688,1
4689,2
4690,3
4691,16
4693,1
4694,2
4697,2
4698,2
4699,8
4700,12
4701,4
4702,6
4703,1
4704,8
4705,2
4706,1
4707,1
4708,3
4709,2
4710,2
4711,18
4712,3
4713,1
4714,1
4715,2
4716,2
4717,4
4718,3
4719,5
4720,2
4721,5
4722,4
4723,4
4724,10
4726,2
4727,6
4730,1
4731,2
4732,1
4734,4
4735,2
4736,2
4737,1
4738,1
4739,3
4740,3
4741,2
4742,2
4743,1
4744,18
4745,2
4746,7
4747,1
4748,1
4749,4
4750,21
4751,2
4752,1
4753,4
4756,2
4757,1
4758,3
4759,2
4760,2
4761,2
4762,2
4763,2
4764,2
4765,1
4767,2
4768,5
4769,1
4770,3
4771,6
4772,188
4773,1
4774,1
4775,2
4776,2
4777,2
4778,5
4779,1
4780,3
4781,1
4782,2
4783,2
4784,1
4786,3
4787,1
4788,2
4790,3
4791,2
4792,1
4793,4
4794,6
4795,2
4796,2
4797,3
4798,2
4800,11
4801,3
4802,3
4803,1
4804,3
4806,4
4807,2
4808,2
4809,2
4810,2
4811,140
4812,1
4813,2
4814,2
4815,3
4816,5
4817,2
4818,3
4819,3
4820,2
4821,4
4822,5
4823,43
4824,11
4825,2
4826,1
4828,4
4829,1
4831,3
4832,3
4833,4
4834,2
4835,2
4836,4
4837,4
4838,1
4839,4
4840,2
4841,4
4842,2
4843,3
4844,15
4845,2
4846,58
4847,1
4848,1
4849,5
4850,8
4851,8
4852,3
4853,8
4854,5
4855,4
4856,10
4857,5
4858,3
4859,3
4860,5
4861,7
4862,9
4863,10
4864,13
4865,13
4866,17
4867,14
4868,16
4869,13
4870,27
4871,20
4872,41
4873,13
4874,22
4875,28
4876,10
4877,19
4878,26
4879,21
4880,27
4881,14
4882,19
4883,22
4884,23
4885,31
4886,42
4887,40
4888,49
4889,24
4890,30
4891,24
4892,31
4893,23
4894,49
4895,59
4896,49
4897,69
4898,81
4899,94
4900,90
4901,130
4902,94
4903,82
4904,119
4905,234
4906,161
4907,147
4908,142
4909,111
4910,127
4911,153
4912,170
4913,196
4914,274
4915,197
4916,239
4917,248
4918,214
4919,269
4920,309
4921,212
4922,255
4923,248
4924,198
4925,280
4926,315
4927,244
4928,323
4929,354
4930,221
4931,295
4932,223
4933,227
4934,305
4935,349
4936,337
4937,282
4938,303
4939,260
4940,300
4941,274
4942,230
4943,227
4944,303
4945,212
4946,167
4947,196
4948,207
4949,158
4950,255
4951,213
4952,165
4953,223
4954,252
4955,344
4956,466
4957,349
4958,363
4959,332
4960,281
4961,262
4962,231
4963,199
4964,210
4965,209
4966,182
4967,222
4968,263
4969,211
4970,193
4971,200
4972,231
4973,185
4974,271
4975,193
4976,182
4977,214
4978,145
4979,189
4980,241
4981,144
4982,126
4983,141
4984,140
4985,150
4986,142
4987,105
4988,133
4989,142
4990,148
4991,213
4992,186
4993,121
4994,151
4995,107
4996,91
4997,90
4998,160
4999,152
5000,263
5001,332
5002,321
5003,362
5004,381
5005,295
5006,386
5007,319
5008,229
5009,186
5010,231
5011,275
5012,240
5013,273
5014,186
5015,197
5016,194
5017,182
5018,198
5019,207
5020,153
5021,144
5022,174
5023,139
5024,158
5025,164
5026,115
5027,155
5028,150
5029,104
5030,92
5031,113
5032,131
5033,126
5034,117
5035,104
5036,83
5037,74
5038,99
5039,85
5040,60
5041,65
5042,60
5043,50
5044,49
5045,46
5046,54
5047,29
5048,48
5049,32
5050,48
5051,56
5052,34
5053,39
5054,28
5055,34
5056,11
5057,30
5058,15
5059,19
5060,39
5061,20
5062,13
5063,15
5064,26
5065,10
5066,17
5067,13
5068,13
5069,6
5070,10
5071,6
5072,15
5073,5
5074,7
5075,7
5076,3
5077,2
5078,5
5079,3
5080,2
5081,6
5082,3
5083,1
5084,9
5085,1
5086,1
5087,3
5091,2
5092,3
5093,1
5094,5
5095,4
5096,2
5097,2
5098,6
5099,4
5100,8
5101,1
5102,2
5103,1
5104,6
5105,2
5106,2
5107,1
5108,1
5109,1
5110,3
5111,4
5112,3
5113,1
5114,2
5115,3
5117,1
5119,1
5121,3
5122,1
5123,3
5124,9
5125,2
5126,1
5127,6
5128,2
5129,13
5130,2
5131,4
5132,1
5134,3
5136,1
5137,2
5139,1
5142,3
5143,2
5144,7
5145,2
5146,19
5148,1
5149,1
5150,3
5151,8
5152,4
5153,2
5154,5
5155,1
5156,1
5157,1
5158,1
5159,3
5160,1
5161,3
5162,1
5163,3
5165,1
5166,3
5167,1
5168,2
5169,2
5170,1
5171,4
5172,11
5173,1
5174,3
5175,1
5176,2
5177,1
5179,2
5180,5
5181,2
5182,2
5184,1
5186,2
5189,4
5191,5
5193,3
5194,6
5195,2
5196,2
5198,13
5199,3
5200,24
5201,4
5202,2
5203,4
5204,58
5205,3
5206,3
5207,2
5208,2
5209,6
5210,6
5211,10
5212,5
5213,2
5214,3
5215,3
5216,4
5217,6
5218,15
5219,7
5220,12
5221,16
5222,8
5223,9
5224,19
5225,22
5226,14
5227,16
5228,24
5229,28
5230,37
5231,23
5232,30
5233,26
5234,30
5235,26
5236,40
5237,41
5238,44
5239,47
5240,58
5241,62
5242,63
5243,77
5244,68
5245,86
5246,97
5247,95
5248,118
5249,144
5250,193
5251,175
5252,228
5253,246
5254,268
5255,295
5256,361
5257,284
5258,303
5259,273
5260,261
5261,269
5262,359
5263,325
5264,424
5265,522
5266,446
5267,450
5268,510
5269,468
5270,516
5271,617
5272,786
5273,577
5274,597
5275,584
5276,633
5277,707
5278,691
5279,680
5280,693
5281,647
5282,667
5283,718
5284,720
5285,707
5286,740
5287,766
5288,714
5289,732
5290,735
5291,723
5292,812
5293,737
5294,893
5295,818
5296,788
5297,823
5298,1005
5299,854
5300,789
5301,855
5302,866
5303,1056
5304,1031
5305,1020
5306,956
5307,850
5308,764
5309,668
5310,701
5311,515
5312,462
5313,478
5314,598
5315,601
5316,568
5317,531
5318,563
5319,508
5320,511
5321,458
5322,448
5323,477
5324,529
5325,486
5326,492
5327,555
5328,493
5329,541
5330,588
5331,649
5332,626
5333,749
5334,780
5335,702
5336,752
5337,748
5338,862
5339,855
5340,803
5341,760
5342,630
5343,570
5344,453
5345,447
5346,550
5347,416
5348,422
5349,442
5350,390
5351,361
5352,371
5353,341
5354,365
5355,335
5356,304
5357,321
5358,298
5359,263
5360,225
5361,215
5362,222
5363,217
5364,190
5365,166
5366,152
5367,154
5368,176
5369,152
5370,126
5371,143
5372,121
5373,134
5374,93
5375,67
5376,99
5377,88
5378,63
5379,56
5380,49
5381,46
5382,57
5383,52
5384,49
5385,30
5386,41
5387,23
5388,25
5389,18
5390,12
5391,18
5392,19
5393,21
5394,10
5395,9
5396,6
5397,8
5398,12
5399,10
5400,17
5401,5
5402,11
5403,7
5404,12
5405,8
5406,3
5407,3
5408,5
5409,2
5410,7
5411,7
5412,3
5413,4
5414,3
5416,3
5417,2
5418,2
5419,2
5420,1
5421,6
5422,3
5423,3
5424,5
5425,2
5427,2
5429,3
5430,7
5431,2
5432,9
5433,2
5434,3
5435,2
5436,2
5437,6
5439,2
5440,1
5441,1
5443,3
5444,65
5445,2
5446,11
5447,1
5448,2
5450,24
5451,4
5452,8
5454,2
5455,1
5456,1
5457,1
5458,1
5460,2
5461,3
5462,10
5463,1
5464,4
5465,1
5467,1
5470,3
5471,4
5472,16
5474,1
5475,5
5477,1
5479,1
5480,1
5481,2
5482,1
5483,5
5484,3
5486,2
5489,2
5490,1
5491,2
5493,1
5494,10
5495,1
5499,1
5500,9
5502,28
5503,68
5504,1
5505,3
5507,2
5508,2
5509,2
5510,1
5511,6
5512,2
5513,3
5514,2
5516,5
5517,4
5518,1
5519,1
5521,1
5522,2
5523,1
5524,5
5525,2
5526,1
5527,2
5528,3
5529,1
5530,2
5532,1
5535,1
5536,3
5537,2
5538,1
5539,1
5540,3
5542,1
5543,3
5544,4
5545,1
5546,10
5547,1
5548,1
5549,3
5550,1
5551,5
5552,1
5553,1
5554,1
5556,1
5558,2
5560,1
5561,1
5562,1
5563,2
5567,1
5569,1
5570,2
5571,1
5572,18
5573,2
5574,1
5576,1
5579,2
5580,1
5584,2
5586,1
5587,1
5588,1
5589,2
5590,1
5591,2
5592,3
5594,4
5596,3
5597,1
5598,2
5599,1
5600,10
5601,3
5602,3
5603,7
5604,2
5606,4
5607,1
5608,1
5609,1
5610,1
5611,21
5612,4
5614,1
5615,2
5617,1
5618,1
5619,3
5620,4
5621,2
5622,2
5623,6
5624,10
5625,1
5626,4
5627,1
5628,3
5629,9
5630,2
5631,4
5632,2
5634,2
5635,4
5637,1
5638,3
5639,2
5640,3
5641,1
5642,4
5643,4
5644,5
5645,2
5646,13
5647,1
5648,3
5649,6
5650,7
5651,8
5652,11
5653,3
5654,10
5655,12
5656,14
5657,20
5658,20
5659,12
5660,13
5661,9
5662,14
5663,13
5664,17
5665,18
5666,13
5667,17
5668,12
5669,27
5670,26
5671,26
5672,51
5673,32
5674,35
5675,53
5676,86
5677,114
5678,139
5679,135
5680,161
5681,192
5682,244
5683,191
5684,211
5685,278
5686,257
5687,296
5688,345
5689,355
5690,434
5691,405
5692,504
5693,706
5694,671
5695,617
5696,591
5697,687
5698,604
5699,514
5700,529
5701,381
5702,441
5703,475
5704,415
5705,447
5706,343
5707,376
5708,336
5709,350
5710,316
5711,348
5712,398
5713,343
5714,312
5715,341
5716,322
5717,214
5718,269
5719,189
5720,181
5721,168
5722,140
5723,152
5724,153
5725,124
5726,111
5727,124
5728,133
5729,108
5730,98
5731,104
5732,138
5733,176
5734,96
5735,78
5736,68
5737,70
5738,83
5739,62
5740,59
5741,45
5742,42
5743,51
5744,40
5745,47
5746,55
5747,31
5748,31
5749,39
5750,27
5751,25
5752,26
5753,26
5754,22
5755,15
5756,13
5757,12
5758,11
5759,11
5760,10
5761,7
5762,1
5763,6
5764,8
5765,9
5766,5
5767,4
5768,11
5769,8
5770,5
5771,3
5772,84
5773,1
5774,3
5775,3
5776,2
5777,7
5778,4
5779,6
5780,3
5781,1
5782,3
5783,6
5784,3
5785,5
5786,1
5787,2
5789,2
5790,2
5791,8
5792,2
5794,11
5796,2
5798,2
5799,1
5800,14
5802,3
5803,2
5804,1
5806,2
5807,2
5808,1
5809,1
5811,170
5812,4
5813,2
5814,5
5816,1
5817,1
5818,3
5819,2
5820,1
5821,9
5822,6
5823,3
5824,67
5825,3
5827,1
5829,3
5831,3
5832,4
5833,2
5834,2
5836,2
5839,2
5840,1
5841,3
5842,1
5844,9
5846,55
5847,1
5848,1
5849,2
5850,4
5851,3
5852,2
5853,1
5854,1
5855,2
5856,3
5858,1
5859,1
5860,3
5861,1
5863,1
5864,1
5866,3
5868,1
5870,1
5872,10
5874,1
5875,1
5876,2
5878,2
5879,2
5880,1
5881,2
5882,2
5883,2
5884,3
5885,1
5886,2
5887,1
5888,2
5889,2
5890,3
5891,4
5892,4
5893,3
5894,17
5895,1
5896,1
5898,1
5899,2
5900,6
5901,1
5903,3
5904,103
5907,1
5908,2
5909,3
5910,2
5911,14
5912,1
5914,2
5915,5
5916,3
5917,1
5918,1
5919,1
5920,3
5921,1
5923,2
5925,5
5926,1
5928,3
5929,1
5930,1
5931,4
5932,6
5933,2
5934,3
5935,1
5936,2
5937,1
5938,1
5940,2
5943,3
5944,103
5946,8
5948,1
5949,1
5950,24
5951,1
5952,3
5954,1
5955,1
5957,3
5958,2
5960,3
5961,3
5962,2
5963,1
5964,1
5965,2
5966,1
5968,2
5969,3
5972,7
5974,4
5976,1
5978,2
5980,3
5981,2
5982,3
5984,3
5986,1
5987,1
5989,2
5991,2
5992,2
5994,44
5995,1
5998,1
6000,8
6001,1
6002,4
6003,11
6004,9
6005,1
6006,2
6007,3
6008,2
6010,1
6011,1
6012,3
6014,2
6016,6
6017,1
6019,2
6021,1
6022,2
6023,2
6025,2
6026,1
6027,1
6029,1
6030,2
6031,1
6032,1
6033,1
6034,1
6035,1
6036,1
6037,2
6038,1
6040,4
6042,2
6043,3
6044,5
6045,1
6046,21
6048,1
6049,2
6050,7
6051,8
6052,3
6053,1
6054,4
6055,1
6056,1
6057,3
6058,1
6059,2
6062,1
6064,2
6065,1
6067,1
6068,1
6069,2
6070,1
6071,1
6072,5
6073,1
6075,2
6076,1
6078,2
6079,3
6080,1
6081,1
6082,4
6084,1
6086,1
6087,2
6090,1
6091,2
6092,2
6093,3
6094,3
6096,1
6097,1
6099,1
6100,3
6101,4
6102,5
6104,9
6105,3
6106,2
6109,1
6111,12
6112,1
6114,3
6115,3
6118,2
6120,2
6121,1
6122,3
6123,2
6126,1
6127,2
6128,1
6129,1
6131,1
6132,3
6135,2
6136,1
6138,3
6140,2
6144,4
6145,1
6147,30
6148,2
6149,1
6150,4
6151,3
6152,2
6153,2
6154,1
6155,1
6156,1
6158,1
6159,1
6160,1
6161,4
6165,2
6167,1
6168,1
6169,1
6172,5
6175,1
6176,1
6177,1
6179,1
6183,1
6184,2
6185,2
6190,1
6191,1
6192,4
6194,8
6198,2
6199,1
6200,12
6201,2
6202,1
6203,3
6204,16
6205,1
6208,2
6211,16
6214,1
6215,2
6216,2
6218,2
6220,1
6221,1
6223,1
6224,2
6225,1
6227,1
6229,1
6230,1
6231,4
6232,1
6234,1
6235,1
6237,3
6239,2
6240,2
6241,1
6243,1
6244,13
6245,2
6246,1
6247,32
6248,3
6250,12
6251,2
6252,1
6253,2
6254,1
6255,1
6256,3
6257,1
6259,2
6260,1
6263,1
6265,2
6267,3
6268,1
6269,3
6270,2
6272,27
6273,1
6275,1
6277,3
6278,1
6282,1
6283,2
6284,1
6288,2
6290,1
6291,7
6292,3
6293,2
6294,3
6296,1
6297,2
6298,1
6299,1
6300,7
6301,1
6303,1
6304,1
6305,2
6306,2
6307,1
6308,1
6309,2
6310,2
6311,170
6312,3
6315,1
6316,1
6318,2
6319,2
6320,1
6321,4
6322,2
6323,3
6324,1
6329,1
6330,1
6335,4
6336,1
6339,3
6341,2
6344,6
6346,8
6347,239
6350,3
6351,1
6352,3
6353,1
6354,1
6355,2
6356,4
6360,2
6361,1
6362,1
6365,1
6368,2
6372,13
6373,1
6375,1
6376,2
6377,1
6379,1
6380,446
6381,325
6382,3
6383,2
6384,1
6385,2
6386,2
6387,3
6388,1
6390,1
6391,3
6392,2
6394,4
6395,1
6396,1
6399,1
6400,1
6401,1
6402,2
6403,1
6404,3
6405,3
6406,1
6407,1
6408,1
6409,2
6410,1
6411,5
6412,1
6413,2
6415,1
6418,2
6420,1
6421,1
6422,1
6423,1
6425,3
6426,3
6427,1
6428,3
6430,2
6431,3
6432,1
6433,2
6435,15
6436,1
6437,1
6441,2
6443,5
6444,45
6445,3
6447,1
6450,11
6453,1
6454,1
6456,3
6457,1
6458,1
6461,2
6462,2
6463,1
6464,1
6465,3
6468,1
6469,4
6470,2
6472,9
6474,3
6475,2
6476,2
6477,1
6478,1
6479,1
6480,1
6481,11
6482,1
6484,1
6485,1
6486,1
6487,1
6489,1
6490,1
6491,2
6492,1
6494,65
6497,1
6498,1
6499,1
6500,11
6501,5
6502,7
6503,13
6504,5
6505,2
6508,7
6510,2
6511,11
6513,4
6515,1
6516,4
6517,1
6519,1
6520,1
6521,1
6522,2
6523,2
6524,1
6527,1
6528,2
6529,3
6531,3
6533,1
6534,1
6535,2
6536,2
6538,1
6539,2
6540,1
6541,2
6544,6
6545,4
6547,1
6548,1
6549,1
6550,11
6551,4
6552,1
6553,1
6554,2
6556,1
6557,2
6559,3
6569,2
6571,2
6572,9
6573,1
6574,1
6579,1
6580,1
6581,12
6583,2
6586,1
6587,1
6590,1
6591,2
6592,1
6593,1
6594,5
6595,1
6596,1
6599,1
6600,3
6602,4
6603,3
6604,2
6605,2
6606,2
6607,1
6608,2
6610,3
6611,19
6612,2
6613,2
6614,2
6616,1
6617,2
6618,1
6620,2
6621,2
6623,3
6624,2
6625,2
6627,1
6631,3
6633,3
6634,1
6635,5
6637,2
6638,1
6639,2
6641,3
6643,2
6644,10
6646,1
6647,2
6649,1
6650,3
6651,8
6652,1
6654,1
6657,3
6659,1
6660,5
6661,1
6663,3
6664,3
6665,1
6666,2
6669,1
6671,1
6672,13
6673,1
6674,2
6675,1
6679,2
6680,2
6681,4
6682,1
6683,3
6684,2
6685,2
6686,1
6687,1
6690,1
6692,1
6693,1
6694,2
6696,1
6697,1
6698,3
6699,3
6700,9
6701,1
6702,1
6703,4
6704,7
6705,1
6707,1
6709,1
6711,9
6712,1
6714,2
6715,2
6716,4
6717,1
6718,1
6720,1
6722,1
6723,2
6725,1
6726,2
6729,2
6730,1
6731,2
6733,1
6734,1
6735,3
6738,1
6742,2
6743,1
6744,17
6745,1
6746,1
6747,1
6748,1
6749,1
6750,8
6751,2
6752,2
6753,2
6754,2
6755,2
6756,1
6757,2
6758,2
6759,1
6760,1
6762,1
6763,2
6764,2
6765,1
6766,2
6767,2
6769,5
6771,2
6772,69
6773,2
6774,3
6775,2
6777,4
6781,7
6782,1
6783,3
6786,1
6790,1
6791,6
6792,1
6793,2
6794,6
6795,1
6796,1
6799,3
6800,4
6801,1
6802,1
6804,2
6805,2
6806,3
6807,1
6809,2
6811,129
6812,3
6813,1
6815,1
6816,1
6817,1
6818,1
6820,1
6821,6
6822,1
6823,2
6824,1
6825,2
6826,1
6827,2
6831,2
6832,3
6833,1
6835,6
6837,4
6840,1
6842,3
6844,13
6847,3
6848,1
6850,12
6851,3
6854,4
6855,1
6859,4
6860,3
6861,3
6862,1
6865,1
6868,1
6869,1
6871,2
6872,3
6873,1
6874,2
6876,1
6878,2
6881,51
6882,1
6884,1
6885,1
6886,1
6887,2
6889,1
6890,2
6891,1
6893,1
6894,4
6895,1
6896,2
6897,1
6899,1
6900,3
6901,2
6902,2
6903,2
6904,1
6905,2
6906,2
6911,12
6912,1
6913,3
6914,1
6915,1
6917,1
6918,1
6919,1
6921,2
6922,1
6924,2
6925,4
6926,1
6927,3
6928,2
6929,1
6931,4
6932,1
6933,3
6934,2
6935,36
6936,2
6937,1
6938,1
6939,3
6940,2
6944,71
6947,1
6948,2
6949,2
6950,44
6951,5
6953,3
6954,2
6957,1
6961,3
6963,2
6965,2
6967,2
6968,1
6969,2
6970,1
6972,9
6973,1
6975,2
6978,1
6979,1
6980,3
6981,7
6984,1
6985,3
6987,2
6990,1
6992,2
6993,1
6994,35
6999,1
7000,11
7003,3
7004,4
7005,1
7006,1
7007,1
7008,1
7010,3
7011,14
7012,1
7014,1
7015,1
7017,1
7018,2
7020,1
7021,3
7022,1
7023,2
7024,1
7026,3
7028,1
7029,1
7030,1
7031,1
7035,8
7036,1
7039,1
7040,1
7042,1
7043,1
7044,11
7045,1
7046,1
7048,1
7049,1
7050,1
7051,7
7052,1
7053,3
7059,1
7060,1
7063,1
7064,1
7065,1
7066,5
7067,1
7068,4
7069,1
7071,1
7072,7
7073,3
7074,1
7076,1
7079,1
7080,1
7081,9
7083,1
7084,1
7085,1
7086,1
7094,5
7095,1
7096,1
7098,1
7099,1
7100,2
7101,1
7102,3
7103,3
7104,3
7106,3
7108,1
7111,12
7114,1
7115,1
7117,1
7118,4
7119,1
7120,1
7124,1
7125,2
7126,1
7127,2
7128,1
7129,3
7131,2
7132,1
7133,3
7135,7
7137,1
7140,1
7141,1
7144,9
7146,1
7149,1
7150,2
7151,5
7152,2
7156,1
7157,1
7159,3
7160,1
7161,1
7162,1
7164,1
7166,1
7168,1
7170,3
7172,6
7174,1
7178,1
7179,1
7180,2
7181,8
7183,1
7184,2
7185,1
7186,2
7189,1
7190,2
7191,1
7192,1
7193,1
7194,6
7197,1
7198,10
7200,10
7201,2
7202,1
7203,2
7204,10
7205,3
7207,1
7208,1
7210,1
7211,10
7212,2
7214,1
7215,2
7218,1
7220,1
7221,2
7223,2
7224,1
7227,2
7229,1
7230,2
7232,1
7234,2
7235,2
7237,1
7240,1
7241,2
7243,1
7244,7
7250,61
7251,5
7254,2
7255,1
7257,1
7258,2
7260,2
7261,3
7262,1
7266,9
7268,1
7269,2
7272,44
7274,1
7275,1
7276,1
7279,2
7281,10
7283,2
7284,1
7286,3
7287,1
7288,1
7291,2
7292,1
7294,4
7297,1
7298,1
7300,8
7301,1
7302,1
7303,1
7304,1
7308,2
7309,2
7311,70
7312,2
7316,3
7320,3
7321,11
7322,3
7324,13
7325,1
7327,2
7329,1
7331,1
7332,1
7333,1
7335,4
7338,1
7339,3
7344,7
7346,3
7350,5
7351,4
7353,1
7354,1
7356,1
7361,2
7362,1
7366,1
7369,1
7371,1
7372,8
7374,2
7376,1
7377,1
7379,1
7380,1
7381,111
7382,2
7383,1
7388,1
7391,1
7393,2
7394,1
7396,1
7397,1
7400,5
7401,1
7402,2
7403,2
7404,1
7406,4
7410,2
7411,12
7412,1
7414,1
7418,3
7419,1
7420,3
7421,2
7422,1
7424,3
7425,2
7428,1
7429,1
7430,1
7432,1
7435,1
7437,3
7439,1
7440,2
7442,1
7444,45
7448,1
7450,11
7451,2
7452,1
7456,1
7457,1
7460,1
7462,1
7464,1
7466,1
7471,1
7472,13
7473,4
7474,1
7476,2
7478,1
7479,1
7480,1
7481,4
7482,1
7484,2
7485,1
7486,1
7488,3
7492,1
7494,15
7495,2
7498,2
7500,2
7501,2
7502,7
7503,19
7504,1
7505,1
7506,1
7511,13
7513,2
7514,1
7515,1
7518,2
7520,3
7522,2
7523,1
7524,2
7525,1
7526,1
7527,1
7529,2
7531,2
7534,1
7539,1
7540,1
7542,2
7544,16
7546,2
7549,1
7550,6
7551,14
7552,3
7554,3
7556,1
7557,1
7560,3
7561,1
7563,1
7564,9
7565,2
7566,1
7567,2
7568,1
7569,1
7570,3
7572,13
7574,1
7575,1
7576,4
7580,1
7581,23
7582,3
7587,1
7590,1
7591,1
7592,2
7594,1
7596,2
7598,1
7600,6
7601,2
7602,3
7603,2
7604,2
7608,1
7609,1
7611,16
7612,2
7613,1
7615,1
7616,2
7617,1
7619,4
7621,1
7622,1
7623,1
7624,8
7626,1
7628,2
7629,3
7630,2
7631,1
7635,1
7636,1
7640,2
7643,1
7644,16
7646,1
7647,1
7649,1
7650,2
7652,1
7654,1
7656,1
7660,3
7665,1
7666,1
7668,2
7669,1
7670,2
7671,1
7672,48
7673,1
7674,1
7676,1
7677,1
7678,1
7679,3
7680,7
7684,1
7685,1
7687,1
7688,4
7689,2
7691,1
7693,1
7694,8
7695,1
7696,1
7697,1
7698,13
7699,2
7700,17
7701,2
7703,2
7704,9
7709,1
7710,1
7711,22
7712,1
7714,1
7715,2
7716,2
7717,1
7718,1
7719,1
7721,2
7722,4
7724,2
7727,1
7731,1
7739,1
7740,1
7742,1
7743,3
7744,41
7748,1
7749,1
7750,6
7751,4
7754,2
7755,2
7756,1
7758,1
7759,2
7760,1
7761,1
7763,1
7764,1
7766,2
7767,1
7768,1
7769,2
7770,6
7771,2
7772,790
7773,1
7774,2
7776,2
7777,2
7778,1
7780,3
7781,1
7783,2
7787,1
7788,2
7789,3
7791,1
7792,2
7793,1
7794,4
7799,81
7800,5
7801,1
7802,1
7803,3
7804,3
7805,1
7808,1
7810,5
7811,133
7812,1
7814,1
7815,2
7816,2
7818,1
7819,2
7820,2
7821,1
7822,5
7823,1
7824,39
7826,2
7827,2
7829,2
7830,2
7831,1
7833,2
7834,1
7835,2
7836,2
7837,1
7838,2
7840,2
7843,1
7844,38
7845,1
7847,2
7848,1
7851,3
7852,1
7853,1
7854,1
7855,1
7860,3
7861,1
7862,1
7863,1
7865,1
7867,1
7869,1
7872,23
7873,1
7874,1
7875,1
7877,2
7878,1
7879,1
7880,39
7884,1
7885,1
7888,1
7889,1
7893,1
7894,4
7895,1
7896,1
7897,1
7900,5
7902,1
7903,2
7906,5
7907,1
7908,1
7909,1
7910,2
7911,8
7912,1
7913,1
7914,1
7918,1
7919,1
7921,1
7922,1
7923,2
7924,1
7926,1
7929,4
7930,2
7931,5
7932,1
7933,3
7934,1
7936,1
7937,2
7938,1
7939,1
7942,2
7943,5
7944,601
7945,5
7946,1
7949,2
7950,10
7951,1
7952,1
7953,1
7954,2
7955,2
7956,1
7958,1
7959,1
7960,1
7961,1
7962,1
7963,1
7964,1
7965,1
7966,2
7967,3
7968,1
7969,1
7971,4
7972,7
7973,2
7974,1
7975,1
7977,1
7979,1
7980,15
7982,1
7984,1
7985,1
7986,1
7988,1
7990,1
7991,4
7993,2
7994,19
7997,2
7999,1
8000,10
8001,2
8002,10
8003,16
8004,3
8006,2
8008,4
8009,1
8011,16
8013,3
8014,1
8016,1
8017,1
8021,1
8022,1
8023,2
8024,8
8025,1
8026,2
8028,1
8031,2
8032,1
8034,2
8035,1
8036,4
8038,1
8039,1
8042,2
8043,1
8044,12
8046,2
8047,1
8048,1
8049,3
8050,4
8051,10
8052,2
8053,1
8054,2
8055,1
8056,2
8058,1
8059,2
8060,1
8061,2
8062,3
8065,1
8066,1
8069,1
8070,2
8071,1
8072,7
8073,2
8075,1
8076,1
8079,1
8080,2
8084,2
8089,1
8090,1
8092,2
8093,1
8094,4
8096,1
8097,1
8098,2
8099,2
8100,3
8101,2
8103,2
8104,2
8105,3
8106,5
8110,3
8111,11
8113,2
8114,1
8115,2
8118,1
8119,2
8121,4
8122,3
8124,8
8126,2
8128,1
8129,2
8131,1
8132,2
8133,2
8134,3
8138,1
8139,2
8140,1
8142,1
8144,7
8145,2
8146,2
8149,1
8151,3
8153,1
8155,1
8156,2
8157,1
8159,5
8161,1
8163,2
8164,2
8165,1
8166,4
8168,1
8169,2
8171,1
8172,8
8173,2
8174,1
8175,4
8176,1
8180,12
8181,2
8182,1
8183,2
8184,4
8186,2
8188,2
8190,3
8191,1
8192,3
8194,2
8196,3
8197,3
8198,14
8199,2
8200,33
8201,3
8203,2
8204,10
8206,2
8207,3
8208,2
8210,1
8211,7
8213,1
8215,1
8216,2
8217,2
8218,1
8219,3
8220,1
8221,3
8222,1
8223,1
8224,7
8226,1
8228,1
8231,2
8232,1
8236,1
8237,1
8238,2
8239,1
8241,1
8242,1
8243,1
8244,3
8245,2
8247,1
8248,4
8250,13
8251,3
8254,1
8255,1
8256,1
8257,1
8258,1
8259,1
8260,2
8261,1
8262,1
8264,1
8265,3
8266,68
8267,1
8268,1
8272,33
8275,1
8276,2
8277,1
8278,1
8280,9
8283,1
8285,1
8287,2
8291,1
8295,1
8297,4
8298,2
8299,2
8300,7
8301,1
8302,2
8303,2
8304,1
8305,1
8307,1
8308,3
8309,1
8311,58
8312,2
8316,2
8317,1
8320,2
8321,58
8322,2
8323,1
8324,66
8325,2
8326,2
8327,3
8328,1
8329,1
8330,2
8332,1
8333,1
8335,1
8336,1
8340,1
8344,7
8345,1
8346,1
8347,2
8349,4
8351,4
8352,1
8353,1
8354,1
8355,1
8356,1
8361,4
8362,1
8364,2
8365,1
8366,4
8367,1
8369,1
8372,7
8375,1
8376,4
8377,1
8378,1
8379,2
8380,68
8382,2
8384,2
8389,1
8390,1
8391,2
8392,1
8394,3
8395,1
8397,1
8398,2
8400,3
8401,1
8402,1
8403,3
8405,1
8406,1
8408,2
8409,4
8412,2
8414,1
8415,2
8416,3
8417,1
8420,1
8421,3
8422,5
8424,4
8425,4
8426,1
8428,1
8430,2
8432,1
8435,1
8439,2
8440,16
8441,1
8442,1
8443,1
8444,45
8445,2
8448,1
8450,6
8451,3
8454,1
8457,1
8458,1
8459,1
8465,1
8468,1
8471,1
8472,8
8473,3
8479,1
8480,6
8484,3
8485,1
8486,1
8490,2
8491,1
8492,2
8493,1
8494,15
8498,1
8499,1
8500,2
8502,5
8503,6
8504,1
8506,1
8508,1
8509,1
8511,1
8512,1
8513,2
8516,4
8518,1
8519,2
8520,1
8521,2
8522,1
8523,2
8524,2
8525,1
8527,1
8528,1
8529,4
8531,1
8533,2
8534,2
8537,1
8538,2
8539,4
8540,6
8542,1
8544,3
8549,1
8550,3
8551,3
8553,1
8554,1
8557,1
8558,1
8559,1
8560,1
8561,1
8562,1
8564,1
8565,2
8567,1
8569,1
8571,2
8572,13
8573,1
8578,1
8579,1
8580,6
8584,1
8588,1
8589,1
8590,1
8591,1
8594,2
8595,1
8596,1
8599,1
8600,4
8602,2
8603,1
8607,1
8609,1
8610,1
8612,3
8613,1
8618,1
8619,2
8620,2
8621,2
8622,1
8624,3
8626,2
8629,1
8630,1
8633,1
8634,3
8635,4
8637,2
8639,1
8640,15
8642,2
8643,3
8644,6
8648,2
8650,4
8651,3
8652,2
8654,1
8655,1
8656,1
8657,1
8658,1
8662,1
8663,2
8664,1
8668,2
8670,1
8672,7
8674,2
8675,1
8676,1
8677,1
8680,2
8682,1
8683,2
8686,3
8687,1
8690,1
8694,3
8696,1
8697,1
8698,1
8699,1
8700,4
8701,1
8703,1
8704,1
8705,1
8706,3
8707,3
8708,5
8710,1
8711,1
8712,1
8713,1
8714,1
8715,3
8718,1
8719,1
8720,1
8721,3
8722,1
8723,1
8724,5
8725,2
8726,1
8728,2
8729,3
8730,2
8732,1
8734,1
8739,2
8740,45
8741,2
8742,1
8744,8
8747,2
8749,2
8750,8
8751,1
8754,1
8755,2
8757,2
8760,1
8761,1
8762,1
8763,2
8764,1
8765,1
8766,4
8767,2
8768,1
8769,4
8771,1
8772,84
8773,1
8775,1
8776,1
8777,2
8779,2
8780,6
8785,1
8786,1
8787,1
8789,3
8790,3
8791,1
8792,1
8794,9
8795,2
8796,1
8797,1
8798,1
8800,8
8801,2
8803,2
8804,1
8805,1
8806,1
8807,3
8808,1
8809,2
8811,2
8812,1
8813,1
8814,1
8815,1
8816,1
8817,3
8821,4
8824,55
8825,1
8826,1
8827,1
8828,2
8829,3
8830,3
8832,2
8833,4
8834,1
8835,2
8837,3
8838,2
8839,5
8840,753
8841,3
8842,2
8844,8
8845,1
8846,1
8849,1
8850,2
8853,1
8854,1
8857,1
8858,1
8859,4
8860,4
8861,1
8862,1
8865,2
8867,2
8869,3
8870,1
8871,1
8872,13
8874,1
8877,6
8878,1
8880,101
8883,1
8885,1
8890,4
8893,1
8894,8
8900,1
8903,1
8904,1
8906,1
8908,1
8910,1
8911,1
8912,2
8915,2
8916,3
8917,3
8918,1
8919,1
8921,4
8923,1
8924,2
8929,1
8930,2
8932,1
8933,1
8934,5
8935,1
8939,4
8940,13
8942,2
8943,2
8944,108
8946,1
8947,1
8949,2
8950,5
8951,7
8954,2
8955,4
8959,1
8960,1
8963,2
8964,2
8965,3
8966,3
8967,2
8971,1
8972,8
8979,1
8980,6
8982,2
8983,1
8984,1
8986,1
8989,1
8993,2
8994,166
8995,2
9000,6
9001,2
9002,1
9003,1
9004,1
9005,3
9006,1
9007,1
9008,1
9011,1
9014,1
9018,1
9019,2
9020,2
9023,1
9024,3
9026,1
9027,4
9028,2
9029,2
9035,1
9036,2
9039,2
9040,14
9042,2
9044,9
9048,1
9050,5
9051,7
9052,1
9055,4
9059,3
9060,3
9061,2
9062,1
9063,1
9064,2
9065,2
9066,1
9067,1
9070,1
9072,3
9074,1
9077,1
9078,1
9079,1
9080,12
9084,1
9085,1
9087,1
9089,1
9091,1
9092,1
9095,1
9096,2
9098,2
9100,2
9101,1
9103,2
9104,2
9106,1
9108,1
9109,1
9110,4
9111,2
9112,2
9113,2
9116,1
9121,1
9122,1
9124,5
9126,1
9127,2
9129,1
9130,1
9131,1
9132,1
9134,1
9136,3
9137,2
9138,1
9139,1
9140,19
9141,1
9143,2
9144,11
9145,1
9150,5
9152,1
9154,3
9155,1
9156,1
9157,3
9159,4
9163,1
9164,1
9170,2
9171,1
9172,6
9173,1
9176,2
9178,3
9180,8
9185,1
9186,1
9187,1
9189,1
9190,5
9192,1
9194,5
9197,1
9198,9
9199,1
9200,9
9201,1
9203,2
9204,5
9205,1
9206,2
9207,1
9209,1
9210,1
9211,1
9212,1
9219,1
9220,1
9221,1
9230,1
9232,3
9234,1
9237,1
9240,8
9241,2
9242,1
9244,9
9246,2
9250,4
9253,1
9255,3
9259,8
9260,1
9261,1
9264,2
9266,5
9268,2
9269,1
9271,4
9272,26
9273,1
9274,1
9275,1
9276,1
9277,2
9278,1
9280,6
9285,2
9288,1
9289,1
9290,2
9291,2
9292,1
9293,3
9294,2
9295,1
9297,2
9299,1
9300,3
9302,2
9306,1
9310,1
9313,1
9314,1
9316,1
9320,1
9321,5
9322,1
9324,1
9325,2
9326,3
9327,1
9328,1
9330,2
9332,1
9334,1
9340,61
9343,2
9344,9
9347,1
9349,1
9350,1
9354,1
9356,1
9357,2
9360,1
9363,3
9366,1
9371,37
9372,10
9379,2
9380,81
9381,1
9386,2
9387,1
9388,1
9391,1
9393,1
9394,1
9395,2
9396,1
9398,1
9399,1
9400,1
9401,1
9402,2
9403,1
9404,1
9408,1
9410,1
9412,1
9415,1
9416,1
9417,1
9421,2
9424,2
9425,1
9427,2
9428,1
9429,1
9430,1
9433,3
9435,1
9438,1
9440,9
9441,2
9442,1
9444,52
9450,5
9451,1
9453,2
9456,3
9459,4
9460,1
9464,3
9465,1
9466,2
9467,1
9469,1
9471,13
9472,3
9473,1
9476,3
9485,1
9487,1
9490,1
9491,1
9493,1
9494,9
9495,2
9496,1
9499,1
9500,4
9502,2
9503,6
9504,1
9505,1
9506,2
9508,3
9511,2
9512,1
9513,1
9514,1
9515,1
9516,1
9520,2
9521,1
9522,2
9523,1
9527,1
9534,1
9535,1
9536,2
9538,1
9540,6
9541,1
9542,2
9543,1
9544,19
9545,2
9546,2
9547,1
9548,2
9549,1
9550,2
9551,7
9553,1
9554,1
9555,1
9558,1
9559,1
9560,2
9561,3
9562,1
9563,2
9564,3
9568,2
9569,2
9570,3
9571,9
9572,10
9578,1
9579,1
9581,2
9582,3
9586,1
9587,1
9588,1
9590,2
9593,1
9594,3
9598,4
9600,2
9602,2
9603,2
9604,3
9605,4
9608,3
9609,2
9610,1
9613,1
9614,1
9615,1
9617,1
9620,1
9621,1
9622,1
9627,1
9628,2
9632,2
9633,2
9635,2
9640,13
9641,4
9643,1
9644,16
9646,2
9647,1
9651,2
9653,1
9655,1
9659,1
9661,5
9662,1
9663,1
9664,1
9665,2
9666,1
9667,12
9669,1
9670,1
9671,11
9673,3
9674,2
9678,1
9679,2
9680,1
9682,2
9683,1
9684,1
9689,1
9691,2
9692,1
9693,1
9694,1
9697,2
9698,5
9700,14
9701,2
9702,1
9703,2
9704,2
9706,1
9708,1
9711,2
9713,2
9714,1
9715,1
9716,1
9717,1
9719,2
9720,2
9721,1
9725,2
9726,2
9727,1
9728,4
9730,1
9732,1
9733,1
9734,2
9736,2
9738,1
9739,1
9740,18
9741,1
9742,2
9744,15
9745,2
9749,1
9750,11
9751,7
9752,1
9753,1
9755,2
9756,1
9757,1
9758,1
9759,4
9761,1
9762,2
9763,2
9765,1
9766,4
9767,62
9768,2
9769,1
9770,1
9771,11
9773,1
9775,1
9776,2
9777,1
9778,3
9779,1
9780,1
9781,1
9782,1
9783,2
9785,3
9787,1
9789,1
9790,2
9791,2
9794,5
9795,2
9796,3
9798,2
9799,1
9800,5
9801,4
9802,1
9803,1
9805,3
9809,2
9810,1
9811,2
9812,3
9814,2
9815,1
9817,1
9820,1
9821,3
9824,3
9825,1
9826,2
9828,1
9831,1
9832,3
9833,2
9834,1
9835,2
9836,1
9837,2
9838,1
9840,139
9841,1
9842,1
9843,1
9844,15
9846,1
9847,2
9850,5
9851,6
9852,3
9853,148
9854,1
9855,5
9857,1
9858,1
9859,1
9860,2
9861,1
9863,2
9865,2
9866,2
9867,7
9869,2
9870,3
9871,81
9872,1
9873,5
9874,1
9875,2
9878,2
9880,1
9886,1
9888,2
9889,3
9890,3
9891,2
9892,1
9894,2
9895,2
9896,3
9897,11
9898,1
9899,1
9900,5
9902,3
9903,2
9904,1
9906,1
9908,3
9909,3
9911,1
9912,1
9915,1
9916,2
9917,1
9918,3
9919,5
9920,1
9921,1
9923,1
9925,5
9926,2
9928,2
9929,2
9931,73
9932,3
9934,1
9936,2
9937,2
9938,1
9939,1
9940,4
9941,3
9942,1
9943,1
9944,1
9945,3
9946,1
9947,1
9950,4
9951,4
9952,1
9953,9
9955,1
9956,1
9957,1
9958,1
9960,4
9961,1
9963,1
9964,2
9965,4
9966,1
9967,10
9968,1
9969,1
9970,1
9971,10
9972,3
9973,1
9974,1
9975,5
9976,2
9977,2
9978,2
9980,3
9981,1
9982,1
9985,2
9986,2
9987,3
9988,3
9989,1
9991,1
9992,1
9993,1
9994,16
9997,2
9998,4
9999,1
10000,9
10001,3
10002,4
10003,4
10004,1
10005,1
10006,2
10007,1
10008,1
10011,4
10014,1
10017,3
10018,1
10019,1
10020,1
10023,1
10025,3
10026,2
10028,3
10029,1
10030,1
10031,3
10032,3
10033,1
10035,1
10037,1
10039,1
10040,13
10041,2
10042,3
10046,1
10047,3
10050,3
10051,24
10052,4
10053,11
10054,3
10055,1
10056,2
10057,1
10058,1
10059,1
10060,1
10061,1
10062,2
10063,4
10064,3
10065,1
10066,2
10067,9
10069,3
10070,4
10071,8
10072,3
10075,1
10076,9
10078,3
10079,1
10080,1
10082,2
10085,1
10086,2
10088,2
10089,1
10090,2
10091,2
10092,2
10093,2
10094,2
10096,2
10097,6
10098,3
10099,1
10100,5
10101,1
10102,1
10104,4
10105,2
10108,2
10109,2
10110,1
10111,1
10113,1
10114,2
10115,1
10118,1
10121,6
10122,1
10124,1
10127,2
10128,3
10132,1
10133,1
10134,1
10135,5
10137,1
10138,3
10140,7
10141,1
10143,2
10144,1
10145,2
10146,1
10148,4
10149,2
10150,3
10151,2
10152,1
10153,6
10154,1
10155,2
10156,2
10158,2
10159,5
10161,1
10163,2
10166,1
10167,6
10168,1
10169,1
10170,1
10171,38
10182,1
10184,5
10186,1
10187,4
10190,3
10191,3
10193,1
10194,2
10195,2
10197,5
10198,116
10199,2
10200,7
10201,2
10202,1
10203,3
10204,5
10208,3
10209,2
10210,1
10211,1
10212,1
10215,2
10216,1
10217,1
10218,2
10219,1
10220,2
10221,4
10222,1
10224,3
10225,5
10226,3
10227,4
10228,13
10230,3
10234,3
10235,3
10237,2
10238,1
10240,5
10241,4
10242,1
10243,1
10245,2
10246,2
10247,3
10248,2
10250,13
10251,2
10252,3
10253,13
10255,1
10256,2
10259,33
10260,1
10262,1
10263,1
10264,1
10265,3
10266,5
10267,111
10268,1
10271,19
10274,1
10275,1
10276,4
10277,3
10278,4
10279,1
10280,3
10284,2
10285,3
10286,2
10288,2
10289,1
10291,5
10294,4
10295,1
10297,2
10298,1
10299,1
10300,8
10302,3
10303,7
10306,2
10307,2
10308,5
10310,1
10313,1
10316,2
10318,5
10319,1
10320,2
10321,14
10322,1
10323,1
10324,3
10325,2
10327,2
10328,1
10331,2
10333,1
10335,4
10336,2
10337,1
10338,2
10340,44
10341,1
10342,2
10344,1
10345,3
10346,2
10347,1
10348,1
10349,1
10350,1
10351,1
10352,1
10353,206
10354,1
10355,2
10356,1
10357,1
10358,1
10359,1
10360,3
10362,2
10365,3
10366,3
10367,3
10368,1
10371,102
10372,1
10374,1
10375,1
10377,1
10381,2
10382,1
10383,1
10388,1
10389,1
10391,1
10393,2
10394,2
10395,1
10396,2
10397,45
10398,4
10400,7
10401,1
10402,6
10403,2
10405,4
10406,1
10408,2
10409,2
10410,2
10411,2
10414,3
10415,3
10416,2
10417,1
10418,2
10419,2
10420,4
10421,1
10422,2
10423,1
10424,1
10425,7
10427,1
10428,1
10430,1
10431,5
10432,3
10433,1
10434,3
10435,7
10437,1
10438,2
10440,8
10441,1
10442,2
10443,1
10445,1
10446,1
10447,1
10448,1
10449,3
10450,7
10452,1
10453,9
10454,1
10455,2
10457,1
10458,1
10459,3
10460,2
10461,1
10462,1
10464,1
10465,2
10466,2
10467,9
10468,1
10469,1
10471,7
10473,2
10480,2
10482,1
10485,1
10487,2
10488,1
10489,1
10491,2
10492,2
10494,7
10497,5
10498,2
10500,4
10501,1
10502,40
10503,74
10505,3
10506,1
10507,1
10508,3
10509,1
10511,2
10512,1
10513,2
10514,1
10515,2
10517,4
10518,2
10519,1
10520,3
10521,3
10523,2
10524,1
10527,2
10531,1
10532,1
10533,4
10534,2
10537,1
10539,1
10540,8
10541,1
10544,4
10545,1
10546,1
10547,1
10548,1
10551,8
10552,2
10553,9
10555,1
10557,2
10560,2
10561,1
10564,1
10565,3
10566,1
10567,6
10571,1
10572,7
10573,1
10577,1
10579,1
10580,2
10581,1
10582,1
10584,1
10588,2
10591,4
10593,2
10594,4
10597,12
10598,2
10602,3
10603,1
10605,1
10606,1
10608,1
10609,1
10610,1
10611,1
10612,1
10613,2
10614,1
10615,1
10616,1
10617,1
10621,1
10625,4
10626,2
10627,1
10629,1
10631,1
10634,3
10635,1
10636,1
10637,3
10640,16
10642,2
10644,1
10648,2
10650,3
10651,2
10652,1
10653,8
10655,1
10658,1
10661,1
10664,2
10665,1
10667,9
10668,3
10670,1
10672,8
10673,2
10674,1
10675,1
10677,3
10678,3
10680,3
10682,1
10685,1
10688,2
10691,2
10693,2
10694,2
10696,2
10697,11
10698,12
10700,7
10701,1
10702,1
10703,1
10704,2
10705,3
10707,1
10708,1
10710,1
10711,2
10712,1
10714,1
10715,2
10716,2
10720,3
10721,1
10722,3
10723,2
10725,1
10727,1
10728,1
10729,1
10730,1
10733,2
10734,1
10736,1
10740,13
10742,1
10743,2
10744,1
10745,2
10746,2
10747,2
10750,4
10751,2
10753,14
10755,5
10756,1
10758,1
10759,2
10760,3
10761,1
10763,1
10764,1
10766,13
10767,152
10768,3
10770,1
10771,1
10772,3
10773,4
10774,1
10775,1
10776,1
10777,1
10778,2
10779,2
10782,1
10783,3
10784,1
10786,2
10791,2
10792,1
10793,3
10794,2
10795,2
10796,4
10797,30
10798,1
10800,14
10802,3
10803,5
10805,1
10807,1
10808,1
10813,3
10814,1
10815,1
10816,2
10817,2
10818,109
10821,12
10822,1
10823,2
10825,4
10827,1
10828,5
10830,1
10831,1
10833,3
10837,2
10838,3
10839,1
10840,67
10841,1
10843,2
10844,1
10847,3
10848,2
10849,1
10850,4
10851,2
10856,1
10857,1
10860,3
10861,1
10862,4
10863,2
10864,1
10865,1
10866,2
10867,5
10868,1
10869,2
10870,1
10871,4
10872,3
10873,58
10875,1
10876,2
10877,3
10878,3
10879,1
10880,2
10882,3
10883,3
10885,1
10887,1
10888,1
10890,3
10891,1
10892,2
10893,4
10894,2
10895,2
10896,5
10897,410
10898,5
10900,197
10901,5
10902,2
10903,2
10906,4
10907,4
10908,4
10909,2
10910,4
10912,2
10914,1
10917,3
10918,1
10920,1
10921,1
10922,3
10923,5
10924,1
10925,3
10926,1
10927,2
10928,2
10929,1
10930,1
10931,1
10933,2
10934,2
10935,4
10936,1
10937,2
10939,2
10940,8
10943,1
10944,1
10948,1
10949,3
10950,8
10951,1
10952,1
10953,2
10954,1
10955,1
10956,1
10957,3
10958,3
10959,1
10960,1
10961,2
10963,2
10965,1
10966,1
10967,10
10968,2
10969,1
10970,1
10971,1
10973,13
10976,1
10977,3
10978,2
10979,1
10980,1
10981,4
10983,1
10984,2
10985,1
10986,1
10988,2
10990,1
10991,2
10992,2
10994,3
10996,1
10997,1
10998,5
11000,36
11001,2
11002,2
11003,2
11005,2
11006,2
11007,9
11008,1
11009,1
11010,1
11011,1
11012,1
11013,1
11015,1
11017,1
11020,2
11021,1
11022,2
11024,1
11025,1
11026,1
11027,1
11028,2
11029,1
11030,3
11031,2
11032,1
11034,2
11037,1
11038,1
11039,1
11040,7
11041,1
11042,2
11044,1
11045,2
11047,1
11048,1
11049,2
11050,7
11051,6
11057,2
11058,1
11061,1
11063,4
11067,3
11071,1
11072,2
11073,9
11075,2
11077,4
11081,1
11083,1
11086,3
11088,1
11090,3
11091,1
11092,2
11098,3
11099,2
11100,26
11101,1
11103,1
11104,1
11105,2
11107,8
11111,1
11112,1
11115,1
11119,1
11120,1
11121,1
11123,1
11124,1
11128,1
11130,1
11131,1
11133,1
11135,3
11137,2
11138,2
11139,1
11140,9
11144,2
11146,1
11149,1
11150,2
11154,1
11156,2
11157,1
11158,1
11159,2
11160,1
11165,2
11166,1
11167,10
11169,1
11173,30
11175,1
11176,1
11177,1
11182,1
11183,1
11187,1
11192,2
11193,1
11194,3
11195,3
11196,1
11198,24
11199,1
11200,20
11201,2
11202,1
11203,2
11204,1
11206,1
11207,2
11210,1
11211,1
11212,1
11213,1
11216,1
11221,2
11225,2
11226,1
11228,3
11229,1
11236,2
11238,1
11239,2
11240,9
11241,2
11242,2
11243,2
11244,1
11245,2
11246,1
11247,2
11248,1
11250,12
11251,2
11252,1
11254,1
11257,1
11258,2
11259,1
11261,5
11262,1
11263,1
11266,8
11267,37
11268,1
11271,1
11272,2
11273,58
11274,2
11276,1
11278,2
11280,2
11282,1
11283,2
11285,1
11288,1
11289,3
11290,1
11291,3
11292,2
11293,1
11295,2
11296,2
11298,3
11300,11
11301,1
11302,1
11303,2
11305,1
11306,35
11307,1
11310,1
11312,1
11314,1
11316,1
11321,11
11322,2
11323,2
11324,1
11325,1
11326,1
11330,2
11332,1
11333,1
11334,1
11337,3
11339,3
11340,153
11341,2
11342,2
11343,4
11344,3
11346,3
11348,1
11349,1
11350,3
11352,2
11353,1
11355,2
11357,1
11358,2
11361,1
11363,2
11365,1
11366,3
11367,8
11369,3
11370,2
11371,6
11372,9
11373,1058
11374,4
11375,2
11376,3
11378,1
11380,4
11381,2
11383,3
11385,1
11386,1
11388,2
11389,2
11390,2
11392,3
11394,1
11395,2
11398,4
11399,2
11400,90
11401,2
11404,1
11405,4
11406,10
11408,1
11409,1
11410,3
11411,2
11412,2
11413,1
11414,2
11415,1
11417,1
11418,2
11420,2
11421,4
11423,5
11425,9
11426,1
11427,2
11429,1
11430,1
11431,1
11433,1
11434,1
11435,2
11438,2
11440,13
11441,1
11442,2
11444,2
11445,1
11447,1
11448,2
11449,1
11450,10
11451,1
11453,1
11454,1
11458,1
11459,3
11461,2
11463,1
11464,1
11465,1
11467,8
11468,2
11469,1
11472,3
11473,11
11475,2
11476,2
11478,1
11479,1
11480,2
11483,1
11484,1
11487,2
11488,1
11489,2
11491,2
11492,1
11493,1
11494,9
11495,1
11496,1
11497,2
11498,1
11500,17
11501,1
11502,7
11503,5
11506,7
11507,2
11508,13
11510,1
11511,1
11512,1
11514,1
11515,3
11517,1
11520,1
11521,1
11522,2
11523,2
11529,4
11535,1
11537,1
11540,14
11545,1
11546,2
11547,1
11548,2
11550,3
11551,11
11552,4
11554,1
11555,1
11556,1
11557,1
11558,2
11560,1
11562,1
11563,2
11566,3
11570,1
11571,1
11573,12
11574,2
11576,1
11580,1
11581,1
11582,1
11585,1
11586,3
11590,3
11593,1
11594,1
11595,1
11596,2
11599,1
11600,16
11601,2
11602,5
11603,2
11605,25
11606,19
11607,1
11608,1
11609,1
11612,2
11613,1
11614,2
11617,3
11618,1
11619,1
11620,1
11621,2
11623,1
11626,1
11627,1
11628,1
11632,1
11635,4
11636,1
11639,1
11640,6
11642,1
11643,1
11644,3
11647,2
11648,1
11649,1
11650,3
11652,2
11655,1
11657,1
11659,1
11661,1
11665,4
11666,4
11667,22
11668,2
11673,5
11675,1
11676,2
11678,1
11681,2
11682,1
11683,1
11685,1
11689,2
11690,1
11691,1
11692,1
11694,2
11697,1
11698,13
11700,15
11701,1
11704,1
11705,2
11706,7
11707,1
11708,1
11709,1
11710,1
11711,1
11712,1
11719,1
11723,1
11727,2
11728,1
11730,1
11731,8
11733,1
11735,1
11737,1
11739,1
11740,10
11742,1
11746,3
11747,1
11748,1
11750,7
11752,1
11753,1
11754,1
11755,2
11756,3
11758,2
11759,1
11761,1
11762,1
11763,2
11764,2
11765,2
11766,1
11767,149
11769,1
11770,1
11771,2
11773,8
11777,1
11778,1
11779,1
11780,1
11782,2
11785,1
11786,1
11788,5
11789,2
11790,1
11791,2
11792,1
11793,1
11795,1
11798,1
11799,1
11800,11
11801,1
11802,1
11803,2
11804,1
11805,2
11806,79
11807,5
11808,2
11809,3
11810,1
11811,1
11812,1
11813,1
11814,1
11816,5
11817,1
11820,1
11821,6
11824,1
11825,2
11827,1
11828,1
11830,3
11831,1
11832,2
11833,1
11835,1
11836,2
11837,1
11839,3
11840,119
11842,1
11844,3
11845,2
11848,1
11849,25
11850,12
11851,1
11852,2
11854,1
11855,1
11856,2
11857,1
11859,1
11860,1
11862,1
11863,1
11864,1
11865,2
11866,1
11867,5
11868,3
11869,1
11870,1
11871,1
11872,3
11873,28
11878,1
11879,1
11880,2
11882,2
11886,1
11887,3
11889,1
11890,1
11892,1
11894,2
11897,3
11898,1
11899,2
11900,68
11902,1
11903,1
11904,2
11905,1
11907,9
11908,4
11909,1
11910,2
11911,2
11912,2
11916,3
11918,1
11921,2
11922,2
11925,2
11927,4
11928,2
11930,1
11931,1
11933,2
11934,2
11935,1
11936,1
11937,2
11940,10
11944,2
11945,1
11946,1
11947,3
11948,2
11949,156
11950,47
11951,2
11958,3
11959,2
11963,2
11965,1
11966,1
11967,13
11970,2
11972,1
11973,5
11974,1
11976,1
11978,3
11981,1
11984,1
11985,2
11988,2
11990,1
11992,1
11993,3
11994,4
11998,2
11999,1
12000,18
12001,1
12002,1
12003,1
12004,2
12005,2
12007,7
12010,2
12011,10
12012,1
12013,1
12016,3
12020,3
12021,2
12023,1
12024,1
12028,1
12031,4
12032,2
12034,1
12035,4
12037,1
12039,4
12040,6
12041,1
12042,1
12045,1
12046,1
12047,1
12049,1
12050,10
12051,17
12052,5
12055,1
12059,1
12062,1
12064,1
12067,4
12068,1
12069,1
12071,3
12073,7
12076,3
12079,1
12082,1
12086,1
12088,2
12091,1
12094,1
12097,2
12098,8
12099,1
12100,17
12101,2
12102,2
12103,2
12104,1
12107,8
12108,1
12110,1
12111,1
12112,1
12119,1
12120,1
12121,2
12124,1
12125,3
12128,1
12132,1
12133,2
12134,1
12135,2
12138,1
12139,1
12140,8
12141,1
12143,1
12144,3
12145,2
12147,1
12148,1
12150,15
12152,1
12153,1
12154,2
12155,4
12156,1
12159,2
12160,1
12161,1
12165,1
12167,10
12170,1
12171,1
12173,3
12174,1
12177,1
12180,1
12182,2
12184,1
12185,1
12187,2
12188,1
12189,1
12190,3
12196,1
12197,2
12198,30
12200,10
12201,3
12202,1
12204,3
12205,12
12206,1
12207,10
12209,2
12211,2
12212,1
12214,1
12216,2
12217,2
12219,1
12221,2
12222,2
12223,4
12227,2
12230,5
12232,1
12233,2
12236,1
12237,2
12239,1
12240,4
12242,1
12245,2
12247,1
12248,1
12250,87
12251,1
12254,1
12255,1
12257,1
12258,1
12259,3
12260,2
12261,1
12266,7
12267,114
12269,1
12273,11
12275,2
12279,1
12282,2
12283,2
12284,1
12285,1
12287,1
12288,1
12289,1
12290,1
12291,7
12292,1
12294,1
12295,2
12297,3
12298,3
12300,9
12303,2
12304,1
12307,32
12308,1
12310,2
12312,2
12314,2
12315,2
12317,1
12318,2
12319,1
12320,3
12321,9
12322,1
12325,3
12326,1
12328,1
12329,1
12333,1
12334,1
12337,1
12338,1
12340,31
12341,2
12343,1
12344,2
12350,5
12351,4
12352,1
12357,1
12362,2
12363,2
12365,2
12366,2
12367,8
12368,1
12370,2
12371,2
12372,1
12373,53
12377,1
12378,1
12383,1
12385,1
12386,1
12387,1
12388,1
12389,1
12390,3
12391,1
12392,1
12394,1
12395,1
12398,4
12400,72
12402,1
12403,1
12404,1
12406,1
12407,7
12408,2
12409,2
12410,2
12411,2
12412,1
12415,1
12418,2
12420,2
12421,1
12423,2
12424,2
12425,2
12426,1
12427,1
12428,1
12429,1
12431,3
12432,2
12436,1
12437,2
12440,5
12443,1
12444,1
12448,1
12449,1
12450,2
12451,3
12455,3
12457,1
12459,1
12460,2
12463,1
12465,1
12466,3
12467,20
12470,1
12472,1
12473,6
12477,2
12480,2
12482,1
12483,2
12484,1
12489,2
12490,1
12491,2
12492,1
12494,3
12496,1
12499,1
12500,13
12501,1
12503,8
12505,2
12507,10
12508,1
12510,1
12514,1
12517,2
12518,2
12519,1
12521,2
12528,1
12529,1
12530,1
12531,1
12533,1
12534,1
12538,1
12539,2
12540,7
12542,2
12544,1
12545,2
12546,1
12547,2
12550,3
12551,20
12553,2
12554,1
12556,1
12559,1
12562,1
12563,1
12565,1
12566,1
12567,62
12568,1
12570,1
12571,3
12572,1
12573,8
12574,1
12576,1
12586,2
12587,5
12591,4
12594,1
12595,3
12597,1
12598,1
12599,1
12600,16
12601,2
12602,12
12603,1
12604,2
12605,2
12606,1
12607,16
12609,1
12612,1
12613,1
12615,1
12616,1
12617,4
12618,1
12622,1
12623,3
12625,1
12627,2
12628,1
12632,2
12633,2
12634,3
12635,2
12637,1
12640,41
12641,1
12642,1
12643,1
12647,1
12648,1
12650,2
12651,6
12652,1
12653,2
12654,1
12655,8
12657,4
12660,2
12661,1
12663,1
12664,3
12665,3
12666,4
12667,141
12668,2
12670,2
12672,2
12673,5
12674,3
12675,2
12676,1
12678,1
12679,2
12683,1
12684,2
12686,1
12687,5
12689,1
12691,2
12692,2
12693,2
12694,1
12697,1
12698,18
12700,40
12701,1
12702,2
12703,2
12704,1
12705,2
12706,3
12707,43
12709,1
12710,1
12711,1
12716,1
12717,10
12718,1
12720,2
12721,1
12722,3
12724,3
12726,1
12727,2
12728,14
12731,1
12732,2
12733,2
12734,1
12735,3
12738,3
12739,1
12740,17
12741,1
12742,2
12743,1
12744,1
12745,1
12747,4
12750,463
12751,2
12753,4
12755,5
12756,5
12757,8
12758,2
12759,1
12760,1
12761,30
12762,1131
12763,5
12764,4
12765,9
12766,2
12768,1
12769,1
12770,3
12771,237
12772,189
12773,15
12776,7
12777,7
12779,1
12780,3
12781,1
12782,2
12786,1
12787,1
12788,2
12789,2
12790,2
12791,3
12793,1
12794,4
12795,3
12797,2
12798,4
12799,1
12800,30
12801,4
12802,1
12803,3
12804,3
12805,15
12806,120
12807,816
12809,1
12810,1
12811,1
12812,2
12813,1
12815,1
12816,2
12817,2
12818,1
12819,2
12820,1
12821,7
12822,8
12823,1
12825,1
12827,1
12828,2
12830,2
12831,2
12832,1
12834,1
12839,1
12840,1178
12845,1
12847,1
12848,1
12850,1
12851,3
12853,2
12855,1
12857,2
12858,2
12859,1
12860,2
12861,3
12862,1
12864,1
12866,1
12867,2
12868,1
12870,1
12871,7
12872,88
12873,20
12874,1
12875,1
12877,1
12878,1
12880,1
12881,2
12882,2
12883,1
12886,1
12888,1
12890,5
12892,1
12893,1
12894,1
12895,1
12896,1
12897,3
12898,6
12899,3
12900,355
12901,2
12902,1
12903,2
12904,2
12906,3
12907,14
12908,1
12909,1
12910,2
12913,1
12916,3
12917,2
12919,2
12920,2
12921,2
12922,3
12923,1
12924,2
12925,3
12926,1
12930,2
12931,1
12932,1
12933,1
12935,1
12936,1
12937,4
12938,1
12940,8
12941,1
12944,4
12949,1
12950,4
12951,2
12952,3
12958,1
12960,7
12962,3
12963,2
12966,1
12967,1
12969,3
12971,4
12972,33
12973,2
12974,4
12975,1
12976,1
12980,2
12987,1
12988,1
12990,2
12991,1
12992,5
12993,1
12994,2
12995,1
12997,2
12998,4
13000,19
13001,1
13002,1
13003,9
13005,3
13007,7
13008,3
13010,1
13011,1
13012,5
13013,3
13014,1
13017,1
13018,1
13019,2
13020,2
13021,1
13022,5
13024,1
13025,2
13028,1
13029,1
13032,1
13033,1
13034,1
13035,2
13036,1
13038,1
13040,6
13041,1
13043,1
13045,2
13050,1
13051,11
13055,2
13057,2
13058,1
13062,1
13066,3
13069,1
13070,2
13072,16
13073,3
13080,1
13082,2
13085,1
13087,1
13097,1
13098,1
13100,57
13101,1
13102,2
13107,6
13109,1
13111,2
13113,1
13114,1
13116,1
13120,1
13121,2
13122,4
13123,2
13128,1
13130,2
13134,1
13135,5
13137,1
13138,1
13140,5
13141,2
13142,2
13144,3
13151,1
13152,1
13153,1
13157,2
13159,1
13160,2
13165,2
13166,1
13168,1
13169,1
13170,2
13172,13
13173,5
13175,1
13180,1
13184,1
13186,1
13187,1
13188,1
13189,1
13195,2
13196,1
13198,31
13199,3
13200,7
13201,3
13202,1
13205,4
13207,9
13208,2
13209,1
13210,2
13211,1
13212,1
13214,1
13215,1
13217,1
13218,3
13219,1
13221,2
13224,2
13227,1
13229,1
13230,1
13232,1
13235,2
13237,2
13238,1
13240,7
13241,2
13243,1
13244,1
13247,1
13248,2
13250,3
13251,1
13252,1
13254,1
13255,1
13256,1
13257,2
13258,1
13260,1
13262,1
13263,1
13265,1
13266,72
13268,2
13272,92
13273,12
13277,1
13278,1
13280,4
13282,2
13283,1
13284,1
13287,2
13289,1
13290,1
13291,4
13294,1
13296,2
13297,8
13298,2
13299,1
13300,9
13305,2
13306,1
13307,61
13308,1
13309,2
13310,1
13313,1
13315,2
13316,4
13318,1
13319,1
13321,76
13322,3
13325,3
13327,3
13329,2
13331,2
13332,3
13333,3
13335,3
13336,1
13338,2
13339,1
13340,41
13342,1
13345,2
13346,2
13347,1
13349,2
13350,1
13351,3
13352,1
13358,3
13359,2
13360,3
13361,2
13362,2
13364,1
13367,1
13371,1
13372,8
13373,74
13374,2
13376,2
13377,1
13386,1
13388,3
13389,2
13390,5
13396,1
13398,5
13399,2
13400,177
13401,2
13403,1
13404,1
13405,4
13407,10
13410,1
13411,4
13412,2
13413,1
13414,1
13418,1
13420,2
13421,2
13422,1
13423,1
13424,2
13425,1
13426,2
13428,1
13430,3
13432,2
13435,5
13436,2
13440,3
13442,1
13443,1
13444,2
13445,1
13446,1
13449,1
13450,4
13452,2
13456,1
13457,2
13460,2
13462,1
13464,1
13467,1
13469,2
13472,14
13473,5
13475,3
13477,3
13478,1
13480,1
13482,1
13485,1
13486,2
13488,1
13490,3
13492,2
13494,5
13495,1
13496,1
13498,5
13499,2
13500,23
13501,1
13503,13
13505,1
13506,2
13507,8
13508,4
13509,1
13510,1
13511,5
13512,2
13516,1
13521,2
13523,1
13524,1
13525,3
13530,1
13532,1
13535,3
13537,1
13540,10
13541,1
13543,1
13547,2
13549,1
13550,2
13551,9
13553,1
13554,1
13555,1
13556,1
13560,1
13564,4
13565,1
13567,2
13569,3
13572,15
13573,5
13574,2
13575,1
13578,2
13584,1
13585,1
13591,1
13595,3
13598,1
13599,1
13600,20
13601,1
13602,2
13603,1
13605,2
13607,7
13608,2
13612,2
13615,1
13616,1
13617,1
13620,2
13621,1
13623,1
13624,1
13626,2
13627,1
13629,2
13630,1
13635,4
13636,2
13637,3
13638,2
13639,1
13640,22
13643,1
13644,5
13645,1
13650,1
13651,1
13652,1
13654,1
13658,2
13659,1
13660,2
13662,2
13663,1
13664,1
13666,1
13670,1
13671,2
13672,26
13673,5
13678,2
13679,1
13681,1
13684,1
13694,2
13695,3
13697,1
13698,15
13700,20
13703,2
13705,2
13706,1
13707,12
13708,2
13709,2
13710,1
13712,2
13714,1
13721,2
13723,1
13724,1
13728,6
13729,2
13731,1
13732,2
13733,1
13734,2
13735,3
13738,1
13739,1
13740,56
13741,1
13742,1
13743,1
13744,2
13746,1
13747,1
13748,1
13749,2
13750,4
13751,2
13752,1
13755,2
13760,1
13761,2
13762,1
13766,3
13767,2
13768,2
13769,3
13771,1
13772,199
13773,7
13774,2
13775,1
13776,3
13778,1
13779,8
13780,2
13781,2
13782,1
13783,3
13784,5
13786,3
13787,2
13788,6
13789,5
13790,7
13791,3
13792,4
13793,6
13794,2
13795,6
13796,14
13797,11
13798,10
13799,9
13800,35
13801,12
13802,7
13803,8
13804,7
13805,22
13806,19
13807,130
13808,11
13809,14
13810,21
13811,33
13812,29
13813,26
13814,22
13815,39
13816,31
13817,29
13818,37
13819,44
13820,42
13821,45
13822,52
13823,46
13824,28
13825,55
13826,68
13827,86
13828,145
13829,180
13830,213
13831,205
13832,194
13833,195
13834,192
13835,224
13836,200
13837,209
13838,241
13839,190
13840,1324
13841,259
13842,221
13843,251
13844,223
13845,195
13846,188
13847,149
13848,171
13849,141
13850,173
13851,165
13852,150
13853,195
13854,185
13855,197
13856,224
13857,277
13858,262
13859,304
13860,324
13861,255
13862,296
13863,294
13864,313
13865,243
13866,282
13867,260
13868,256
13869,274
13870,216
13871,236
13872,296
13873,274
13874,216
13875,217
13876,156
13877,234
13878,216
13879,197
13880,135
13881,164
13882,149
13883,175
13884,176
13885,206
13886,168
13887,169
13888,156
13889,160
13890,207
13891,145
13892,171
13893,172
13894,238
13895,238
13896,229
13897,203
13898,250
13899,189
13900,427
13901,184
13902,186
13903,204
13904,217
13905,222
13906,144
13907,143
13908,136
13909,198
13910,159
13911,172
13912,176
13913,152
13914,128
13915,151
13916,130
13917,142
13918,112
13919,107
13920,104
13921,83
13922,130
13923,100
13924,81
13925,87
13926,99
13927,71
13928,61
13929,52
13930,59
13931,61
13932,89
13933,56
13934,47
13935,78
13936,32
13937,31
13938,45
13939,47
13940,50
13941,32
13942,44
13943,43
13944,40
13945,26
13946,26
13947,32
13948,26
13949,18
13950,27
13951,45
13952,27
13953,19
13954,24
13955,22
13956,19
13957,16
13958,28
13959,12
13960,20
13961,21
13962,18
13963,7
13964,11
13965,9
13966,22
13967,16
13968,12
13969,10
13970,12
13971,11
13972,25
13973,14
13974,10
13975,4
13976,15
13977,3
13978,4
13979,5
13980,5
13981,14
13982,6
13983,6
13984,12
13985,3
13986,3
13987,6
13988,13
13989,14
13990,7
13991,7
13992,10
13993,3
13994,10
13995,8
13996,9
13997,7
13998,14
13999,6
14000,15
14001,3
14002,5
14003,5
14004,14
14005,18
14006,11
14007,12
14008,8
14009,7
14010,6
14011,7
14012,7
14013,5
14014,7
14015,9
14016,7
14017,4
14018,5
14019,5
14020,8
14021,15
14022,50
14023,6
14024,8
14025,13
14026,4
14027,6
14028,6
14029,8
14030,9
14031,11
14032,7
14033,18
14034,27
14035,11
14036,21
14037,15
14038,11
14039,10
14040,24
14041,14
14042,16
14043,12
14044,13
14045,13
14046,12
14047,7
14048,14
14049,24
14050,24
14051,33
14052,10
14053,14
14054,16
14055,15
14056,13
14057,17
14058,8
14059,8
14060,7
14061,13
14062,11
14063,21
14064,42
14065,22
14066,14
14067,10
14068,9
14069,10
14070,30
14071,14
14072,12
14073,20
14074,12
14075,16
14076,13
14077,20
14078,41
14079,33
14080,25
14081,16
14082,22
14083,17
14084,47
14085,13
14086,12
14087,18
14088,23
14089,23
14090,22
14091,24
14092,11
14093,24
14094,16
14095,20
14096,20
14097,82
14098,37
14099,40
14100,84
14101,29
14102,31
14103,33
14104,29
14105,21
14106,32
14107,37
14108,45
14109,12
14110,12
14111,19
14112,12
14113,18
14114,13
14115,21
14116,35
14117,22
14118,28
14119,17
14120,19
14121,14
14122,17
14123,15
14124,12
14125,8
14126,23
14127,23
14128,22
14129,12
14130,16
14131,16
14132,15
14133,22
14134,12
14135,19
14136,13
14137,23
14138,6
14139,8
14140,12
14141,3
14142,4
14143,4
14144,9
14145,10
14146,8
14147,11
14148,8
14149,6
14150,8
14151,5
14152,6
14153,14
14154,18
14155,3
14156,6
14157,2
14159,3
14160,4
14161,3
14162,3
14163,3
14164,3
14165,3
14166,2
14167,6
14168,1
14169,7
14170,2
14171,10
14172,2
14173,9
14174,1
14177,1
14178,1
14179,1
14180,1
14181,2
14182,3
14183,2
14190,1
14191,2
14192,2
14193,2
14195,1
14196,2
14198,22
14200,17
14201,1
14203,1
14207,8
14208,1
14211,2
14212,1
14214,1
14215,1
14218,1
14221,2
14224,1
14225,2
14228,1
14230,1
14231,1
14234,1
14235,3
14236,1
14237,2
14238,1
14240,6
14241,1
14242,4
14244,43
14245,1
14248,1
14250,15
14251,4
14253,1
14255,3
14263,5
14264,3
14265,2
14269,1
14270,2
14271,65
14272,1
14273,6
14276,1
14280,1
14283,1
14284,1
14285,1
14287,1
14288,6
14290,2
14291,6
14293,2
14295,1
14298,5
14299,2
14300,16
14303,1
14305,1
14307,45
14308,1
14310,1
14312,1
14316,2
14318,2
14320,1
14321,4
14328,1
14330,1
14331,1
14332,2
14337,2
14338,1
14340,32
14342,1
14344,1
14345,1
14346,1
14350,1
14363,1
14365,2
14366,1
14368,1
14369,1
14370,2
14371,11
14372,4
14373,35
14377,1
14382,2
14385,2
14391,1
14392,2
14394,1
14396,5
14397,2
14398,4
14400,145
14401,2
14402,2
14403,3
14405,2
14406,2
14407,10
14408,3
14409,3
14410,1
14411,1
14412,1
14413,1
14415,1
14417,1
14419,1
14420,2
14421,2
14422,2
14424,1
14425,4
14426,1
14427,1
14428,2
14430,2
14432,3
14438,1
14439,1
14440,5
14445,1
14446,1
14450,6
14451,2
14452,1
14455,1
14458,2
14459,1
14461,1
14465,2
14466,1
14469,1
14471,9
14473,7
14475,2
14476,1
14479,1
14480,7
14481,1
14485,1
14487,2
14488,2
14489,1
14492,1
14494,1
14497,1
14499,1
14500,25
14501,1
14502,1
14503,9
14507,3
14508,2
14511,2
14514,1
14518,1
14519,1
14526,1
14527,1
14529,1
14530,1
14531,1
14532,1
14538,1
14540,5
14542,2
14544,1
14547,1
14548,2
14549,1
14550,1
14551,4
14556,1
14557,1
14558,1
14560,1
14566,1
14568,1
14570,2
14571,11
14573,7
14574,1
14575,1
14578,1
14579,1
14580,1
14581,1
14588,2
14589,2
14594,1
14595,2
14598,3
14600,22
14601,3
14602,7
14606,16
14607,2
14608,1
14609,2
14611,1
14612,2
14615,1
14620,1
14621,2
14623,1
14625,1
14630,1
14631,1
14634,2
14635,3
14636,1
14637,2
14638,1
14640,9
14642,1
14644,1
14647,1
14650,4
14651,3
14652,1
14656,1
14659,2
14660,1
14661,2
14663,1
14668,1
14669,1
14670,2
14671,17
14672,1
14673,8
14674,3
14675,1
14677,1
14679,1
14680,1
14682,1
14683,1
14684,1
14686,3
14688,2
14691,1
14692,1
14694,2
14695,1
14696,1
14698,6
14700,20
14702,43
14703,2
14704,1
14706,11
14710,2
14711,1
14712,2
14713,1
14723,1
14726,1
14728,1
14729,1
14735,2
14736,1
14737,2
14738,1
14740,6
14743,1
14744,2
14746,1
14747,1
14749,2
14750,13
14751,1
14752,2
14755,2
14756,3
14758,1
14761,1
14764,1
14766,1
14768,1
14769,1
14770,2
14771,264
14773,7
14774,1
14776,3
14779,1
14780,1
14781,2
14782,1
14785,1
14786,1
14787,1
14788,3
14789,1
14790,2
14791,9
14792,1
14793,1
14796,1
14797,1
14798,2
14799,3
14800,27
14801,2
14802,1
14803,2
14805,1
14806,133
14808,1
14811,2
14812,2
14815,2
14817,2
14820,2
14821,2
14823,1
14825,1
14826,1
14828,1
14829,3
14830,3
14832,1
14833,1
14834,1
14835,1
14837,2
14839,3
14840,60
14844,1
14847,1
14848,1
14849,2
14850,2
14851,10
14853,3
14854,1
14856,2
14857,1
14860,2
14865,1
14866,1
14868,3
14869,1
14870,2
14871,9
14872,2
14873,14
14875,1
14877,1
14878,2
14880,2
14881,1
14884,3
14885,3
14886,1
14888,1
14890,2
14891,2
14893,1
14894,1
14895,3
14897,1
14898,5
14899,3
14900,233
14901,1
14903,3
14904,4
14905,2
14906,9
14908,2
14910,2
14911,2
14913,1
14915,1
14916,1
14918,2
14922,2
14923,4
14925,1
14926,1
14931,2
14932,1
14933,1
14935,1
14940,11
14942,1
14943,2
14944,2
14945,2
14946,1
14949,1
14950,6
14951,6
14953,1
14959,1
14961,2
14962,1
14968,1
14969,1
14970,1
14971,15
14973,5
14975,1
14977,1
14979,1
14982,3
14984,1
14986,1
14987,1
14989,2
14990,1
14991,3
14993,1
14994,3
14995,1
14998,5
15000,15
15001,2
15003,9
15005,1
15006,16
15010,1
15016,1
15018,1
15020,1
15022,1
15023,1
15026,1
15027,2
15028,1
15030,2
15031,4
15033,1
15035,2
15037,1
15038,1
15039,1
15040,15
15041,1
15042,5
15044,43
15046,1
15048,1
15050,5
15051,61
15052,2
15053,1
15056,1
15057,2
15059,1
15060,1
15061,1
15063,1
15064,1
15072,3
15073,2
15074,1
15075,6
15078,3
15080,1
15084,1
15085,1
15086,1
15087,4
15088,2
15089,1
15091,1
15092,1
15093,3
15094,2
15097,2
15098,17
15100,19
15101,5
15102,1
15103,5
15104,1
15106,15
15110,1
15111,1
15112,1
15114,1
15115,1
15117,1
15118,2
15119,1
15120,2
15121,2
15123,1
15124,1
15126,2
15130,1
15132,1
15134,1
15135,7
15136,1
15137,3
15140,8
15144,6
15145,1
15148,1
15150,2
15151,3
15152,1
15156,2
15159,3
15160,2
15161,1
15162,1
15164,1
15168,1
15169,2
15170,1
15171,1
15172,10
15173,8
15174,1
15180,1
15184,2
15186,1
15188,4
15189,1
15191,2
15193,2
15194,2
15195,1
15196,1
15197,4
15198,178
15199,1
15200,11
15202,1
15203,1
15205,1
15206,8
15210,1
15211,5
15218,1
15221,2
15223,1
15225,1
15226,3
15228,2
15229,1
15230,2
15232,1
15233,1
15234,5
15235,2
15236,44
15237,1
15240,2
15241,2
15242,1
15243,1
15244,1
15248,3
15249,6
15250,7
15251,2
15252,2
15253,2
15259,2
15260,2
15261,4
15262,3
15263,5
15266,2
15268,1
15269,2
15272,153
15273,5
15277,3
15278,1
15280,3
15281,1
15287,1
15288,6
15289,2
15291,15
15294,1
15295,1
15296,2
15298,6
15299,1
15300,18
15301,1
15303,6
15304,2
15305,1
15306,157
15307,1
15308,1
15309,1
15310,1
15312,1
15315,1
15317,2
15320,1
15321,4
15322,1
15325,2
15326,1
15328,3
15329,1
15330,2
15331,2
15332,3
15333,3
15334,1
15335,1
15337,1
15338,1
15340,28
15341,2
15343,1
15344,1
15345,2
15348,1
15350,2
15351,1
15352,1
15354,1
15356,4
15357,1
15358,1
15360,4
15361,3
15362,1
15365,1
15372,10
15373,36
15374,2
15376,1
15377,1
15379,1
15380,1
15381,1
15383,2
15384,1
15386,1
15388,1
15391,2
15392,1
15393,1
15394,1
15395,1
15396,1
15397,1
15398,2
15399,1
15400,101
15401,1
15402,3
15403,10
15404,2
15405,3
15406,21
15408,1
15409,1
15410,2
15412,1
15414,5
15417,1
15418,1
15420,2
15421,1
15423,2
15425,7
15429,1
15430,6
15431,3
15432,9
15434,1
15435,1
15437,2
15439,2
15440,8
15441,2
15443,2
15444,1
15445,2
15447,1
15448,1
15449,2
15450,4
15451,2
15452,1
15453,1
15456,3
15460,1
15463,1
15465,1
15467,1
15468,1
15470,1
15472,12
15473,10
15474,2
15475,1
15477,1
15481,1
15482,1
15485,1
15488,1
15491,1
15493,1
15494,3
15497,1
15498,1
15500,17
15502,5
15503,239
15505,1
15506,29
15507,1
15509,1
15511,1
15513,2
15515,1
15516,1
15517,1
15518,2
15520,1
15521,1
15522,1
15523,4
15524,1
15528,1
15529,1
15530,1
15540,9
15542,1
15545,1
15546,1
15548,1
15549,1
15550,4
15551,6
15554,1
15558,1
15561,1
15562,2
15565,1
15567,1
15568,2
15569,1
15572,13
15573,6
15575,2
15576,2
15577,1
15578,1
15581,1
15582,1
15583,10
15584,2
15585,2
15590,1
15591,2
15594,1
15596,1
15600,7
15601,3
15602,2
15603,12
15605,1
15606,25
15607,2
15611,1
15613,1
15614,1
15615,1
15616,1
15617,2
15620,1
15622,1
15625,3
15630,1
15631,1
15633,1
15639,2
15640,5
15641,1
15644,1
15645,1
15647,1
15650,3
15651,1
15655,2
15657,1
15659,1
15660,2
15661,1
15667,1
15672,6
15673,3
15675,1
15677,3
15680,2
15681,1
15683,1
15684,1
15686,2
15689,1
15690,3
15697,1
15698,7
15699,2
15700,40
15701,1
15703,6
15705,1
15706,8
15707,1
15710,3
15712,1
15714,1
15715,1
15716,2
15719,2
15722,1
15724,3
15725,2
15728,1
15732,2
15733,1
15739,1
15740,5
15746,1
15748,4
15750,3
15753,2
15755,1
15759,2
15761,1
15762,1
15767,1
15770,3
15771,1
15772,149
15773,5
15775,1
15776,1
15780,2
15783,1
15784,3
15785,2
15788,16
15789,1
15790,2
15791,2
15792,2
15794,1
15795,1
15796,1
15800,86
15801,1
15802,3
15803,4
15804,3
15805,7
15806,162
15807,1
15809,2
15810,1
15811,1
15816,1
15819,1
15820,1
15821,8
15827,1
15828,4
15833,2
15834,1
15840,107
15844,1
15846,1
15847,1
15849,1
15850,6
15853,2
15855,1
15859,1
15860,2
15861,3
15864,1
15865,1
15869,1
15871,1
15872,6
15873,16
15877,1
15881,1
15882,1
15883,2
15884,1
15885,1
15886,3
15887,1
15888,2
15890,6
15892,1
15894,2
15895,1
15898,4
15899,14
15900,1319
15901,6
15903,2
15905,3
15906,6
15907,4
15909,1
15910,4
15911,1
15912,2
15914,1
15920,2
15921,1
15922,1
15923,2
15925,2
15926,2
15927,1
15929,1
15930,1
15932,1
15940,6
15941,1
15944,2
15945,1
15946,1
15947,4
15948,2
15949,3
15950,43
15951,1
15952,1
15955,1
15956,1
15957,1
15959,1
15964,1
15971,2
15972,12
15973,3
15974,1
15978,2
15979,2
15980,2
15981,2
15984,2
15986,1
15987,2
15988,2
15993,1
15995,1
15997,1
15998,1
15999,3
16000,49
16002,1
16003,5
16005,7
16006,7
16007,1
16008,1
16013,1
16014,1
16016,4
16018,1
16019,1
16021,2
16023,2
16024,1
16028,1
16040,7
16041,2
16046,1
16047,3
16048,1
16049,1
16052,1
16054,1
16055,1
16056,1
16057,1
16060,1
16062,1
16063,1
16064,1
16065,3
16070,2
16072,9
16073,3
16074,2
16080,2
16081,1
16083,1
16085,1
16086,1
16090,1
16091,1
16092,1
16094,1
16095,5
16096,26
16098,2
16100,1
16102,1
16103,1
16105,4
16106,4
16110,1
16111,1
16112,3
16114,1
16116,1
16117,1
16119,1
16121,1
16122,1
16123,1
16124,1
16126,1
16127,1
16128,2
16129,1
16130,1
16132,1
16133,1
16136,1
16137,3
16138,5
16139,1
16140,3
16144,1
16145,1
16146,2
16155,1
16156,1
16158,1
16159,1
16160,1
16162,2
16163,1
16165,1
16166,1
16167,1
16169,1
16170,1
16172,9
16173,16
16176,1
16178,1
16181,1
16183,1
16185,2
16188,1
16189,2
16191,1
16193,1
16195,4
16196,9
16198,12
16200,4
16202,1
16203,2
16206,11
16212,1
16216,1
16220,2
16222,1
16226,1
16227,1
16230,1
16231,1
16232,1
16235,1
16240,11
16247,4
16250,4
16251,1
16255,1
16259,1
16260,1
16261,1
16262,2
16263,2
16266,3
16269,1
16270,1
16272,115
16273,11
16274,1
16277,1
16278,1
16280,1
16283,1
16291,1
16292,8
16296,10
16298,2
16299,1
16300,1
16302,1
16303,1
16306,45
16314,1
16315,1
16316,2
16317,4
16319,1
16321,2
16322,4
16323,3
16324,1
16325,1
16327,2
16328,2
16330,1
16331,1
16332,2
16333,1
16335,1
16338,1
16339,1
16340,107
16341,2
16343,1
16344,1
16348,1
16349,1
16350,1
16351,2
16352,25
16353,3
16356,2
16357,2
16360,2
16361,1
16365,1
16366,1
16369,1
16371,1
16372,34
16373,450
16374,3
16378,3
16382,1
16383,1
16385,1
16386,1
16389,1
16391,1
16393,2
16395,2
16396,67
16398,2
16400,2
16403,2
16405,3
16406,6
16407,1
16411,1
16413,1
16414,1
16415,3
16416,2
16421,2
16423,2
16424,1
16426,1
16428,3
16432,2
16435,2
16437,2
16438,2
16440,6
16441,1
16442,1
16446,2
16448,1
16450,1
16451,4
16452,1
16453,1
16457,1
16459,1
16460,2
16464,1
16465,2
16466,2
16471,1
16472,4
16473,6
16477,1
16481,1
16483,1
16487,2
16490,1
16493,1
16495,1
16496,4
16499,1
16500,3
16503,13
16506,8
16507,1
16508,6
16509,1
16510,1
16511,1
16514,1
16516,2
16517,1
16521,1
16522,1
16523,1
16524,1
16525,1
16528,2
16535,1
16539,1
16540,6
16545,1
16548,3
16550,1
16553,1
16555,1
16557,1
16559,1
16565,1
16567,1
16568,1
16569,1
16570,1
16571,1
16572,18
16573,7
16574,1
16575,1
16580,1
16582,1
16585,2
16587,1
16588,1
16590,2
16594,1
16596,6
16599,1
16600,2
16601,1
16602,1
16603,1
16605,1
16606,17
16607,3
16610,1
16615,2
16616,1
16617,2
16620,1
16624,1
16632,1
16638,1
16639,2
16640,6
16642,1
16643,1
16646,1
16650,1
16653,1
16654,1
16660,3
16662,1
16668,1
16671,1
16672,7
16673,6
16674,2
16683,2
16690,1
16693,1
16694,6
16695,1
16696,8
16698,1
16700,1
16701,1
16706,18
16708,1
16711,1
16715,1
16716,1
16717,1
16718,1
16720,1
16721,1
16722,4
16723,7
16724,1
16727,1
16728,3
16729,2
16730,1
16731,1
16733,2
16738,1
16739,1
16740,6
16743,1
16750,4
16754,1
16758,1
16763,1
16765,1
16766,2
16767,1
16770,1
16771,4
16772,100
16773,2
16774,1
16776,1
16779,1
16780,1
16784,2
16790,2
16795,2
16796,11
16797,2
16798,1
16800,6
16802,1
16803,1
16804,1
16805,1
16806,110
16808,2
16812,1
16815,1
16816,1
16817,1
16818,1
16819,1
16821,1
16823,1
16824,1
16831,1
16832,1
16833,1
16838,1
16840,56
16842,1
16843,2
16844,1
16845,1
16848,1
16850,4
16851,1
16853,1
16855,2
16856,1
16860,1
16861,1
16862,1
16864,1
16865,1
16866,2
16867,1
16870,1
16872,2
16873,20
16874,2
16879,1
16880,1
16886,1
16895,3
16896,138
16897,1
16898,2
16899,2
16900,1
16901,1
16903,2
16905,1
16906,10
16909,2
16914,1
16916,1
16922,1
16927,2
16928,2
16929,2
16931,1
16935,1
16940,4
16948,1
16950,1
16951,2
16960,1
16962,1
16963,1
16964,2
16967,1
16970,1
16971,1
16972,4
16973,6
16974,1
16977,1
16978,4
16979,3
16980,1
16987,2
16991,1
16993,1
16996,6
17000,1
17001,1
17003,4
17005,1
17006,7
17007,2
17009,1
17011,3
17012,2
17021,1
17025,2
17031,3
17036,1
17037,1
17039,2
17040,7
17046,3
17047,2
17048,1
17050,1
17051,1
17053,1
17056,3
17057,1
17061,1
17062,1
17072,1
17073,6
17076,1
17078,3
17080,1
17081,1
17083,1
17096,8
17098,4
17102,1
17103,1
17105,1
17106,5
17108,1
17112,1
17113,1
17118,2
17120,1
17121,1
17122,1
17126,2
17128,1
17133,1
17134,1
17136,1
17140,10
17145,1
17152,1
17158,1
17159,1
17163,1
17169,1
17172,7
17173,10
17174,1
17175,1
17178,1
17180,1
17183,2
17187,1
17196,4
17198,4
17200,1
17203,1
17206,14
17216,1
17222,1
17225,2
17226,1
17228,3
17229,1
17235,1
17237,1
17240,9
17241,1
17244,1
17245,1
17250,56
17251,1
17253,1
17254,2
17255,1
17256,1
17259,2
17262,1
17266,1
17268,2
17272,35
17273,4
17279,1
17282,1
17283,1
17284,1
17286,1
17288,1
17289,2
17291,1
17292,1
17295,1
17296,5
17300,4
17303,1
17306,62
17307,1
17308,1
17310,2
17315,2
17321,3
17322,3
17332,2
17335,3
17340,31
17341,1
17345,1
17348,1
17349,1
17352,1
17355,1
17356,2
17358,2
17361,1
17372,6
17373,44
17374,2
17375,1
17379,1
17382,1
17385,2
17388,2
17391,1
17395,1
17396,30
17398,1
17400,1
17401,2
17406,8
17407,1
17414,3
17416,1
17417,1
17419,1
17423,1
17425,2
17427,1
17432,2
17434,1
17435,1
17440,6
17450,1
17451,1
17456,1
17460,1
17463,1
17465,1
17466,1
17472,1
17473,3
17482,1
17484,1
17485,2
17489,1
17496,5
17501,1
17502,1
17503,10
17506,1
17507,9
17508,2
17513,1
17516,1
17518,1
17519,1
17520,2
17521,1
17522,1
17523,1
17529,1
17533,1
17540,8
17542,1
17545,1
17546,1
17547,1
17549,2
17550,2
17562,1
17563,1
17568,2
17572,16
17573,1
17574,1
17575,1
17578,1
17584,1
17586,1
17587,1
17596,5
17597,2
17600,4
17601,1
17602,4
17605,1
17607,29
17610,1
17613,1
17615,1
17617,1
17619,1
17622,1
17624,2
17630,1
17639,1
17640,9
17641,2
17644,1
17652,1
17655,1
17657,1
17658,1
17660,2
17665,1
17672,24
17673,1
17674,1
17678,1
17679,1
17681,1
17685,1
17686,2
17687,3
17688,1
17691,1
17692,1
17694,1
17695,1
17696,21
17698,11
17700,10
17703,1
17705,2
17707,54
17708,1
17709,1
17711,1
17712,1
17714,1
17715,1
17716,1
17717,1
17722,4
17723,1
17724,1
17728,2
17729,1
17730,1
17733,1
17734,1
17735,1
17739,1
17740,4
17750,5
17751,1
17752,1
17756,1
17757,3
17758,1
17761,1
17762,1
17764,1
17766,2
17767,3
17768,2
17769,1
17770,2
17771,8
17772,668
17773,4
17777,5
17778,1
17780,2
17781,1
17782,2
17783,1
17784,3
17785,1
17786,1
17789,1
17793,1
17796,13
17797,1
17798,1
17800,3
17801,1
17803,1
17805,2
17806,1074
17807,217
17808,3
17810,1
17811,2
17812,1
17817,1
17818,1
17820,1
17821,1
17822,12
17823,6
17824,1
17828,1
17829,3
17830,1
17838,1
17839,1
17840,34
17841,1
17851,1
17856,3
17857,2
17858,1
17860,1
17862,3
17867,1
17868,1
17871,1
17872,23
17873,16
17876,1
17881,1
17883,2
17885,2
17888,3
17889,1
17894,1
17896,50
17897,1
17898,1
17904,1
17905,1
17906,14
17907,3
17909,1
17912,1
17916,2
17921,2
17922,1
17923,1
17924,1
17931,6
17932,2
17936,1
17938,1
17939,1
17940,7
17946,1
17947,2
17949,1
17950,2
17956,1
17957,1
17966,1
17969,1
17971,4
17972,12
17973,6
17987,1
17995,1
17996,3
18000,2
18003,8
18004,1
18005,2
18006,8
18008,1
18009,1
18011,1
18012,3
18013,1
18021,1
18022,1
18028,2
18037,1
18039,1
18040,9
18044,1
18050,3
18051,1
18054,1
18056,1
18062,1
18064,1
18071,1
18072,4
18073,4
18076,3
18078,1
18081,1
18082,1
18083,1
18084,1
18096,1
18101,1
18104,2
18106,5
18108,1
18110,1
18118,1
18121,3
18122,1
18124,1
18129,1
18134,1
18139,1
18140,4
18141,1
18142,1
18145,2
18146,1
18148,1
18150,1
18157,1
18158,1
18160,2
18162,1
18163,1
18166,1
18169,1
18172,3
18173,16
18177,1
18179,2
18188,1
18196,5
18198,8
18199,1
18200,2
18201,1
18203,1
18206,5
18207,1
18209,1
18211,1
18215,1
18216,1
18217,1
18219,1
18220,1
18223,2
18228,1
18230,1
18240,7
18242,1
18245,1
18246,2
18248,2
18249,1
18250,3
18255,1
18261,5
18266,39
18271,1
18272,27
18273,11
18279,2
18280,1
18282,1
18291,1
18292,1
18296,6
18297,2
18300,1
18302,1
18303,1
18306,36
18307,2
18316,1
18320,1
18321,38
18322,4
18323,1
18327,2
18328,1
18330,1
18332,1
18337,1
18340,26
18341,1
18342,3
18352,1
18355,2
18360,2
18367,1
18372,3
18373,23
18375,2
18383,2
18390,1
18392,1
18394,2
18395,1
18396,110
18397,2
18400,3
18403,1
18406,10
18408,1
18411,1
18414,2
18415,2
18418,1
18421,2
18428,1
18431,1
18440,6
18443,2
18444,1
18446,3
18456,1
18457,2
18461,1
18471,1
18472,7
18473,4
18483,1
18486,2
18487,1
18490,1
18493,2
18496,2
18497,1
18498,1
18500,2
18502,1
18503,10
18505,3
18506,7
18511,1
18513,1
18520,1
18521,1
18523,2
18534,1
18536,1
18537,1
18538,1
18540,3
18545,1
18551,1
18556,1
18572,6
18573,6
18583,1
18589,1
18590,1
18594,2
18596,8
18603,1
18606,8
18609,2
18612,2
18620,1
18624,1
18635,1
18639,1
18640,11
18646,2
18648,2
18650,1
18651,1
18658,2
18660,3
18665,2
18672,9
18673,5
18675,1
18683,1
18684,1
18690,1
18694,1
18696,6
18698,1
18700,3
18702,1
18703,1
18705,1
18706,6
18708,2
18718,1
18720,1
18726,1
18731,1
18736,1
18740,33
18741,1
18743,1
18745,1
18748,3
18750,2
18756,1
18766,3
18769,1
18771,3
18772,42
18773,12
18774,1
18783,1
18784,1
18796,9
18797,1
18798,1
18800,6
18804,2
18805,1
18806,62
18807,1
18810,1
18813,1
18816,3
18818,1
18821,2
18822,1
18828,1
18831,1
18832,1
18835,2
18837,3
18838,2
18839,2
18840,665
18841,2
18845,2
18846,1
18848,1
18850,1
18852,1
18855,2
18856,1
18865,3
18866,2
18872,3
18873,54
18876,3
18877,1
18884,1
18890,3
18894,1
18896,78
18899,1
18903,1
18906,6
18908,1
18912,1
18914,1
18915,1
18920,1
18922,1
18928,3
18930,2
18931,1
18932,2
18934,1
18940,15
18942,1
18950,1
18952,1
18960,1
18966,2
18970,1
18972,4
18973,5
18974,1
18976,2
18982,53
18991,2
18996,7
18998,1
19003,8
19006,9
19011,1
19014,1
19016,1
19021,2
19023,1
19027,1
19036,2
19040,8
19046,1
19050,1
19051,1
19053,1
19062,2
19066,1
19071,1
19072,4
19073,5
19078,1
19083,3
19086,2
19092,2
19096,3
19101,2
19102,1
19103,4
19105,1
19106,8
19110,1
19116,2
19140,5
19144,1
19145,1
19147,1
19150,6
19157,1
19160,1
19166,1
19171,1
19173,8
19183,1
19186,1
19193,1
19195,1
19196,4
19198,8
19200,4
19203,1
19206,3
19207,1
19210,1
19219,1
19221,1
19237,1
19239,1
19240,3
19241,1
19242,2
19250,2
19251,1
19253,2
19255,1
19261,1
19262,1
19264,3
19265,1
19266,2
19272,6
19273,9
19275,1
19280,1
19281,1
19282,1
19286,1
19289,1
19291,1
19293,1
19294,1
19296,3
19297,1
19300,1
19303,1
19306,24
19309,1
19310,1
19312,1
19313,2
19315,1
19321,6
19326,1
19340,29
19346,1
19351,1
19352,2
19353,1
19365,1
19371,1
19372,6
19373,70
19374,1
19376,2
19380,3
19381,1
19382,1
19383,1
19388,1
19391,2
19394,1
19395,1
19396,20
19401,1
19402,1
19405,2
19406,2
19409,2
19412,1
19414,1
19420,1
19421,1
19422,2
19424,1
19428,1
19431,1
19438,1
19440,8
19446,1
19449,1
19450,1
19451,1
19454,1
19459,1
19460,2
19481,1
19496,6
19500,2
19503,8
19505,1
19506,4
19508,3
19511,1
19513,1
19517,1
19522,1
19528,1
19535,1
19540,8
19543,1
19545,1
19546,1
19551,1
19562,1
19566,1
19567,1
19570,1
19572,5
19573,4
19576,1
19577,1
19586,2
19589,1
19596,3
19597,1
19602,1
19603,1
19605,2
19606,17
19607,1
19609,1
19624,2
19633,1
19635,1
19637,1
19638,1
19639,1
19640,15
19645,1
19648,1
19655,1
19658,1
19659,1
19661,1
19666,1
19670,1
19671,1
19672,8
19673,2
19678,1
19679,1
19681,1
19686,1
19689,1
19695,1
19696,16
19698,1
19703,2
19704,1
19706,10
19708,1
19717,1
19718,1
19726,1
19727,1
19728,1
19738,1
19740,8
19744,1
19746,1
19750,9
19752,1
19755,1
19758,1
19760,1
19764,2
19770,1
19772,20
19773,6
19776,1
19780,1
19784,6
19785,1
19790,1
19796,10
19797,1
19800,1
19801,2
19805,1
19806,81
19811,1
19813,1
19815,1
19816,1
19820,1
19822,1
19823,2
19830,1
19836,1
19839,1
19840,63
19846,1
19855,1
19856,1
19857,1
19862,1
19866,1
19868,1
19869,2
19872,1
19873,32
19885,2
19886,1
19893,1
19896,49
19897,1
19898,1
19901,1
19902,1
19906,9
19908,2
19918,1
19919,1
19923,1
19924,1
19930,1
19940,8
19946,2
19953,1
19958,2
19959,1
19964,1
19966,1
19968,1
19971,1
19973,7
19974,2
19980,1
19983,1
19985,1
19989,1
19993,1
19996,2
20003,3
20004,1
20006,11
20007,2
20020,1
20024,1
20034,1
20040,5
20042,2
20045,2
20050,1
20053,1
20056,1
20060,1
20063,1
20066,1
20069,1
20071,1
20072,3
20073,9
20075,1
20080,1
20086,1
20088,1
20095,1
20096,3
20098,3
20100,1
20102,1
20106,5
20116,1
20121,1
20122,1
20124,1
20126,1
20128,1
20131,2
20132,1
20138,3
20140,2
20150,2
20152,1
20155,1
20157,1
20158,1
20161,1
20166,2
20168,1
20169,1
20172,3
20173,19
20182,2
20192,1
20196,7
20198,118
20199,1
20200,2
20206,9
20214,1
20221,2
20222,1
20223,1
20225,1
20229,1
20237,1
20240,5
20241,2
20242,4
20243,1
20245,1
20246,1
20250,10
20251,2
20255,1
20259,1
20260,1
20261,9
20266,1
20269,1
20270,1
20271,1
20272,54
20273,21
20280,2
20282,2
20285,1
20290,1
20291,12
20292,1
20296,4
20298,1
20300,2
20302,2
20304,1
20306,101
20307,1
20308,1
20309,1
20314,1
20321,3
20322,1
20328,1
20331,1
20333,1
20337,1
20338,1
20340,21
20342,1
20343,1
20346,3
20348,1
20350,1
20351,3
20352,1
20353,2
20361,1
20362,3
20363,1
20366,1
20368,1
20372,4
20373,82
20376,1
20384,1
20391,1
20396,24
20398,1
20403,2
20405,1
20406,5
20414,2
20415,1
20421,1
20423,2
20427,1
20428,1
20430,1
20432,1
20440,6
20442,1
20448,1
20450,1
20451,1
20456,3
20460,1
20464,1
20466,1
20472,5
20473,7
20491,3
20495,1
20496,8
20502,3
20503,44
20506,6
20507,1
20511,1
20512,1
20519,1
20521,1
20522,2
20527,1
20528,2
20534,1
20537,1
20540,7
20549,7
20550,1
20553,1
20554,5
20561,1
20564,2
20571,1
20572,2
20573,10
20576,1
20581,1
20583,1
20584,1
20587,1
20593,1
20596,4
20600,1
20601,1
20602,1
20603,1
20605,1
20606,6
20607,1
20608,1
20611,2
20619,2
20620,1
20621,1
20629,1
20632,1
20635,1
20640,9
20641,1
20644,1
20646,1
20649,1
20650,2
20663,1
20665,1
20672,4
20673,5
20674,2
20682,1
20692,1
20695,1
20696,15
20698,2
20700,4
20702,1
20703,1
20706,4
20707,1
20708,1
20710,2
20719,1
20721,1
20722,1
20727,1
20732,1
20733,1
20736,1
20740,8
20742,1
20745,2
20747,1
20748,2
20750,1
20751,1
20759,1
20761,1
20766,4
20772,38
20773,14
20775,2
20776,1
20779,1
20784,2
20788,1
20790,1
20791,2
20796,35
20797,1
20800,8
20801,1
20806,55
20807,1
20808,1
20809,1
20810,2
20815,1
20816,1
20817,1
20821,4
20822,2
20823,1
20824,1
20825,1
20826,1
20828,3
20833,4
20835,1
20840,43
20843,1
20846,2
20847,1
20852,1
20861,1
20866,1
20867,1
20872,2
20873,56
20874,1
20876,1
20883,2
20884,1
20886,2
20891,1
20894,2
20895,14
20896,1205
20899,1
20900,1
20901,6
20904,1
20905,1
20906,5
20909,1
20912,1
20916,2
20918,1
20921,1
20925,2
20927,1
20931,2
20940,4
20946,3
20950,1
20953,1
20955,1
20956,2
20961,1
20965,1
20966,1
20969,1
20971,2
20972,3
20973,7
20976,2
20980,1
20986,1
20989,1
20991,1
20996,9
21003,1
21004,1
21005,8
21006,7
21007,1
21008,2
21012,2
21018,2
21023,1
21025,1
21026,1
21031,1
21032,1
21033,1
21034,1
21035,1
21039,1
21040,8
21041,1
21044,1
21048,1
21050,3
21053,3
21066,1
21067,1
21069,1
21070,1
21072,4
21073,11
21076,2
21080,2
21083,1
21090,2
21094,1
21096,8
21097,1
21104,1
21106,16
21107,1
21111,1
21112,1
21118,1
21122,1
21123,1
21128,1
21135,1
21136,1
21139,1
21140,6
21146,1
21148,1
21150,2
21152,1
21165,1
21166,1
21167,1
21169,1
21172,3
21173,49
21174,1
21176,2
21182,1
21183,2
21189,1
21196,2
21197,1
21198,2
21199,1
21203,1
21206,5
21207,1
21216,1
21222,2
21223,5
21225,1
21227,2
21231,1
21235,1
21237,2
21240,1
21241,2
21247,2
21248,2
21249,1
21250,10
21253,2
21258,1
21261,5
21262,1
21263,1
21266,5
21268,6
21269,1
21271,7
21272,7
21273,125
21274,1
21280,1
21283,1
21285,2
21287,1
21290,1
21291,1
21292,1
21293,3
21296,3
21297,1
21298,2
21299,1
21300,1
21302,1
21304,1
21306,19
21313,2
21314,1
21315,1
21316,1
21321,4
21322,2
21323,3
21326,1
21327,1
21331,1
21332,1
21338,1
21339,1
21340,95
21341,2
21343,2
21347,1
21353,1
21356,1
21358,1
21360,1
21361,2
21363,5
21364,1
21367,1
21368,4
21369,1
21370,2
21371,4
21372,44
21373,1996
21374,7
21376,4
21381,1
21383,3
21384,2
21386,1
21388,2
21390,1
21391,1
21393,1
21395,1
21396,21
21398,1
21400,2
21403,1
21406,1
21407,2
21409,1
21422,1
21423,6
21426,1
21427,1
21439,1
21440,10
21446,1
21448,2
21453,2
21458,1
21466,1
21468,1
21472,1
21473,41
21474,2
21475,1
21478,1
21481,1
21483,2
21485,1
21488,1
21495,1
21496,3
21499,1
21500,1
21501,1
21503,6
21506,2
21508,18
21509,1
21517,1
21518,2
21520,1
21523,6
21525,1
21526,1
21529,1
21533,1
21540,10
21544,1
21546,1
21553,2
21559,1
21560,1
21564,1
21572,7
21573,15
21575,1
21579,1
21581,1
21585,1
21592,1
21593,1
21595,1
21596,3
21597,1
21598,1
21600,2
21602,1
21605,1
21606,5
21607,2
21616,1
21617,2
21620,1
21621,1
21623,1
21624,1
21638,1
21640,10
21642,1
21643,1
21645,1
21650,4
21651,1
21660,3
21670,1
21672,3
21673,11
21678,1
21683,1
21684,1
21691,1
21694,2
21696,2
21697,1
21698,4
21699,1
21700,1
21706,9
21708,1
21709,1
21719,1
21721,2
21723,1
21728,1
21740,5
21750,5
21752,2
21760,1
21761,1
21766,2
21767,2
21772,18
21773,4
21779,1
21784,1
21789,1
21792,1
21796,4
21800,1
21801,2
21806,54
21808,1
21817,1
21820,1
21821,3
21824,1
21828,2
21830,2
21838,1
21840,135
21846,1
21850,7
21851,2
21864,1
21866,2
21867,1
21868,1
21870,1
21872,5
21873,42
21874,1
21879,1
21881,1
21883,1
21886,2
21891,1
21896,27
21906,7
21909,1
21911,3
21915,1
21918,1
21925,1
21927,1
21929,1
21933,1
21940,2
21949,1
21950,2
21951,1
21952,1
21965,1
21971,1
21972,1
21973,6
21978,1
21984,1
21989,1
21990,1
21996,6
22006,4
22007,2
22010,2
22011,20
22013,3
22020,1
22021,2
22024,1
22028,1
22031,2
22034,1
22035,3
22039,2
22040,8
22041,1
22043,3
22046,2
22050,6
22051,2
22053,1
22054,1
22056,3
22058,1
22061,1
22063,1
22066,1
22068,2
22071,1
22072,3
22073,16
22080,1
22093,1
22096,6
22100,1
22103,2
22106,7
22111,1
22117,1
22121,3
22123,2
22125,1
22135,1
22138,1
22140,5
22145,1
22148,1
22149,1
22150,8
22154,1
22165,1
22166,3
22167,1
22169,1
22172,2
22173,11
22176,1
22180,1
22188,1
22194,2
22198,4
22200,1
22204,1
22205,4
22206,6
22209,1
22211,1
22214,2
22215,1
22217,1
22222,3
22224,1
22230,1
22232,1
22235,1
22237,1
22239,2
22240,10
22242,1
22246,1
22249,2
22250,222
22252,1
22258,1
22259,10
22260,1
22261,1
22266,1
22270,1
22272,18
22273,3
22281,1
22283,1
22285,2
22288,5
22290,2
22296,1
22298,2
22300,1
22301,1
22302,1
22305,1
22306,33
22309,1
22311,1
22316,1
22317,1
22318,1
22320,1
22321,4
22339,1
22340,29
22341,1
22344,1
22350,6
22353,1
22359,1
22365,1
22367,1
22368,1
22369,1
22370,1
22371,1
22373,84
22378,1
22390,1
22396,20
22400,4
22401,1
22406,4
22410,2
22423,2
22428,1
22431,1
22432,1
22440,8
22442,1
22449,1
22450,1
22451,1
22453,2
22456,1
22458,1
22462,2
22472,1
22473,7
22483,1
22484,1
22489,1
22496,3
22497,1
22500,1
22502,1
22503,3
22504,1
22506,5
22508,2
22510,2
22513,1
22515,1
22516,1
22521,1
22522,1
22539,1
22540,10
22544,1
22550,4
22553,1
22556,2
22562,2
22570,1
22572,7
22573,21
22574,1
22581,1
22586,1
22587,2
22591,1
22595,1
22596,2
22602,4
22606,16
22613,1
22614,1
22615,1
22621,1
22623,1
22626,1
22631,1
22640,22
22641,1
22643,1
22650,1
22651,3
22660,2
22663,1
22664,1
22668,1
22672,38
22673,6
22682,2
22693,1
22694,2
22695,1
22696,1
22698,5
22699,1
22700,3
22706,16
22708,1
22711,1
22720,1
22728,13
22731,1
22732,1
22739,1
22740,9
22741,1
22742,1
22747,1
22750,9
22751,1
22752,1
22753,1
22756,1
22760,2
22761,1
22762,1
22763,1
22764,1
22767,1
22769,1
22770,2
22771,5
22772,855
22773,1
22776,2
22777,2
22782,3
22784,1
22785,1
22788,4
22790,3
22792,1
22793,1
22795,6
22796,3
22797,2
22798,2
22799,1
22806,604
22807,4
22813,1
22814,1
22816,1
22817,1
22821,1
22822,1
22823,3
22827,3
22829,1
22831,2
22833,1
22838,1
22839,1
22840,96
22846,2
22847,2
22850,1
22853,1
22856,2
22861,1
22862,1
22863,1
22872,8
22873,24
22880,1
22886,1
22889,4
22892,1
22893,1
22896,29
22897,1
22899,1
22900,3
22906,10
22907,2
22922,1
22925,2
22926,1
22930,1
22940,7
22941,2
22947,3
22957,1
22959,1
22960,3
22962,1
22969,1
22970,1
22971,1
22972,5
22973,6
22981,1
22983,1
22988,1
22996,7
22999,1
23000,3
23003,5
23006,10
23011,3
23016,1
23017,2
23022,1
23023,2
23029,1
23031,1
23040,8
23041,1
23050,1
23052,1
23060,2
23063,1
23064,1
23067,1
23072,6
23073,5
23082,1
23084,1
23086,1
23088,1
23090,1
23093,1
23096,6
23101,2
23106,3
23111,1
23113,1
23114,1
23116,1
23121,4
23132,2
23135,1
23140,6
23145,1
23149,1
23150,1
23157,1
23165,1
23170,1
23171,1
23172,1
23173,12
23175,1
23182,1
23188,11
23189,1
23191,1
23192,1
23193,1
23195,1
23196,4
23198,1
23199,1
23205,1
23206,3
23213,1
23216,1
23217,1
23221,4
23223,1
23224,1
23228,1
23235,1
23237,1
23240,15
23241,2
23242,1
23250,23
23255,1
23256,1
23259,1
23261,1
23263,1
23266,1
23268,1
23269,1
23271,1
23272,10
23273,15
23274,1
23275,1
23277,50
23278,1
23282,1
23283,1
23284,1
23287,3
23288,99
23292,1
23296,3
23297,1
23298,1
23300,3
23301,1
23303,1
23306,24
23320,1
23321,29
23323,2
23327,1
23330,3
23333,3
23336,1
23337,14
23338,1
23339,1
23340,96
23341,1
23342,1
23345,1
23346,1
23347,1
23348,1
23349,2
23350,2
23351,1
23356,1
23357,1
23361,2
23362,1
23365,1
23372,4
23373,83
23374,2
23379,1
23380,2
23383,2
23385,1
23388,1
23390,1
23392,2
23393,3
23396,26
23398,2
23400,1
23403,1
23405,3
23406,2
23409,1
23411,1
23414,1
23416,1
23419,1
23421,1
23423,1
23424,1
23426,1
23427,1
23430,2
23437,1
23438,1
23440,8
23445,1
23446,1
23450,2
23451,2
23457,1
23459,1
23467,1
23471,1
23472,4
23473,9
23480,1
23484,1
23491,1
23493,1
23503,4
23506,4
23508,2
23509,1
23512,1
23516,1
23522,1
23523,1
23526,1
23528,1
23535,1
23536,1
23540,13
23549,8
23550,1
23554,1
23559,2
23566,1
23573,10
23575,1
23577,1
23586,1
23587,1
23594,1
23595,2
23596,2
23598,1
23601,1
23604,1
23606,5
23608,1
23610,2
23611,1
23612,16
23613,1
23616,1
23617,2
23619,2
23620,5
23622,1
23623,1
23624,1
23626,1
23635,19
23637,1
23638,2
23639,1
23640,62
23641,1
23644,1
23645,5
23650,1
23652,1
23655,1
23656,1
23659,2
23663,1
23668,1
23670,1
23672,1
23673,6
23674,1
23677,1
23680,2
23681,1
23683,1
23685,2
23690,1
23696,2
23698,1
23699,1
23700,2
23703,2
23706,6
23710,1
23711,1
23712,1
23715,1
23728,4
23730,2
23735,1
23738,8
23739,2
23740,129
23741,2
23742,2
23743,1
23745,1
23750,6
23751,1
23756,1
23757,1
23759,2
23768,1
23769,2
23772,13
23773,4
23777,6
23779,1
23790,4
23792,1
23793,1
23796,1
23798,2
23799,2
23800,24
23801,1
23804,1
23806,44
23807,3
23808,1
23815,1
23816,2
23818,1
23820,4
23822,1
23823,1
23826,2
23828,6
23829,3
23830,5
23831,1
23833,4
23834,1
23835,6
23836,1
23837,4
23838,4
23839,21
23840,2698
23841,4
23842,3
23844,3
23845,7
23847,1
23848,3
23849,1
23858,2
23860,1
23863,1
23864,1
23865,2
23866,1
23872,6
23873,72
23880,1
23883,4
23886,1
23888,2
23890,6
23892,3
23895,1
23896,7
23897,1
23898,2
23900,1
23902,1
23906,1
23910,1
23911,1
23912,1
23913,2
23920,1
23921,3
23924,1
23927,1
23928,2
23929,1
23937,1
23940,71
23941,2
23943,1
23947,2
23948,1
23950,2
23960,2
23961,1
23963,2
23965,2
23970,2
23971,1
23972,3
23973,4
23976,1
23977,3
23978,1
23985,1
23990,2
23993,1
23999,2
24000,1
24002,1
24006,6
24011,5
24012,1
24014,1
24017,1
24021,1
24027,1
24034,1
24035,1
24036,1
24039,1
24040,28
24044,1
24049,2
24052,2
24053,1
24059,1
24070,1
24072,1
24073,6
24077,1
24086,1
24090,6
24092,1
24095,1
24096,2
24100,1
24101,1
24106,1
24115,2
24119,2
24122,1
24124,1
24131,1
24140,17
24144,1
24146,1
24148,1
24150,2
24165,1
24172,1
24173,20
24176,1
24180,1
24189,1
24190,2
24191,1
24196,3
24198,2
24200,1
24203,1
24204,2
24206,4
24207,1
24213,1
24218,1
24219,1
24223,1
24228,1
24233,1
24239,1
24240,9
24243,1
24244,1
24247,1
24250,17
24256,2
24258,1
24259,1
24261,1
24272,11
24273,3
24277,13
24280,1
24285,1
24288,1
24291,1
24292,1
24294,1
24296,1
24300,2
24301,1
24302,1
24303,1
24306,13
24313,1
24320,1
24321,1
24322,1
24323,1
24330,1
24335,1
24340,86
24350,1
24352,2
24357,1
24372,2
24373,66
24381,1
24382,1
24383,2
24389,1
24393,1
24395,1
24396,8
24398,1
24399,1
24400,1
24401,1
24406,5
24412,1
24415,1
24417,1
24420,1
24425,1
24438,1
24440,11
24443,1
24448,1
24450,1
24457,2
24458,1
24468,1
24469,2
24473,7
24477,1
24480,1
24483,1
24493,1
24494,1
24496,1
24498,1
24500,2
24503,2
24506,3
24508,1
24511,1
24517,1
24535,1
24538,1
24540,14
24545,1
24547,2
24548,1
24550,1
24562,1
24563,1
24569,1
24571,1
24572,1
24573,6
24577,1
24578,1
24586,1
24588,1
24590,1
24596,1
24602,1
24603,1
24606,8
24607,1
24612,2
24614,1
24616,2
24617,1
24640,12
24643,1
24645,1
24648,1
24650,1
24651,1
24652,1
24664,1
24669,2
24670,1
24672,1
24673,9
24674,1
24677,1
24681,1
24683,1
24684,1
24688,1
24689,1
24698,4
24699,2
24700,2
24706,3
24708,2
24720,1
24728,2
24730,1
24735,1
24739,1
24740,25
24750,6
24752,1
24759,1
24762,1
24764,1
24766,1
24771,1
24772,16
24773,4
24775,1
24777,5
24785,1
24796,2
24800,3
24801,1
24806,30
24808,1
24810,1
24821,1
24822,2
24835,1
24839,1
24840,228
24841,1
24846,1
24850,1
24851,1
24853,1
24858,1
24862,1
24869,1
24872,2
24873,29
24876,1
24877,1
24884,1
24886,1
24892,1
24893,2
24895,2
24896,13
24899,2
24900,2
24901,1
24902,1
24903,1
24904,1
24906,1
24908,1
24909,1
24911,1
24917,1
24926,1
24930,1
24938,1
24940,17
24948,1
24960,1
24971,1
24972,3
24973,4
24990,1
24996,1
24997,1
25001,1
25003,2
25006,5
25011,2
25012,1
25015,1
25026,1
25028,1
25030,1
25034,2
25036,1
25040,18
25047,1
25050,2
25052,1
25057,2
25060,1
25069,1
25072,3
25073,4
25075,1
25076,1
25077,1
25086,1
25096,2
25098,1
25100,1
25106,2
25111,1
25118,1
25122,1
25137,1
25140,3
25150,1
25153,1
25157,1
25161,1
25169,1
25172,1
25173,8
25176,1
25181,1
25194,1
25198,20
25200,1
25205,1
25206,4
25210,1
25218,1
25226,1
25230,1
25237,1
25238,1
25240,5
25250,6
25256,1
25259,1
25261,1
25268,1
25269,2
25270,2
25272,15
25273,7
25274,1
25277,3
25284,1
25286,1
25291,3
25296,3
25300,1
25305,1
25306,67
25309,1
25310,1
25311,2
25316,1
25321,1
25322,1
25324,1
25326,1
25328,1
25329,1
25331,1
25337,4
25338,1
25339,1
25340,60
25341,1
25342,1
25345,2
25361,2
25362,1
25370,2
25371,1
25373,50
25374,2
25375,1
25377,1
25381,1
25386,1
25387,2
25390,1
25396,27
25399,1
25401,2
25403,9
25406,4
25408,1
25411,2
25416,1
25420,1
25424,1
25426,1
25428,1
25432,4
25439,1
25440,7
25442,1
25443,1
25450,2
25453,3
25458,2
25461,1
25469,1
25473,1
25474,1
25477,1
25496,2
25500,4
25501,1
25503,83
25506,12
25511,2
25514,1
25515,1
25516,1
25520,2
25523,1
25527,1
25528,1
25530,1
25531,1
25535,3
25540,8
25547,1
25549,1
25550,1
25552,1
25556,1
25558,1
25571,1
25572,2
25573,3
25574,1
25576,1
25580,1
25583,1
25584,1
25588,1
25596,3
25597,1
25601,1
25605,1
25606,4
25611,1
25614,1
25615,1
25616,2
25619,1
25627,1
25632,1
25635,2
25637,1
25640,7
25644,1
25646,1
25650,2
25651,1
25659,1
25662,1
25673,3
25694,1
25695,1
25696,3
25700,1
25706,3
25710,1
25723,1
25725,2
25728,2
25729,1
25733,1
25737,1
25740,25
25749,1
25750,6
25751,1
25752,1
25753,1
25757,1
25759,1
25761,1
25764,1
25766,1
25769,2
25772,4
25773,2
25774,1
25777,4
25782,1
25784,1
25788,1
25791,1
25795,1
25796,2
25800,10
25802,1
25806,54
25807,1
25811,1
25814,1
25827,2
25828,2
25834,1
25835,1
25837,8
25839,1
25840,280
25841,1
25846,1
25847,1
25850,2
25855,1
25860,3
25861,1
25865,1
25873,16
25883,1
25886,1
25888,1
25890,1
25891,1
25896,211
25897,1
25900,3
25906,3
25911,1
25916,1
25917,1
25924,2
25929,2
25931,2
25934,1
25937,1
25940,15
25941,1
25946,1
25955,1
25957,1
25959,1
25961,1
25965,1
25971,1
25972,2
25973,4
25975,1
25976,1
25979,1
25980,2
25981,2
25986,1
25996,4
25999,1
26000,1
26004,1
26006,8
26007,1
26011,1
26021,1
26028,1
26029,1
26030,1
26039,1
26040,17
26047,1
26060,2
26062,3
26070,1
26071,1
26072,4
26073,6
26075,1
26076,2
26077,1
26096,1
26103,1
26104,1
26105,2
26106,7
26130,1
26135,2
26137,1
26140,4
26143,1
26145,1
26150,1
26151,1
26159,1
26163,1
26173,7
26181,1
26182,1
26184,1
26185,1
26196,1
26197,1
26200,1
26201,3
26206,6
26215,1
26220,1
26224,1
26228,1
26229,1
26239,1
26240,8
26241,1
26246,1
26248,1
26250,9
26257,1
26261,2
26262,1
26264,1
26268,1
26269,1
26270,1
26272,4
26273,12
26276,1
26277,4
26281,1
26283,1
26284,3
26289,1
26290,1
26296,1
26298,1
26300,4
26303,1
26306,23
26309,1
26320,1
26322,1
26323,1
26328,1
26330,1
26331,1
26332,1
26333,2
26336,1
26339,1
26340,158
26341,1
26345,3
26350,2
26356,1
26358,1
26360,1
26361,2
26363,3
26365,1
26372,6
26373,410
26374,6
26375,1
26383,4
26385,1
26387,1
26390,1
26393,1
26395,1
26396,8
26398,1
26400,2
26402,1
26405,1
26406,6
26410,1
26421,2
26430,1
26434,3
26438,1
26440,9
26442,1
26447,1
26450,1
26451,2
26452,1
26455,1
26457,1
26458,3
26459,27
26460,1
26466,1
26468,1
26471,2
26472,1
26474,1
26476,1
26478,1
26479,2
26482,1
26485,23
26497,1
26500,2
26501,1
26503,1
26504,1
26506,4
26508,1
26519,1
26525,1
26528,1
26534,1
26535,1
26536,1
26540,15
26542,1
26549,1
26552,1
26557,1
26577,1
26585,7
26591,1
26596,3
26602,1
26606,25
26614,3
26618,2
26629,2
26630,1
26635,1
26640,13
26645,1
26650,1
26668,1
26672,2
26681,1
26684,1
26685,3
26686,1
26687,1
26690,2
26694,16
26695,1
26696,1
26697,1
26700,1
26701,1
26706,12
26707,1
26711,1
26725,1
26726,1
26728,2
26731,1
26734,1
26736,2
26737,1
26740,5
26746,1
26747,1
26751,1
26754,1
26756,1
26763,1
26772,14
26773,1
26776,1
26777,1
26781,1
26783,1
26784,1
26785,1
26790,1
26791,1
26795,2
26796,2
26800,2
26801,1
26806,63
26808,1
26818,1
26825,1
26830,1
26837,1
26840,162
26842,2
26848,1
26853,1
26856,1
26859,1
26860,2
26866,1
26870,1
26872,2
26882,1
26884,1
26885,16
26895,1
26896,16
26897,1
26899,1
26901,1
26902,1
26905,1
26906,3
26911,1
26927,1
26928,2
26930,2
26935,3
26940,5
26946,1
26950,1
26951,1
26971,1
26972,1
26978,1
26985,1
26990,1
26991,1
26994,1
27000,3
27003,1
27004,2
27006,5
27008,1
27010,1
27011,12
27020,7
27021,2
27024,2
27027,1
27028,6
27031,1
27033,1
27039,1
27040,10
27042,1
27044,1
27055,1
27056,1
27060,1
27061,2
27062,1
27064,1
27073,1
27074,1
27085,3
27090,1
27091,1
27092,1
27096,1
27100,1
27106,2
27111,2
27112,1
27113,1
27121,1
27124,1
27125,1
27138,2
27140,9
27150,4
27153,1
27155,1
27156,1
27170,1
27172,1
27176,1
27177,1
27183,1
27185,1
27186,1
27190,2
27193,1
27195,2
27196,2
27200,2
27205,2
27206,1
27212,2
27223,1
27224,1
27225,1
27230,1
27238,1
27239,1
27240,6
27245,1
27248,1
27249,2
27250,52
27253,1
27254,1
27255,1
27259,5
27260,1
27268,1
27270,1
27272,7
27277,6
27283,9
27285,3
27298,2
27300,2
27301,7
27306,29
27308,1
27314,1
27323,1
27325,1
27330,1
27331,1
27333,1
27335,1
27337,1
27339,1
27340,109
27341,1
27342,1
27343,2
27345,1
27349,1
27350,2
27360,2
27361,1
27364,1
27380,1
27385,23
27386,1
27390,3
27392,1
27395,1
27396,8
27405,1
27406,6
27416,1
27418,1
27420,14
27421,1
27424,1
27425,2
27428,2
27430,1
27431,1
27434,1
27440,28
27458,1
27465,1
27472,2
27477,1
27480,1
27481,1
27482,2
27483,1
27488,2
27490,1
27500,2
27503,1
27506,9
27508,1
27511,1
27528,1
27531,1
27536,1
27540,4
27553,1
27555,1
27556,1
27561,2
27572,5
27575,1
27588,1
27590,1
27596,2
27598,1
27600,4
27602,2
27603,1
27606,14
27608,1
27610,1
27617,2
27620,1
27631,1
27637,1
27640,14
27650,2
27651,1
27656,1
27660,3
27662,1
27664,1
27671,1
27672,4
27675,1
27676,1
27677,1
27678,2
27680,1
27685,1
27690,1
27691,1
27694,2
27695,2
27696,4
27698,1
27700,4
27702,74
27703,2
27704,1
27706,35
27707,55
27712,2
27721,1
27724,1
27728,1
27739,2
27740,10
27744,1
27746,1
27749,90
27750,3
27751,1
27752,3
27754,1
27756,2
27764,1
27772,141
27777,3
27784,2
27785,1
27790,3
27791,7
27796,2
27798,4
27800,2
27802,5
27804,2
27805,2
27806,415
27813,1
27820,1
27821,1
27822,2
27827,3
27830,1
27835,1
27837,2
27839,1
27840,107
27844,1
27848,1
27850,1
27858,1
27860,1
27870,1
27872,3
27885,8
27887,1
27890,2
27895,3
27896,11
27898,1
27900,1
27901,1
27902,4
27908,1
27922,1
27923,1
27924,1
27926,1
27940,5
27950,1
27959,1
27961,1
27962,1
27963,1
27971,1
27972,1
27985,1
27987,1
27989,1
27990,1
27997,1
28002,1
28003,3
28020,1
28021,1
28040,5
28045,1
28051,1
28072,3
28075,1
28080,1
28085,2
28096,1
28098,1
28102,6
28135,1
28163,1
28165,1
28180,2
28182,1
28185,2
28187,1
28190,1
28195,2
28196,1
28197,1
28199,2
28201,1
28202,8
28203,1
28206,1
28208,1
28215,1
28221,1
28227,1
28231,1
28240,5
28250,3
28251,1
28255,1
28259,1
28262,1
28268,1
28272,2
28274,1
28277,31
28282,1
28284,1
28287,2
28292,1
28295,1
28296,1
28297,1
28302,5
28313,1
28314,1
28321,9
28322,2
28327,1
28328,2
28337,26
28340,53
28341,1
28345,1
28350,2
28352,1
28360,2
28361,1
28370,1
28377,3
28385,10
28390,3
28395,1
28396,20
28400,2
28402,3
28403,1
28410,2
28415,1
28418,1
28421,1
28426,1
28427,1
28428,1
28429,1
28440,12
28452,1
28453,1
28465,2
28494,1
28495,1
28496,3
28502,2
28508,1
28518,2
28520,1
28526,1
28534,1
28540,3
28541,1
28553,1
28563,1
28572,1
28585,4
28586,1
28588,1
28590,2
28596,1
28602,4
28603,1
28617,2
28620,3
28630,2
28635,3
28637,1
28638,2
28639,1
28640,17
28643,1
28654,1
28655,1
28664,1
28668,1
28669,1
28672,1
28673,1
28685,2
28690,1
28702,41
28703,1
28706,1
28707,1
28712,1
28720,1
28721,1
28725,2
28728,2
28730,1
28740,28
28749,2
28750,1
28759,1
28761,3
28769,1
28772,18
28773,1
28774,1
28780,1
28784,1
28790,2
28791,1
28793,2
28796,1
28800,14
28801,1
28802,5
28807,2
28813,2
28818,1
28821,1
28822,2
28825,1
28833,1
28834,1
28835,1
28838,1
28839,6
28840,816
28841,3
28843,1
28845,6
28850,4
28851,1
28852,1
28854,1
28865,6
28869,1
28872,2
28873,1
28881,1
28885,26
28887,1
28888,1
28889,1
28890,18
28891,6
28892,1
28896,15
28897,1
28899,1
28900,2
28902,5
28905,3
28910,1
28913,1
28920,1
28926,1
28928,2
28939,2
28940,24
28951,1
28952,1
28953,1
28956,3
28960,1
28966,1
28972,1
28985,2
28988,1
28989,1
28990,1
28991,2
28995,1
28999,1
29002,4
29006,1
29008,2
29020,1
29021,1
29025,1
29030,2
29031,1
29039,3
29040,14
29064,1
29072,1
29098,1
29102,3
29106,1
29121,1
29135,1
29139,3
29140,2
29146,1
29162,3
29178,1
29185,1
29196,2
29198,2
29201,1
29202,13
29210,1
29221,1
29227,1
29228,1
29239,1
29240,1
29245,1
29250,3
29260,1
29272,4
29277,3
29284,1
29285,1
29296,1
29300,1
29302,3
29303,1
29318,1
29321,3
29329,1
29335,1
29339,1
29340,28
29345,1
29350,2
29360,2
29364,1
29365,3
29374,1
29385,28
29386,1
29390,5
29395,1
29396,6
29402,1
29412,1
29415,1
29421,1
29430,1
29440,2
29446,1
29458,1
29459,1
29462,1
29467,1
29472,8
29475,1
29476,1
29485,1
29498,1
29500,3
29502,1
29503,1
29504,1
29506,1
29508,1
29510,1
29511,1
29520,1
29528,2
29530,1
29535,1
29540,5
29546,1
29551,1
29567,1
29572,1
29577,1
29585,1
29596,3
29602,15
29612,1
29620,1
29621,1
29622,1
29626,1
29627,2
29640,4
29644,1
29660,1
29664,1
29672,3
29685,1
29691,1
29696,5
29698,1
29699,1
29700,1
29702,46
29703,2
29704,2
29728,2
29738,1
29740,6
29746,3
29750,7
29755,1
29772,4
29783,1
29784,5
29785,3
29788,1
29791,1
29796,2
29799,1
29800,3
29801,1
29802,2
29811,1
29821,1
29822,1
29824,2
29827,1
29839,3
29840,66
29850,1
29860,1
29867,1
29872,2
29876,1
29885,5
29891,1
29896,14
29902,3
29910,1
29916,1
29918,1
29920,1
29936,2
29940,4
29943,1
29948,1
29965,1
29970,1
29971,2
29972,1
29974,1
29975,1
29985,1
29989,1
29996,2
30002,6
30010,1
30018,1
30021,1
30033,1
30035,1
30036,1
30040,4
30050,1
30055,1
30060,1
30065,1
30070,1
30072,2
30075,1
30080,1
30085,1
30087,1
30089,1
30098,2
30101,1
30102,2
30114,1
30119,1
30121,1
30126,2
30128,2
30140,1
30147,1
30150,1
30151,1
30155,1
30159,1
30171,1
30182,2
30185,2
30190,1
30195,1
30197,1
30198,80
30200,1
30202,49
30203,2
30205,8
30206,3
30208,1
30211,1
30212,1
30214,1
30216,1
30218,1
30221,1
30223,1
30229,3
30230,4
30233,1
30239,1
30240,3
30241,1
30242,2
30243,4
30244,1
30245,2
30246,2
30247,1
30250,4
30253,1
30255,1
30257,1
30259,1
30263,1
30265,1
30272,15
30273,3
30277,1
30283,2
30285,4
30286,1
30289,1
30290,1
30291,8
30293,2
30296,2
30300,1
30302,2
30303,1
30310,1
30313,1
30318,1
30320,2
30321,1
30322,1
30336,1
30340,9
30344,1
30350,1
30355,1
30361,2
30382,1
30384,1
30385,10
30389,1
30396,9
30398,1
30400,1
30401,2
30402,7
30404,2
30409,1
30410,1
30412,1
30414,1
30417,1
30421,1
30425,1
30440,5
30445,2
30448,1
30450,2
30462,1
30463,1
30465,1
30472,1
30478,1
30485,3
30489,1
30490,1
30496,1
30502,10
30503,11
30505,1
30506,1
30508,2
30510,1
30515,2
30521,1
30536,2
30541,1
30543,1
30545,1
30549,1
30560,1
30572,2
30574,1
30585,2
30589,1
30594,1
30602,4
30611,1
30626,1
30640,10
30647,3
30654,1
30665,1
30671,1
30673,1
30688,1
30692,2
30695,1
30696,5
30702,27
30703,1
30706,1
30708,1
30725,2
30726,1
30730,1
30732,1
30735,1
30737,2
30740,5
30743,1
30747,1
30757,1
30761,1
30772,15
30773,1
30777,2
30784,1
30785,2
30788,1
30789,1
30794,1
30795,1
30796,10
30798,2
30800,3
30802,2
30804,1
30817,1
30820,1
30821,3
30829,1
30833,1
30840,28
30846,1
30850,2
30865,1
30885,16
30890,1
30891,2
30893,1
30894,1
30895,3
30896,553
30901,1
30902,4
30906,2
30918,2
30926,1
30931,1
30936,1
30940,4
30943,1
30946,1
30952,1
30960,1
30971,1
30972,1
30975,1
30985,1
30992,1
30996,4
30998,1
31001,1
31002,3
31004,1
31006,1
31008,1
31021,1
31035,1
31042,1
31055,1
31069,1
31072,3
31084,1
31088,2
31096,2
31097,1
31102,4
31105,1
31111,1
31120,3
31121,1
31126,4
31135,1
31138,2
31140,4
31145,1
31150,1
31158,1
31163,1
31167,1
31170,1
31172,1
31185,7
31190,2
31192,1
31196,2
31197,1
31198,1
31202,11
31206,1
31221,1
31227,1
31232,1
31240,4
31243,1
31245,1
31262,1
31272,2
31273,3
31277,1
31285,23
31289,2
31296,2
31297,2
31298,1
31300,1
31302,3
31307,1
31314,1
31321,2
31327,1
31340,68
31341,2
31350,2
31371,1
31372,1
31373,1
31384,3
31385,429
31386,1
31388,2
31390,1
31396,6
31397,2
31402,3
31404,1
31411,1
31414,1
31415,1
31429,2
31435,1
31440,2
31444,1
31455,1
31461,1
31464,1
31472,2
31473,1
31483,1
31485,3
31489,1
31490,1
31496,1
31501,1
31502,9
31507,1
31508,3
31510,1
31511,1
31521,1
31525,1
31540,4
31552,4
31559,1
31561,1
31565,1
31572,5
31574,1
31576,1
31585,2
31590,3
31596,2
31602,6
31613,1
31617,4
31620,3
31637,1
31640,4
31646,2
31650,2
31660,1
31665,1
31672,4
31673,1
31679,1
31694,1
31697,1
31702,28
31703,1
31726,1
31728,1
31740,7
31759,1
31762,1
31772,11
31785,1
31790,1
31795,1
31800,1
31802,1
31804,1
31819,1
31821,1
31828,1
31830,1
31840,36
31845,1
31862,2
31872,1
31885,3
31890,1
31895,3
31896,11
31898,1
31900,2
31901,1
31902,2
31903,1
31911,1
31914,1
31935,2
31940,3
31949,1
31959,1
31965,1
31970,1
31974,1
31975,1
31977,1
31996,2
31998,1
32000,2
32002,3
32003,1
32004,1
32006,2
32011,9
32018,1
32020,2
32021,3
32022,1
32025,1
32026,1
32027,1
32028,3
32031,1
32032,1
32034,3
32038,1
32039,1
32040,3
32046,1
32048,1
32050,1
32052,1
32070,1
32085,1
32096,2
32100,1
32102,3
32106,1
32115,1
32124,1
32132,1
32135,1
32139,2
32140,2
32150,10
32156,1
32175,1
32179,1
32180,1
32185,1
32193,1
32196,1
32198,2
32202,17
32205,3
32209,1
32210,2
32213,1
32214,1
32218,1
32221,1
32226,1
32228,1
32240,3
32248,1
32250,76
32256,1
32259,4
32260,1
32267,1
32270,1
32272,6
32277,1
32285,1
32288,1
32296,3
32302,1
32303,1
32310,1
32311,1
32315,1
32321,2
32322,1
32340,7
32342,8
32345,2
32348,1
32350,3
32353,1
32358,1
32365,1
32383,1
32385,6
32388,1
32390,1
32395,1
32396,5
32397,2
32398,5
32400,5
32402,1
32405,1
32415,1
32420,1
32424,1
32429,1
32435,1
32436,1
32440,2
32441,1
32451,1
32456,1
32460,2
32465,1
32472,1
32473,1
32477,2
32484,1
32485,2
32490,1
32491,1
32495,1
32496,2
32502,11
32503,1
32516,1
32523,1
32526,1
32528,1
32530,1
32531,1
32535,1
32539,1
32540,2
32550,1
32553,1
32560,1
32567,1
32572,3
32577,1
32585,2
32586,1
32587,1
32596,1
32600,2
32602,6
32603,1
32605,1
32606,2
32607,1
32621,1
32622,1
32626,1
32628,1
32637,1
32640,5
32648,1
32650,1
32661,1
32664,1
32665,1
32672,10
32676,1
32677,1
32678,1
32679,1
32684,2
32685,4
32688,2
32694,1
32698,2
32699,1
32700,3
32701,2
32702,296
32703,3
32705,1
32706,1
32708,2
32712,1
32722,3
32724,1
32727,1
32728,6
32730,1
32731,1
32740,2
32744,1
32752,2
32760,2
32764,1
32767,2
32770,1
32771,1
32772,418
32775,1
32776,2
32777,3
32782,4
32787,1
32789,1
32790,1
32793,1
32796,1
32802,5
32803,1
32818,1
32821,3
32822,1
32826,1
32827,1
32829,1
32831,1
32835,1
32840,17
32843,1
32847,1
32850,1
32852,1
32857,1
32860,1
32872,2
32885,10
32890,1
32895,2
32896,10
32899,1
32900,1
32902,9
32903,1
32907,1
32914,1
32921,2
32924,8
32928,1
32930,1
32940,4
32943,1
32951,1
32952,7
32961,2
32968,1
32969,7
32971,3
32972,1
32975,1
32979,3
32993,1
32996,1
32997,1
33000,1
33002,5
33003,2
33011,2
33012,1
33013,1
33017,1
33020,1
33021,1
33024,1
33030,1
33032,1
33033,2
33040,1
33041,1
33052,1
33062,1
33063,1
33072,8
33073,1
33077,1
33079,1
33085,1
33088,3
33096,15
33099,1
33100,1
33103,1
33107,1
33109,1
33114,1
33118,12
33121,5
33130,1
33133,1
33140,2
33147,1
33148,1
33150,1
33170,1
33171,1
33172,2
33183,1
33184,1
33185,2
33194,1
33198,1
33200,1
33202,14
33221,9
33225,1
33229,2
33239,1
33240,3
33241,1
33242,1
33250,1
33257,2
33268,1
33272,1
33274,2
33277,33
33285,2
33288,1
33290,1
33295,1
33296,3
33300,2
33302,4
33307,1
33308,1
33311,1
33315,1
33317,1
33320,1
33321,143
33331,2
33333,1
33335,1
33340,17
33344,1
33351,1
33354,1
33357,1
33358,1
33363,1
33381,1
33385,8
33386,2
33388,1
33393,1
33396,16
33400,1
33402,3
33404,1
33405,1
33410,1
33415,1
33421,3
33435,2
33440,1
33452,1
33459,1
33460,1
33477,1
33482,1
33485,3
33490,1
33496,2
33500,1
33502,5
33504,2
33505,1
33521,1
33522,1
33525,1
33531,1
33534,1
33535,1
33539,1
33540,1
33544,1
33549,1
33560,2
33562,2
33577,1
33585,5
33586,1
33590,1
33602,7
33603,1
33617,1
33620,15
33621,1
33624,6
33626,9
33631,2
33635,4
33638,1
33640,7
33642,1
33645,1
33651,1
33661,1
33680,1
33694,1
33696,1
33700,1
33702,26
33703,1
33710,1
33711,1
33716,1
33719,1
33721,2
33724,2
33728,2
33732,2
33740,47
33741,1
33752,1
33755,1
33757,1
33761,1
33771,1
33772,8
33775,1
33777,1
33785,2
33799,1
33800,6
33802,3
33810,1
33811,1
33821,5
33822,1
33830,1
33835,2
33838,1
33839,6
33840,902
33844,2
33845,1
33850,3
33852,1
33860,1
33862,1
33871,1
33872,2
33875,1
33884,1
33885,13
33890,2
33894,1
33896,9
33897,2
33898,1
33902,2
33909,1
33910,1
33911,1
33915,1
33930,2
33940,7
33950,1
33952,1
33972,1
33985,2
33987,1
33989,1
34001,1
34002,3
34008,1
34013,1
34021,2
34040,2
34041,1
34052,1
34072,1
34088,1
34090,1
34100,1
34102,1
34120,2
34123,1
34126,1
34135,1
34140,1
34168,1
34170,1
34171,1
34172,2
34185,1
34188,1
34196,3
34198,1
34202,10
34216,1
34230,1
34231,2
34240,3
34250,2
34262,1
34271,1
34272,5
34277,2
34280,1
34285,1
34288,1
34296,2
34302,6
34303,1
34317,2
34321,10
34330,1
34332,1
34340,11
34343,1
34368,1
34372,1
34381,1
34385,9
34392,1
34395,1
34396,4
34401,1
34402,3
34405,3
34406,1
34420,1
34421,1
34425,1
34440,2
34447,1
34455,1
34459,1
34490,1
34492,1
34496,1
34502,10
34503,1
34510,1
34530,1
34538,1
34540,1
34541,1
34546,1
34552,1
34577,1
34585,2
34588,1
34590,1
34602,15
34608,1
34626,1
34627,1
34635,1
34636,1
34640,3
34652,1
34657,1
34658,1
34659,1
34675,1
34682,1
34685,3
34696,2
34700,2
34702,20
34705,1
34720,1
34721,1
34723,2
34729,1
34731,1
34732,1
34740,2
34742,1
34750,1
34755,2
34757,1
34762,1
34763,1
34772,6
34782,1
34784,1
34786,3
34794,1
34796,1
34798,1
34802,6
34810,1
34816,1
34821,2
34827,1
34834,1
34840,17
34855,1
34872,2
34873,1
34877,1
34893,1
34896,6
34902,4
34905,1
34918,1
34940,4
34949,1
34950,2
34972,17
34985,2
34994,5
34995,1
34997,1
35002,4
35004,1
35007,1
35011,1
35040,3
35042,1
35054,1
35060,3
35062,1
35073,1
35077,1
35098,1
35102,10
35120,1
35121,1
35136,1
35138,1
35170,1
35172,2
35182,1
35183,1
35190,1
35194,1
35196,3
35198,17
35199,1
35200,3
35202,43
35205,5
35208,1
35215,1
35216,1
35221,2
35224,1
35230,1
35237,1
35240,3
35241,1
35243,1
35246,5
35247,1
35249,1
35255,2
35256,1
35261,1
35263,1
35266,1
35272,9
35277,1
35279,1
35281,1
35282,5
35283,1
35285,1
35286,1
35287,3
35288,1
35290,1
35291,4
35296,3
35299,1
35300,3
35302,6
35305,1
35306,2
35315,1
35316,1
35321,1
35327,1
35329,1
35336,1
35340,13
35345,3
35355,2
35357,1
35360,1
35361,1
35362,1
35372,1
35377,1
35379,1
35385,3
35386,1
35390,1
35392,1
35396,5
35402,2
35403,1
35404,1
35405,4
35410,1
35421,1
35430,1
35432,3
35440,1
35446,1
35447,1
35454,1
35460,1
35461,1
35462,1
35469,1
35471,1
35479,4
35491,1
35496,3
35498,1
35500,1
35502,4
35503,54
35509,1
35514,1
35540,2
35548,2
35549,2
35550,1
35554,3
35556,2
35557,2
35558,3
35559,2
35560,5
35561,1
35562,1
35563,3
35566,1
35568,8
35569,2
35571,1
35572,4
35575,2
35577,1
35580,3
35584,2
35585,2
35586,1
35587,2
35591,2
35593,1
35596,1
35601,1
35602,5
35604,1
35618,1
35628,1
35639,1
35640,1
35650,1
35670,1
35672,1
35680,1
35682,2
35685,1
35693,1
35696,4
35699,1
35700,18
35702,55
35703,20
35705,1
35715,1
35716,1
35726,1
35740,1
35745,1
35752,1
35753,1
35754,1
35757,6
35760,1
35765,2
35772,2
35773,1
35783,1
35790,1
35792,1
35795,1
35796,3
35802,2
35813,1
35820,1
35821,5
35825,2
35828,1
35832,1
35838,1
35839,1
35840,17
35871,2
35885,1
35890,2
35895,3
35896,150
35897,1
35898,1
35902,5
35903,1
35906,2
35935,1
35936,1
35940,2
35941,2
35946,4
35948,1
35952,1
35960,1
35962,2
35967,1
35970,1
35980,1
35984,1
35996,2
36002,2
36022,1
36040,4
36046,1
36065,1
36066,1
36072,1
36075,1
36082,1
36085,2
36096,1
36102,3
36105,1
36118,1
36121,1
36123,1
36126,1
36137,1
36140,2
36143,1
36146,1
36185,1
36186,1
36191,1
36200,1
36202,25
36224,1
36227,1
36237,1
36240,1
36248,1
36257,1
36261,2
36272,2
36277,1
36285,2
36297,1
36301,1
36302,7
36305,1
36321,3
36328,1
36335,1
36336,1
36340,15
36360,1
36374,1
36383,1
36385,71
36390,2
36396,8
36402,7
36403,1
36425,1
36435,1
36440,1
36441,1
36444,2
36467,1
36472,1
36475,2
36481,1
36485,1
36496,2
36497,1
36500,1
36502,16
36503,1
36508,1
36530,1
36572,1
36585,1
36590,6
36592,1
36600,1
36602,15
36611,1
36614,1
36635,1
36640,2
36644,1
36657,1
36662,1
36671,1
36676,1
36677,3
36682,1
36698,1
36702,69
36705,1
36723,1
36740,1
36759,1
36761,1
36772,3
36796,1
36800,1
36802,9
36821,1
36830,1
36840,4
36856,2
36857,1
36861,1
36873,1
36877,2
36878,3
36879,1
36880,1
36884,1
36885,3
36886,2
36890,2
36891,1
36892,1
36894,1
36895,1
36896,5
36897,2
36898,1
36899,1
36900,1
36902,8
36904,1
36905,1
36906,1
36907,3
36908,1
36911,2
36912,2
36914,3
36920,1
36922,1
36930,1
36935,3
36937,1
36946,1
36948,1
36958,1
36961,1
36962,1
36963,2
36964,1
36965,1
36972,1
36973,1
36985,1
36996,1
37002,4
37011,1
37014,1
37040,2
37062,1
37072,4
37077,1
37080,1
37085,3
37096,2
37102,6
37107,1
37108,1
37140,1
37143,1
37151,1
37158,1
37165,1
37166,1
37176,1
37192,2
37198,1
37200,1
37202,31
37203,1
37205,1
37212,1
37213,2
37221,1
37224,1
37230,1
37240,1
37250,12
37252,1
37266,1
37285,1
37287,1
37296,1
37302,5
37321,5
37334,1
37340,3
37346,1
37347,1
37348,1
37351,1
37352,1
37355,1
37370,3
37377,1
37385,3
37386,1
37396,3
37398,2
37402,9
37415,1
37418,1
37429,1
37439,1
37440,1
37452,2
37457,1
37474,1
37479,3
37485,1
37491,1
37493,1
37496,1
37501,1
37502,33
37503,1
37511,1
37521,1
37523,1
37529,1
37540,1
37547,1
37550,1
37551,1
37552,2
37562,2
37566,2
37570,1
37572,1
37587,1
37591,1
37592,17
37595,1
37600,7
37601,1
37602,101
37603,3
37612,2
37613,1
37627,1
37640,1
37647,1
37649,1
37651,1
37652,5
37671,2
37672,3
37676,1
37680,1
37682,11
37685,1
37689,1
37692,1
37696,11
37697,5
37698,1
37699,1
37700,13
37701,20
37702,1534
37703,5
37704,1
37705,2
37707,2
37712,8
37715,2
37717,2
37722,2
37725,2
37727,1
37732,1
37734,2
37740,2
37750,2
37752,2
37761,2
37764,1
37766,1
37771,4
37772,108
37774,1
37781,1
37782,2
37788,1
37790,1
37793,1
37795,1
37796,1
37802,37
37803,3
37804,1
37813,2
37814,2
37821,1
37822,2
37823,1
37828,1
37832,1
37833,1
37840,15
37841,1
37843,1
37847,1
37852,2
37872,1
37881,1
37885,2
37892,1
37896,4
37901,1
37902,8
37903,1
37904,1
37906,1
37911,1
37926,2
37935,2
37949,1
37954,1
37960,1
37970,1
37972,2
37985,1
37996,1
37997,1
38002,6
38003,1
38007,1
38023,1
38039,1
38040,1
38044,1
38046,1
38048,1
38055,1
38056,1
38072,1
38085,1
38088,1
38090,1
38096,1
38102,5
38120,1
38135,1
38138,2
38140,1
38143,1
38146,1
38161,1
38175,1
38177,1
38193,1
38202,33
38212,1
38227,1
38231,1
38240,1
38272,4
38277,6
38281,1
38296,3
38297,1
38300,1
38302,4
38308,1
38318,1
38321,32
38333,1
38340,5
38345,1
38346,1
38351,1
38370,1
38371,1
38380,1
38385,6
38396,7
38402,5
38409,1
38421,4
38433,1
38439,1
38452,1
38453,1
38477,1
38502,6
38519,1
38522,4
38538,1
38540,2
38550,1
38553,2
38590,1
38599,1
38602,7
38611,1
38635,1
38640,3
38652,1
38671,1
38672,2
38680,1
38685,2
38693,1
38696,1
38701,1
38702,86
38707,1
38726,1
38740,1
38772,4
38777,1
38780,1
38785,3
38790,1
38791,1
38796,1
38800,1
38802,7
38808,1
38812,1
38813,1
38822,2
38827,1
38832,1
38835,1
38840,137
38845,1
38850,1
38872,1
38873,1
38876,1
38885,5
38890,2
38896,4
38899,1
38900,3
38902,14
38910,1
38925,1
38930,1
38940,3
38943,1
38950,1
38967,1
38972,1
38985,1
38988,1
38989,1
38996,2
39002,5
39011,1
39014,1
39029,1
39031,1
39057,1
39068,2
39069,1
39085,1
39092,1
39096,1
39097,1
39102,1
39111,1
39119,1
39132,2
39140,2
39164,2
39182,1
39198,1
39199,1
39202,27
39221,1
39245,1
39248,1
39252,1
39272,1
39285,1
39291,1
39302,4
39308,1
39312,1
39340,8
39360,1
39385,4
39386,1
39390,1
39396,3
39402,5
39404,1
39411,1
39439,1
39479,1
39481,1
39496,1
39502,12
39562,1
39572,2
39602,11
39621,2
39640,1
39644,1
39650,1
39651,1
39662,2
39672,1
39675,1
39685,1
39687,1
39690,1
39691,1
39692,1
39696,4
39698,1
39700,1
39702,80
39703,1
39712,1
39722,2
39728,1
39734,1
39744,1
39750,1
39772,3
39784,4
39792,2
39796,2
39802,7
39819,1
39829,2
39840,13
39847,1
39861,1
39862,11
39875,1
39885,2
39890,1
39896,6
39897,2
39900,1
39902,4
39903,1
39920,1
39923,1
39924,1
39940,1
39946,1
39948,1
39971,1
39974,1
39996,2
40002,3
40003,1
40014,1
40025,1
40042,1
40045,1
40053,1
40068,1
40097,1
40098,1
40102,4
40126,1
40140,1
40150,1
40168,1
40172,1
40185,3
40187,1
40191,1
40198,29
40202,73
40227,1
40229,1
40232,1
40245,1
40246,1
40250,1
40264,3
40269,1
40272,8
40273,2
40291,4
40298,1
40302,5
40313,1
40321,1
40322,1
40325,1
40340,4
40346,1
40364,2
40385,3
40396,3
40401,1
40402,3
40428,1
40429,1
40440,1
40479,1
40486,1
40492,1
40500,1
40502,12
40503,11
40540,2
40547,1
40552,1
40553,1
40554,1
40560,1
40572,1
40590,1
40602,2
40620,1
40621,1
40640,1
40647,1
40663,1
40672,1
40702,79
40705,1
40712,1
40728,1
40730,1
40740,5
40755,1
40756,1
40769,1
40772,2
40777,1
40796,4
40798,1
40802,6
40814,1
40821,3
40822,1
40832,1
40839,1
40840,15
40872,2
40876,1
40885,1
40886,1
40895,1
40896,184
40897,1
40902,8
40910,1
40921,1
40934,5
40964,1
40996,4
41002,6
41007,1
41010,1
41012,2
41016,1
41027,1
41028,1
41035,1
41040,1
41050,1
41051,1
41061,1
41102,4
41106,2
41137,1
41140,1
41159,1
41164,1
41172,1
41192,1
41202,32
41213,1
41214,1
41221,1
41222,1
41240,1
41250,3
41267,1
41272,3
41273,1
41277,3
41295,1
41296,1
41302,5
41321,2
41329,1
41335,1
41340,13
41348,1
41357,1
41364,1
41372,3
41373,1
41382,1
41384,1
41385,158
41386,46
41387,2
41389,2
41398,1
41402,4
41424,1
41428,1
41429,1
41433,1
41436,1
41440,1
41446,1
41450,1
41452,1
41455,1
41472,1
41474,1
41482,1
41486,1
41502,8
41508,1
41510,1
41563,1
41567,1
41572,2
41574,1
41594,2
41596,1
41598,1
41602,9
41604,1
41652,1
41655,1
41660,1
41671,1
41672,1
41686,1
41696,1
41697,1
41699,1
41701,1
41702,58
41703,1
41705,1
41714,1
41715,1
41738,7
41772,5
41773,1
41781,1
41784,1
41786,1
41802,2
41803,1
41822,1
41827,1
41840,15
41857,1
41872,2
41875,1
41896,7
41900,1
41902,6
41927,1
41942,1
41986,1
41989,1
42002,5
42011,3
42023,1
42035,1
42042,1
42052,1
42069,2
42072,1
42102,5
42119,1
42122,1
42136,1
42140,1
42150,2
42155,1
42163,2
42173,1
42181,1
42197,1
42202,22
42243,1
42247,1
42250,55
42254,1
42272,3
42276,1
42277,1
42340,2
42345,1
42365,1
42369,1
42386,2
42391,2
42398,1
42401,1
42402,5
42479,1
42502,2
42503,1
42522,1
42526,1
42530,1
42540,2
42552,1
42553,3
42570,1
42577,1
42590,1
42591,1
42602,26
42603,2
42605,1
42606,1
42621,1
42627,1
42640,8
42652,1
42657,1
42661,2
42672,1
42686,1
42687,1
42690,1
42692,2
42701,3
42702,405
42703,7
42705,1
42707,1
42712,4
42713,1
42718,1
42722,1
42725,2
42726,1
42727,4
42728,3
42734,1
42735,1
42740,4
42751,2
42752,17
42753,4
42762,1
42769,1
42770,1
42771,1
42772,180
42775,1
42777,2
42786,1
42790,1
42796,2
42802,18
42807,1
42822,1
42825,1
42827,1
42836,1
42840,15
42845,1
42857,1
42872,4
42874,1
42880,1
42885,1
42886,1
42896,3
42902,7
42914,2
42922,1
42931,2
42940,1
42952,1
42971,1
42977,1
42987,1
43000,1
43002,4
43003,3
43004,1
43025,1
43033,1
43037,1
43053,2
43072,5
43088,4
43100,1
43102,1
43117,1
43121,1
43135,1
43151,1
43160,1
43168,1
43172,1
43196,1
43202,13
43221,1
43222,1
43227,3
43240,5
43242,2
43247,1
43250,2
43252,3
43272,1
43277,29
43287,1
43292,1
43296,1
43302,1
43305,1
43321,25
43333,1
43340,4
43341,1
43378,1
43380,1
43386,7
43387,1
43396,3
43402,2
43403,1
43465,1
43472,1
43477,1
43480,1
43502,5
43503,1
43508,1
43510,1
43521,1
43531,1
43547,2
43549,1
43572,1
43576,1
43582,1
43586,7
43588,1
43589,1
43598,1
43602,3
43608,4
43631,1
43635,2
43638,1
43640,2
43645,1
43681,2
43684,1
43698,1
43700,1
43702,29
43703,1
43728,1
43732,1
43740,9
43745,1
43752,1
43769,1
43770,1
43772,3
43782,1
43786,2
43787,1
43800,2
43802,2
43823,1
43832,1
43837,1
43838,1
43839,3
43840,446
43842,1
43845,1
43848,1
43850,2
43862,2
43871,1
43872,1
43886,4
43890,2
43892,1
43894,1
43896,2
43902,1
43910,1
43921,1
43925,1
43940,2
43976,1
43996,1
44002,1
44040,2
44083,1
44086,1
44106,1
44117,1
44140,1
44196,1
44198,2
44202,12
44229,1
44250,2
44275,1
44301,1
44302,2
44340,4
44386,3
44396,2
44399,1
44411,1
44421,1
44423,1
44436,1
44443,1
44450,2
44452,1
44502,4
44516,1
44520,1
44540,1
44568,1
44590,2
44596,1
44612,1
44617,1
44619,1
44640,1
44650,1
44652,1
44686,1
44690,1
44696,1
44700,1
44702,13
44706,1
44727,1
44747,1
44750,1
44761,1
44772,3
44786,1
44802,1
44840,15
44872,1
44896,5
44902,4
44903,1
44909,1
44924,1
44936,1
44939,1
44940,2
44962,1
44986,1
44988,1
44998,1
45002,1
45022,1
45040,1
45049,1
45087,1
45102,1
45136,1
45140,1
45155,1
45172,1
45198,3
45200,1
45202,29
45227,2
45240,2
45250,1
45252,1
45271,2
45272,3
45286,1
45298,2
45302,2
45305,1
45321,1
45339,1
45340,3
45372,1
45385,1
45386,3
45387,1
45396,3
45402,1
45421,1
45432,2
45438,1
45440,1
45448,1
45452,1
45463,2
45479,1
45483,1
45500,1
45502,4
45503,30
45515,1
45528,1
45533,1
45596,1
45602,1
45624,1
45659,1
45673,1
45691,1
45702,18
45703,1
45720,1
45736,1
45740,1
45772,1
45776,1
45786,1
45796,1
45802,1
45827,1
45830,1
45840,5
45860,1
45872,1
45884,1
45886,1
45891,1
45896,32
45902,1
45923,1
45936,1
45941,1
45996,1
46033,1
46040,11
46062,4
46084,1
46128,1
46173,1
46198,1
46202,9
46240,3
46250,1
46257,1
46272,2
46277,1
46280,1
46282,1
46286,3
46296,1
46300,1
46302,2
46330,1
46337,1
46340,13
46349,1
46366,1
46385,1
46386,49
46396,1
46401,1
46425,1
46436,1
46438,1
46440,1
46451,1
46452,1
46464,1
46486,1
46502,3
46523,3
46529,1
46546,1
46550,2
46562,1
46576,1
46586,1
46589,1
46590,3
46610,1
46612,1
46640,1
46655,1
46677,1
46686,1
46690,1
46696,1
46702,13
46712,1
46740,1
46742,1
46772,2
46785,1
46802,2
46815,1
46821,2
46832,1
46840,3
46883,1
46886,2
46893,1
46896,3
46902,1
46940,1
46950,1
46965,1
46972,2
46998,1
47002,1
47011,1
47023,1
47038,1
47047,1
47052,1
47055,1
47059,1
47071,1
47077,1
47090,1
47102,3
47106,1
47112,1
47140,3
47143,1
47152,1
47166,1
47173,2
47202,11
47216,1
47246,1
47250,11
47252,1
47260,1
47272,2
47286,2
47302,1
47339,2
47340,2
47368,1
47372,1
47386,1
47387,1
47396,2
47402,3
47430,1
47436,1
47450,1
47461,1
47465,1
47472,2
47502,5
47503,1
47532,1
47540,3
47562,1
47572,2
47590,2
47594,1
47600,2
47602,26
47617,1
47640,1
47700,1
47701,3
47702,434
47703,2
47705,1
47714,1
47736,1
47740,1
47746,2
47752,4
47772,32
47800,1
47801,1
47802,4
47822,1
47824,1
47840,3
47841,1
47852,1
47858,1
47869,3
47872,1
47882,1
47886,1
47887,1
47891,1
47895,1
47896,1
47982,1
47986,1
48002,1
48072,2
48086,1
48114,1
48140,2
48148,1
48172,1
48180,1
48202,5
48206,1
48221,2
48229,1
48240,1
48252,1
48277,2
48317,1
48321,4
48324,1
48340,3
48342,1
48379,1
48386,1
48396,5
48402,1
48412,1
48451,2
48471,1
48479,1
48487,1
48496,1
48502,1
48521,2
48531,1
48540,1
48563,1
48577,1
48586,1
48590,1
48598,1
48602,1
48640,1
48645,1
48671,1
48696,3
48702,8
48703,1
48717,1
48721,1
48739,2
48740,3
48752,1
48772,4
48800,1
48802,1
48813,1
48829,1
48832,1
48839,5
48840,120
48845,1
48849,1
48850,3
48852,1
48890,2
48896,5
48902,3
48912,1
48940,1
48973,2
48982,1
49002,2
49040,3
49096,1
49172,1
49202,10
49204,1
49334,1
49340,7
49372,1
49386,1
49387,1
49396,1
49404,1
49413,1
49447,1
49467,1
49486,1
49488,1
49496,2
49502,2
49506,1
49527,1
49540,1
49553,1
49561,1
49563,1
49621,2
49675,1
49686,2
49696,2
49702,5
49703,1
49704,1
49727,3
49740,2
49750,1
49784,1
49795,1
49796,1
49802,2
49815,1
49827,1
49840,5
49845,1
49854,1
49872,1
49886,1
49890,2
49896,1
49901,1
49902,4
49903,1
49905,1
49907,1
49940,2
49966,1
49967,1
49996,2
50040,2
50051,1
50069,1
50086,1
50090,1
50092,1
50102,2
50106,1
50136,1
50148,1
50160,1
50177,1
50197,1
50198,5
50202,11
50216,1
50235,1
50241,1
50272,4
50274,1
50277,1
50280,1
50283,1
50286,3
50302,2
50340,1
50346,1
50351,1
50352,6
50386,1
50387,1
50396,1
50397,1
50409,1
50440,1
50486,2
50502,1
50503,3
50505,1
50511,1
50530,1
50572,2
50602,2
50640,2
50645,1
50702,7
50740,2
50758,1
50772,3
50796,3
50803,1
50809,1
50827,1
50828,1
50833,1
50840,4
50886,1
50894,1
50895,1
50896,61
50901,2
50902,2
50911,1
50921,1
50944,1
50952,1
50972,1
50999,1
51002,3
51011,1
51040,1
51053,1
51097,1
51102,1
51137,1
51161,1
51172,1
51183,1
51187,1
51202,2
51216,1
51225,1
51286,6
51302,3
51314,1
51328,1
51332,3
51340,9
51350,1
51355,1
51385,1
51386,50
51387,1
51389,1
51402,2
51417,1
51421,1
51424,1
51437,1
51485,1
51486,2
51496,1
51502,1
51508,2
51572,3
51602,1
51606,1
51639,1
51640,1
51672,1
51686,1
51702,4
51703,1
51713,1
51772,1
51818,1
51821,1
51840,3
51872,1
51902,2
51920,1
51972,1
51987,1
52003,1
52010,1
52011,2
52013,1
52086,2
52102,2
52140,1
52148,1
52150,1
52161,1
52202,2
52240,1
52243,1
52250,29
52277,1
52296,1
52302,1
52340,4
52355,1
52374,1
52386,5
52402,1
52425,1
52440,3
52502,1
52511,1
52520,1
52572,1
52600,1
52602,1
52610,1
52631,1
52640,1
52661,1
52672,2
52681,1
52702,59
52722,1
52728,4
52740,3
52752,1
52761,1
52767,1
52771,2
52772,55
52773,1
52777,2
52792,1
52800,1
52806,9
52821,2
52833,1
52840,5
52841,1
52872,1
52902,1
52914,1
52940,3
52969,1
52976,1
52988,1
53002,1
53010,1
53040,2
53072,2
53088,1
53096,1
53102,2
53115,1
53121,1
53140,1
53192,1
53193,2
53196,1
53202,2
53221,1
53252,1
53271,1
53276,1
53277,4
53302,2
53321,34
53331,1
53340,3
53387,1
53402,2
53422,1
53473,1
53483,1
53492,1
53502,1
53521,1
53540,1
53597,1
53609,1
53635,1
53668,1
53702,3
53703,1
53740,4
53772,1
53784,1
53786,1
53800,1
53802,1
53830,1
53832,1
53837,2
53840,185
53841,2
53842,1
53845,1
53853,1
53861,1
53903,1
53934,1
53936,1
53939,1
53940,6
53990,1
54002,1
54050,1
54096,1
54098,1
54131,1
54137,1
54140,2
54142,1
54176,1
54202,1
54206,1
54218,1
54225,1
54240,1
54250,2
54286,2
54382,1
54386,1
54452,1
54486,1
54491,1
54540,1
54545,1
54577,1
54615,1
54686,1
54702,1
54767,1
54821,1
54825,1
54840,9
54886,1
54930,1
54996,1
55002,1
55075,1
55095,1
55144,1
55176,1
55188,2
55202,6
55213,1
55230,1
55250,1
55272,1
55277,1
55284,1
55302,1
55322,1
55386,1
55387,1
55399,1
55436,1
55440,1
55453,1
55502,1
55503,3
55568,2
55615,1
55695,1
55696,2
55703,1
55740,1
55796,2
55840,4
55860,1
55886,1
55896,14
55940,1
55953,1
55972,2
55981,1
55998,1
56018,1
56052,1
56082,1
56086,1
56116,1
56202,2
56227,1
56228,1
56240,1
56245,1
56286,1
56340,2
56370,1
56386,10
56396,2
56398,1
56440,1
56456,3
56501,1
56502,2
56520,1
56590,2
56701,1
56702,4
56820,1
56840,3
56861,1
56872,1
56896,3
56940,1
57034,1
57096,1
57146,1
57202,4
57250,5
57327,1
57386,2
57387,1
57502,1
57508,1
57572,1
57614,1
57630,1
57652,1
57686,1
57696,1
57700,1
57701,1
57702,206
57703,1
57705,2
57706,1
57707,1
57752,1
57761,1
57766,1
57772,14
57789,1
57802,2
57840,3
57853,1
57896,1
57898,1
57902,1
57922,1
57953,1
58002,1
58040,2
58072,2
58086,1
58087,1
58088,1
58096,1
58102,1
58144,1
58186,1
58202,4
58270,1
58277,1
58284,1
58302,1
58321,3
58332,3
58386,1
58396,1
58407,2
58452,1
58479,2
58496,1
58526,1
58540,1
58640,2
58695,1
58696,2
58702,1
58707,1
58716,1
58740,1
58772,1
58840,28
58872,3
58886,1
58896,4
58902,1
59040,1
59042,2
59096,3
59100,1
59102,1
59123,1
59159,1
59186,1
59201,1
59202,1
59240,1
59247,2
59274,1
59291,1
59340,1
59365,1
59386,3
59387,1
59397,1
59402,1
59405,1
59486,1
59599,1
59646,1
59686,1
59698,1
59702,5
59703,1
59727,1
59772,1
59784,1
59796,1
59800,1
59802,2
59805,1
59840,5
59859,1
59863,1
59886,1
59896,3
59902,6
59924,3
59996,2
60000,1
60001,1
60002,2
60015,1
60032,1
60080,1
60091,1
60096,1
60098,1
60102,1
60134,1
60157,1
60191,1
60198,21
60202,5
60223,1
60240,1
60263,1
60272,1
60274,1
60291,2
60298,1
60301,1
60303,1
60386,1
60396,2
60402,1
60422,1
60531,1
60572,1
60650,1
60696,1
60702,1
60721,1
60727,1
60772,1
60796,6
60800,1
60817,1
60819,1
60846,1
60850,1
60886,1
60894,1
60896,211
60901,1
60907,1
60912,1
60916,1
60921,1
60926,1
60929,1
60940,1
60972,2
60984,1
60996,1
61022,1
61096,1
61202,2
61240,1
61296,1
61302,1
61340,2
61346,1
61385,1
61386,37
61387,1
61396,2
61401,1
61463,1
61472,1
61486,1
61558,1
61572,1
61586,1
61591,1
61602,1
61640,1
61656,1
61703,1
61772,3
61809,1
61840,3
61896,1
61946,1
61972,1
62040,1
62095,1
62121,1
62146,2
62179,1
62200,1
62202,2
62240,1
62250,6
62272,1
62287,1
62313,1
62340,1
62354,1
62381,1
62402,2
62440,2
62502,1
62572,1
62602,2
62641,1
62667,1
62672,7
62695,1
62696,1
62701,1
62702,58
62712,1
62715,1
62722,1
62728,1
62740,1
62741,1
62757,1
62767,1
62770,1
62772,177
62777,1
62796,1
62802,1
62806,1
62821,1
62822,1
62841,1
62851,1
62860,1
62871,1
62872,2
62902,2
62905,1
62940,1
62972,1
63002,1
63040,1
63202,3
63272,3
63277,1
63321,4
63340,1
63386,1
63396,3
63482,1
63485,1
63486,1
63595,1
63598,1
63602,1
63640,1
63646,1
63703,1
63740,1
63772,1
63777,1
63790,1
63800,1
63822,1
63839,1
63840,51
63845,1
63882,1
63940,1
63971,1
64002,1
64017,1
64083,1
64171,1
64202,1
64229,1
64277,1
64296,1
64302,1
64386,1
64402,1
64486,1
64545,1
64586,1
64591,1
64595,1
64632,1
64640,1
64696,1
64771,1
64772,1
64803,1
64840,1
64902,1
65152,1
65196,1
65198,2
65217,1
65272,1
65298,1
65327,1
65396,2
65414,1
65432,2
65503,17
65530,1
65554,1
65613,1
65702,1
65703,1
65783,1
65802,1
65896,6
65946,1
65972,1
66002,2
66003,1
66170,1
66217,1
66256,1
66267,1
66321,1
66340,1
66386,13
66396,1
66401,1
66402,1
66451,3
66493,1
66502,2
66586,1
66590,1
66602,3
66610,1
66667,2
66668,6
66683,1
66702,8
66703,1
66713,1
66777,1
66802,2
66855,1
67012,1
67040,1
67086,1
67120,1
67150,1
67172,1
67182,1
67386,3
67453,1
67502,2
67549,1
67602,4
67662,1
67700,3
67702,50
67703,1
67705,1
67772,6
67802,2
67841,1
67872,1
67940,1
68002,1
68070,1
68183,1
68204,3
68240,1
68244,1
68272,1
68280,1
68299,1
68370,1
68383,2
68384,1
68386,1
68391,1
68402,1
68477,1
68486,1
68515,1
68581,1
68586,1
68640,2
68702,1
68740,1
68802,1
68827,1
68840,6
68886,1
68896,1
68902,1
69133,1
69254,1
69286,1
69340,2
69342,1
69509,2
69586,3
69602,1
69640,1
69702,1
69703,1
69786,1
69840,1
69870,1
69906,1
70025,1
70040,1
70072,2
70086,1
70096,1
70172,1
70191,1
70197,1
70198,1
70202,1
70235,1
70252,1
70372,1
70386,12
70396,1
70458,1
70486,1
70508,1
70571,1
70602,2
70624,1
70702,1
70721,1
70769,1
70794,1
70796,1
70823,1
70840,1
70850,1
70875,1
70886,1
70891,1
70895,1
70896,13
70921,1
71002,1
71186,2
71202,1
71272,1
71286,3
71309,1
71336,1
71340,1
71376,1
71384,1
71386,107
71387,1
71406,1
71440,1
71486,2
71492,1
71511,1
71572,2
71586,3
71602,1
71636,1
71640,2
71664,3
71703,1
71800,1
71812,1
71840,2
71886,1
71891,1
71986,1
71996,1
72011,3
72012,1
72040,3
72098,1
72101,3
72108,1
72121,1
72137,1
72202,1
72215,3
72250,25
72351,1
72386,2
72402,1
72436,1
72440,1
72540,1
72585,1
72602,1
72640,1
72672,1
72702,17
72728,2
72767,1
72771,2
72772,19
72840,2
72940,1
72964,1
73040,1
73088,1
73128,1
73136,1
73177,2
73251,1
73270,1
73277,7
73290,1
73301,2
73336,1
73339,1
73340,1
73402,1
73522,1
73540,1
73562,1
73596,1
73639,1
73665,1
73696,2
73702,3
73703,1
73740,3
73763,1
73786,1
73790,1
73800,3
73829,3
73830,1
73840,170
73841,2
73845,1
73873,1
73874,1
73886,1
73890,1
73902,1
73922,1
73928,1
73940,1
73947,2
73963,3
73991,1
74002,1
74040,1
74196,1
74200,3
74222,1
74240,1
74244,1
74260,1
74340,2
74386,1
74402,1
74502,1
74544,1
74554,1
74640,1
74645,1
74890,1
74896,1
75020,1
75039,1
75147,1
75198,1
75253,2
75327,1
75398,1
75475,1
75496,1
75503,2
75522,1
75523,1
75572,1
75640,1
75659,1
75702,2
75703,1
75707,1
75740,1
75840,1
75886,1
75896,5
76002,2
76280,1
76340,2
76386,1
76586,1
76590,1
76602,1
76622,1
76702,1
76796,1
77012,1
77040,1
77240,1
77289,1
77602,1
77696,1
77699,1
77702,40
77703,1
77752,1
77772,4
77802,1
77807,1
77827,1
77896,8
77902,1
78129,1
78221,1
78336,1
78340,1
78588,1
78821,1
78840,7
78896,1
78998,1
79086,1
79138,1
79340,1
79372,1
79395,2
79472,1
79696,1
79702,1
79758,1
79772,10
79896,1
80072,1
80198,1
80272,4
80333,1
80441,1
80572,1
80702,1
80772,1
80896,10
80899,1
80902,1
80921,1
80948,1
81012,1
81199,2
81274,1
81340,1
81386,4
81440,1
81646,1
81740,1
81896,2
82165,1
82202,1
82250,2
82539,3
82640,1
82702,12
82772,10
82775,1
82850,1
82902,1
83040,1
83072,1
83134,2
83221,1
83252,1
83255,3
83321,8
83334,1
83340,1
83635,1
83702,1
83740,1
83750,1
83835,1
83839,3
83840,32
83940,1
84012,1
84035,1
84257,1
84321,1
84463,1
84594,3
84596,1
84750,2
84802,1
84896,1
84902,1
84922,1
84990,1
85041,1
85042,1
85063,1
85087,3
85166,1
85198,1
85202,1
85340,2
85440,1
85503,1
85513,3
85522,1
85523,1
85570,1
85602,1
85622,1
85702,1
85743,1
85896,7
85902,3
86102,1
86186,1
86240,1
86272,1
86395,1
86407,3
86466,1
86600,2
86640,1
86701,3
86702,10
86802,1
86940,1
87003,1
87085,1
87472,1
87520,2
87602,4
87614,1
87625,1
87674,3
87692,1
87693,1
87700,3
87702,116
87703,1
87722,1
87734,1
87749,1
87772,9
87802,2
87827,1
87830,1
87835,1
87902,3
87952,1
88096,1
88202,1
88302,1
88572,1
88673,1
88690,1
88702,2
88752,1
88840,4
88894,1
88895,1
88901,1
88955,1
88995,1
89267,1
89315,1
89342,1
89486,1
89702,1
89772,1
89796,1
90011,1
90198,1
90202,5
90223,1
90386,1
90424,1
90503,1
90602,1
90702,2
90772,1
90840,9
90896,11
90921,1
91140,1
91186,1
91286,1
91298,1
91303,1
91340,2
91386,1
91389,1
91509,1
91800,1
92023,1
92202,2
92421,1
92640,2
92701,1
92702,1
92757,1
92772,12
92873,1
92902,1
92964,1
93062,1
93088,1
93257,1
93486,1
93704,1
93840,6
93843,1
94229,1
94237,1
94590,1
94699,1
94840,1
95196,1
95272,1
95503,1
95640,1
95828,1
96386,1
96602,1
96690,1
97072,1
97138,1
97250,1
97340,1
97596,1
97702,7
97840,1
97867,1
98177,1
98321,1
98702,1
98840,10
98972,1
99014,1
99117,1
99163,1
99372,1
99396,1
99702,1
99823,1
100021,1
100078,1
100302,1
100572,1
100886,1
100896,6
100921,1
101306,1
101386,3
101600,1
101796,1
101958,1
102250,1
102310,1
102354,1
102663,1
102702,1
102772,1
102896,1
103088,1
103190,1
103303,1
103321,1
103372,1
103772,1
103840,7
104130,1
104230,1
104602,1
105502,1
105772,1
105802,1
105862,1
106386,1
106502,1
107702,2
107705,1
108140,1
108635,1
108796,1
108916,1
108940,1
109395,1
109819,1
110040,1
110082,1
110124,1
110540,1
110696,1
110772,1
110796,2
110800,1
110842,1
110865,1
110896,35
110914,1
110996,1
111186,1
111834,1
111840,1
112077,1
112572,1
112602,1
112672,2
112702,3
112771,1
112772,28
112896,1
112990,1
113088,1
113096,1
113196,1
113296,1
113321,1
113496,1
113840,1
113896,1
113996,1
114440,1
114840,1
114896,1
115072,1
115172,1
115298,1
115479,1
115772,1
115872,1
116752,1
116840,1
117702,3
117772,1
117872,1
118775,1
118996,1
119859,1
120198,1
120202,1
120772,1
121186,1
121286,3
121355,1
121386,25
121486,1
121500,1
121664,1
122011,1
122101,1
122215,1
122249,1
122250,1
122702,1
122777,1
122900,1
123023,1
123277,1
123296,1
123391,1
123503,1
123640,1
123686,1
123786,1
123829,1
123832,1
123838,1
123839,1
123840,28
123963,1
124200,1
124802,1
124840,1
125172,1
125840,1
126140,1
126240,1
126840,1
126940,1
128611,1
128740,1
129472,1
130821,1
130896,2
131840,1
132539,6
132772,1
132988,1
133011,1
133088,1
133134,2
133255,6
133321,4
134018,1
134594,6
134750,5
135087,6
135166,4
135202,1
135402,1
135440,2
135513,6
135522,1
135523,2
136086,1
136240,1
136407,6
136600,5
136701,6
136950,1
137271,1
137502,1
137520,1
137600,1
137602,1
137671,1
137674,6
137690,1
137700,3
137702,22
137703,1
138540,1
138876,1
138940,1
139106,1
140002,1
140102,1
140896,3
140899,1
141386,4
142772,3
143277,1
143840,2
144209,2
146286,1
146749,1
146816,1
147702,1
148339,1
148600,1
149002,1
150734,1
152682,1
153530,1
153840,1
157702,2
160198,1
160896,5
161386,2
162749,1
162772,4
164531,1
164630,1
165628,1
167896,1
168896,1
169772,1
170896,1
171286,1
171386,7
171600,6
171812,3
172137,2
172215,6
172250,1
172772,1
173277,1
173321,5
173829,6
173840,5
173947,1
173963,6
174200,6
174244,3
175504,1
175886,1
177702,1
178508,1
178702,1
179242,1
179264,1
179352,1
180840,1
181840,1
184370,1
186386,1
186572,1
187702,1
188396,1
189422,1
190310,1
190332,1
190420,1
190557,1
190896,2
191486,1
192345,1
192386,1
192772,1
194795,1
196385,1
196611,1
197540,1
198896,1
199784,1
201386,1
201660,1
202198,1
203840,1
207679,1
207802,1
209822,1
210198,1
210274,1
210823,1
210850,1
210896,8
211286,1
212650,1
212728,1
212772,4
215503,1
216772,2
221386,5
223277,1
223401,1
223840,6
226590,1
227602,1
229734,1
230896,1
231486,1
232772,1
233200,1
237702,4
243840,1
247802,1
257702,1
263815,1
271386,1
283333,1
287702,1
309516,1
309896,1
310198,1
310896,3
310897,1
311772,1
312771,1
312772,2
314628,1
318586,1
321386,2
322250,2
322840,1
323174,1
323446,1
323839,1
323840,6
337702,1
342960,1
392772,1
395503,1
409750,1
410823,1
410896,1
411340,1
412772,1
416902,1
423840,1
427840,1
612772,1
619396,1
633605,1
654472,1
665540,1
671386,1
690896,1
703840,1
710850,1
711386,1
712092,1
721386,2
737702,1
790896,1
810896,4
812223,1
812649,1
812772,1
814288,1
821386,1
823277,1
823700,1
823840,3
837702,2
926386,1
1000112,1
1004250,1
1469955,1
1470078,1
1472800,1
1481090,1
1507120,1
1508040,1
1537702,2
1561383,1
1572450,1
1587227,1
1589406,1
1590692,1
1594648,1
1609040,1
1610000,2
1610016,1
1610110,1
1621486,1
1623840,1
1671613,1
1689597,1
1701324,1
1702272,1
1709919,1
1710195,1
1715032,1
1722772,1
1723840,1
1783623,1
1787702,1
1804500,1
1812772,1
1813145,1
1821486,1
1840368,1
1910896,1
1934770,1
2011029,1
2011896,1
2022248,1
2337863,1
16000010,1
16251029,1
16348216,1
16761386,1
17423840,1
17505372,1
17812772,1
17988372,1
18007640,1
18310896,1
19010896,1
19410896,1
19723772,1
