distance_ticks,count
0,131803
1,11582
2,5123
3,4964
4,4529
5,4694
6,5037
7,4908
8,5105
9,5081
10,7904
11,5444
12,5224
13,5303
14,5487
15,6308
16,5620
17,5249
18,5473
19,5483
20,4770
21,4483
22,4374
23,4470
24,4318
25,4159
26,4363
27,4309
28,4415
29,4446
30,4661
31,4302
32,4296
33,4197
34,4188
35,4053
36,4056
37,4100
38,4077
39,3901
40,3877
41,3922
42,3829
43,3819
44,3819
45,3818
46,3723
47,3612
48,3741
49,3668
50,3925
51,3793
52,3754
53,3668
54,3689
55,3767
56,3638
57,3590
58,3421
59,3509
60,3576
61,3393
62,3245
63,3464
64,3311
65,3295
66,3167
67,3147
68,3187
69,3276
70,3206
71,3133
72,3177
73,3033
74,2933
75,2922
76,2936
77,2890
78,2879
79,2880
80,2832
81,2771
82,2623
83,2686
84,2644
85,2595
86,2481
87,2508
88,2530
89,2210
90,2182
91,2113
92,2086
93,2077
94,2021
95,2098
96,1791
97,1633
98,1700
99,1736
100,1933
101,1680
102,1611
103,1558
104,1486
105,1495
106,1438
107,1455
108,1496
109,1415
110,1468
111,1480
112,1376
113,1402
114,1408
115,1342
116,1346
117,1439
118,1556
119,2427
120,1255
121,1252
122,1252
123,1207
124,1254
125,1218
126,1165
127,1175
128,1187
129,1158
130,1112
131,1385
132,1172
133,1146
134,1111
135,1172
136,1162
137,1084
138,1160
139,1101
140,1085
141,1075
142,1136
143,1074
144,1046
145,971
146,1017
147,1184
148,1019
149,1065
150,1095
151,1052
152,1054
153,1211
154,1037
155,1011
156,1096
157,1024
158,1103
159,1038
160,1003
161,1221
162,1092
163,1057
164,1089
165,1056
166,1022
167,1070
168,1080
169,1091
170,1060
171,1008
172,1051
173,1050
174,1030
175,997
176,1035
177,1029
178,997
179,1003
180,994
181,1014
182,947
183,1083
184,986
185,921
186,1052
187,1006
188,965
189,919
190,932
191,905
192,896
193,858
194,874
195,849
196,892
197,852
198,873
199,841
200,965
201,907
202,817
203,832
204,760
205,764
206,783
207,725
208,731
209,750
210,744
211,688
212,748
213,702
214,685
215,696
216,672
217,622
218,663
219,624
220,644
221,630
222,654
223,605
224,646
225,664
226,699
227,720
228,690
229,723
230,642
231,606
232,655
233,625
234,516
235,516
236,569
237,578
238,505
239,473
240,494
241,459
242,499
243,520
244,460
245,447
246,484
247,434
248,426
249,424
250,514
251,415
252,439
253,412
254,449
255,420
256,450
257,429
258,367
259,410
260,386
261,396
262,390
263,371
264,360
265,381
266,359
267,347
268,366
269,325
270,323
271,380
272,349
273,345
274,324
275,390
276,329
277,322
278,343
279,306
280,316
281,346
282,318
283,323
284,298
285,333
286,332
287,308
288,279
289,296
290,306
291,233
292,236
293,292
294,291
295,251
296,292
297,254
298,300
299,268
300,467
301,271
302,265
303,233
304,238
305,273
306,265
307,228
308,245
309,257
310,250
311,229
312,253
313,246
314,223
315,235
316,280
317,216
318,246
319,302
320,276
321,206
322,226
323,190
324,208
325,194
326,223
327,206
328,205
329,207
330,242
331,224
332,192
333,202
334,188
335,209
336,166
337,184
338,172
339,188
340,196
341,201
342,178
343,180
344,200
345,206
346,191
347,168
348,178
349,167
350,219
351,171
352,166
353,197
354,180
355,186
356,204
357,171
358,168
359,141
360,172
361,164
362,136
363,146
364,145
365,131
366,126
367,159
368,168
369,160
370,120
371,146
372,173
373,167
374,123
375,149
376,160
377,135
378,156
379,154
380,172
381,127
382,128
383,134
384,156
385,128
386,134
387,143
388,118
389,133
390,132
391,142
392,135
393,141
394,105
395,118
396,99
397,97
398,108
399,106
400,209
401,147
402,130
403,128
404,143
405,127
406,121
407,115
408,118
409,98
410,144
411,124
412,108
413,113
414,101
415,110
416,101
417,136
418,104
419,128
420,122
421,127
422,138
423,121
424,117
425,112
426,117
427,164
428,118
429,97
430,120
431,137
432,94
433,91
434,98
435,111
436,116
437,118
438,88
439,98
440,108
441,113
442,105
443,90
444,93
445,93
446,92
447,119
448,68
449,74
450,125
451,96
452,94
453,108
454,104
455,90
456,80
457,108
458,83
459,64
460,96
461,89
462,85
463,58
464,87
465,89
466,80
467,71
468,68
469,65
470,74
471,65
472,72
473,71
474,87
475,89
476,74
477,67
478,75
479,73
480,77
481,56
482,69
483,64
484,65
485,61
486,104
487,60
488,65
489,58
490,67
491,67
492,77
493,63
494,59
495,61
496,64
497,58
498,58
499,53
500,145
501,88
502,91
503,67
504,52
505,79
506,47
507,54
508,67
509,56
510,60
511,66
512,69
513,67
514,57
515,51
516,61
517,49
518,58
519,55
520,57
521,61
522,64
523,58
524,37
525,51
526,72
527,53
528,65
529,56
530,69
531,77
532,52
533,52
534,56
535,58
536,65
537,43
538,68
539,45
540,59
541,58
542,52
543,54
544,80
545,43
546,62
547,58
548,54
549,67
550,122
551,76
552,61
553,53
554,56
555,36
556,45
557,49
558,55
559,52
560,64
561,65
562,54
563,55
564,52
565,49
566,50
567,52
568,66
569,55
570,58
571,51
572,44
573,53
574,48
575,73
576,54
577,41
578,41
579,39
580,63
581,60
582,40
583,45
584,41
585,62
586,58
587,62
588,39
589,48
590,117
591,65
592,37
593,64
594,45
595,38
596,120
597,38
598,38
599,50
600,107
601,81
602,53
603,56
604,47
605,52
606,37
607,51
608,49
609,53
610,51
611,49
612,60
613,44
614,40
615,45
616,48
617,64
618,46
619,50
620,51
621,45
622,43
623,44
624,44
625,53
626,28
627,56
628,56
629,51
630,54
631,46
632,40
633,55
634,38
635,47
636,38
637,48
638,53
639,44
640,60
641,47
642,38
643,62
644,90
645,50
646,40
647,57
648,48
649,59
650,80
651,68
652,63
653,39
654,48
655,44
656,53
657,44
658,52
659,36
660,41
661,45
662,58
663,64
664,53
665,45
666,50
667,36
668,36
669,43
670,60
671,55
672,38
673,46
674,50
675,71
676,38
677,48
678,38
679,49
680,62
681,67
682,54
683,52
684,43
685,53
686,60
687,46
688,50
689,42
690,52
691,54
692,45
693,48
694,51
695,44
696,66
697,40
698,56
699,50
700,97
701,193
702,64
703,49
704,49
705,67
706,49
707,58
708,52
709,60
710,55
711,55
712,59
713,50
714,63
715,68
716,57
717,52
718,58
719,34
720,63
721,64
722,56
723,47
724,50
725,51
726,44
727,37
728,54
729,54
730,43
731,81
732,46
733,45
734,49
735,61
736,41
737,41
738,56
739,58
740,46
741,41
742,40
743,33
744,38
745,45
746,55
747,49
748,38
749,32
750,70
751,58
752,53
753,44
754,45
755,52
756,33
757,27
758,34
759,34
760,40
761,37
762,39
763,38
764,40
765,43
766,37
767,40
768,38
769,39
770,41
771,41
772,115
773,49
774,44
775,57
776,50
777,32
778,46
779,33
780,43
781,49
782,41
783,41
784,32
785,46
786,48
787,38
788,49
789,48
790,47
791,42
792,46
793,49
794,46
795,54
796,65
797,46
798,47
799,71
800,155
801,66
802,45
803,45
804,43
805,46
806,73
807,51
808,65
809,39
810,57
811,41
812,50
813,60
814,55
815,46
816,55
817,55
818,43
819,75
820,94
821,73
822,74
823,79
824,79
825,60
826,64
827,66
828,75
829,58
830,52
831,63
832,52
833,64
834,58
835,51
836,68
837,55
838,52
839,35
840,56
841,61
842,48
843,56
844,61
845,120
846,50
847,63
848,49
849,63
850,76
851,64
852,48
853,40
854,64
855,59
856,52
857,57
858,48
859,43
860,63
861,40
862,48
863,46
864,21
865,51
866,36
867,35
868,33
869,35
870,42
871,31
872,42
873,31
874,44
875,42
876,24
877,41
878,31
879,38
880,34
881,39
882,34
883,26
884,30
885,43
886,23
887,27
888,17
889,29
890,21
891,27
892,21
893,22
894,23
895,16
896,33
897,24
898,24
899,27
900,56
901,49
902,24
903,23
904,48
905,29
906,23
907,17
908,24
909,23
910,45
911,25
912,25
913,28
914,29
915,25
916,10
917,15
918,23
919,24
920,35
921,27
922,19
923,21
924,26
925,27
926,30
927,17
928,17
929,23
930,27
931,21
932,27
933,16
934,25
935,32
936,14
937,17
938,18
939,23
940,31
941,20
942,31
943,16
944,32
945,30
946,25
947,18
948,25
949,29
950,37
951,36
952,28
953,48
954,26
955,21
956,26
957,24
958,28
959,23
960,28
961,18
962,19
963,19
964,25
965,30
966,16
967,17
968,22
969,24
970,21
971,25
972,26
973,22
974,24
975,19
976,26
977,21
978,19
979,25
980,54
981,21
982,27
983,20
984,22
985,19
986,28
987,13
988,18
989,17
990,20
991,19
992,12
993,24
994,15
995,14
996,8
997,20
998,24
999,14
1000,64
1001,39
1002,24
1003,25
1004,35
1005,27
1006,24
1007,24
1008,16
1009,17
1010,33
1011,29
1012,26
1013,17
1014,16
1015,25
1016,15
1017,31
1018,106
1019,17
1020,24
1021,27
1022,18
1023,27
1024,21
1025,19
1026,16
1027,14
1028,25
1029,18
1030,17
1031,19
1032,17
1033,16
1034,16
1035,19
1036,21
1037,12
1038,22
1039,18
1040,27
1041,13
1042,26
1043,22
1044,25
1045,26
1046,23
1047,14
1048,11
1049,15
1050,27
1051,29
1052,19
1053,162
1054,15
1055,18
1056,21
1057,10
1058,8
1059,9
1060,20
1061,12
1062,10
1063,14
1064,13
1065,13
1066,10
1067,14
1068,14
1069,12
1070,11
1071,12
1072,97
1073,11
1074,7
1075,6
1076,94
1077,15
1078,6
1079,9
1080,12
1081,10
1082,15
1083,6
1084,10
1085,6
1086,11
1087,4
1088,10
1089,9
1090,26
1091,15
1092,7
1093,6
1094,10
1095,12
1096,9
1097,15
1098,14
1099,13
1100,47
1101,33
1102,17
1103,13
1104,21
1105,13
1106,17
1107,18
1108,15
1109,13
1110,28
1111,18
1112,20
1113,24
1114,23
1115,30
1116,30
1117,18
1118,46
1119,22
1120,24
1121,27
1122,26
1123,29
1124,33
1125,22
1126,30
1127,32
1128,27
1129,32
1130,50
1131,34
1132,31
1133,33
1134,35
1135,40
1136,22
1137,29
1138,35
1139,27
1140,29
1141,22
1142,24
1143,27
1144,176
1145,26
1146,28
1147,29
1148,42
1149,31
1150,37
1151,37
1152,33
1153,21
1154,32
1155,28
1156,20
1157,27
1158,20
1159,23
1160,27
1161,25
1162,30
1163,43
1164,25
1165,27
1166,33
1167,20
1168,25
1169,22
1170,22
1171,22
1172,18
1173,21
1174,19
1175,19
1176,24
1177,24
1178,16
1179,18
1180,31
1181,15
1182,12
1183,16
1184,25
1185,17
1186,16
1187,19
1188,10
1189,9
1190,21
1191,9
1192,12
1193,5
1194,18
1195,17
1196,12
1197,17
1198,13
1199,9
1200,124
1201,86
1202,11
1203,10
1204,17
1205,12
1206,10
1207,6
1208,9
1209,16
1210,11
1211,5
1212,11
1213,8
1214,11
1215,14
1216,10
1217,17
1218,26
1219,8
1220,15
1221,7
1222,13
1223,7
1224,8
1225,12
1226,6
1227,7
1228,11
1229,12
1230,12
1231,27
1232,8
1233,14
1234,6
1235,18
1236,10
1237,12
1238,12
1239,11
1240,13
1241,13
1242,12
1243,14
1244,15
1245,11
1246,12
1247,10
1248,12
1249,9
1250,29
1251,21
1252,20
1253,28
1254,18
1255,35
1256,28
1257,37
1258,24
1259,32
1260,29
1261,39
1262,43
1263,54
1264,61
1265,42
1266,48
1267,51
1268,60
1269,60
1270,63
1271,71
1272,101
1273,66
1274,64
1275,72
1276,86
1277,71
1278,57
1279,69
1280,81
1281,68
1282,69
1283,68
1284,76
1285,72
1286,67
1287,64
1288,71
1289,65
1290,62
1291,65
1292,65
1293,58
1294,53
1295,57
1296,55
1297,66
1298,41
1299,65
1300,108
1301,63
1302,44
1303,38
1304,49
1305,31
1306,37
1307,37
1308,30
1309,33
1310,31
1311,35
1312,35
1313,25
1314,25
1315,20
1316,27
1317,15
1318,17
1319,20
1320,16
1321,15
1322,29
1323,11
1324,11
1325,10
1326,14
1327,8
1328,11
1329,8
1330,19
1331,12
1332,13
1333,10
1334,10
1335,16
1336,28
1337,7
1338,11
1339,12
1340,11
1341,5
1342,4
1343,4
1344,6
1345,6
1346,10
1347,6
1348,3
1349,7
1350,19
1351,11
1352,11
1353,9
1354,9
1355,27
1356,7
1357,5
1358,6
1359,9
1360,4
1361,7
1362,4
1363,10
1364,7
1365,5
1366,6
1367,8
1368,5
1369,5
1370,6
1371,5
1372,18
1373,10
1374,5
1375,10
1376,8
1377,9
1378,12
1379,7
1380,14
1381,1
1382,2
1383,7
1384,8
1385,10
1386,7
1387,4
1388,13
1389,6
1390,7
1391,4
1392,41
1393,4
1394,3
1395,6
1396,7
1397,19
1398,3
1399,1
1400,25
1401,35
1402,16
1403,5
1404,4
1405,2
1406,8
1407,1
1408,6
1409,5
1410,6
1411,2
1412,6
1413,7
1414,7
1415,5
1416,11
1417,3
1418,6
1419,8
1420,11
1421,12
1422,11
1423,3
1424,5
1425,8
1426,6
1427,9
1428,7
1429,5
1430,6
1431,10
1432,26
1433,5
1434,7
1435,8
1436,11
1437,6
1438,4
1439,5
1440,6
1441,7
1442,7
1443,6
1444,7
1445,4
1446,7
1447,8
1448,30
1449,2
1450,13
1451,14
1452,11
1453,5
1454,11
1455,9
1456,5
1457,3
1458,4
1459,5
1460,10
1461,9
1462,5
1463,7
1464,6
1465,7
1466,14
1467,7
1468,9
1469,14
1470,5
1471,12
1472,19
1473,9
1474,9
1475,6
1476,16
1477,11
1478,13
1479,52
1480,48
1481,14
1482,13
1483,10
1484,35
1485,11
1486,18
1487,7
1488,15
1489,8
1490,5
1491,8
1492,23
1493,3
1494,8
1495,6
1496,6
1497,17
1498,4
1499,6
1500,29
1501,31
1502,12
1503,3
1504,13
1505,13
1506,7
1507,7
1508,5
1509,9
1510,4
1511,10
1512,12
1513,10
1514,4
1515,1
1516,8
1517,12
1518,10
1519,7
1520,9
1521,8
1522,15
1523,10
1524,10
1525,8
1526,15
1527,6
1528,4
1529,9
1530,12
1531,104
1532,76
1533,5
1534,4
1535,13
1536,7
1537,9
1538,11
1539,5
1540,6
1541,5
1542,3
1543,8
1544,85
1545,9
1546,5
1547,5
1548,6
1549,6
1550,14
1551,12
1552,9
1553,9
1554,10
1555,7
1556,10
1557,4
1558,11
1559,12
1560,2
1561,5
1562,7
1563,9
1564,5
1565,10
1566,10
1567,3
1568,3
1569,6
1570,6
1571,5
1572,15
1573,6
1574,8
1575,4
1576,7
1577,7
1578,8
1579,6
1580,13
1581,5
1582,8
1583,10
1584,9
1585,8
1586,6
1587,5
1588,5
1589,6
1590,21
1591,7
1592,18
1593,4
1594,7
1595,3
1596,5
1597,7
1598,1
1599,7
1600,79
1601,11
1602,7
1603,9
1604,11
1605,6
1606,6
1607,2
1608,3
1609,2
1610,9
1611,6
1612,4
1613,4
1615,7
1616,4
1617,5
1618,8
1619,6
1620,3
1621,8
1622,9
1623,7
1624,3
1625,4
1626,5
1627,6
1628,7
1629,2
1630,11
1631,19
1632,9
1633,3
1634,4
1635,6
1636,10
1637,6
1638,4
1639,11
1640,7
1641,5
1642,8
1643,2
1644,9
1645,5
1646,14
1647,6
1648,9
1649,13
1650,11
1651,7
1652,11
1653,8
1654,9
1655,19
1656,9
1657,5
1658,11
1659,4
1660,6
1661,6
1662,8
1663,2
1664,11
1665,10
1666,5
1667,9
1668,14
1669,15
1670,14
1671,23
1672,13
1673,7
1674,12
1675,12
1676,6
1677,5
1678,10
1679,8
1680,17
1681,19
1682,8
1683,6
1684,5
1685,5
1686,6
1687,7
1688,3
1689,10
1690,8
1691,2
1692,20
1693,6
1694,2
1695,7
1696,8
1697,4
1698,9
1699,4
1700,77
1701,64
1702,11
1703,7
1704,13
1705,6
1706,7
1707,6
1708,7
1709,7
1710,7
1711,5
1712,6
1713,5
1714,7
1715,5
1716,10
1717,12
1718,6
1719,12
1720,6
1721,14
1722,16
1723,7
1724,12
1725,11
1726,6
1727,5
1728,8
1729,14
1730,12
1731,30
1732,9
1733,6
1734,9
1735,32
1736,14
1737,10
1738,10
1739,19
1740,20
1741,13
1742,9
1743,7
1744,17
1745,15
1746,14
1747,17
1748,16
1749,36
1750,49
1751,54
1752,32
1753,26
1754,30
1755,37
1756,42
1757,42
1758,44
1759,48
1760,70
1761,65
1762,51
1763,63
1764,69
1765,68
1766,53
1767,52
1768,75
1769,51
1770,38
1771,35
1772,78
1773,32
1774,41
1775,45
1776,72
1777,77
1778,79
1779,83
1780,71
1781,43
1782,46
1783,34
1784,42
1785,37
1786,27
1787,15
1788,19
1789,13
1790,29
1791,10
1792,27
1793,9
1794,9
1795,17
1796,17
1797,12
1798,16
1799,21
1800,48
1801,30
1802,12
1803,12
1804,20
1805,9
1806,9
1807,13
1808,21
1809,15
1810,20
1811,9
1812,21
1813,13
1814,14
1815,19
1816,19
1817,11
1818,8
1819,9
1820,15
1821,16
1822,21
1823,14
1824,13
1825,13
1826,11
1827,11
1828,17
1829,9
1830,19
1831,35
1832,13
1833,17
1834,13
1835,15
1836,17
1837,16
1838,13
1839,11
1840,15
1841,5
1842,6
1843,11
1844,15
1845,14
1846,28
1847,26
1848,26
1849,14
1850,40
1851,24
1852,26
1853,47
1854,43
1855,50
1856,32
1857,28
1858,19
1859,10
1860,36
1861,10
1862,21
1863,8
1864,14
1865,22
1866,11
1867,7
1868,8
1869,15
1870,26
1871,18
1872,18
1873,34
1874,25
1875,20
1876,21
1877,17
1878,19
1879,28
1880,33
1881,16
1882,19
1883,17
1884,16
1885,13
1886,13
1887,15
1888,18
1889,18
1890,29
1891,20
1892,96
1893,21
1894,23
1895,30
1896,31
1897,33
1898,60
1899,33
1900,66
1901,28
1902,36
1903,33
1904,25
1905,25
1906,18
1907,15
1908,10
1909,8
1910,14
1911,11
1912,10
1913,11
1914,10
1915,22
1916,7
1917,7
1918,7
1919,13
1920,11
1921,22
1922,15
1923,7
1924,14
1925,8
1926,12
1927,11
1928,7
1929,9
1930,18
1931,26
1932,38
1933,7
1934,11
1935,21
1936,15
1937,6
1938,6
1939,10
1940,5
1941,13
1942,8
1943,6
1944,8
1945,16
1946,14
1947,8
1948,17
1949,11
1950,18
1951,7
1952,16
1953,11
1954,12
1955,8
1956,6
1957,10
1958,8
1959,9
1960,92
1961,98
1962,15
1963,13
1964,8
1965,13
1966,11
1967,8
1968,6
1969,14
1970,8
1971,40
1972,14
1973,14
1974,4
1975,8
1976,14
1977,13
1978,12
1979,9
1980,36
1981,8
1982,2
1983,7
1984,26
1985,7
1986,13
1987,6
1988,3
1989,9
1990,9
1991,12
1992,9
1993,3
1994,3
1995,10
1996,7
1997,9
1998,3
2000,29
2001,22
2002,5
2003,6
2004,5
2005,8
2006,7
2007,6
2008,6
2009,3
2010,12
2011,4
2012,6
2013,6
2014,3
2015,2
2016,4
2017,8
2018,8
2019,3
2020,5
2021,6
2022,4
2023,2
2024,4
2025,5
2026,3
2027,5
2028,7
2029,4
2030,6
2031,5
2032,4
2033,1
2034,1
2035,11
2036,3
2037,3
2038,9
2039,9
2040,12
2041,4
2042,9
2043,5
2044,5
2045,1
2046,14
2047,4
2049,4
2050,9
2051,13
2052,131
2053,3
2054,4
2055,5
2056,3
2057,4
2058,3
2059,4
2060,3
2061,19
2062,4
2063,5
2064,5
2065,4
2066,2
2067,3
2068,5
2069,3
2070,4
2071,1
2072,5
2073,4
2074,2
2075,8
2076,4
2077,6
2078,8
2079,4
2080,9
2081,11
2082,4
2083,5
2084,17
2085,2
2086,6
2087,6
2088,2
2089,7
2090,12
2091,6
2092,10
2093,5
2094,4
2095,2
2096,5
2097,1
2098,2
2099,2
2100,108
2101,45
2102,5
2103,3
2104,11
2105,7
2106,1
2107,7
2108,2
2109,3
2110,2
2111,1
2112,4
2113,4
2114,2
2115,6
2116,2
2118,2
2119,4
2120,3
2121,2
2122,3
2123,5
2124,3
2125,5
2126,4
2127,1
2128,2
2129,4
2130,5
2131,2
2132,4
2133,4
2134,2
2135,9
2136,9
2137,4
2138,2
2139,2
2141,1
2142,4
2143,3
2144,3
2145,2
2146,5
2147,6
2148,4
2149,2
2150,10
2151,6
2152,10
2153,2
2154,16
2155,1
2156,5
2157,5
2158,5
2159,5
2160,7
2161,6
2162,4
2164,7
2165,5
2166,2
2167,2
2168,3
2169,6
2170,5
2171,4
2172,4
2173,1
2174,5
2175,2
2176,6
2177,3
2178,3
2180,13
2181,8
2182,1
2183,3
2184,11
2185,4
2186,3
2187,5
2188,2
2189,4
2190,6
2191,6
2192,8
2194,9
2195,12
2196,9
2197,4
2198,6
2199,7
2200,174
2201,38
2202,5
2203,5
2204,12
2205,6
2206,4
2207,9
2208,10
2209,6
2210,10
2211,4
2212,9
2213,7
2214,6
2215,7
2216,9
2217,4
2218,4
2219,4
2220,3
2221,8
2222,8
2223,5
2224,5
2225,4
2226,6
2227,4
2228,4
2229,2
2230,8
2231,16
2232,7
2233,2
2234,3
2235,20
2236,9
2237,3
2238,3
2239,9
2240,6
2241,4
2242,1
2243,3
2244,3
2246,4
2247,2
2248,5
2249,3
2250,5
2251,2
2252,17
2253,3
2254,2
2255,3
2256,3
2257,9
2258,3
2259,6
2260,8
2261,7
2262,9
2263,3
2264,8
2265,4
2266,8
2267,2
2268,2
2269,6
2270,4
2271,3
2272,29
2273,1
2274,3
2275,8
2276,7
2277,1
2278,2
2279,3
2280,1
2281,3
2282,5
2283,3
2284,3
2285,4
2286,2
2287,2
2288,6
2289,1
2290,3
2291,4
2292,6
2293,7
2294,3
2295,2
2296,1
2297,5
2298,2
2300,28
2301,4
2302,5
2303,6
2304,4
2305,5
2306,5
2308,2
2311,3
2312,6
2313,3
2314,6
2315,2
2316,4
2317,6
2318,2
2319,5
2320,5
2321,2
2322,12
2323,5
2324,5
2325,6
2326,4
2327,5
2328,4
2329,1
2330,3
2331,4
2332,8
2333,6
2334,4
2335,5
2336,12
2337,1
2338,1
2339,4
2340,1
2341,3
2342,3
2343,5
2344,3
2345,6
2346,3
2347,3
2348,3
2349,4
2350,7
2351,5
2352,7
2353,2
2354,4
2355,3
2356,2
2357,2
2358,2
2359,1
2360,7
2361,9
2362,6
2363,4
2364,3
2365,4
2366,2
2367,2
2368,1
2369,1
2370,2
2371,7
2372,2
2373,2
2374,2
2375,2
2376,2
2377,3
2378,2
2380,5
2381,3
2383,7
2384,9
2385,3
2386,5
2387,1
2388,5
2389,2
2390,3
2391,1
2392,61
2393,1
2394,4
2395,4
2396,4
2397,1
2398,3
2399,1
2400,22
2401,6
2402,3
2403,4
2404,4
2405,1
2406,5
2407,1
2408,3
2409,2
2410,5
2411,7
2412,5
2413,3
2414,2
2416,1
2417,3
2418,3
2420,3
2421,2
2422,7
2424,4
2425,6
2426,5
2427,1
2428,1
2429,2
2430,2
2431,6
2432,25
2435,5
2436,8
2437,1
2438,1
2439,5
2440,1
2441,4
2442,1
2443,2
2444,2
2445,2
2446,5
2447,1
2448,9
2449,4
2450,12
2451,5
2452,13
2453,4
2454,4
2455,3
2456,1
2457,1
2458,1
2459,3
2460,7
2461,71
2462,7
2463,2
2464,3
2465,2
2466,4
2467,2
2468,3
2469,4
2470,3
2471,2
2474,4
2475,2
2476,1
2477,1
2478,3
2479,3
2480,13
2481,4
2482,5
2483,3
2484,9
2485,2
2486,7
2487,3
2488,3
2490,2
2491,1
2492,5
2493,2
2494,4
2495,2
2496,1
2497,3
2498,4
2499,3
2500,15
2501,5
2502,7
2503,3
2504,50
2505,1
2506,2
2507,3
2508,2
2509,2
2510,3
2511,6
2512,2
2513,1
2515,3
2516,1
2517,2
2518,3
2519,6
2520,3
2521,1
2522,5
2524,3
2525,3
2526,4
2528,6
2529,1
2530,3
2531,1
2532,5
2533,1
2535,7
2536,2
2538,6
2539,4
2541,2
2543,2
2544,1
2546,3
2547,5
2548,2
2550,9
2551,5
2552,61
2553,1
2554,3
2555,1
2556,4
2557,2
2558,1
2559,7
2560,5
2561,38
2562,2
2563,2
2564,2
2565,4
2566,5
2567,1
2568,2
2570,1
2571,1
2572,6
2573,37
2574,2
2575,1
2576,2
2577,2
2578,4
2579,5
2580,7
2581,2
2582,1
2584,3
2585,2
2586,7
2587,3
2588,4
2589,2
2590,4
2591,3
2592,6
2594,1
2596,1
2597,2
2598,3
2599,4
2600,60
2601,3
2602,1
2604,7
2605,3
2607,4
2608,1
2609,2
2610,1
2611,5
2612,2
2613,5
2614,1
2615,2
2616,4
2618,1
2619,1
2620,2
2621,5
2622,1
2623,1
2624,3
2625,1
2626,1
2627,3
2628,1
2629,1
2631,1
2632,6
2633,3
2634,1
2635,2
2636,2
2637,2
2638,1
2639,5
2641,4
2642,1
2643,2
2644,4
2645,4
2646,3
2647,1
2648,4
2649,5
2650,7
2651,1
2652,11
2653,4
2654,2
2655,4
2656,5
2657,1
2658,1
2659,6
2660,3
2661,27
2662,1
2663,3
2664,2
2665,4
2666,4
2667,2
2668,3
2669,2
2670,1
2671,1
2672,3
2673,3
2674,1
2676,2
2677,4
2678,4
2679,2
2680,2
2681,7
2682,1
2683,2
2684,4
2685,3
2686,3
2687,2
2688,2
2689,16
2690,3
2691,2
2692,4
2693,2
2694,2
2695,6
2696,1
2697,2
2698,1
2699,2
2700,28
2701,13
2702,1
2703,3
2704,24
2705,2
2706,1
2707,1
2708,1
2709,6
2710,3
2711,1
2712,1
2713,6
2715,5
2716,1
2717,2
2718,4
2719,3
2720,6
2721,2
2722,3
2723,4
2724,1
2725,2
2726,1
2727,2
2729,4
2730,2
2731,18
2732,4
2733,3
2734,1
2735,8
2736,3
2737,2
2739,19
2740,3
2741,3
2742,4
2743,1
2744,2
2745,2
2746,3
2747,2
2748,3
2749,5
2750,8
2751,8
2752,19
2753,10
2754,8
2755,8
2756,4
2757,8
2758,10
2759,2
2760,4
2761,7
2762,7
2763,9
2764,7
2765,6
2766,9
2767,7
2768,4
2769,6
2771,4
2772,19
2773,5
2774,4
2775,6
2776,7
2777,3
2778,3
2779,4
2780,9
2781,3
2782,2
2783,2
2784,4
2785,3
2787,2
2788,4
2789,2
2790,4
2791,5
2792,2
2793,3
2796,1
2797,1
2798,1
2800,21
2801,9
2802,2
2803,1
2804,3
2805,3
2806,1
2807,4
2808,4
2809,1
2810,5
2812,1
2813,2
2814,4
2815,3
2816,2
2817,2
2818,1
2819,2
2820,1
2821,1
2822,4
2823,6
2824,3
2825,2
2826,2
2827,1
2828,6
2829,3
2830,3
2831,4
2833,3
2834,2
2835,4
2836,5
2837,4
2838,1
2839,6
2840,6
2841,2
2842,1
2843,1
2845,3
2846,2
2847,3
2848,4
2849,2
2850,9
2851,1
2852,18
2854,2
2856,3
2857,2
2858,4
2859,4
2860,5
2861,14
2862,3
2863,1
2864,4
2865,1
2866,5
2867,1
2868,1
2869,5
2870,4
2871,1
2872,4
2873,3
2874,3
2875,3
2876,1
2877,1
2878,7
2879,1
2880,2
2881,1
2882,4
2883,1
2884,3
2885,4
2886,2
2887,2
2888,1
2889,8
2890,1
2891,1
2892,33
2893,1
2894,1
2895,2
2896,1
2897,1
2898,3
2899,5
2900,18
2901,5
2902,3
2903,1
2904,1
2905,2
2906,3
2907,2
2908,2
2909,1
2910,2
2911,9
2912,1
2913,2
2914,4
2915,7
2916,3
2918,1
2920,3
2921,4
2922,4
2923,5
2924,2
2925,1
2926,4
2927,2
2928,3
2929,7
2930,4
2931,8
2932,7
2933,3
2934,3
2935,14
2936,5
2937,4
2938,6
2939,3
2940,1
2941,1
2942,1
2943,1
2944,6
2945,2
2946,3
2947,5
2948,2
2949,4
2950,6
2951,7
2952,16
2953,4
2954,3
2955,1
2956,1
2957,3
2958,5
2959,2
2960,9
2961,228
2962,5
2964,2
2965,4
2966,7
2967,4
2968,2
2969,5
2970,4
2971,3
2972,9
2973,2
2974,3
2975,1
2976,4
2977,7
2978,1
2980,23
2981,5
2982,1
2983,4
2984,21
2985,2
2986,5
2987,2
2988,1
2989,9
2991,3
2992,5
2994,5
2996,5
2997,1
2998,2
2999,6
3000,40
3001,8
3002,6
3003,2
3004,5
3005,11
3006,6
3007,4
3008,2
3009,2
3010,4
3011,2
3012,2
3013,4
3014,2
3015,5
3016,1
3017,3
3018,6
3019,3
3020,7
3021,5
3022,1
3023,4
3025,15
3026,2
3027,1
3028,9
3029,1
3030,6
3031,4
3032,2
3033,2
3034,4
3035,9
3036,7
3037,5
3038,6
3039,3
3040,1
3041,3
3042,2
3043,2
3044,2
3045,4
3046,3
3047,4
3048,5
3049,3
3050,6
3051,9
3052,145
3053,3
3054,1
3055,2
3056,3
3057,1
3058,5
3059,1
3061,18
3062,4
3063,2
3064,3
3065,3
3066,5
3067,1
3068,3
3069,1
3070,1
3071,3
3072,3
3073,2
3074,5
3075,6
3076,1
3077,3
3078,4
3079,3
3080,3
3081,2
3082,2
3083,3
3084,4
3085,2
3087,1
3089,7
3090,3
3091,3
3092,5
3093,2
3094,1
3098,1
3099,1
3100,140
3101,5
3102,3
3103,2
3104,3
3105,3
3106,3
3107,1
3108,1
3109,2
3110,3
3111,1
3112,2
3113,2
3114,2
3115,2
3116,2
3117,4
3119,1
3120,2
3121,2
3123,2
3124,3
3125,3
3126,1
3127,3
3130,1
3131,1
3132,2
3133,3
3134,4
3135,3
3136,4
3137,1
3138,2
3139,4
3140,1
3141,2
3142,1
3143,3
3144,4
3145,1
3146,2
3148,3
3149,1
3150,2
3151,3
3152,10
3153,3
3154,2
3157,1
3158,3
3159,4
3160,8
3161,28
3162,2
3163,2
3164,5
3165,1
3166,2
3167,2
3168,2
3169,2
3170,1
3171,3
3172,3
3173,2
3174,3
3175,2
3176,2
3177,2
3178,1
3179,1
3180,2
3181,2
3182,2
3184,1
3186,3
3187,1
3188,1
3189,34
3190,2
3191,1
3192,6
3193,2
3194,3
3195,3
3198,1
3200,11
3201,4
3202,2
3204,12
3205,3
3206,2
3207,1
3208,1
3209,3
3210,2
3211,5
3212,3
3213,3
3214,2
3215,1
3217,2
3218,2
3219,2
3220,5
3221,2
3222,2
3223,4
3225,6
3226,2
3227,1
3228,4
3229,3
3230,2
3231,3
3232,5
3234,1
3235,7
3236,6
3237,1
3239,8
3240,2
3241,1
3242,2
3243,3
3246,6
3247,2
3248,4
3249,3
3250,4
3251,3
3252,16
3253,2
3254,4
3256,4
3257,3
3258,1
3259,2
3260,3
3261,9
3262,5
3264,2
3266,8
3267,1
3268,2
3269,2
3270,2
3271,2
3272,6
3273,1
3276,5
3277,2
3278,3
3279,1
3280,5
3282,2
3283,3
3284,2
3285,3
3286,3
3287,1
3288,2
3289,11
3290,1
3291,4
3292,10
3293,1
3295,2
3296,1
3297,2
3299,3
3300,22
3301,4
3302,1
3305,1
3306,1
3307,1
3308,2
3309,2
3310,2
3311,4
3312,2
3313,1
3314,5
3315,2
3316,1
3317,5
3318,3
3319,2
3320,1
3322,1
3323,2
3325,3
3326,1
3327,2
3329,2
3330,6
3331,4
3333,1
3334,1
3335,2
3336,11
3338,2
3340,3
3341,1
3342,3
3343,3
3345,3
3347,1
3349,5
3350,4
3351,2
3352,12
3353,4
3355,2
3357,2
3358,1
3359,1
3360,3
3361,9
3362,3
3363,2
3364,1
3365,2
3366,2
3367,1
3368,1
3370,2
3371,1
3372,1
3373,3
3374,1
3375,2
3376,1
3378,2
3379,1
3380,4
3381,3
3382,2
3384,3
3385,4
3386,1
3388,1
3389,10
3390,3
3391,1
3392,13
3393,2
3395,1
3396,1
3397,2
3398,1
3399,1
3400,17
3401,6
3402,1
3403,4
3404,3
3406,1
3408,1
3410,2
3412,3
3414,2
3415,4
3416,2
3417,3
3418,1
3420,1
3421,6
3422,4
3423,2
3424,2
3425,4
3427,2
3428,1
3429,1
3430,2
3431,4
3432,8
3433,2
3435,4
3436,6
3437,2
3438,2
3439,4
3443,6
3445,3
3446,2
3447,1
3448,3
3449,1
3450,9
3451,2
3452,16
3453,1
3454,2
3455,1
3456,3
3457,2
3458,3
3459,2
3460,4
3461,58
3462,3
3465,3
3466,1
3467,2
3468,1
3469,2
3470,3
3471,1
3472,6
3474,2
3475,2
3476,2
3477,4
3478,2
3479,2
3480,22
3481,2
3482,1
3484,2
3485,2
3486,8
3487,2
3488,3
3489,2
3490,5
3492,3
3493,4
3494,2
3495,2
3497,5
3498,1
3499,3
3500,151
3501,7
3502,6
3503,3
3504,4
3505,1
3506,2
3508,1
3510,2
3512,1
3515,2
3516,1
3517,3
3518,1
3519,1
3520,6
3521,1
3522,2
3523,1
3525,15
3526,1
3527,3
3528,2
3529,3
3530,1
3531,4
3532,3
3534,3
3535,2
3536,1
3537,1
3538,6
3539,4
3540,2
3541,1
3543,2
3544,2
3546,2
3547,2
3548,3
3549,3
3550,6
3551,1
3552,42
3555,1
3557,1
3559,2
3560,2
3561,4
3562,3
3563,3
3564,1
3565,1
3566,3
3569,3
3570,1
3571,1
3572,1
3573,2
3575,2
3577,1
3579,3
3580,1
3581,1
3582,2
3584,1
3585,1
3586,2
3587,2
3588,1
3589,2
3590,5
3591,1
3592,4
3593,2
3594,2
3595,2
3596,1
3599,2
3600,184
3601,2
3602,1
3603,2
3605,4
3606,1
3608,2
3610,3
3611,1
3612,3
3613,3
3614,2
3615,2
3616,1
3617,3
3619,2
3620,2
3621,1
3622,1
3625,4
3626,1
3627,1
3628,1
3629,3
3630,3
3631,1
3632,5
3633,3
3634,2
3635,2
3636,3
3638,2
3639,1
3642,1
3643,2
3645,1
3646,2
3647,3
3648,2
3649,1
3650,2
3651,1
3652,6
3653,1
3654,1
3655,2
3656,3
3659,2
3660,6
3661,4
3664,2
3666,7
3667,3
3668,1
3669,1
3670,2
3671,1
3672,1
3673,2
3674,3
3675,3
3676,1
3677,1
3678,6
3680,4
3681,2
3682,2
3683,1
3685,3
3686,1
3687,3
3689,18
3690,5
3691,2
3692,6
3693,1
3694,4
3695,1
3697,2
3699,1
3700,11
3701,7
3702,2
3703,1
3704,11
3705,1
3706,1
3707,1
3708,2
3709,2
3710,1
3713,1
3714,1
3715,1
3716,2
3719,1
3720,2
3721,3
3722,1
3723,3
3724,3
3725,9
3726,1
3727,3
3728,1
3729,1
3730,1
3731,2
3732,1
3735,8
3737,1
3738,1
3739,12
3740,3
3743,3
3744,2
3745,2
3746,1
3747,4
3749,1
3750,1
3752,4
3753,1
3754,2
3755,2
3756,1
3757,1
3758,1
3760,2
3761,2
3762,1
3763,2
3764,5
3767,1
3768,3
3769,2
3770,1
3771,2
3772,15
3775,3
3776,2
3777,2
3779,1
3780,4
3781,3
3782,2
3783,1
3784,3
3785,2
3786,12
3787,2
3789,3
3791,2
3792,3
3793,2
3794,1
3795,1
3796,1
3797,3
3798,1
3799,1
3800,11
3801,6
3802,2
3803,2
3805,1
3807,3
3808,2
3810,1
3811,3
3812,2
3814,2
3815,2
3816,3
3817,1
3819,2
3820,3
3822,4
3823,2
3825,5
3826,6
3827,2
3829,1
3830,3
3831,1
3832,1
3833,2
3834,2
3836,12
3838,3
3839,6
3840,2
3841,1
3842,5
3843,1
3844,3
3845,2
3846,2
3847,1
3850,3
3851,6
3852,12
3853,6
3854,1
3855,1
3856,3
3857,3
3859,1
3860,5
3861,9
3863,1
3865,2
3866,2
3867,3
3868,1
3870,2
3872,2
3873,2
3874,2
3875,1
3876,1
3878,1
3879,2
3880,3
3881,1
3884,1
3885,2
3886,11
3889,3
3892,35
3893,2
3894,1
3895,2
3898,3
3899,1
3900,13
3901,7
3902,2
3903,3
3905,2
3906,4
3908,1
3909,1
3911,3
3912,1
3914,1
3915,3
3916,4
3918,1
3919,3
3921,1
3922,3
3923,1
3924,5
3925,6
3927,2
3928,4
3929,2
3930,2
3931,2
3932,9
3933,1
3934,1
3935,1
3936,2
3937,3
3938,3
3939,4
3941,1
3943,1
3944,1
3945,2
3946,1
3947,1
3948,6
3949,3
3950,6
3951,1
3952,24
3953,2
3954,2
3955,2
3956,5
3958,1
3959,2
3960,2
3961,167
3962,2
3963,2
3965,1
3966,2
3967,2
3968,5
3969,2
3971,1
3972,2
3973,3
3974,1
3975,5
3976,2
3977,4
3978,4
3979,2
3980,19
3981,4
3982,3
3984,2
3985,1
3986,8
3987,3
3988,2
3989,4
3990,2
3992,2
3995,1
3997,1
3999,3
4000,22
4001,10
4002,13
4003,1
4005,2
4006,2
4007,1
4008,1
4009,1
4010,5
4011,1
4012,1
4013,1
4014,1
4015,1
4016,3
4017,2
4018,4
4019,1
4020,7
4021,1
4022,2
4023,1
4024,1
4025,26
4026,2
4027,2
4028,6
4029,1
4030,4
4032,1
4033,3
4034,3
4035,1
4036,3
4038,3
4039,2
4040,2
4041,1
4042,3
4044,2
4045,3
4046,2
4047,2
4048,1
4049,3
4050,3
4051,5
4052,645
4053,4
4054,1
4055,1
4056,1
4057,1
4058,1
4059,3
4060,1
4061,9
4062,1
4063,4
4064,1
4065,2
4066,7
4067,3
4070,2
4071,1
4072,1
4073,4
4074,3
4075,5
4076,3
4077,2
4078,3
4079,2
4080,1
4082,2
4084,1
4085,2
4086,42
4087,2
4089,5
4092,6
4093,2
4094,2
4096,1
4097,2
4098,1
4100,148
4101,4
4103,1
4105,1
4107,1
4108,1
4109,1
4110,1
4112,4
4113,1
4114,3
4115,2
4116,1
4118,2
4119,3
4120,1
4121,2
4122,1
4123,3
4125,3
4130,1
4131,1
4132,2
4133,1
4135,2
4136,2
4138,3
4139,2
4140,2
4141,1
4142,1
4143,2
4144,3
4145,2
4147,1
4148,1
4150,4
4151,4
4152,11
4153,1
4154,1
4155,3
4156,1
4160,3
4161,17
4163,1
4164,3
4165,2
4166,5
4167,2
4170,3
4172,2
4173,1
4174,2
4175,1
4177,1
4178,3
4180,3
4181,1
4183,2
4184,3
4186,6
4187,3
4188,1
4189,45
4191,1
4192,6
4193,1
4197,3
4200,12
4201,2
4202,5
4203,1
4204,5
4205,2
4206,2
4210,3
4211,1
4212,1
4213,1
4214,1
4215,2
4216,1
4217,2
4219,2
4220,1
4221,2
4222,3
4225,2
4227,1
4228,1
4231,5
4232,1
4233,1
4234,2
4235,3
4238,1
4239,10
4240,2
4241,1
4243,1
4244,5
4246,4
4247,2
4249,1
4250,2
4251,2
4252,19
4253,2
4255,1
4256,1
4258,2
4259,1
4260,1
4261,5
4263,2
4265,1
4266,2
4267,3
4269,3
4270,2
4271,3
4272,7
4273,2
4274,1
4275,3
4276,1
4277,1
4278,3
4280,3
4281,3
4282,1
4286,6
4287,1
4288,2
4289,4
4290,2
4291,3
4292,4
4295,1
4296,3
4297,1
4298,1
4299,1
4300,24
4301,2
4302,1
4304,1
4305,3
4308,1
4309,1
4313,1
4315,1
4316,3
4317,1
4318,1
4322,4
4323,5
4324,2
4325,2
4329,1
4333,2
4335,1
4336,3
4337,3
4338,1
4339,3
4340,2
4341,3
4342,4
4345,1
4346,1
4347,2
4348,1
4349,4
4350,2
4351,3
4352,18
4353,3
4354,5
4355,1
4358,1
4359,1
4360,2
4361,18
4362,2
4363,1
4364,2
4365,2
4366,2
4368,3
4369,7
4370,2
4371,4
4372,4
4374,4
4376,1
4378,1
4380,2
4381,2
4383,1
4385,1
4386,12
4388,1
4389,2
4392,9
4393,2
4396,1
4398,1
4400,5
4401,4
4402,1
4403,2
4404,5
4405,5
4406,4
4407,2
4408,1
4409,1
4410,2
4412,4
4414,1
4415,2
4416,1
4417,1
4418,1
4419,1
4420,1
4421,3
4422,3
4423,1
4424,2
4425,3
4426,1
4427,2
4429,1
4430,1
4431,2
4432,1
4433,2
4434,2
4435,3
4436,1
4437,2
4438,3
4439,6
4440,2
4443,2
4444,2
4445,1
4446,1
4447,2
4448,3
4449,1
4450,4
4451,3
4452,25
4454,4
4459,2
4460,5
4461,191
4462,1
4463,2
4464,1
4465,1
4466,3
4467,1
4468,1
4469,7
4470,3
4471,2
4472,1
4473,1
4474,2
4475,4
4476,1
4477,1
4478,1
4479,3
4480,7
4483,3
4484,1
4486,51
4488,1
4489,4
4490,3
4491,1
4492,2
4494,1
4496,1
4497,2
4498,2
4499,2
4500,9
4501,16
4502,6
4503,1
4505,1
4507,7
4508,1
4510,3
4513,1
4514,2
4515,3
4516,3
4517,1
4518,2
4519,2
4520,3
4521,1
4522,1
4523,1
4525,14
4526,1
4527,1
4528,4
4530,2
4532,1
4533,1
4534,1
4535,1
4537,1
4538,5
4539,4
4540,2
4541,2
4546,2
4547,3
4551,4
4552,30
4554,1
4555,1
4556,1
4559,3
4560,3
4561,4
4562,1
4563,1
4564,3
4565,3
4566,2
4568,1
4569,53
4570,2
4571,2
4573,3
4574,4
4575,2
4576,1
4577,1
4579,1
4580,5
4582,2
4584,1
4586,64
4587,3
4588,1
4589,5
4590,22
4591,1
4592,3
4594,1
4595,1
4596,2
4598,1
4599,3
4600,3
4601,14
4602,6
4603,1
4604,3
4607,1
4608,1
4609,2
4610,2
4611,1
4612,2
4613,4
4614,1
4615,2
4619,2
4620,1
4622,1
4623,2
4625,2
4627,1
4629,4
4630,1
4634,1
4635,6
4637,3
4638,5
4639,3
4640,3
4643,1
4645,3
4646,2
4647,2
4648,1
4649,3
4650,4
4651,2
4652,4
4653,2
4655,2
4656,4
4658,1
4659,4
4660,12
4661,8
4662,3
4663,3
4664,1
4666,10
4667,4
4668,3
4669,6
4670,3
4671,1
4672,30
4673,6
4674,1
4675,4
4676,3
4677,1
4678,1
4679,2
4680,2
4681,5
4682,1
4683,3
4684,2
4685,1
4686,6
4687,2
4688,1
4689,1
4690,1
4691,2
4692,5
4693,1
4694,1
4695,2
4696,1
4698,1
4699,4
4700,6
4701,25
4702,3
4703,3
4704,12
4705,3
4706,5
4707,1
4708,4
4710,2
4711,1
4712,1
4716,1
4718,2
4719,5
4720,1
4721,2
4722,2
4723,2
4724,1
4726,1
4727,1
4728,4
4729,5
4730,2
4731,1
4734,1
4735,24
4736,4
4738,4
4739,26
4740,3
4741,4
4742,3
4743,1
4744,1
4745,5
4746,3
4747,48
4748,3
4750,4
4751,2
4752,3
4753,3
4754,1
4755,1
4756,3
4757,2
4758,2
4759,2
4760,1
4761,7
4762,3
4763,3
4764,2
4765,2
4767,2
4768,2
4769,6
4770,1
4771,3
4772,72
4773,1
4774,3
4775,1
4776,1
4777,4
4779,1
4780,2
4781,1
4782,1
4784,2
4785,2
4786,10
4787,1
4790,2
4791,2
4792,8
4793,2
4795,2
4796,1
4797,2
4798,1
4800,12
4801,15
4802,7
4803,6
4806,3
4807,5
4808,1
4809,5
4810,4
4812,5
4813,2
4814,2
4815,3
4816,2
4817,2
4818,6
4819,12
4820,2
4821,6
4822,4
4823,5
4824,2
4825,1
4827,2
4828,1
4829,4
4830,9
4831,5
4832,3
4833,3
4834,5
4835,7
4836,3
4837,3
4838,1
4839,4
4840,4
4841,5
4842,5
4843,7
4844,2
4845,4
4846,6
4847,1
4848,6
4849,4
4850,10
4851,6
4852,5
4853,2
4854,7
4855,7
4856,4
4857,9
4858,5
4859,8
4860,3
4861,12
4862,9
4863,13
4864,13
4865,19
4866,21
4867,21
4868,18
4869,44
4870,23
4871,16
4872,26
4873,16
4874,22
4875,21
4876,20
4877,22
4878,27
4879,19
4880,32
4881,24
4882,23
4883,19
4884,35
4885,34
4886,23
4887,26
4888,25
4889,34
4890,33
4891,45
4892,175
4893,54
4894,41
4895,50
4896,96
4897,89
4898,101
4899,143
4900,168
4901,160
4902,189
4903,294
4904,297
4905,191
4906,103
4907,95
4908,153
4909,203
4910,212
4911,248
4912,291
4913,299
4914,309
4915,370
4916,397
4917,315
4918,264
4919,278
4920,263
4921,268
4922,242
4923,229
4924,256
4925,333
4926,255
4927,344
4928,269
4929,246
4930,165
4931,209
4932,262
4933,314
4934,272
4935,329
4936,280
4937,236
4938,267
4939,226
4940,219
4941,185
4942,204
4943,190
4944,175
4945,165
4946,193
4947,156
4948,153
4949,202
4950,200
4951,213
4952,211
4953,256
4954,413
4955,504
4956,450
4957,486
4958,410
4959,310
4960,280
4961,307
4962,207
4963,187
4964,209
4965,221
4966,226
4967,177
4968,217
4969,214
4970,192
4971,223
4972,218
4973,178
4974,157
4975,172
4976,162
4977,188
4978,256
4979,141
4980,146
4981,132
4982,141
4983,123
4984,117
4985,104
4986,113
4987,115
4988,164
4989,174
4990,111
4991,97
4992,75
4993,91
4994,120
4995,133
4996,167
4997,185
4998,263
4999,380
5000,434
5001,583
5002,458
5003,406
5004,402
5005,471
5006,395
5007,275
5008,224
5009,257
5010,254
5011,236
5012,224
5013,162
5014,198
5015,201
5016,189
5017,212
5018,177
5019,173
5020,185
5021,293
5022,143
5023,134
5024,165
5025,160
5026,181
5027,155
5028,146
5029,97
5030,75
5031,66
5032,76
5033,70
5034,54
5035,59
5036,59
5037,55
5038,50
5039,40
5040,51
5041,27
5042,43
5043,29
5044,45
5045,34
5046,34
5047,13
5048,23
5049,18
5050,23
5051,12
5052,15
5053,16
5054,17
5055,18
5056,14
5057,12
5058,12
5059,10
5060,10
5061,9
5062,8
5063,6
5064,7
5065,6
5066,9
5067,7
5068,2
5069,1
5070,4
5071,3
5072,3
5073,6
5074,2
5075,3
5076,1
5077,4
5078,2
5080,3
5082,1
5083,2
5084,2
5085,1
5086,28
5087,3
5088,3
5089,2
5090,2
5091,1
5092,2
5093,1
5094,3
5095,2
5096,3
5097,2
5098,1
5099,1
5100,2
5101,7
5103,2
5104,5
5105,2
5106,3
5107,1
5109,1
5110,2
5111,2
5112,1
5113,3
5114,2
5115,2
5116,2
5118,1
5119,2
5121,2
5122,1
5124,1
5125,1
5126,5
5127,3
5128,1
5129,2
5130,1
5131,1
5133,1
5134,2
5137,1
5139,7
5140,3
5141,4
5143,1
5144,2
5146,4
5147,4
5149,1
5150,2
5151,3
5152,1
5153,2
5154,2
5155,1
5156,37
5157,1
5158,1
5159,1
5160,1
5161,14
5162,1
5163,2
5164,2
5166,6
5167,1
5170,2
5171,4
5172,4
5173,1
5174,3
5175,1
5176,1
5178,1
5179,1
5180,1
5183,2
5184,2
5185,2
5186,8
5187,3
5188,1
5189,1
5190,4
5191,2
5193,3
5194,1
5195,3
5196,1
5199,2
5200,9
5201,10
5202,2
5203,3
5204,15
5206,1
5207,3
5208,4
5209,5
5210,1
5211,5
5212,5
5213,2
5214,7
5215,5
5216,5
5217,10
5218,5
5219,14
5220,12
5221,23
5222,13
5223,13
5224,13
5225,13
5226,22
5227,11
5228,16
5229,21
5230,24
5231,41
5232,32
5233,30
5234,50
5235,36
5236,37
5237,52
5238,59
5239,66
5240,68
5241,76
5242,92
5243,96
5244,81
5245,99
5246,104
5247,138
5248,140
5249,136
5250,156
5251,157
5252,201
5253,196
5254,210
5255,217
5256,205
5257,201
5258,221
5259,235
5260,233
5261,236
5262,314
5263,264
5264,321
5265,300
5266,333
5267,339
5268,360
5269,355
5270,356
5271,394
5272,398
5273,414
5274,407
5275,451
5276,487
5277,459
5278,421
5279,479
5280,514
5281,493
5282,537
5283,572
5284,634
5285,566
5286,554
5287,534
5288,535
5289,597
5290,588
5291,616
5292,720
5293,686
5294,750
5295,688
5296,863
5297,771
5298,769
5299,763
5300,716
5301,760
5302,895
5303,870
5304,828
5305,717
5306,616
5307,639
5308,587
5309,457
5310,441
5311,444
5312,418
5313,538
5314,569
5315,498
5316,603
5317,592
5318,560
5319,431
5320,458
5321,394
5322,418
5323,420
5324,398
5325,483
5326,453
5327,459
5328,521
5329,530
5330,505
5331,626
5332,745
5333,757
5334,824
5335,641
5336,687
5337,713
5338,710
5339,691
5340,616
5341,607
5342,506
5343,438
5344,350
5345,326
5346,352
5347,320
5348,314
5349,290
5350,234
5351,255
5352,282
5353,318
5354,257
5355,197
5356,258
5357,216
5358,181
5359,138
5360,138
5361,141
5362,135
5363,101
5364,103
5365,77
5366,86
5367,90
5368,85
5369,64
5370,62
5371,81
5372,68
5373,45
5374,52
5375,51
5376,40
5377,48
5378,48
5379,35
5380,24
5381,20
5382,34
5383,24
5384,23
5385,22
5386,28
5387,27
5388,18
5389,13
5390,15
5391,13
5392,15
5393,16
5394,14
5395,10
5396,14
5397,7
5398,14
5399,8
5400,9
5401,14
5402,4
5403,5
5404,6
5405,5
5406,8
5407,2
5408,1
5409,1
5410,3
5411,6
5412,4
5413,3
5414,2
5415,2
5416,4
5417,2
5419,1
5420,5
5421,13
5422,2
5423,2
5424,1
5425,3
5426,3
5427,4
5428,1
5430,2
5431,3
5432,6
5433,3
5434,1
5435,2
5436,2
5437,1
5438,3
5439,3
5440,2
5443,1
5445,1
5446,2
5448,2
5449,2
5450,5
5451,3
5452,7
5453,1
5454,2
5456,2
5458,1
5459,1
5460,3
5461,28
5462,2
5463,1
5464,4
5465,2
5466,3
5467,2
5468,1
5469,1
5470,6
5471,1
5474,3
5475,1
5477,1
5478,4
5479,3
5480,10
5484,2
5485,2
5486,5
5488,2
5489,3
5490,2
5491,1
5492,2
5493,3
5494,1
5496,1
5497,2
5498,2
5499,1
5500,2
5501,18
5502,6
5506,2
5507,1
5508,2
5511,1
5512,1
5515,1
5516,1
5518,1
5519,1
5520,2
5521,94
5522,3
5524,1
5526,1
5528,4
5529,28
5530,1
5532,3
5533,3
5534,1
5536,2
5538,1
5539,3
5540,2
5541,2
5543,1
5545,2
5546,2
5547,2
5548,1
5549,4
5550,2
5551,3
5552,3
5553,1
5554,2
5556,3
5558,1
5559,1
5561,2
5564,2
5565,2
5566,1
5567,1
5568,1
5569,1
5570,1
5571,51
5573,1
5574,1
5579,1
5580,1
5581,1
5583,2
5586,1
5588,2
5589,3
5590,1
5591,1
5592,2
5594,1
5595,1
5596,1
5597,1
5599,1
5600,6
5601,6
5602,2
5604,4
5605,3
5606,1
5607,1
5608,3
5609,2
5610,2
5611,3
5612,3
5613,4
5614,2
5616,1
5617,4
5618,1
5619,7
5620,2
5621,7
5622,1
5623,4
5624,3
5625,1
5626,4
5627,5
5628,4
5629,1
5630,5
5631,4
5632,1
5633,1
5634,5
5635,4
5636,1
5637,3
5638,3
5639,4
5640,3
5641,4
5642,5
5643,2
5644,6
5645,4
5646,6
5647,6
5648,4
5649,4
5650,10
5651,10
5652,12
5653,20
5654,38
5655,32
5656,38
5657,16
5658,26
5659,39
5660,31
5661,56
5662,35
5663,31
5664,33
5665,43
5666,38
5667,43
5668,51
5669,62
5670,82
5671,59
5672,55
5673,74
5674,85
5675,80
5676,95
5677,133
5678,143
5679,168
5680,174
5681,201
5682,177
5683,155
5684,211
5685,230
5686,271
5687,281
5688,280
5689,306
5690,353
5691,437
5692,480
5693,525
5694,484
5695,540
5696,497
5697,517
5698,461
5699,399
5700,366
5701,352
5702,359
5703,333
5704,334
5705,318
5706,304
5707,316
5708,354
5709,328
5710,347
5711,361
5712,348
5713,361
5714,297
5715,259
5716,236
5717,186
5718,162
5719,124
5720,121
5721,127
5722,149
5723,116
5724,121
5725,143
5726,110
5727,107
5728,96
5729,70
5730,86
5731,63
5732,72
5733,51
5734,42
5735,60
5736,49
5737,53
5738,34
5739,45
5740,31
5741,19
5742,25
5743,22
5744,22
5745,34
5746,26
5747,22
5748,17
5749,23
5750,26
5751,15
5752,10
5753,14
5754,16
5755,10
5756,5
5757,9
5758,6
5759,12
5760,8
5761,2
5762,3
5763,8
5764,8
5765,6
5766,8
5767,8
5768,6
5769,4
5771,11
5772,12
5773,1
5774,2
5776,2
5777,2
5778,2
5779,3
5780,4
5781,1
5783,1
5785,2
5787,3
5789,1
5790,2
5792,1
5793,1
5794,1
5795,3
5796,1
5798,1
5799,1
5800,9
5801,5
5802,2
5804,4
5806,2
5807,2
5808,2
5810,5
5811,3
5812,4
5813,1
5814,1
5816,1
5817,1
5818,1
5820,5
5821,17
5822,2
5823,2
5824,1
5826,2
5829,1
5831,1
5832,3
5833,1
5834,1
5835,1
5836,1
5839,3
5841,1
5842,1
5843,3
5844,3
5845,3
5846,1
5847,2
5848,1
5849,1
5850,3
5851,2
5852,2
5854,2
5856,3
5858,1
5859,2
5861,3
5862,2
5863,2
5864,1
5865,1
5867,1
5871,11
5875,2
5877,1
5878,2
5879,1
5880,6
5881,1
5884,4
5885,2
5886,4
5888,1
5889,1
5890,1
5891,1
5892,13
5893,1
5894,2
5895,1
5896,1
5897,1
5898,1
5899,3
5900,8
5901,7
5903,1
5904,2
5906,2
5907,1
5908,4
5910,2
5911,1
5913,2
5915,2
5916,2
5917,21
5918,2
5919,3
5920,4
5921,41
5924,1
5926,2
5927,1
5928,4
5929,2
5930,2
5931,6
5932,1
5933,2
5934,2
5935,2
5936,2
5937,1
5943,2
5944,2
5945,1
5947,1
5948,1
5949,2
5950,3
5951,1
5952,2
5955,2
5956,1
5957,2
5958,1
5959,3
5960,2
5961,3
5963,2
5964,1
5965,2
5966,1
5967,3
5968,1
5969,1
5970,10
5971,7
5972,1
5973,4
5974,2
5975,2
5976,1
5977,1
5979,1
5980,86
5982,2
5983,2
5984,3
5985,2
5986,2
5987,2
5990,2
5991,2
5992,1
5993,3
5994,1
5995,2
5997,3
5998,1
5999,8
6000,78
6001,52
6002,6
6004,1
6006,1
6007,1
6008,1
6009,1
6010,1
6011,2
6012,7
6013,1
6015,2
6016,10
6017,1008
6018,12
6019,3
6020,2
6021,1
6022,1
6023,2
6024,2
6025,1
6026,1
6027,2
6028,1
6029,20
6032,1
6035,1
6036,1
6037,1
6038,2
6039,1
6040,4
6041,1
6042,1
6044,2
6045,1
6046,2
6047,2
6048,1
6050,3
6051,9
6052,2
6053,3
6056,5
6059,2
6061,3
6062,1
6064,2
6065,1
6066,4
6067,3
6068,1
6069,3
6070,2
6071,65
6072,3
6073,1
6074,1
6075,2
6077,2
6078,1
6080,6
6081,1
6084,3
6085,2
6086,4
6087,2
6088,3
6090,1
6092,5
6093,2
6094,1
6095,1
6096,1
6097,2
6099,1
6100,13
6101,5
6102,2
6103,1
6105,3
6106,1
6108,3
6109,1
6110,2
6112,2
6113,1
6114,2
6115,1
6117,67
6118,1
6123,2
6124,1
6126,3
6127,3
6128,2
6129,5
6130,1
6133,2
6134,1
6135,1
6139,2
6142,1
6143,1
6144,1
6145,2
6146,1
6147,6
6148,1
6149,1
6150,2
6151,3
6152,1
6153,1
6156,22
6157,2
6161,4
6162,1
6163,1
6164,2
6166,2
6167,1
6169,2
6170,2
6171,6
6172,1
6173,2
6177,2
6179,2
6180,5
6181,1
6183,1
6184,1
6185,1
6190,1
6191,1
6192,1
6193,2
6196,1
6197,1
6199,1
6200,11
6201,6
6202,2
6204,8
6205,1
6207,1
6209,2
6210,2
6212,1
6213,1
6214,1
6215,2
6216,3
6217,70
6218,2
6219,1
6221,2
6222,2
6223,2
6225,1
6226,1
6228,5
6229,6
6230,1
6232,1
6235,2
6236,1
6239,2
6242,1
6243,2
6245,2
6246,3
6247,4
6248,1
6250,1
6251,3
6254,2
6255,1
6256,2
6259,2
6260,1
6261,1
6262,1
6264,1
6265,2
6266,3
6267,4
6270,2
6271,1
6272,2
6273,2
6274,1
6278,1
6279,1
6280,1
6281,1
6283,3
6284,1
6285,1
6288,4
6290,2
6291,1
6293,2
6294,1
6295,1
6297,1
6298,1
6300,3
6301,6
6302,1
6305,2
6307,1
6310,1
6312,2
6314,5
6315,1
6316,2
6317,14
6319,2
6320,2
6322,9
6325,1
6326,1
6328,1
6329,1
6330,1
6331,1
6333,1
6336,3
6337,1
6338,2
6339,3
6340,2
6341,1
6342,4
6343,1
6344,3
6345,2
6347,1
6348,1
6349,2
6350,1
6351,1
6352,1
6354,2
6355,1
6356,4
6360,4
6361,1
6368,1
6371,9
6373,1
6376,1
6377,1
6378,3
6380,2
6381,2
6382,1
6384,2
6389,2
6390,1
6392,8
6394,1
6395,1
6397,1
6400,7
6401,8
6402,5
6405,1
6409,2
6410,1
6411,2
6412,1
6413,3
6414,1
6415,3
6417,27
6420,1
6421,2
6422,1
6423,1
6425,1
6426,1
6427,2
6428,2
6429,1
6430,4
6431,3
6432,7
6433,2
6434,1
6435,1
6436,1
6438,1
6441,2
6442,2
6444,1
6445,12
6448,1
6449,3
6450,11
6451,6
6452,1
6453,1
6455,1
6456,3
6457,1
6460,1
6462,2
6464,1
6465,1
6466,2
6467,4
6468,1
6470,14
6471,5
6472,1
6473,1
6475,3
6477,2
6478,1
6480,7
6484,1
6485,2
6487,2
6492,1
6494,1
6495,1
6496,1
6499,1
6500,49
6501,7
6502,86
6504,3
6507,4
6508,1
6509,1
6511,1
6512,1
6514,1
6515,4
6516,5
6517,196
6518,1
6520,2
6521,1
6523,2
6526,1
6528,1
6529,4
6530,1
6531,1
6532,1
6533,1
6535,2
6537,1
6538,1
6539,6
6540,6
6541,1
6542,2
6543,1
6544,1
6545,2
6547,4
6548,1
6550,6
6551,2
6552,3
6556,2
6560,2
6561,3
6563,2
6564,1
6566,3
6570,1
6571,46
6575,1
6580,1
6581,1
6582,3
6583,1
6587,2
6590,1
6591,2
6592,4
6594,2
6600,5
6601,1
6602,2
6606,3
6607,1
6611,1
6612,2
6614,2
6615,1
6617,6
6619,2
6620,1
6622,2
6623,1
6624,2
6626,1
6628,1
6629,2
6630,1
6632,2
6633,1
6634,2
6635,2
6636,1
6637,1
6639,3
6640,2
6643,1
6644,2
6645,4
6646,2
6647,1
6650,3
6651,1
6653,1
6656,12
6661,7
6663,1
6664,2
6666,21
6669,2
6670,1
6671,5
6672,2
6674,1
6675,2
6676,1
6677,1
6678,10
6679,1
6681,2
6682,1
6683,2
6684,4
6685,1
6687,1
6688,1
6692,3
6694,1
6700,7
6701,3
6702,6
6703,1
6704,15
6705,1
6707,1
6709,1
6715,1
6716,2
6717,12
6718,2
6719,1
6721,2
6722,3
6723,1
6724,1
6727,1
6729,1
6730,1
6731,1
6732,1
6733,1
6735,3
6736,1
6737,1
6739,45
6740,1
6741,2
6742,2
6744,1
6745,2
6746,3
6747,8
6748,1
6749,1
6750,4
6751,6
6752,2
6753,1
6754,1
6756,3
6757,1
6759,1
6763,1
6764,1
6766,1
6767,4
6769,1
6770,3
6771,4
6772,8
6773,1
6774,2
6775,1
6778,2
6779,1
6780,2
6784,1
6785,2
6790,3
6792,2
6793,1
6794,1
6796,1
6797,1
6799,1
6800,9
6801,2
6802,6
6804,2
6806,2
6808,2
6810,1
6811,1
6812,1
6814,2
6815,1
6816,3
6817,20
6819,3
6820,2
6823,2
6824,1
6825,2
6826,1
6828,2
6830,2
6832,2
6833,1
6835,2
6836,1
6839,5
6840,2
6841,1
6843,3
6845,2
6851,1
6852,2
6853,1
6854,2
6856,3
6857,1
6858,1
6859,5
6860,1
6861,6
6862,3
6863,2
6864,2
6866,1
6867,1
6868,1
6870,3
6871,9
6879,1
6881,1
6882,2
6884,1
6885,1
6887,3
6889,1
6891,2
6892,14
6893,1
6894,2
6896,1
6897,2
6898,2
6899,2
6900,19
6901,1
6902,3
6904,3
6905,2
6906,2
6908,1
6909,1
6910,2
6915,1
6916,1
6917,20
6918,1
6919,1
6920,1
6921,1
6922,2
6927,3
6928,1
6930,2
6931,1
6932,1
6933,1
6934,1
6935,1
6936,2
6937,3
6938,6
6939,2
6942,1
6945,2
6946,1
6947,2
6948,1
6949,1
6950,5
6952,2
6953,1
6954,1
6955,2
6956,3
6957,1
6959,1
6960,2
6961,2
6962,1
6964,1
6965,1
6966,3
6967,5
6970,8
6971,5
6972,2
6973,1
6974,1
6975,1
6976,1
6977,4
6978,2
6979,3
6980,6
6981,2
6982,1
6983,1
6984,1
6985,1
6988,2
6989,1
6990,3
6992,1
6994,2
6995,2
6996,1
6997,2
6998,1
6999,4
7000,654
7001,6
7002,80
7004,3
7006,2
7007,3
7009,1
7010,1
7011,1
7012,1
7014,1
7015,1
7016,3
7017,249
7018,3
7019,2
7020,3
7021,3
7022,2
7025,1
7027,4
7028,19
7029,22
7030,1
7031,4
7032,1
7033,2
7034,3
7035,1
7036,4
7038,5
7039,1
7040,1
7041,1
7042,1
7045,3
7049,2
7050,2
7051,4
7052,1
7053,1
7055,3
7056,12
7060,2
7061,1
7064,1
7065,1
7067,1
7068,1
7070,2
7071,20
7072,1
7074,1
7078,3
7079,2
7080,1
7082,2
7084,1
7086,1
7088,1
7092,5
7093,1
7095,2
7097,1
7098,1
7099,1
7100,7
7101,2
7102,9
7103,1
7104,1
7106,4
7107,2
7110,1
7111,1
7113,2
7114,3
7115,1
7116,1
7117,23
7119,2
7120,4
7121,1
7122,3
7124,1
7127,2
7128,2
7129,11
7130,1
7132,2
7133,1
7134,1
7135,2
7136,1
7137,2
7139,2
7140,1
7141,1
7142,1
7143,2
7144,1
7145,1
7147,1
7149,5
7150,5
7151,2
7153,1
7154,4
7156,244
7157,3
7158,1
7159,1
7160,1
7161,7
7164,2
7167,3
7168,1
7170,1
7171,4
7173,2
7174,3
7175,2
7176,2
7177,3
7178,3
7180,5
7182,1
7184,4
7185,1
7188,1
7189,2
7190,1
7191,1
7192,1
7196,1
7197,1
7199,1
7200,16
7202,11
7203,2
7204,10
7206,1
7207,1
7208,1
7210,1
7213,1
7215,2
7216,2
7217,54
7219,2
7221,2
7222,1
7223,4
7224,2
7225,1
7226,2
7228,2
7229,3
7230,2
7233,1
7234,1
7235,2
7238,1
7239,10
7242,3
7243,1
7244,2
7245,3
7246,6
7247,7
7248,1
7249,1
7250,3
7251,1
7252,2
7253,2
7254,3
7255,3
7256,13
7257,2
7261,3
7263,1
7264,2
7266,2
7268,2
7269,1
7270,2
7271,4
7272,8
7273,3
7275,3
7276,2
7280,1
7281,2
7282,2
7283,1
7285,2
7287,1
7289,1
7290,1
7292,1
7293,1
7294,1
7295,1
7296,1
7298,3
7299,1
7300,6
7301,1
7302,5
7304,1
7305,2
7306,1
7307,1
7310,2
7311,1
7312,4
7316,2
7317,29
7318,2
7319,2
7320,1
7321,2
7324,2
7325,1
7327,1
7328,2
7329,3
7331,1
7332,1
7333,1
7335,3
7336,1
7337,4
7338,2
7339,6
7340,1
7342,1
7343,1
7344,2
7346,1
7348,1
7349,2
7350,2
7351,5
7352,3
7354,1
7355,2
7356,2
7357,1
7358,1
7360,2
7361,2
7365,1
7366,2
7368,2
7369,1
7370,3
7371,16
7372,2
7373,3
7375,1
7376,1
7378,1
7379,1
7381,2
7383,1
7384,2
7385,1
7388,1
7392,21
7393,2
7394,1
7395,1
7396,2
7397,1
7398,1
7399,1
7400,6
7401,1
7402,3
7403,1
7404,2
7406,1
7407,1
7408,2
7413,1
7414,1
7416,1
7417,31
7419,1
7421,1
7423,1
7424,1
7427,1
7428,1
7429,5
7430,1
7432,2
7436,2
7438,1
7439,3
7444,1
7445,2
7447,2
7449,1
7450,4
7451,2
7452,3
7455,1
7456,2
7457,5
7459,1
7460,2
7462,4
7464,2
7466,2
7467,5
7470,7
7471,10
7472,2
7473,2
7474,2
7476,1
7477,5
7478,1
7480,7
7481,1
7482,1
7483,1
7484,2
7486,1
7487,1
7488,2
7489,2
7490,3
7491,1
7492,3
7494,1
7497,1
7498,1
7499,2
7500,26
7502,36
7504,3
7505,1
7506,1
7507,2
7511,2
7512,1
7513,2
7514,1
7515,1
7516,3
7517,192
7521,1
7524,1
7525,1
7527,2
7528,4
7529,17
7531,2
7533,1
7535,1
7536,1
7538,1
7539,2
7540,1
7542,2
7546,2
7547,3
7548,2
7550,1
7551,7
7556,4
7557,1
7558,3
7559,1
7561,5
7563,1
7566,1
7567,1
7571,49
7572,2
7573,3
7577,1
7578,1
7582,1
7585,3
7588,3
7592,2
7594,1
7596,1
7597,1
7600,5
7601,3
7602,1
7603,3
7604,3
7605,1
7606,1
7607,2
7608,2
7609,1
7610,3
7611,2
7612,3
7616,1
7617,16
7619,1
7622,1
7624,1
7625,2
7626,2
7628,1
7629,1
7631,1
7632,1
7635,2
7636,2
7637,2
7639,5
7642,1
7644,1
7647,2
7648,1
7649,1
7650,5
7651,2
7652,3
7653,2
7654,1
7655,1
7656,19
7657,1
7658,2
7659,1
7660,2
7661,16
7663,1
7664,3
7665,1
7666,3
7667,1
7668,2
7669,3
7670,3
7671,2
7674,1
7676,1
7678,5
7679,1
7680,2
7682,2
7683,2
7684,1
7687,1
7688,3
7689,2
7690,1
7694,1
7697,1
7700,4
7701,4
7703,3
7704,93
7705,3
7706,3
7707,1
7709,1
7712,1
7713,1
7714,1
7715,3
7716,1
7717,7
7721,3
7722,1
7728,1
7729,2
7732,1
7734,1
7735,1
7737,1
7738,1
7739,28
7747,9
7749,3
7750,1
7751,1
7752,2
7756,1
7757,2
7760,1
7761,3
7762,2
7763,1
7766,1
7767,1
7768,1
7770,1
7771,5
7772,10
7773,3
7775,1
7776,2
7777,1
7779,1
7787,1
7788,3
7790,1
7792,2
7793,1
7794,1
7798,1
7799,1
7800,7
7801,2
7802,6
7804,8
7805,2
7806,2
7807,1
7809,1
7810,1
7812,1
7813,1
7815,2
7816,2
7817,16
7819,1
7821,1
7824,1
7826,1
7828,2
7829,2
7830,1
7832,1
7835,1
7836,1
7839,2
7840,1
7842,1
7844,3
7845,1
7846,4
7849,1
7850,2
7851,1
7852,2
7853,2
7856,3
7857,1
7858,1
7861,1
7862,1
7864,2
7865,1
7868,2
7870,2
7873,1
7874,2
7875,1
7876,1
7877,2
7878,2
7879,1
7880,1
7882,2
7887,3
7888,2
7890,1
7892,17
7898,1
7899,1
7900,9
7902,9
7903,1
7904,9
7905,1
7906,2
7908,1
7911,1
7912,5
7915,7
7916,3
7917,14
7919,1
7920,1
7921,1
7922,4
7923,2
7925,1
7927,2
7929,10
7931,1
7932,1
7934,1
7935,3
7937,3
7938,3
7939,1
7940,1
7942,2
7943,1
7944,1
7945,1
7946,1
7947,2
7950,7
7953,3
7954,2
7956,2
7957,1
7961,3
7962,2
7967,6
7970,4
7971,5
7972,5
7973,5
7974,2
7975,1
7977,3
7978,3
7979,2
7980,6
7981,3
7984,2
7985,1
7987,1
7988,1
7989,1
7991,1
7992,2
7994,1
7996,2
7997,2
7998,2
8000,65
8001,4
8002,65
8004,2
8006,1
8007,2
8008,2
8009,2
8010,2
8011,2
8012,1
8014,1
8015,1
8016,3
8017,437
8018,1
8019,1
8020,4
8023,1
8024,1
8026,1
8027,3
8028,4
8029,137
8030,2
8031,1
8033,1
8035,1
8036,3
8037,1
8038,3
8039,2
8040,3
8046,1
8048,1
8050,2
8051,13
8056,4
8058,1
8064,1
8065,2
8066,2
8067,2
8068,1
8069,1
8071,20
8072,4
8073,2
8074,2
8075,1
8077,3
8079,2
8081,2
8083,2
8085,1
8086,1
8087,2
8088,2
8089,1
8091,1
8092,4
8093,1
8097,3
8099,1
8100,6
8101,1
8102,8
8104,1
8105,1
8106,1
8109,2
8112,3
8113,1
8114,2
8117,14
8120,1
8126,1
8127,2
8128,2
8129,7
8130,2
8131,1
8135,1
8136,1
8137,1
8138,2
8139,3
8141,2
8142,15
8144,1
8147,2
8148,1
8149,2
8150,1
8152,1
8153,1
8155,1
8156,45
8157,2
8158,2
8159,2
8160,2
8161,7
8164,1
8165,1
8167,1
8170,1
8171,5
8172,1
8173,1
8174,4
8175,1
8176,1
8177,1
8178,3
8179,1
8180,1
8181,2
8182,1
8183,2
8184,2
8186,2
8187,1
8189,1
8191,2
8194,2
8196,1
8197,1
8198,1
8199,1
8200,11
8201,1
8202,6
8203,1
8204,16
8205,3
8206,1
8207,2
8210,2
8213,2
8214,2
8215,1
8217,18
8219,1
8220,3
8226,3
8228,2
8229,15
8230,1
8231,1
8234,2
8235,6
8236,3
8237,1
8239,8
8240,6
8242,1
8244,1
8247,1
8250,1
8252,1
8253,1
8256,11
8258,1
8259,1
8260,2
8261,2
8262,1
8263,1
8264,1
8267,1
8268,1
8270,2
8271,6
8272,1
8274,2
8275,1
8277,2
8279,1
8281,3
8283,1
8284,2
8286,2
8288,2
8289,1
8292,2
8296,1
8300,5
8302,2
8304,2
8306,1
8307,1
8312,1
8313,1
8315,1
8316,3
8317,22
8322,1
8324,1
8330,2
8332,4
8333,1
8336,1
8341,1
8343,1
8345,1
8346,1
8347,1
8350,2
8351,1
8352,2
8354,2
8356,5
8361,2
8365,1
8368,1
8370,2
8371,7
8372,1
8376,2
8377,2
8378,1
8380,1
8382,1
8384,1
8392,4
8394,1
8396,2
8397,2
8399,1
8400,6
8402,4
8403,1
8404,2
8405,1
8406,1
8407,1
8408,1
8409,1
8413,1
8414,2
8415,1
8417,15
8418,1
8421,2
8422,2
8423,2
8424,1
8425,1
8428,1
8429,7
8431,4
8432,1
8435,1
8439,2
8441,1
8442,4
8443,1
8444,1
8445,1
8446,1
8447,3
8449,2
8450,7
8452,2
8453,1
8454,1
8455,2
8456,7
8457,1
8458,1
8459,1
8461,1
8462,3
8464,2
8466,1
8467,1
8470,16
8471,18
8473,1
8475,1
8477,1
8478,1
8479,2
8480,3
8481,1
8484,1
8491,1
8495,1
8496,1
8497,5
8498,1
8500,24
8501,3
8502,31
8504,7
8505,1
8506,3
8507,2
8509,1
8510,1
8511,2
8512,1
8513,1
8515,3
8516,2
8517,409
8518,2
8519,1
8521,2
8526,1
8527,3
8528,2
8529,27
8530,1
8533,2
8535,1
8536,2
8538,1
8540,2
8542,1
8547,2
8550,2
8552,4
8553,1
8556,17
8557,1
8558,1
8559,1
8560,1
8561,1
8562,1
8563,1
8564,1
8565,1
8566,6
8567,1
8568,3
8570,3
8571,380
8572,4
8573,2
8576,1
8577,1
8580,2
8582,1
8583,1
8586,1
8587,1
8592,2
8593,1
8597,1
8599,1
8600,5
8601,1
8602,7
8604,2
8606,2
8612,1
8613,85
8617,9
8619,2
8620,1
8621,1
8622,1
8623,1
8625,2
8626,1
8630,1
8635,1
8638,1
8639,3
8640,1
8641,1
8643,1
8644,1
8646,1
8648,1
8650,3
8651,2
8652,1
8655,1
8656,38
8657,1
8658,1
8659,1
8660,1
8661,6
8663,1
8664,1
8666,1
8667,3
8670,2
8671,10
8672,2
8674,1
8678,8
8680,2
8681,1
8682,2
8683,1
8684,2
8687,1
8690,1
8691,2
8692,3
8694,1
8696,1
8697,2
8698,1
8700,10
8701,1
8702,7
8704,20
8705,3
8706,1
8707,2
8713,1
8714,1
8716,1
8717,12
8719,1
8723,1
8724,1
8726,2
8727,1
8729,3
8732,3
8733,3
8735,5
8736,2
8737,2
8739,20
8740,1
8741,1
8743,1
8745,1
8746,1
8747,8
8751,2
8752,1
8754,2
8755,1
8756,10
8757,1
8758,1
8762,2
8763,1
8765,1
8766,2
8767,1
8768,2
8769,1
8770,2
8771,9
8772,11
8776,1
8777,1
8779,1
8780,1
8781,2
8788,1
8790,1
8791,2
8797,1
8799,1
8800,11
8801,1
8802,16
8804,2
8805,1
8806,2
8807,3
8809,1
8813,1
8814,2
8815,2
8816,3
8817,35
8825,1
8827,1
8828,1
8829,1
8834,1
8836,2
8837,1
8838,2
8842,1
8847,1
8849,1
8856,9
8858,1
8859,1
8861,1
8863,1
8864,1
8866,2
8868,1
8869,1
8870,1
8871,3
8873,1
8876,1
8877,5
8878,4
8880,1
8881,1
8885,1
8886,3
8889,1
8891,1
8892,14
8896,1
8897,1
8898,1
8899,2
8900,10
8901,3
8902,23
8903,1
8904,5
8908,1
8910,1
8911,1
8912,1
8913,1
8915,1
8917,14
8921,1
8922,3
8929,2
8931,2
8933,2
8934,2
8935,2
8936,1
8937,3
8939,5
8941,1
8942,1
8945,1
8947,4
8948,2
8950,1
8951,1
8952,2
8954,2
8956,8
8960,2
8961,1
8966,2
8967,1
8970,8
8971,5
8972,3
8975,1
8976,1
8977,1
8978,1
8979,2
8980,3
8981,2
8988,1
8989,1
8990,1
8991,3
8992,3
8994,2
8997,4
8998,2
8999,2
9000,68
9001,5
9002,694
9003,2
9004,2
9005,2
9006,1
9007,2
9012,1
9013,3
9015,1
9017,226
9018,5
9019,2
9020,1
9022,1
9023,1
9025,11
9027,1
9028,1
9029,27
9035,2
9036,2
9037,1
9038,2
9044,1
9046,1
9047,3
9048,2
9051,2
9052,2
9055,1
9056,6
9059,1
9060,1
9062,1
9063,1
9064,1
9066,1
9067,2
9068,2
9069,1
9070,4
9071,20
9073,1
9080,2
9081,3
9082,2
9085,1
9090,2
9092,3
9099,1
9100,6
9102,11
9104,1
9105,2
9107,1
9111,1
9112,1
9113,4
9114,2
9116,2
9117,12
9121,1
9122,2
9123,1
9128,1
9129,7
9130,1
9132,3
9134,2
9135,1
9136,2
9137,1
9138,1
9139,4
9140,2
9145,1
9148,1
9149,2
9151,1
9156,105
9161,16
9164,2
9166,1
9167,2
9169,2
9170,1
9171,6
9172,3
9173,1
9175,1
9177,1
9178,5
9181,1
9185,1
9186,1
9188,1
9191,1
9198,2
9199,1
9200,3
9202,8
9204,27
9205,1
9210,1
9217,27
9222,1
9223,1
9225,4
9227,1
9229,5
9230,1
9231,2
9233,2
9235,2
9236,1
9238,1
9239,33
9240,1
9242,2
9245,2
9246,2
9247,6
9249,1
9250,2
9254,1
9256,5
9257,1
9261,3
9263,1
9267,1
9271,3
9272,4
9277,3
9278,1
9286,1
9294,1
9297,1
9298,2
9300,4
9301,1
9302,5
9304,2
9308,1
9310,1
9311,1
9313,4
9314,1
9317,18
9318,1
9321,1
9323,1
9325,2
9327,4
9329,4
9332,1
9333,1
9334,1
9335,2
9337,2
9339,1
9340,3
9341,1
9342,2
9343,1
9349,1
9350,4
9351,16
9352,1
9353,1
9356,4
9357,1
9358,1
9359,5
9367,1
9368,1
9369,1
9371,1
9372,2
9373,2
9375,1
9376,1
9379,6
9380,1
9384,1
9386,2
9389,1
9391,1
9392,1
9394,1
9397,1
9398,1
9400,1
9402,3
9404,1
9406,3
9407,1
9411,1
9412,1
9413,1
9414,1
9415,1
9417,38
9418,1
9421,1
9424,1
9425,1
9426,1
9429,5
9433,1
9439,1
9440,1
9441,1
9446,2
9448,1
9452,5
9453,3
9454,2
9456,11
9458,1
9459,8
9460,1
9461,1
9462,1
9466,1
9470,37
9471,3
9476,1
9477,1
9478,5
9479,1
9480,1
9484,3
9485,1
9487,2
9488,2
9489,1
9491,2
9492,1
9498,1
9499,1
9500,1
9501,1
9502,19
9503,1
9504,5
9509,1
9510,1
9513,1
9515,5
9516,1
9517,119
9518,1
9519,1
9520,1
9522,5
9525,14
9528,1
9529,15
9530,1
9531,1
9533,1
9534,4
9537,1
9538,5
9540,1
9541,2
9542,2
9544,1
9545,1
9546,2
9550,14
9551,3
9555,1
9556,12
9558,1
9559,105
9560,2
9561,1
9564,1
9565,1
9568,1
9570,3
9571,59
9572,2
9574,3
9579,1
9580,1
9581,1
9583,3
9584,1
9585,1
9589,1
9590,4
9591,2
9592,1
9594,2
9598,1
9599,1
9600,1
9601,2
9602,2
9604,4
9606,2
9608,1
9614,1
9615,2
9617,7
9619,1
9621,1
9622,1
9623,1
9625,2
9629,1
9630,2
9635,2
9638,1
9639,1
9646,2
9647,4
9648,1
9654,1
9656,87
9658,3
9659,2
9661,6
9662,1
9663,2
9664,1
9666,1
9670,3
9671,1
9672,6
9673,1
9674,2
9675,3
9678,5
9679,2
9682,2
9684,1
9685,2
9690,1
9692,1
9693,1
9694,1
9695,2
9696,1
9699,3
9700,6
9702,1
9704,32
9705,3
9706,1
9708,1
9709,3
9712,1
9717,13
9718,3
9719,2
9720,1
9722,1
9723,2
9725,1
9726,5
9727,2
9729,2
9731,1
9735,11
9736,2
9737,1
9738,1
9739,13
9740,3
9741,1
9742,6
9745,2
9746,1
9747,18
9748,1
9749,1
9750,2
9753,1
9756,10
9757,1
9758,1
9759,2
9761,1
9763,2
9764,1
9765,1
9766,2
9767,1
9768,1
9770,15
9772,91
9773,1
9774,1
9776,1
9778,1
9782,2
9783,1
9784,1
9787,1
9791,3
9792,2
9793,1
9795,2
9797,2
9800,2
9801,2
9803,1
9804,1
9807,4
9811,1
9812,2
9815,1
9816,1
9817,19
9818,2
9822,1
9823,4
9832,2
9833,2
9834,1
9835,2
9839,2
9840,2
9843,1
9846,1
9847,1
9849,1
9850,1
9851,1
9856,2
9858,1
9859,4
9861,2
9863,2
9864,1
9865,2
9866,3
9867,2
9868,2
9870,4
9872,1
9876,1
9877,1
9878,1
9879,1
9880,1
9884,1
9885,2
9887,2
9890,2
9892,31
9900,1
9902,1
9903,1
9904,3
9907,1
9908,1
9909,3
9910,1
9912,2
9913,2
9914,1
9915,1
9916,1
9917,25
9918,1
9920,2
9924,1
9925,1
9926,1
9929,5
9930,1
9931,1
9933,1
9936,1
9938,3
9939,3
9941,1
9943,2
9944,3
9946,1
9947,2
9948,1
9950,3
9951,1
9952,3
9954,1
9955,2
9956,4
9958,1
9959,5
9961,1
9962,2
9964,1
9965,1
9966,4
9967,4
9970,15
9972,1
9973,2
9974,1
9977,1
9979,2
9980,4
9981,1
9982,1
9984,1
9988,1
9997,2
9998,2
9999,2
10000,3
10001,8
10002,53
10003,2
10004,3
10007,2
10009,1
10012,1
10013,8
10015,2
10016,7
10017,266
10018,3
10022,1
10023,1
10025,30
10027,2
10028,1
10029,27
10031,2
10032,1
10035,1
10036,3
10038,1
10039,4
10040,3
10043,1
10044,1
10047,3
10048,2
10050,1
10051,2
10052,1
10053,2
10054,2
10055,2
10056,16
10058,2
10059,83
10060,2
10061,2
10064,1
10065,1
10066,3
10068,1
10069,2
10070,32
10071,2
10072,1
10073,1
10074,1
10075,1
10077,1
10079,1
10082,1
10085,1
10087,1
10090,1
10091,1
10092,3
10094,1
10102,4
10104,3
10105,1
10106,1
10107,1
10112,1
10114,8
10115,1
10117,16
10118,1
10119,1
10122,1
10123,1
10125,1
10129,4
10130,1
10131,1
10132,1
10133,1
10134,1
10137,1
10139,2
10141,3
10143,1
10146,1
10147,1
10149,2
10150,2
10151,1
10152,1
10153,3
10155,1
10156,85
10157,4
10158,2
10159,4
10160,2
10161,2
10164,1
10167,2
10170,10
10171,3
10173,1
10175,3
10176,2
10179,1
10180,1
10181,3
10182,2
10184,1
10187,1
10189,1
10192,2
10193,1
10194,1
10196,2
10200,2
10201,1
10202,8
10204,36
10205,2
10206,5
10207,1
10209,1
10211,1
10214,1
10215,2
10217,28
10218,1
10220,1
10221,3
10223,1
10225,1
10228,1
10229,6
10231,1
10232,1
10235,2
10239,2
10240,2
10242,1
10243,1
10246,2
10247,7
10248,2
10249,1
10250,4
10252,1
10253,1
10256,10
10258,2
10259,8
10260,2
10262,3
10263,1
10265,1
10266,1
10268,1
10269,1
10270,1
10271,1
10272,4
10280,2
10283,2
10286,1
10290,1
10293,1
10296,1
10298,3
10300,2
10301,2
10303,1
10304,1
10306,1
10307,1
10310,1
10313,2
10314,1
10315,2
10316,1
10317,15
10318,1
10322,1
10325,1
10329,4
10331,2
10334,1
10335,1
10336,1
10342,1
10343,1
10349,1
10350,1
10352,1
10354,1
10355,2
10356,12
10357,2
10358,86
10359,3
10360,1
10361,1
10363,2
10366,1
10369,1
10370,4
10372,1
10373,1
10374,1
10380,1
10383,1
10384,1
10385,1
10389,1
10390,3
10392,1
10394,1
10396,1
10400,2
10402,2
10403,2
10404,2
10405,1
10407,1
10408,2
10411,1
10413,1
10417,16
10420,1
10424,1
10425,1
10426,1
10428,1
10432,3
10433,2
10434,2
10435,2
10437,1
10438,1
10439,2
10440,3
10443,1
10446,1
10447,5
10448,1
10452,1
10453,2
10454,1
10455,1
10457,3
10458,4
10459,3
10461,2
10462,6
10464,2
10467,1
10468,1
10470,24
10472,2
10474,1
10477,2
10478,1
10481,1
10484,3
10485,1
10487,1
10489,1
10490,2
10493,1
10494,1
10498,1
10500,2
10501,1
10502,22
10503,2
10504,4
10506,2
10507,1
10508,1
10510,1
10511,1
10515,2
10516,1
10517,47
10518,70
10519,4
10520,1
10522,1
10524,1
10525,26
10528,2
10529,29
10530,2
10532,1
10536,1
10538,4
10539,4
10540,1
10541,2
10544,3
10550,2
10553,1
10555,2
10556,3
10558,4
10559,26
10560,1
10564,1
10568,1
10569,1
10570,46
10571,26
10573,1
10575,1
10578,1
10579,2
10581,2
10586,4
10587,3
10588,1
10590,2
10591,3
10597,1
10600,1
10602,1
10604,1
10612,1
10616,1
10618,8
10620,2
10626,1
10629,1
10630,1
10638,2
10639,1
10642,1
10644,2
10647,3
10650,1
10652,2
10653,4
10656,46
10657,1
10659,2
10660,1
10661,9
10662,1
10663,1
10664,2
10666,1
10668,1
10670,1
10671,6
10672,1
10673,1
10678,2
10680,1
10687,1
10689,1
10690,2
10691,1
10695,1
10698,1
10699,1
10702,1
10704,20
10705,3
10706,1
10710,2
10712,1
10716,2
10717,1
10718,7
10719,1
10723,1
10729,1
10734,2
10735,3
10739,18
10741,1
10747,11
10748,3
10750,1
10752,1
10753,1
10755,1
10756,2
10758,1
10759,8
10761,1
10764,1
10768,1
10771,9
10772,3
10775,1
10778,1
10782,2
10784,1
10785,1
10786,2
10792,2
10793,1
10794,1
10797,1
10802,3
10804,2
10806,3
10808,2
10811,2
10814,1
10816,3
10818,21
10819,1
10822,1
10830,2
10832,2
10836,2
10838,1
10839,3
10840,1
10843,1
10844,1
10845,1
10847,1
10848,1
10851,1
10854,3
10855,1
10856,4
10857,1
10859,1
10862,1
10864,1
10867,3
10868,2
10869,1
10870,3
10871,3
10875,1
10878,1
10882,1
10885,3
10889,1
10890,3
10891,2
10892,5
10893,1
10894,2
10897,1
10900,2
10902,5
10904,5
10907,1
10908,2
10909,2
10914,1
10917,7
10918,58
10923,1
10925,1
10927,1
10929,1
10931,1
10933,2
10935,1
10939,3
10940,1
10941,3
10942,2
10943,2
10944,1
10946,1
10947,1
10948,1
10952,1
10953,2
10954,1
10956,4
10957,1
10959,12
10962,1
10963,2
10964,1
10967,6
10968,4
10969,2
10970,13
10971,1
10972,2
10974,2
10977,1
10978,2
10979,2
10980,17
10981,1
10983,1
10985,4
10990,2
10991,1
10992,2
10993,2
10996,1
10998,3
10999,1
11000,1
11002,65
11003,1
11006,1
11008,6
11009,1
11010,1
11011,1
11012,2
11013,3
11014,2
11015,1
11016,1
11017,6
11018,1683
11019,4
11020,2
11021,2
11023,2
11024,2
11026,1
11027,1
11028,2
11029,2
11030,1
11031,1
11033,1
11034,1
11035,1
11037,1
11038,3
11043,1
11044,1
11046,1
11048,1
11049,3
11050,1
11051,15
11052,2
11056,5
11058,1
11059,63
11060,1
11061,2
11063,1
11065,1
11068,4
11069,1
11070,4
11071,68
11073,1
11074,1
11076,1
11080,1
11084,1
11086,1
11088,2
11090,2
11091,1
11093,1
11094,1
11095,1
11100,1
11102,3
11103,1
11104,2
11105,1
11106,1
11111,1
11112,2
11113,2
11115,1
11116,1
11118,12
11120,2
11129,1
11130,3
11131,2
11135,1
11137,1
11144,1
11147,2
11148,2
11149,1
11151,1
11152,1
11154,2
11156,108
11157,1
11158,2
11159,4
11161,3
11162,1
11170,2
11171,5
11176,2
11177,1
11179,1
11180,2
11184,1
11189,1
11190,1
11191,1
11192,2
11194,1
11198,1
11201,2
11202,3
11203,2
11204,6
11206,2
11207,1
11211,1
11212,1
11215,2
11218,23
11219,1
11220,1
11221,3
11225,6
11228,1
11230,1
11231,1
11232,1
11233,2
11234,2
11236,1
11237,1
11239,6
11241,1
11242,2
11243,3
11245,2
11246,2
11247,4
11251,1
11255,2
11256,7
11259,8
11261,2
11263,1
11265,2
11266,1
11267,1
11270,5
11271,3
11272,1
11276,1
11279,1
11281,1
11288,1
11290,1
11291,2
11292,1
11295,1
11296,1
11297,1
11299,1
11300,1
11302,3
11307,1
11309,1
11310,1
11313,2
11314,2
11316,1
11318,2
11323,1
11325,1
11328,1
11329,2
11333,2
11335,1
11336,3
11339,1
11341,1
11344,2
11346,1
11347,1
11348,2
11349,1
11350,1
11352,1
11353,3
11354,1
11356,13
11357,3
11359,1
11360,7
11361,1
11363,1
11364,1
11368,2
11370,2
11371,8
11375,1
11376,1
11381,2
11382,1
11383,1
11388,1
11392,1
11396,1
11398,1
11402,15
11404,3
11405,2
11406,1
11408,1
11409,1
11410,1
11416,1
11417,1
11418,9
11419,1
11420,2
11423,2
11425,1
11429,3
11433,1
11440,2
11445,2
11447,1
11448,1
11449,1
11450,1
11451,4
11452,1
11453,2
11456,14
11459,3
11460,5
11461,2
11465,2
11466,1
11467,1
11468,1
11469,1
11470,36
11471,1
11472,1
11473,4
11475,2
11481,1
11483,2
11490,2
11491,1
11492,1
11493,1
11495,2
11496,1
11497,1
11498,1
11500,2
11501,1
11502,61
11503,1
11504,3
11506,3
11508,1
11509,2
11511,1
11515,1
11516,1
11517,1
11518,60
11522,1
11525,1
11527,2
11528,2
11529,2
11530,4
11531,1
11537,1
11538,3
11540,2
11541,1
11542,1
11544,2
11545,3
11547,2
11548,1
11549,1
11550,1
11551,1
11552,2
11555,1
11556,5
11558,1
11560,45
11561,5
11562,1
11568,1
11570,2
11571,48
11573,1
11574,4
11578,2
11580,3
11583,3
11584,1
11585,2
11587,1
11588,1
11590,2
11591,1
11593,1
11595,1
11596,1
11597,1
11601,2
11602,1
11603,1
11604,3
11605,1
11606,1
11607,1
11609,1
11614,2
11616,3
11618,12
11619,1
11622,1
11623,1
11627,2
11628,2
11629,1
11637,1
11638,1
11639,1
11644,1
11645,1
11646,3
11647,1
11649,2
11651,3
11652,1
11654,1
11655,1
11656,53
11657,2
11660,5
11661,62
11665,2
11667,1
11668,4
11670,3
11671,6
11673,1
11674,1
11675,1
11681,2
11683,2
11689,2
11690,15
11692,1
11696,1
11697,2
11699,2
11701,1
11702,2
11703,4
11704,29
11711,1
11716,2
11717,2
11718,6
11721,2
11723,1
11726,1
11727,2
11729,1
11730,2
11735,1
11736,1
11737,1
11739,28
11741,2
11744,1
11746,1
11747,17
11751,1
11752,1
11754,1
11755,2
11756,8
11757,2
11760,10
11766,1
11767,2
11769,1
11770,1
11771,2
11772,4
11776,4
11778,1
11786,1
11794,1
11795,1
11797,1
11798,2
11800,2
11801,2
11802,1
11803,2
11804,3
11806,2
11808,3
11809,1
11812,1
11813,1
11815,1
11816,1
11818,10
11819,1
11823,2
11828,2
11829,1
11831,4
11833,1
11834,2
11836,1
11837,1
11838,3
11839,1
11840,2
11846,2
11848,1
11849,1
11850,1
11851,2
11853,4
11855,1
11856,7
11858,1
11859,2
11860,22
11861,2
11863,2
11864,1
11865,1
11866,1
11868,1
11870,2
11871,1
11872,3
11874,2
11876,1
11878,1
11879,1
11882,1
11884,2
11885,1
11887,1
11888,1
11892,2
11895,1
11897,1
11898,1
11900,1
11901,2
11902,3
11903,2
11904,4
11905,1
11906,1
11907,1
11909,1
11910,1
11912,1
11915,1
11917,2
11918,7
11919,2
11920,1
11923,1
11924,3
11926,4
11929,2
11931,1
11933,1
11934,2
11937,2
11938,1
11939,1
11944,1
11945,1
11948,2
11949,4
11950,2
11952,2
11953,1
11954,1
11955,1
11956,11
11957,1
11958,1
11959,2
11960,48
11961,2
11962,1
11967,1
11968,1
11970,31
11971,6
11974,1
11975,1
11978,3
11979,1
11980,2
11981,1
11982,1
11985,2
11986,2
11988,2
11989,1
11992,1
11993,2
11994,1
11998,2
11999,1
12000,2
12001,1
12002,20
12004,2
12006,1
12007,1
12008,1
12009,1
12010,1
12011,3
12012,1
12018,151
12019,2
12021,2
12022,6
12023,2
12024,1
12027,1
12028,4
12029,10
12030,1
12031,1
12032,1
12035,1
12036,3
12037,1
12038,3
12041,3
12043,1
12045,3
12046,1
12050,6
12051,3
12053,5
12054,2
12055,2
12056,16
12057,3
12058,2
12059,5
12060,712
12063,1
12065,1
12069,217
12070,1
12071,17
12072,1
12073,1
12074,1
12077,253
12078,2
12079,4
12080,1
12081,1
12082,1
12087,3
12089,1
12096,1
12097,2
12098,1
12100,1
12101,3
12102,3
12103,1
12104,4
12106,1
12108,1
12116,2
12118,10
12119,2
12120,1
12122,1
12123,4
12127,1
12128,1
12130,2
12131,1
12132,2
12133,1
12135,1
12136,1
12137,1
12138,1
12139,1
12141,1
12145,1
12146,2
12149,1
12150,1
12155,2
12156,541
12157,2
12160,1
12161,2
12165,1
12166,1
12167,1
12170,1
12171,2
12172,1
12176,1
12177,13
12178,1
12179,1
12181,1
12182,1
12184,1
12186,1
12189,1
12190,2
12199,1
12200,4
12201,1
12202,2
12203,1
12204,8
12207,1
12208,1
12211,1
12212,1
12215,1
12216,1
12217,1
12218,22
12225,1
12226,1
12229,3
12232,1
12233,1
12235,3
12238,1
12240,1
12243,2
12246,5
12251,3
12252,1
12255,1
12256,11
12258,1
12260,1
12262,2
12264,2
12267,1
12268,1
12269,1
12270,6
12271,5
12272,5
12276,1
12277,9
12281,1
12282,2
12283,1
12291,2
12295,2
12300,3
12301,5
12302,2
12305,1
12306,1
12308,1
12309,2
12312,1
12317,1
12318,9
12320,1
12321,1
12322,1
12325,1
12327,2
12329,1
12333,2
12334,1
12335,1
12343,1
12345,1
12346,2
12347,2
12350,1
12352,1
12355,1
12356,22
12357,2
12358,1
12359,1
12361,1
12366,1
12367,1
12370,4
12371,2
12372,1
12376,2
12377,3
12382,1
12388,2
12389,1
12392,1
12396,1
12398,1
12400,2
12401,1
12402,1
12410,1
12412,1
12416,1
12417,1
12418,8
12419,1
12420,1
12421,1
12425,1
12434,1
12436,3
12440,1
12441,1
12443,1
12444,1
12446,2
12448,1
12453,2
12455,2
12456,2
12468,1
12469,1
12470,24
12471,11
12472,1
12473,1
12475,2
12477,4
12478,1
12483,1
12487,2
12488,2
12492,1
12493,1
12498,1
12500,1
12501,1
12502,6
12504,1
12506,1
12507,1
12510,1
12511,1
12513,1
12514,1
12518,54
12520,1
12521,4
12522,2
12525,1
12527,2
12529,2
12530,1
12533,1
12537,1
12538,2
12539,2
12546,1
12547,1
12548,1
12549,1
12550,1
12551,2
12552,1
12553,2
12554,2
12556,5
12559,3
12560,1
12563,1
12564,1
12570,2
12571,54
12572,6
12573,1
12574,1
12576,1
12577,41
12587,2
12590,2
12599,1
12602,1
12604,6
12606,2
12608,1
12609,1
12610,1
12611,1
12615,1
12618,6
12619,1
12620,1
12622,1
12627,2
12628,1
12629,1
12632,1
12634,1
12637,1
12646,1
12647,1
12648,1
12650,1
12652,1
12653,2
12654,1
12656,78
12658,1
12661,3
12662,1
12668,1
12671,5
12673,1
12677,4
12679,1
12681,1
12682,2
12683,1
12685,1
12688,1
12690,3
12694,1
12697,1
12698,1
12700,1
12704,138
12706,1
12707,1
12712,1
12714,1
12715,2
12717,1
12718,12
12723,1
12728,1
12730,1
12732,1
12739,4
12746,1
12748,3
12752,2
12753,2
12755,1
12756,8
12759,1
12761,1
12762,1
12763,1
12767,2
12770,1
12771,5
12772,3
12777,8
12781,1
12786,1
12790,1
12793,1
12796,1
12797,1
12802,2
12808,1
12812,1
12816,1
12818,11
12822,1
12828,1
12829,2
12830,1
12834,1
12835,2
12836,1
12839,1
12840,1
12842,1
12851,1
12856,6
12858,1
12861,2
12865,1
12870,2
12871,2
12877,5
12881,1
12882,1
12884,1
12891,1
12892,1
12896,1
12898,1
12900,1
12901,1
12902,1
12904,1
12913,1
12915,6
12916,1
12917,2
12918,10
12921,2
12924,1
12925,1
12926,1
12928,2
12929,3
12931,1
12934,1
12935,1
12936,1
12939,3
12941,2
12943,1
12945,1
12947,1
12948,2
12951,1
12954,1
12956,14
12959,1
12963,1
12968,3
12970,8
12971,5
12972,3
12973,4
12974,3
12977,4
12979,1
12980,1
12981,1
12982,4
12984,1
12985,1
12986,1
12993,1
12996,1
12997,1
12998,2
12999,2
13000,1
13001,4
13002,53
13003,1
13004,1
13006,1
13010,2
13013,2
13014,1
13015,2
13016,1
13017,2
13018,165
13020,4
13021,3
13024,1
13029,35
13031,1
13037,1
13049,2
13050,1
13051,1
13053,1
13054,2
13055,1
13056,18
13058,1
13060,1
13061,1
13062,1
13068,1
13071,17
13077,100
13079,1
13080,1
13084,2
13088,2
13091,1
13094,42
13096,2
13097,2
13101,1
13102,5
13104,1
13106,1
13115,1
13117,1
13118,8
13120,3
13122,1
13123,2
13124,1
13128,1
13130,5
13131,2
13133,1
13139,3
13141,1
13144,2
13146,1
13148,1
13150,2
13153,1
13154,10
13155,3
13156,183
13157,1
13159,1
13161,2
13166,1
13170,3
13171,2
13177,1
13179,1
13181,1
13185,1
13187,1
13189,5
13190,5
13192,1
13197,1
13198,1
13199,1
13200,1
13202,3
13204,9
13210,37
13212,2
13213,1
13215,1
13218,23
13222,1
13227,3
13229,1
13230,1
13231,1
13232,1
13235,1
13239,1
13240,1
13241,1
13244,2
13245,1
13246,1
13249,1
13250,1
13251,2
13252,1
13255,2
13256,7
13257,1
13258,1
13260,1
13261,1
13266,1
13268,1
13269,1
13270,1
13271,1
13272,2
13273,1
13275,1
13276,1
13277,22
13286,1
13289,1
13296,1
13300,1
13302,1
13304,3
13312,1
13318,8
13320,1
13321,1
13329,1
13330,1
13331,1
13332,1
13333,2
13338,1
13341,1
13342,3
13345,1
13346,1
13349,1
13351,2
13354,1
13356,21
13358,2
13361,2
13364,1
13367,1
13370,4
13371,4
13372,1
13377,6
13379,1
13382,2
13383,1
13389,1
13390,1
13392,2
13394,1
13398,3
13400,3
13402,4
13404,3
13405,1
13409,1
13412,1
13413,1
13418,18
13419,1
13420,2
13421,1
13422,1
13423,2
13427,1
13429,1
13430,2
13431,2
13432,1
13438,3
13445,1
13447,1
13450,1
13451,1
13452,1
13453,1
13454,2
13455,2
13456,8
13457,1
13460,2
13461,1
13466,4
13468,3
13469,1
13470,11
13471,9
13477,5
13484,1
13486,2
13489,1
13490,1
13492,3
13493,5
13500,1
13501,1
13502,20
13504,2
13505,1
13506,3
13508,1
13509,2
13513,3
13515,1
13516,1
13517,2
13518,311
13521,1
13522,1
13524,1
13528,1
13529,6
13535,1
13538,2
13543,2
13545,1
13550,1
13551,1
13552,1
13554,1
13556,28
13557,1
13558,1
13559,1
13561,1
13562,1
13566,2
13568,2
13570,3
13571,328
13572,2
13576,3
13577,20
13582,1
13585,1
13588,2
13592,1
13593,1
13599,1
13601,2
13602,4
13604,3
13605,1
13606,2
13610,1
13613,2
13614,1
13618,13
13621,1
13623,1
13630,1
13631,3
13634,1
13636,1
13642,1
13645,1
13646,2
13647,1
13648,1
13649,1
13650,2
13651,7
13652,1
13654,1
13655,5
13656,120
13657,1
13659,1
13660,1
13661,5
13663,1
13664,1
13665,1
13666,2
13667,1
13668,2
13672,1
13673,1
13676,1
13683,1
13690,3
13693,2
13695,1
13696,1
13697,1
13700,2
13701,3
13702,1
13704,22
13706,1
13709,1
13710,1
13711,1
13714,1
13716,1
13718,14
13721,2
13724,1
13730,2
13731,1
13735,1
13738,1
13739,1
13740,1
13741,2
13743,1
13746,1
13748,1
13750,1
13752,1
13756,16
13759,1
13760,1
13761,1
13763,2
13764,2
13766,1
13769,1
13771,9
13772,5
13773,1
13776,2
13777,2
13783,1
13785,2
13786,1
13787,2
13788,4
13789,2
13790,1
13791,5
13793,2
13794,3
13795,8
13796,3
13797,1
13798,4
13800,4
13801,2
13802,5
13803,8
13804,3
13805,6
13806,5
13807,4
13808,6
13809,13
13810,12
13811,14
13812,21
13813,16
13814,23
13815,23
13816,15
13817,16
13818,34
13819,19
13820,23
13821,21
13822,22
13823,28
13824,34
13825,50
13826,80
13827,95
13828,93
13829,101
13830,113
13831,97
13832,93
13833,98
13834,109
13835,115
13836,109
13837,137
13838,174
13839,163
13840,118
13841,159
13842,114
13843,106
13844,94
13845,114
13846,98
13847,93
13848,102
13849,112
13850,163
13851,146
13852,135
13853,203
13854,153
13855,160
13856,185
13857,185
13858,173
13859,210
13860,237
13861,201
13862,169
13863,197
13864,190
13865,185
13866,169
13867,160
13868,163
13869,154
13870,181
13871,177
13872,131
13873,136
13874,137
13875,164
13876,175
13877,132
13878,175
13879,144
13880,123
13881,128
13882,113
13883,153
13884,135
13885,153
13886,151
13887,128
13888,95
13889,101
13890,159
13891,185
13892,158
13893,146
13894,161
13895,143
13896,103
13897,150
13898,190
13899,186
13900,138
13901,167
13902,161
13903,135
13904,122
13905,136
13906,111
13907,117
13908,128
13909,136
13910,135
13911,131
13912,102
13913,118
13914,82
13915,72
13916,65
13917,100
13918,127
13919,99
13920,90
13921,75
13922,58
13923,77
13924,66
13925,58
13926,43
13927,54
13928,52
13929,58
13930,53
13931,33
13932,39
13933,26
13934,46
13935,31
13936,24
13937,26
13938,25
13939,25
13940,42
13941,23
13942,22
13943,21
13944,15
13945,17
13946,11
13947,11
13948,26
13949,17
13950,15
13951,20
13952,15
13953,11
13954,16
13955,8
13956,39
13957,13
13958,13
13959,22
13960,12
13961,9
13962,3
13963,6
13964,7
13965,8
13966,6
13967,8
13968,5
13969,2
13970,16
13971,13
13972,7
13973,7
13974,8
13975,8
13976,11
13977,11
13978,5
13979,4
13980,7
13981,3
13982,3
13983,2
13984,3
13985,6
13986,5
13988,4
13989,10
13990,8
13991,7
13992,7
13993,14
13994,16
13995,4
13996,7
13997,8
13998,4
13999,5
14000,5
14001,4
14002,423
14003,4
14004,3
14005,5
14006,10
14007,5
14008,4
14009,5
14010,6
14011,3
14012,4
14013,3
14014,4
14015,5
14016,2
14017,7
14018,206
14019,7
14020,4
14021,12
14022,6
14023,4
14024,2
14025,10
14026,10
14027,4
14028,3
14029,13
14030,11
14031,9
14032,10
14033,8
14034,6
14035,9
14036,5
14037,8
14038,7
14039,3
14040,10
14041,5
14042,18
14043,16
14044,15
14045,27
14046,27
14047,11
14048,13
14049,22
14050,12
14051,14
14052,16
14053,24
14054,10
14055,25
14056,48
14057,10
14058,12
14059,21
14060,10
14061,14
14062,13
14063,20
14064,19
14065,4
14066,11
14067,7
14068,13
14069,7
14070,16
14071,30
14072,13
14073,20
14074,21
14075,13
14076,23
14077,104
14078,13
14079,14
14080,14
14081,13
14082,29
14083,23
14084,14
14085,19
14086,17
14087,16
14088,11
14089,14
14090,14
14091,13
14092,25
14093,29
14094,41
14095,24
14096,36
14097,33
14098,42
14099,53
14100,37
14101,37
14102,27
14103,30
14104,27
14105,31
14106,26
14107,17
14108,8
14109,12
14110,17
14111,10
14112,16
14113,30
14114,8
14115,30
14116,23
14117,10
14118,13
14119,12
14120,10
14121,22
14122,18
14123,24
14124,13
14125,56
14126,17
14127,5
14128,9
14129,7
14130,172
14131,4
14132,4
14133,4
14134,5
14135,6
14136,3
14137,7
14138,3
14139,2
14140,2
14141,4
14142,4
14143,5
14144,9
14145,66
14146,10
14147,4
14148,2
14149,6
14150,3
14151,2
14152,2
14153,7
14154,6
14155,3
14156,72
14157,3
14158,2
14160,4
14161,12
14162,1
14163,1
14164,3
14165,2
14166,3
14167,2
14168,1
14170,1
14171,5
14172,1
14174,3
14176,1
14177,1
14179,1
14180,1
14181,1
14182,2
14183,1
14185,2
14186,1
14187,1
14188,2
14189,1
14190,6
14192,1
14193,2
14194,2
14196,1
14197,1
14200,2
14201,1
14202,4
14203,1
14204,10
14206,1
14211,1
14218,21
14219,1
14220,1
14221,1
14226,1
14229,1
14230,12
14235,42
14240,1
14242,2
14244,2
14245,1
14246,1
14256,1
14260,1
14262,3
14265,1
14267,1
14270,4
14271,3
14272,2
14275,1
14276,1
14277,9
14279,2
14280,1
14285,1
14288,1
14291,1
14292,1
14293,1
14294,1
14295,1
14299,1
14300,2
14302,3
14304,1
14305,1
14306,1
14308,1
14309,1
14310,1
14317,1
14318,5
14319,1
14322,1
14330,36
14334,1
14338,2
14340,2
14346,1
14349,1
14350,2
14351,1
14352,1
14353,3
14354,1
14359,2
14360,1
14361,2
14362,1
14363,1
14366,1
14367,1
14370,8
14371,4
14372,2
14374,1
14375,2
14377,7
14378,2
14380,1
14381,2
14383,2
14384,1
14388,1
14392,1
14393,1
14394,2
14400,2
14402,12
14403,1
14404,3
14407,1
14408,3
14410,1
14414,1
14415,1
14418,15
14419,1
14420,2
14421,1
14422,1
14423,1
14424,1
14425,1
14426,2
14429,1
14430,11
14431,2
14432,1
14437,1
14443,1
14446,4
14449,1
14452,4
14454,1
14456,1
14460,1
14461,1
14463,2
14467,1
14469,1
14470,130
14471,6
14472,2
14474,1
14476,1
14477,4
14478,1
14479,3
14483,2
14485,1
14486,2
14487,1
14489,1
14490,1
14492,1
14493,1
14495,1
14496,2
14500,1
14502,11
14504,2
14506,1
14507,1
14508,1
14510,1
14513,2
14515,1
14518,41
14521,2
14522,1
14527,1
14529,8
14530,19
14534,2
14535,1
14536,1
14538,7
14541,1
14542,1
14543,1
14544,1
14547,1
14548,1
14550,2
14556,2
14559,1
14560,1
14561,2
14563,1
14565,3
14566,1
14567,1
14568,2
14569,1
14570,7
14571,47
14572,1
14573,2
14574,1
14575,3
14576,3
14577,134
14578,1
14579,2
14580,2
14582,1
14583,1
14585,2
14588,3
14590,2
14592,2
14597,2
14599,3
14600,1
14602,2
14604,4
14605,1
14610,1
14611,1
14612,1
14613,1
14615,1
14618,3
14619,2
14620,2
14625,1
14626,1
14629,4
14630,307
14635,1
14636,2
14642,1
14646,1
14648,1
14650,2
14652,1
14653,1
14658,1
14659,1
14661,5
14662,1
14664,1
14666,1
14670,6
14671,1
14672,2
14674,1
14675,1
14676,1
14677,1
14679,1
14684,1
14685,1
14687,1
14688,1
14690,5
14691,3
14696,2
14700,1
14701,1
14702,3
14703,1
14704,18
14706,1
14708,2
14710,1
14711,1
14715,2
14718,9
14721,1
14723,1
14724,1
14729,2
14730,11
14731,1
14734,1
14735,3
14736,2
14737,2
14739,1
14740,1
14741,2
14742,1
14743,1
14746,3
14750,1
14751,2
14760,1
14762,1
14763,1
14764,1
14766,1
14768,1
14770,1
14771,8
14772,44
14777,5
14779,1
14780,3
14782,1
14784,1
14786,1
14789,1
14793,1
14795,1
14796,1
14797,2
14799,2
14801,1
14802,2
14804,3
14807,4
14809,1
14810,1
14812,1
14815,2
14816,1
14818,11
14821,1
14822,2
14823,1
14824,1
14827,2
14828,1
14829,3
14830,17
14831,1
14833,2
14834,1
14835,1
14836,1
14840,4
14842,1
14844,2
14847,1
14852,1
14855,1
14857,1
14858,1
14859,3
14860,3
14861,2
14863,3
14866,2
14869,1
14870,1
14871,1
14872,4
14877,1
14880,1
14885,2
14889,1
14891,1
14893,1
14894,1
14900,3
14901,1
14903,1
14904,1
14906,1
14907,2
14908,2
14911,1
14912,2
14915,3
14917,1
14918,20
14919,1
14923,1
14924,1
14928,2
14930,29
14931,2
14933,1
14935,1
14936,1
14938,1
14939,1
14940,1
14941,2
14942,1
14943,1
14944,1
14950,1
14952,1
14961,1
14963,4
14964,1
14967,1
14969,1
14970,11
14971,13
14972,1
14973,1
14974,2
14975,1
14977,4
14979,1
14980,1
14981,2
14986,2
14987,1
14988,1
14990,1
14992,1
14994,1
14995,1
14997,1
14998,1
15000,1
15001,2
15002,23
15003,1
15004,5
15005,1
15006,2
15008,4
15009,1
15010,1
15012,1
15013,3
15015,2
15016,1
15018,121
15022,1
15027,4
15029,18
15030,24
15031,1
15034,1
15035,1
15040,1
15042,2
15049,1
15050,1
15051,47
15058,1
15059,1
15062,2
15063,2
15070,1
15071,14
15073,1
15075,3
15077,39
15079,1
15088,1
15089,1
15096,1
15097,2
15102,3
15104,1
15105,1
15108,3
15109,2
15111,1
15115,2
15118,10
15120,3
15122,1
15128,1
15129,3
15130,288
15131,1
15134,1
15135,1
15142,1
15146,1
15148,1
15154,1
15159,1
15160,2
15161,2
15165,1
15171,2
15172,1
15174,1
15176,1
15177,3
15179,2
15180,1
15181,1
15182,1
15184,1
15186,1
15188,1
15189,4
15193,1
15194,1
15200,1
15202,2
15204,29
15207,1
15208,1
15209,2
15210,3
15212,1
15214,1
15215,1
15216,1
15218,6
15220,2
15222,1
15225,1
15227,1
15229,5
15230,11
15232,1
15234,2
15237,2
15238,2
15240,1
15242,44
15244,2
15245,1
15248,1
15250,2
15253,1
15257,1
15270,3
15271,1
15272,3
15274,1
15277,6
15280,1
15284,1
15289,1
15291,1
15295,1
15297,2
15298,1
15300,3
15302,1
15309,1
15311,1
15312,1
15313,2
15314,1
15316,1
15318,12
15319,1
15320,2
15326,1
15329,1
15330,23
15335,2
15340,1
15342,2
15344,1
15348,1
15349,1
15350,1
15352,2
15353,2
15354,1
15357,1
15360,1
15362,5
15370,4
15371,2
15372,1
15377,2
15378,1
15380,2
15387,1
15388,1
15390,1
15396,1
15398,1
15400,2
15402,2
15404,1
15407,1
15408,1
15412,1
15413,10
15415,1
15418,9
15420,1
15421,1
15423,2
15429,2
15430,17
15433,2
15435,1
15450,1
15453,2
15463,1
15466,1
15468,2
15470,12
15471,2
15472,1
15473,1
15474,2
15477,2
15479,1
15486,1
15488,1
15490,1
15493,1
15498,1
15500,1
15501,1
15502,11
15504,3
15511,1
15513,1
15515,1
15518,61
15521,2
15522,1
15529,20
15530,13
15531,1
15534,1
15538,1
15540,2
15543,1
15547,1
15551,3
15552,2
15553,1
15555,2
15557,1
15558,1
15561,4
15562,1
15565,1
15567,1
15571,78
15572,2
15574,1
15575,1
15577,18
15580,1
15587,1
15588,4
15590,2
15593,1
15598,1
15599,2
15602,3
15604,1
15605,1
15612,1
15613,1
15618,7
15619,1
15621,1
15626,1
15627,2
15630,78
15631,2
15633,1
15635,1
15638,1
15639,1
15640,1
15642,2
15649,1
15653,1
15661,10
15662,1
15666,1
15667,1
15669,1
15670,2
15671,4
15672,1
15673,1
15676,1
15677,3
15680,2
15686,1
15690,4
15691,1
15695,1
15697,1
15698,1
15700,1
15702,2
15703,2
15704,15
15705,1
15710,1
15712,1
15715,1
15718,21
15719,1
15720,1
15722,1
15723,1
15726,1
15727,1
15728,1
15729,1
15730,10
15733,1
15734,1
15736,1
15739,1
15744,1
15746,1
15748,1
15752,1
15761,1
15762,1
15766,2
15767,1
15768,1
15771,8
15772,1
15773,1
15774,1
15777,1
15780,3
15790,1
15791,2
15792,1
15793,1
15798,2
15800,2
15802,4
15808,2
15809,1
15814,1
15815,1
15816,2
15817,3
15818,24
15820,1
15824,1
15828,1
15830,9
15838,2
15839,1
15841,1
15842,2
15843,1
15846,1
15847,1
15850,1
15851,1
15855,1
15859,1
15860,1
15861,2
15862,1
15865,1
15867,1
15870,1
15871,5
15874,1
15877,5
15878,1
15880,7
15884,1
15885,1
15887,1
15893,1
15896,1
15897,2
15898,1
15900,1
15901,1
15902,2
15904,2
15907,2
15908,2
15909,1
15910,1
15916,2
15917,4
15918,73
15919,1
15921,1
15922,1
15925,2
15927,1
15930,10
15931,1
15933,1
15935,2
15938,1
15940,1
15941,1
15942,1
15944,2
15945,1
15948,3
15951,1
15952,2
15954,1
15955,2
15956,1
15957,1
15958,1
15959,2
15960,1
15961,1
15964,2
15965,1
15967,2
15968,5
15970,15
15971,7
15972,4
15977,8
15979,1
15980,2
15981,1
15984,1
15985,1
15986,1
15988,1
15993,1
15994,1
15997,2
15998,1
16000,1
16001,2
16002,24
16003,1
16004,2
16007,3
16008,1
16009,2
16010,2
16011,2
16013,4
16015,1
16016,2
16017,4
16018,1638
16019,6
16020,1
16021,1
16023,1
16024,1
16025,1
16027,1
16028,1
16029,1
16030,24
16031,1
16036,1
16038,1
16040,2
16042,1
16045,1
16047,1
16050,1
16051,7
16052,1
16057,1
16058,1
16061,1
16067,1
16070,4
16071,106
16072,2
16077,49
16078,1
16080,3
16085,1
16088,4
16089,1
16093,2
16095,1
16097,1
16099,1
16100,1
16102,3
16105,1
16108,1
16112,1
16113,2
16114,1
16118,32
16120,4
16121,1
16125,2
16128,3
16129,1
16130,185
16131,1
16135,1
16141,1
16143,1
16147,1
16149,1
16153,1
16161,6
16168,2
16170,2
16171,4
16174,1
16176,1
16177,6
16180,1
16183,1
16187,1
16189,1
16190,3
16193,2
16198,1
16199,1
16200,1
16201,1
16202,5
16204,2
16208,1
16210,1
16211,1
16213,1
16216,2
16218,18
16221,1
16230,5
16241,3
16242,2
16244,1
16248,1
16249,1
16250,2
16251,1
16253,1
16260,1
16261,1
16265,1
16268,1
16270,1
16271,4
16275,1
16276,1
16277,1
16280,1
16282,1
16288,4
16290,1
16295,1
16297,1
16300,4
16301,1
16302,4
16305,1
16310,1
16312,1
16316,3
16318,4
16320,2
16322,3
16323,1
16330,15
16336,1
16340,1
16343,2
16344,1
16350,1
16351,1
16353,2
16359,1
16360,4
16361,1
16371,4
16373,1
16381,1
16386,1
16387,1
16390,1
16401,1
16402,3
16407,2
16409,1
16415,1
16418,1
16419,2
16420,2
16421,3
16423,1
16425,1
16429,3
16430,18
16432,1
16437,2
16440,1
16445,2
16447,2
16450,2
16451,2
16452,1
16454,1
16458,1
16459,1
16460,1
16461,2
16466,1
16467,1
16468,1
16470,18
16471,1
16474,4
16476,1
16477,16
16479,1
16480,1
16481,1
16484,1
16485,1
16490,2
16494,1
16497,2
16502,61
16505,1
16512,1
16513,1
16514,1
16515,1
16518,47
16520,1
16522,1
16523,1
16524,2
16529,1
16530,16
16532,1
16535,1
16537,1
16538,2
16544,1
16550,5
16551,1
16552,1
16553,1
16555,1
16557,1
16560,1
16561,8
16562,1
16564,3
16566,2
16567,2
16568,1
16570,1
16572,18
16573,1
16575,1
16576,2
16577,102
16579,4
16580,3
16582,1
16584,1
16587,1
16590,3
16594,1
16595,1
16597,1
16599,4
16600,1
16602,3
16604,2
16605,2
16607,1
16608,1
16610,1
16618,2
16620,2
16629,2
16630,88
16640,1
16644,1
16650,43
16651,1
16653,1
16656,1
16660,1
16661,92
16665,2
16672,7
16675,1
16677,8
16683,1
16684,2
16690,39
16698,1
16700,3
16702,3
16704,7
16712,2
16715,1
16718,4
16719,1
16720,1
16725,1
16729,1
16731,1
16732,1
16740,2
16744,1
16749,1
16750,43
16753,1
16754,2
16757,1
16761,4
16764,1
16766,1
16767,2
16768,1
16770,3
16772,12
16773,1
16777,3
16781,1
16787,2
16788,1
16789,1
16796,1
16798,1
16800,2
16801,1
16802,6
16804,2
16805,1
16806,1
16808,1
16811,1
16818,3
16820,2
16821,1
16822,2
16823,3
16824,1
16826,1
16830,9
16831,1
16834,1
16837,1
16838,1
16839,2
16841,1
16845,1
16846,1
16847,1
16850,1
16851,1
16852,4
16857,1
16858,1
16863,2
16864,1
16869,1
16870,1
16872,3
16877,7
16881,1
16882,2
16889,1
16890,1
16891,1
16893,1
16894,1
16895,1
16898,1
16899,1
16900,2
16901,1
16905,1
16907,1
16910,1
16911,1
16913,2
16915,1
16917,1
16918,4
16919,1
16920,1
16929,1
16930,17
16931,2
16932,1
16935,1
16939,2
16940,3
16941,1
16942,2
16945,1
16950,2
16951,1
16954,1
16956,5
16957,1
16960,1
16961,1
16967,2
16970,18
16972,8
16973,1
16975,1
16976,1
16977,19
16979,1
16980,1
16982,3
16985,2
16990,2
16992,1
16993,1
16998,3
17000,5
17001,3
17002,1
17004,2
17005,1
17009,1
17011,1
17012,1
17013,2
17015,1
17016,2
17017,2
17018,118
17019,3
17020,2
17021,1
17022,1
17023,1
17024,1
17027,3
17029,5
17030,101
17031,1
17032,1
17034,1
17039,1
17040,2
17041,1
17042,2
17045,6
17049,2
17050,62
17051,1
17052,1
17056,1
17057,1
17059,1
17061,1
17062,1
17065,1
17066,1
17067,2
17069,1
17070,2
17071,1
17072,28
17074,1
17075,1
17076,2
17077,582
17078,2
17079,1
17080,8
17083,2
17084,1
17085,1
17086,1
17088,2
17090,1
17092,1
17094,1
17097,2
17099,1
17100,1
17101,1
17102,2
17103,2
17104,3
17105,1
17109,2
17110,1
17113,1
17115,3
17118,5
17121,2
17122,1
17125,2
17126,1
17128,1
17129,12
17130,1431
17132,1
17133,47
17134,11
17135,2
17137,1
17138,3
17143,2
17147,1
17148,1
17149,1
17150,2
17152,1
17156,1
17158,1
17161,5
17163,2
17165,1
17170,2
17171,1
17172,6
17174,1
17177,16
17179,1
17183,3
17185,3
17189,2
17190,3
17191,1
17193,1
17194,1
17196,4
17197,1
17198,2
17200,7
17201,4
17202,8
17204,8
17205,2
17208,1
17209,1
17210,1
17216,1
17218,29
17219,1
17221,2
17225,3
17228,1
17231,1
17233,66
17235,2
17237,1
17245,3
17246,10
17250,1
17251,1
17257,1
17258,1
17261,1
17262,1
17264,1
17266,1
17272,11
17274,2
17275,1
17276,1
17277,6
17280,1
17285,2
17287,1
17291,2
17296,1
17298,1
17301,4
17302,6
17304,3
17308,1
17312,1
17313,1
17314,1
17316,2
17318,10
17319,1
17321,1
17325,1
17327,1
17328,1
17329,1
17330,60
17332,1
17338,1
17342,3
17347,2
17348,1
17355,4
17360,1
17361,1
17363,1
17365,2
17368,1
17370,2
17371,1
17377,3
17380,2
17390,1
17397,1
17402,4
17403,1
17404,4
17408,1
17412,1
17413,1
17414,1
17418,11
17427,4
17429,1
17430,17
17431,1
17433,2
17437,1
17438,1
17444,2
17446,2
17451,1
17454,1
17455,4
17460,1
17464,2
17470,10
17471,1
17472,10
17473,1
17474,2
17477,2
17478,3
17480,1
17484,1
17489,2
17490,2
17491,1
17494,1
17502,21
17504,3
17510,1
17513,1
17517,1
17518,19
17520,1
17522,5
17529,1
17530,17
17532,2
17533,1
17535,2
17553,1
17554,1
17557,1
17562,2
17570,3
17571,1
17572,63
17573,1
17575,1
17577,10
17580,4
17583,1
17584,1
17593,2
17597,1
17603,1
17604,9
17605,1
17607,1
17610,1
17612,1
17614,2
17615,1
17617,1
17618,4
17619,1
17620,3
17624,1
17625,2
17628,1
17629,2
17630,156
17631,1
17633,2
17637,1
17638,1
17640,3
17642,1
17643,1
17648,1
17649,1
17652,1
17653,1
17655,1
17661,6
17670,2
17672,3
17677,5
17684,2
17689,1
17690,6
17692,1
17694,1
17700,1
17702,1
17704,156
17708,1
17715,5
17718,2
17720,1
17721,1
17722,1
17726,1
17728,2
17730,9
17732,1
17736,1
17740,1
17749,1
17755,1
17761,1
17764,1
17770,2
17772,12
17773,1
17777,2
17784,1
17793,1
17794,1
17795,1
17798,1
17802,3
17804,4
17814,1
17817,1
17818,3
17821,1
17823,1
17829,1
17830,14
17834,2
17840,1
17842,1
17854,1
17868,1
17870,1
17871,1
17872,1
17873,1
17876,1
17877,3
17880,2
17882,1
17890,3
17896,1
17897,1
17901,1
17902,3
17906,1
17907,1
17918,3
17919,1
17921,1
17925,1
17929,1
17930,12
17933,3
17934,2
17935,2
17936,1
17939,1
17941,1
17942,1
17947,1
17950,3
17952,1
17953,1
17954,1
17960,1
17966,1
17968,1
17970,4
17972,5
17973,1
17974,8
17977,5
17980,1
17981,1
17982,1
17983,1
17990,2
17991,1
17992,1
17993,1
17995,1
17998,1
18001,1
18002,45
18004,1
18005,1
18010,2
18011,1
18014,1
18017,3
18018,103
18029,1
18030,13
18036,1
18038,1
18040,2
18041,1
18046,1
18047,42
18051,2
18053,1
18057,1
18061,1
18066,1
18067,1
18068,2
18069,1
18072,59
18077,32
18078,1
18080,2
18090,1
18092,1
18102,11
18109,1
18118,4
18119,1
18120,1
18122,2
18125,1
18128,1
18129,3
18130,167
18133,2
18142,1
18145,1
18150,1
18152,1
18153,1
18154,1
18161,2
18163,1
18165,1
18168,1
18171,1
18172,2
18177,1
18181,1
18189,1
18190,5
18193,1
18194,3
18202,9
18204,1
18205,1
18209,2
18213,1
18216,1
18217,1
18218,3
18219,1
18220,1
18225,1
18230,22
18236,1
18241,6
18242,7
18244,1
18245,1
18256,1
18261,1
18262,1
18270,3
18272,11
18277,8
18279,1
18280,1
18285,1
18290,1
18296,1
18297,1
18298,1
18300,1
18302,2
18304,1
18310,1
18313,1
18315,1
18317,1
18318,9
18322,3
18330,39
18331,1
18337,1
18340,1
18362,1
18370,2
18372,12
18374,1
18377,3
18382,4
18389,1
18395,1
18400,1
18402,2
18404,1
18409,1
18412,1
18418,14
18423,1
18428,1
18430,21
18431,7
18432,2
18434,1
18435,1
18444,1
18450,1
18451,2
18456,3
18457,1
18458,1
18459,1
18464,1
18465,1
18466,28
18467,1
18470,7
18472,1
18475,1
18477,3
18478,1
18481,2
18486,1
18490,1
18493,1
18495,1
18497,1
18498,1
18500,2
18502,23
18504,4
18507,2
18510,1
18512,1
18514,1
18516,1
18517,1
18518,84
18520,2
18524,1
18526,1
18527,1
18530,16
18534,1
18535,1
18538,1
18542,1
18545,2
18550,1
18551,1
18555,2
18556,1
18558,2
18561,2
18565,5
18566,554
18570,1
18571,1
18575,1
18576,2
18577,1
18578,20
18579,1
18580,5
18584,1
18590,2
18591,2
18592,1
18593,2
18595,1
18601,1
18602,2
18605,2
18610,1
18613,2
18619,1
18623,1
18624,2
18625,1
18628,1
18629,3
18630,124
18631,1
18636,1
18641,1
18642,2
18653,1
18661,3
18666,15
18667,1
18668,1
18670,3
18676,1
18678,3
18679,1
18680,1
18685,1
18686,2
18688,1
18690,15
18692,1
18697,1
18699,1
18700,1
18701,2
18702,4
18704,7
18705,1
18709,1
18711,2
18716,1
18718,1
18727,1
18728,1
18730,10
18740,2
18745,2
18750,1
18752,1
18761,1
18762,1
18766,15
18768,1
18771,1
18772,4
18778,3
18782,1
18792,2
18794,1
18798,1
18801,1
18802,11
18803,1
18804,1
18807,1
18814,1
18816,3
18818,7
18822,1
18826,2
18828,1
18830,7
18833,1
18841,1
18843,1
18846,1
18848,1
18850,2
18852,1
18858,1
18860,2
18862,1
18866,3
18877,2
18878,3
18892,1
18894,1
18897,1
18901,2
18902,25
18904,7
18907,1
18908,1
18915,2
18917,3
18918,4
18920,1
18921,1
18929,1
18930,12
18931,2
18934,2
18941,1
18945,1
18947,1
18958,1
18961,1
18966,9
18967,1
18970,4
18972,1
18977,2
18978,4
18979,1
18985,2
18990,1
18991,3
18992,4
18995,1
18996,2
18997,2
18999,1
19000,2
19001,3
19002,649
19003,3
19004,1
19005,2
19006,2
19007,1
19008,1
19011,1
19016,2
19018,37
19021,1
19022,1
19025,5
19029,1
19030,10
19034,1
19040,1
19042,1
19047,1
19048,1
19049,1
19055,1
19056,1
19057,1
19058,1
19061,1
19064,2
19065,1
19066,53
19067,2
19070,2
19072,1
19078,43
19079,1
19080,1
19089,1
19090,1
19092,1
19097,1
19102,13
19108,1
19110,1
19112,1
19114,1
19118,4
19119,1
19120,2
19129,1
19130,256
19131,2
19133,1
19135,1
19139,1
19140,2
19141,1
19148,1
19150,1
19151,1
19152,1
19156,1
19161,7
19165,1
19166,2
19170,1
19172,1
19175,1
19176,1
19178,1
19179,1
19190,30
19194,1
19196,1
19200,2
19202,9
19204,2
19216,1
19218,7
19219,1
19221,2
19225,1
19228,1
19229,2
19230,7
19235,1
19238,1
19241,1
19242,1
19244,1
19247,1
19250,1
19253,1
19255,13
19261,1
19266,6
19272,3
19278,3
19282,1
19290,1
19292,1
19294,1
19301,2
19302,1
19304,2
19305,2
19308,1
19315,1
19316,1
19317,1
19318,6
19330,8
19334,1
19337,1
19342,1
19353,2
19360,1
19366,12
19368,2
19370,5
19378,1
19381,1
19384,1
19387,1
19396,1
19397,1
19402,4
19406,1
19413,1
19417,1
19418,9
19420,1
19425,1
19427,1
19430,15
19431,1
19434,1
19441,1
19446,1
19447,2
19450,1
19456,1
19457,1
19464,2
19465,1
19466,13
19470,78
19472,1
19473,2
19475,1
19477,1
19478,7
19479,2
19480,1
19481,1
19490,1
19491,1
19493,1
19496,1
19500,1
19501,1
19502,40
19503,1
19504,1
19510,1
19515,1
19518,15
19520,1
19530,9
19534,2
19538,2
19545,1
19551,1
19552,2
19553,1
19555,3
19556,2
19557,2
19562,1
19565,2
19566,135
19569,1
19572,2
19575,2
19578,98
19580,2
19582,1
19590,1
19591,1
19594,1
19597,1
19602,1
19604,1
19605,2
19609,1
19618,5
19619,2
19620,1
19623,1
19624,1
19626,1
19628,1
19630,243
19642,1
19643,1
19649,1
19654,1
19658,2
19661,2
19665,1
19666,10
19670,1
19672,3
19673,1
19675,3
19678,7
19680,2
19681,1
19686,1
19690,3
19702,6
19704,6
19705,1
19709,1
19710,1
19716,1
19718,6
19722,1
19724,1
19730,4
19732,1
19733,3
19734,4
19735,1
19736,1
19740,1
19743,1
19746,1
19750,1
19752,1
19761,1
19766,23
19769,1
19770,1
19771,1
19772,72
19775,1
19778,6
19785,1
19788,1
19792,1
19800,1
19801,3
19802,11
19803,1
19805,1
19810,1
19816,1
19818,3
19819,1
19820,1
19822,1
19823,1
19828,1
19830,10
19831,1
19834,2
19841,2
19842,1
19843,1
19845,2
19850,1
19852,1
19853,1
19856,1
19858,4
19861,1
19863,1
19866,15
19867,1
19868,1
19870,1
19871,1
19872,1
19874,2
19875,1
19878,8
19879,3
19881,1
19890,1
19891,1
19900,2
19901,2
19902,5
19906,2
19908,7
19909,3
19910,4
19911,1
19912,1
19915,1
19917,2
19918,4
19920,1
19922,2
19926,1
19927,1
19928,1
19929,2
19930,19
19937,1
19941,1
19944,1
19945,1
19952,1
19959,1
19966,33
19967,1
19969,1
19970,1
19971,1
19972,1
19978,6
19979,1
19984,1
19989,1
19990,8
19991,3
19996,1
19998,1
20000,1
20002,50
20004,3
20016,2
20018,44
20020,1
20029,3
20030,5
20031,1
20032,1
20033,1
20042,2
20045,1
20046,1
20047,1
20054,1
20055,1
20064,1
20065,1
20066,80
20067,1
20070,2
20073,1
20077,1
20078,64
20092,1
20100,1
20101,1
20102,8
20114,5
20115,1
20116,1
20118,6
20120,1
20121,1
20122,1
20128,1
20130,96
20132,1
20133,6
20140,1
20146,1
20147,1
20150,1
20161,4
20164,1
20166,1
20167,1
20169,1
20170,1
20172,1
20173,1
20178,4
20179,1
20182,1
20184,1
20187,1
20190,4
20194,2
20195,1
20200,2
20202,10
20204,8
20207,1
20210,1
20217,1
20218,4
20219,1
20223,1
20230,7
20240,1
20241,1
20242,3
20246,1
20247,1
20250,2
20252,1
20255,1
20262,2
20266,2
20272,3
20278,1
20279,1
20280,1
20284,1
20285,2
20288,4
20289,1
20291,1
20292,1
20297,1
20302,2
20303,1
20305,1
20306,1
20312,1
20316,1
20318,4
20319,1
20330,20
20332,1
20335,2
20336,1
20340,3
20341,1
20342,1
20344,1
20348,1
20355,1
20356,1
20357,1
20358,2
20359,1
20360,1
20361,4
20364,1
20366,8
20367,1
20370,1
20378,2
20382,1
20390,2
20392,1
20395,1
20398,1
20400,1
20402,3
20417,1
20418,3
20430,9
20431,3
20432,2
20440,1
20441,1
20443,1
20444,1
20453,1
20463,15
20464,11
20465,1
20466,23
20467,1
20468,2
20469,3
20470,7
20472,2
20475,1
20477,1
20478,3
20479,2
20480,1
20490,1
20495,1
20497,1
20499,1
20500,1
20502,24
20504,1
20514,1
20515,1
20516,1
20518,26
20520,2
20524,1
20530,25
20541,2
20543,2
20545,3
20546,1
20550,1
20551,1
20553,1
20555,1
20556,2
20563,1
20565,2
20566,182
20569,1
20572,2
20575,1
20578,22
20580,1
20584,1
20598,1
20602,6
20604,1
20612,1
20618,5
20628,1
20629,2
20630,42
20645,1
20661,10
20664,3
20666,6
20678,4
20681,1
20690,3
20692,1
20698,2
20700,2
20702,5
20704,2
20708,2
20709,1
20711,1
20712,1
20716,1
20718,4
20720,1
20723,1
20724,1
20729,2
20730,3
20734,2
20735,1
20736,1
20750,1
20764,1
20766,14
20768,1
20772,6
20778,3
20779,1
20789,2
20791,1
20796,1
20802,3
20805,1
20808,1
20811,1
20816,1
20818,7
20827,1
20830,8
20831,2
20834,1
20837,1
20839,1
20855,2
20866,10
20867,1
20868,1
20870,1
20875,1
20878,2
20879,1
20880,1
20881,1
20887,1
20890,2
20892,1
20895,1
20900,2
20901,2
20902,6
20905,1
20906,1
20907,2
20912,1
20913,1
20914,1
20918,17
20925,1
20926,1
20927,2
20930,9
20931,1
20932,1
20936,1
20943,1
20950,1
20952,1
20957,1
20965,2
20966,8
20967,1
20968,4
20970,4
20972,2
20975,4
20978,4
20979,1
20988,1
20989,1
20990,1
20991,2
20993,2
20997,1
20998,1
21000,1
21001,1
21002,97
21003,1
21004,1
21005,1
21009,1
21011,2
21012,1
21013,2
21015,2
21017,2
21018,412
21019,3
21022,1
21023,1
21024,1
21028,1
21029,1
21030,12
21031,1
21035,1
21036,1
21041,2
21046,1
21051,2
21056,2
21058,3
21060,1
21061,2
21062,1
21066,210
21068,4
21076,1
21078,55
21088,1
21101,1
21102,5
21105,2
21109,1
21113,1
21115,1
21117,1
21118,7
21123,1
21125,2
21126,1
21127,12
21128,1
21129,1
21130,98
21131,1
21138,1
21139,1
21141,1
21146,2
21161,1
21165,1
21166,4
21169,1
21172,1
21174,1
21176,2
21178,3
21179,1
21182,1
21184,1
21190,4
21198,1
21199,3
21200,1
21202,5
21204,1
21218,3
21225,1
21226,1
21230,9
21233,1
21238,1
21242,1
21246,1
21250,1
21252,1
21257,3
21262,1
21266,2
21268,1
21269,1
21270,1
21278,2
21283,1
21284,1
21288,1
21290,2
21292,1
21293,1
21294,1
21302,5
21303,2
21304,1
21305,2
21306,1
21309,1
21313,1
21316,2
21318,2
21328,1
21330,17
21333,1
21336,1
21339,2
21340,1
21344,1
21345,1
21356,1
21357,1
21360,2
21361,1
21366,5
21367,1
21378,3
21381,1
21390,1
21402,2
21404,1
21406,1
21407,1
21412,1
21418,1
21426,1
21427,2
21430,4
21431,3
21432,1
21434,1
21437,1
21444,1
21445,2
21447,2
21448,1
21449,1
21451,1
21454,1
21462,1
21465,2
21466,9
21468,1
21470,4
21472,2
21474,1
21478,4
21480,1
21483,1
21489,1
21490,1
21493,1
21500,1
21502,55
21516,1
21517,1
21518,13
21523,1
21530,5
21540,1
21542,1
21545,3
21552,2
21553,12
21555,1
21556,1
21558,1
21560,1
21561,2
21562,1
21563,1
21564,2
21565,1
21566,87
21568,1
21570,2
21571,1
21575,2
21577,1
21578,41
21579,1
21582,1
21586,1
21590,1
21594,1
21597,2
21598,1
21602,3
21613,1
21618,1
21620,1
21622,1
21628,1
21630,66
21631,3
21642,1
21643,1
21644,1
21646,1
21660,2
21661,39
21664,1
21665,1
21666,8
21667,1
21671,1
21674,1
21678,5
21680,1
21681,38
21684,1
21690,45
21697,1
21698,3
21702,3
21704,2
21714,2
21718,1
21722,1
21724,1
21730,7
21732,1
21734,1
21738,1
21747,1
21748,1
21750,2
21753,1
21758,1
21766,8
21770,1
21772,12
21775,1
21777,3
21778,4
21780,1
21789,1
21792,1
21794,1
21795,1
21797,1
21800,2
21801,1
21802,15
21812,1
21817,1
21818,1
21821,1
21822,1
21823,2
21825,1
21827,2
21830,1
21839,1
21847,1
21850,1
21851,2
21852,2
21856,1
21859,2
21865,1
21866,9
21867,1
21868,1
21870,2
21878,12
21881,1
21882,2
21889,1
21890,2
21891,2
21896,1
21900,4
21901,1
21902,7
21907,1
21916,1
21918,3
21922,1
21930,15
21931,1
21932,2
21942,2
21946,2
21948,1
21950,1
21954,1
21955,1
21956,1
21957,4
21958,1
21961,3
21966,15
21967,3
21968,1
21970,23
21973,1
21977,4
21978,42
21979,1
21982,1
21983,1
21992,1
21997,1
22001,2
22002,56
22003,1
22008,1
22009,2
22018,24
22019,3
22020,1
22021,3
22027,1
22028,1
22029,6
22030,27
22037,1
22038,1
22045,1
22048,1
22049,1
22053,3
22054,2
22055,1
22058,3
22061,1
22063,2
22064,1
22065,1
22066,37
22067,2
22068,2
22070,3
22072,1
22073,4
22075,3
22076,1
22077,2
22078,1052
22079,6
22080,2
22081,1
22085,1
22088,1
22093,1
22095,1
22098,1
22099,1
22102,1
22103,1
22105,1
22106,1
22108,1
22109,1
22110,1
22114,1
22115,1
22116,2
22118,1
22119,1
22120,2
22121,1
22123,1
22125,2
22127,2
22128,1
22129,3
22130,953
22131,2
22134,1
22135,2
22136,1
22140,1
22149,2
22150,1
22156,1
22162,1
22166,4
22170,2
22176,1
22178,16
22180,1
22181,2
22184,2
22185,1
22188,1
22192,1
22195,1
22200,8
22201,4
22202,6
22204,4
22214,1
22216,1
22218,3
22221,2
22224,1
22230,9
22232,1
22242,1
22246,5
22247,2
22260,1
22263,1
22266,2
22270,1
22271,1
22272,11
22276,1
22277,1
22278,8
22285,2
22290,1
22295,1
22300,1
22301,7
22302,4
22307,1
22312,1
22313,1
22316,1
22317,1
22318,2
22322,2
22326,1
22328,1
22329,1
22330,7
22335,2
22336,4
22341,2
22344,1
22345,1
22346,1
22354,1
22356,1
22358,2
22366,3
22369,1
22370,1
22372,2
22376,1
22377,1
22378,5
22380,1
22390,1
22394,1
22399,1
22400,1
22402,10
22403,1
22415,1
22417,2
22419,2
22429,1
22430,2
22431,3
22441,1
22446,1
22450,1
22451,1
22453,2
22458,1
22461,1
22462,1
22465,1
22466,2
22468,1
22470,6
22472,2
22478,9
22480,1
22483,2
22484,1
22494,1
22495,1
22496,1
22497,1
22502,21
22504,3
22508,1
22515,1
22518,11
22523,1
22528,1
22530,10
22531,1
22535,1
22541,1
22548,1
22550,1
22556,1
22557,1
22563,3
22564,1
22565,1
22566,81
22570,1
22571,1
22572,1
22577,3
22578,41
22580,1
22583,1
22585,1
22588,1
22591,1
22593,1
22595,1
22597,1
22602,3
22604,3
22605,2
22617,1
22618,2
22620,1
22629,1
22630,23
22633,1
22638,1
22639,2
22640,1
22641,1
22652,1
22661,1
22665,1
22666,6
22670,1
22678,3
22681,4
22686,1
22690,1
22700,1
22702,1
22703,1
22704,49
22705,1
22713,1
22715,1
22718,2
22725,1
22730,4
22733,1
22739,2
22743,1
22746,1
22758,1
22761,2
22764,1
22766,14
22769,1
22772,4
22778,10
22787,1
22796,1
22801,1
22802,6
22803,1
22808,1
22811,1
22818,3
22826,1
22829,1
22830,2
22849,1
22850,1
22852,1
22853,1
22854,1
22861,2
22863,1
22864,1
22865,2
22866,7
22872,1
22877,1
22878,4
22881,1
22883,1
22885,1
22886,2
22887,1
22888,2
22898,1
22900,1
22901,1
22902,3
22904,1
22906,1
22908,1
22918,1
22921,1
22928,1
22930,4
22931,2
22942,1
22944,1
22945,1
22948,2
22951,1
22952,1
22955,2
22960,1
22966,6
22968,2
22970,4
22972,1
22974,1
22978,6
22979,1
22980,2
22981,2
22982,1
22988,1
22989,1
22998,1
23002,42
23004,1
23005,1
23011,7
23012,1
23013,1
23015,2
23016,1
23018,26
23019,1
23023,1
23028,1
23029,1
23030,6
23031,1
23038,3
23040,1
23046,1
23047,1
23051,1
23058,1
23060,1
23062,1
23065,1
23066,46
23067,1
23074,1
23077,1
23078,92
23087,1
23090,2
23096,1
23102,7
23106,1
23114,1
23118,2
23120,1
23123,1
23125,1
23130,54
23131,1
23133,1
23141,1
23148,1
23156,1
23163,1
23166,4
23175,1
23178,5
23190,1
23193,1
23198,1
23199,1
23200,1
23202,2
23204,2
23208,1
23213,1
23217,1
23218,7
23220,2
23223,1
23230,3
23232,1
23240,1
23242,1
23246,1
23249,1
23253,1
23256,1
23266,6
23272,1
23278,23
23282,1
23283,1
23284,1
23295,1
23298,1
23300,1
23302,1
23305,2
23311,1
23312,1
23318,2
23330,10
23344,2
23349,1
23361,1
23366,9
23370,1
23375,1
23378,2
23380,2
23381,1
23390,1
23392,1
23393,2
23396,1
23400,2
23401,1
23402,5
23407,1
23416,2
23418,4
23422,1
23430,5
23431,10
23433,1
23443,1
23446,2
23451,1
23453,1
23457,2
23459,1
23461,1
23462,1
23465,1
23466,23
23467,1
23468,1
23470,2
23478,6
23481,1
23484,1
23485,1
23489,1
23492,1
23493,2
23494,1
23496,1
23497,2
23498,1
23500,1
23501,1
23502,16
23504,2
23507,1
23508,1
23511,2
23512,1
23513,1
23516,2
23517,1
23518,71
23523,2
23528,1
23529,1
23530,5
23540,1
23546,1
23555,1
23556,2
23561,2
23563,1
23565,1
23566,830
23568,1
23570,1
23577,1
23578,29
23582,1
23600,1
23613,2
23614,1
23618,4
23619,1
23621,1
23630,24
23631,1
23643,1
23653,1
23659,2
23661,3
23663,1
23664,1
23666,7
23669,1
23670,1
23671,1
23678,3
23681,7
23702,3
23704,2
23709,1
23713,1
23715,1
23718,3
23730,3
23738,1
23745,1
23752,1
23756,1
23764,1
23766,6
23768,1
23772,2
23773,1
23774,1
23778,1
23780,1
23789,1
23796,1
23797,4
23798,1
23801,1
23802,6
23804,1
23811,1
23814,1
23816,1
23817,1
23818,3
23819,1
23830,5
23831,1
23837,1
23840,3
23847,1
23848,1
23853,1
23861,1
23866,8
23872,1
23878,2
23882,1
23885,1
23886,1
23888,1
23891,1
23901,2
23902,16
23903,1
23908,1
23916,1
23918,6
23920,1
23922,1
23924,1
23928,1
23930,4
23934,1
23936,1
23947,1
23952,1
23954,1
23959,1
23962,7
23965,1
23966,2
23972,1
23978,6
23981,2
23983,1
23984,1
23997,1
24000,1
24001,3
24002,501
24012,1
24017,1
24018,32
24029,1
24030,2
24034,1
24041,1
24044,1
24046,1
24049,1
24055,1
24056,1
24059,1
24061,1
24066,32
24067,1
24068,1
24070,3
24073,1
24075,1
24078,102
24080,1
24086,1
24087,1
24090,1
24098,1
24100,1
24102,5
24108,1
24114,1
24118,1
24119,1
24120,1
24122,1
24125,2
24129,2
24130,70
24132,4
24151,1
24154,1
24157,1
24161,12
24163,1
24166,2
24171,1
24178,2
24179,1
24181,11
24182,1
24184,1
24190,1
24199,1
24202,2
24204,1
24213,1
24218,4
24221,1
24222,2
24230,5
24242,1
24245,1
24261,1
24262,1
24263,1
24265,1
24266,10
24270,1
24277,1
24278,6
24287,1
24291,1
24293,1
24297,1
24301,1
24302,1
24303,1
24305,1
24306,1
24307,1
24309,1
24310,1
24318,1
24322,4
24330,15
24340,3
24342,2
24347,1
24352,1
24353,2
24365,1
24366,2
24368,1
24369,1
24370,3
24378,6
24383,1
24399,1
24400,1
24401,1
24404,2
24411,2
24414,1
24420,1
24423,1
24430,3
24431,1
24443,1
24450,2
24453,1
24462,1
24466,3
24467,2
24469,2
24470,101
24472,1
24473,1
24474,1
24478,5
24479,1
24480,1
24481,3
24483,1
24486,1
24490,1
24502,7
24503,1
24506,1
24508,1
24510,1
24513,1
24518,18
24526,1
24527,1
24529,1
24530,9
24532,1
24538,2
24540,1
24542,1
24547,1
24552,1
24555,2
24557,1
24561,1
24564,1
24566,63
24567,1
24568,1
24570,1
24573,1
24577,1
24578,114
24579,41
24580,1
24581,1
24593,1
24602,6
24604,1
24605,1
24612,1
24617,1
24618,1
24620,1
24621,1
24625,3
24626,3
24627,1
24628,1
24629,2
24630,177
24635,5
24641,1
24653,2
24654,1
24661,8
24666,5
24668,1
24670,2
24672,1
24675,1
24678,1
24679,2
24680,2
24681,9
24687,2
24691,1
24695,2
24696,4
24697,1
24699,1
24702,3
24704,13
24705,1
24706,1
24718,5
24724,1
24726,1
24728,1
24729,2
24730,5
24731,1
24744,1
24745,2
24746,4
24748,1
24750,1
24751,1
24753,1
24756,1
24758,1
24764,1
24766,9
24772,58
24778,1
24779,2
24795,1
24797,1
24802,1
24807,1
24815,1
24816,1
24818,2
24820,1
24822,2
24823,1
24826,2
24830,9
24833,1
24835,1
24836,1
24840,1
24842,1
24848,1
24855,1
24860,1
24861,1
24866,5
24873,1
24878,1
24879,2
24880,1
24884,1
24885,1
24896,1
24899,1
24900,1
24901,1
24902,2
24903,1
24904,1
24918,5
24921,1
24922,3
24925,1
24926,1
24930,9
24931,1
24937,1
24942,1
24954,1
24960,1
24966,5
24967,1
24968,2
24971,1
24977,1
24979,3
24983,1
24987,1
24991,1
24992,1
24994,1
24995,1
25000,1
25001,3
25002,42
25004,2
25009,1
25010,1
25013,1
25018,36
25023,1
25027,1
25029,2
25030,9
25042,1
25044,1
25051,1
25057,1
25061,1
25064,1
25065,1
25066,20
25068,1
25069,1
25076,1
25079,42
25085,1
25090,1
25093,1
25096,1
25098,1
25102,3
25103,1
25105,1
25110,2
25117,1
25118,4
25122,2
25130,92
25131,1
25134,1
25136,1
25153,1
25161,2
25164,1
25166,4
25179,2
25181,3
25186,1
25187,1
25190,1
25191,3
25192,1
25201,2
25202,3
25204,6
25206,1
25208,1
25217,1
25218,4
25222,3
25225,1
25230,2
25236,1
25241,2
25247,1
25249,1
25251,1
25252,1
25259,1
25265,1
25266,8
25267,1
25268,2
25272,1
25275,1
25279,12
25281,1
25282,1
25293,1
25299,1
25301,8
25302,4
25304,1
25316,1
25318,3
25322,1
25330,17
25337,1
25339,1
25342,1
25347,1
25358,1
25360,1
25361,1
25363,1
25366,4
25370,1
25372,1
25379,4
25399,1
25400,1
25402,4
25410,1
25411,1
25412,2
25413,1
25418,2
25429,1
25430,3
25431,1
25442,3
25448,1
25450,1
25452,1
25457,1
25462,1
25463,1
25465,1
25466,9
25468,1
25470,3
25479,3
25481,2
25482,1
25490,1
25494,1
25500,1
25502,11
25506,1
25511,1
25512,1
25513,2
25514,4
25517,1
25518,29
25524,1
25526,1
25527,1
25530,7
25533,1
25534,1
25538,2
25546,1
25554,1
25566,69
25567,1
25568,1
25572,1
25574,1
25575,1
25577,1
25579,22
25581,1
25586,1
25588,1
25591,1
25593,1
25599,1
25600,1
25602,1
25604,2
25605,1
25612,1
25618,3
25620,1
25625,1
25630,20
25633,1
25638,1
25643,1
25653,1
25661,1
25666,3
25670,3
25671,2
25672,1
25678,1
25679,6
25681,1
25685,1
25688,1
25694,1
25701,1
25702,2
25704,3
25714,1
25716,1
25718,1
25728,1
25729,1
25731,1
25732,1
25735,1
25739,1
25744,1
25747,1
25751,1
25753,1
25763,1
25766,5
25770,1
25771,1
25772,6
25776,3
25777,1
25778,1
25779,9
25794,1
25802,3
25806,1
25811,2
25812,2
25816,1
25818,4
25822,6
25825,1
25826,1
25828,1
25830,5
25835,1
25838,1
25840,3
25853,1
25854,1
25856,1
25858,1
25859,1
25863,1
25866,3
25867,2
25868,2
25870,2
25872,1
25875,1
25879,3
25880,1
25881,1
25888,1
25890,1
25891,1
25893,1
25895,1
25897,2
25898,1
25899,1
25902,2
25903,1
25905,1
25906,1
25907,5
25909,1
25911,2
25916,1
25918,43
25923,1
25930,8
25931,3
25933,1
25936,1
25943,2
25948,1
25949,2
25960,3
25961,1
25966,4
25967,2
25968,1
25970,1
25979,1
25985,1
25995,1
25996,2
25997,1
25998,1
25999,1
26000,2
26001,1
26002,31
26003,2
26008,1
26009,1
26010,2
26011,6
26012,1
26013,2
26014,1
26015,1
26016,1
26017,8
26018,1109
26019,5
26022,1
26023,1
26024,1
26026,1
26030,12
26040,1
26051,5
26055,1
26056,1
26058,1
26063,1
26064,1
26066,142
26068,1
26076,1
26079,64
26080,1
26088,1
26091,1
26101,1
26102,2
26104,1
26114,1
26116,1
26117,2
26118,12
26120,2
26127,1
26129,1
26130,55
26134,1
26137,1
26140,2
26144,1
26151,1
26161,2
26162,2
26166,3
26170,1
26179,7
26181,4
26191,1
26194,1
26200,3
26201,1
26202,6
26204,5
26211,1
26218,6
26221,3
26230,2
26232,1
26239,1
26240,2
26242,3
26251,1
26263,1
26265,1
26266,3
26278,1
26279,4
26283,1
26288,1
26289,2
26291,1
26298,1
26299,2
26301,1
26302,4
26303,1
26309,1
26310,1
26311,1
26312,2
26316,3
26318,2
26320,1
26322,77
26323,1
26326,2
26327,1
26330,5
26331,1
26335,1
26340,43
26349,1
26352,1
26360,6
26363,1
26366,5
26376,1
26379,8
26381,1
26385,3
26388,1
26396,3
26399,1
26401,1
26402,5
26404,1
26407,1
26410,1
26418,2
26421,1
26422,1
26423,1
26425,1
26430,6
26431,1
26432,1
26440,1
26445,1
26446,2
26450,1
26451,1
26452,2
26461,1
26462,1
26464,1
26466,9
26469,1
26470,2
26474,1
26477,4
26479,5
26481,2
26483,1
26485,1
26486,2
26497,1
26499,1
26500,1
26501,2
26502,73
26506,1
26518,21
26520,1
26522,1
26524,1
26526,3
26530,1
26534,1
26538,1
26540,1
26541,1
26543,1
26545,1
26551,2
26554,1
26556,1
26557,1
26560,2
26561,1
26565,1
26566,56
26569,1
26579,27
26580,2
26581,4
26582,1
26584,1
26589,1
26593,1
26594,1
26600,1
26602,3
26604,1
26606,1
26609,1
26611,1
26617,2
26625,1
26627,1
26630,27
26642,1
26646,1
26661,79
26662,1
26666,4
26667,1
26670,1
26673,1
26678,4
26679,3
26680,1
26681,45
26682,1
26684,2
26686,1
26690,58
26699,1
26700,2
26701,1
26702,2
26704,2
26705,1
26708,1
26713,1
26716,1
26718,4
26722,1
26730,5
26737,1
26740,1
26745,1
26747,1
26750,1
26755,3
26758,2
26761,2
26766,2
26772,4
26779,2
26781,2
26784,1
26801,1
26802,2
26817,3
26818,1
26822,1
26823,1
26830,5
26835,2
26840,3
26852,2
26859,1
26860,1
26861,2
26869,2
26870,3
26879,4
26880,1
26881,2
26882,2
26884,1
26891,1
26895,1
26898,1
26900,1
26901,2
26902,4
26905,2
26907,1
26913,2
26917,1
26918,1
26923,1
26925,1
26927,1
26928,3
26929,2
26930,11
26931,1
26935,1
26937,1
26939,1
26941,1
26943,1
26948,2
26950,2
26951,2
26952,2
26953,1
26961,2
26966,4
26967,3
26969,1
26970,7
26973,1
26974,1
26977,1
26978,1
26979,15
26989,4
26991,1
26992,4
26995,1
27000,1
27001,1
27002,55
27006,1
27009,1
27011,1
27012,1
27013,1
27018,14
27020,2
27028,2
27029,6
27030,47
27031,1
27037,2
27045,1
27046,3
27050,1
27051,2
27060,1
27066,31
27068,2
27069,1
27070,1
27072,2
27074,2
27076,1
27078,4
27079,662
27080,4
27081,1
27096,1
27097,1
27101,1
27102,6
27105,1
27112,1
27116,1
27118,1
27122,1
27123,1
27125,3
27127,2
27128,1
27129,1
27130,932
27131,3
27133,1
27135,2
27141,1
27142,1
27149,1
27154,1
27156,1
27160,1
27161,8
27166,2
27171,1
27174,1
27175,1
27179,10
27181,2
27183,1
27187,1
27194,1
27196,1
27200,1
27201,1
27202,1
27204,2
27209,1
27214,1
27215,1
27218,7
27222,2
27225,1
27230,17
27232,1
27242,1
27246,5
27253,1
27256,1
27263,1
27266,1
27270,1
27272,7
27278,1
27279,5
27280,2
27283,1
27290,1
27301,2
27302,6
27306,1
27313,2
27316,2
27322,5
27330,8
27334,1
27337,1
27339,1
27353,1
27357,1
27358,1
27361,3
27362,1
27363,1
27366,3
27368,2
27372,1
27379,6
27380,1
27383,1
27386,1
27399,1
27402,12
27421,1
27430,2
27431,1
27433,5
27440,1
27455,1
27458,1
27461,1
27466,11
27467,1
27470,1
27471,1
27473,1
27479,3
27481,1
27497,2
27502,11
27513,1
27518,5
27521,1
27522,1
27529,1
27540,2
27545,1
27552,1
27553,1
27554,2
27557,1
27561,2
27564,1
27566,73
27568,1
27579,36
27595,2
27602,3
27604,6
27618,1
27619,1
27624,1
27630,27
27631,1
27640,2
27649,1
27661,9
27665,1
27666,4
27669,2
27672,1
27678,4
27679,13
27680,2
27681,4
27682,1
27683,6
27686,1
27695,1
27696,1
27699,1
27701,1
27703,1
27704,142
27705,1
27711,1
27715,5
27718,3
27727,1
27728,2
27730,1
27732,1
27733,1
27743,1
27745,1
27751,1
27753,1
27759,1
27766,7
27772,3
27779,14
27800,1
27801,2
27802,4
27804,1
27807,1
27811,2
27817,1
27821,1
27822,1
27830,4
27836,1
27840,1
27845,3
27846,1
27849,1
27851,1
27857,1
27862,1
27866,3
27870,2
27874,1
27879,7
27880,1
27881,2
27890,1
27897,1
27902,4
27904,2
27911,1
27915,1
27921,1
27923,1
27928,2
27930,4
27932,1
27933,1
27935,13
27937,2
27945,2
27946,3
27948,1
27950,2
27951,3
27952,5
27954,1
27958,1
27960,1
27964,1
27965,1
27966,5
27969,2
27970,2
27972,2
27973,1
27974,1
27978,1
27979,4
27980,1
27981,1
27986,1
27988,1
27992,1
27998,1
27999,1
28002,47
28003,2
28006,1
28008,2
28009,1
28012,1
28018,32
28019,1
28030,2
28031,1
28033,1
28039,2
28040,1
28050,2
28061,4
28064,1
28065,1
28066,51
28068,1
28069,1
28079,62
28082,1
28085,1
28088,2
28091,1
28102,2
28104,1
28111,1
28124,1
28125,1
28129,1
28130,37
28131,1
28139,1
28141,1
28145,4
28146,1
28148,1
28155,2
28160,1
28162,1
28166,4
28168,1
28170,1
28172,1
28173,1
28175,1
28178,2
28179,5
28181,1
28182,1
28191,1
28198,1
28200,1
28202,5
28204,3
28230,3
28237,1
28241,1
28242,4
28246,1
28257,1
28263,1
28264,1
28266,9
28270,1
28272,1
28274,1
28279,6
28280,1
28284,3
28290,1
28293,1
28295,1
28296,1
28301,1
28302,2
28308,1
28310,2
28318,2
28322,3
28328,1
28330,15
28331,2
28337,1
28340,4
28343,1
28354,1
28356,1
28360,3
28361,1
28364,1
28366,15
28367,2
28372,1
28379,4
28382,1
28402,1
28411,2
28413,2
28415,1
28416,2
28417,1
28418,1
28420,1
28430,8
28431,8
28432,2
28444,1
28445,1
28446,1
28450,2
28451,2
28452,2
28454,2
28455,1
28456,1
28460,1
28463,1
28465,1
28466,41
28467,1
28468,1
28470,1
28471,1
28472,1
28478,2
28479,4
28480,1
28482,1
28487,1
28491,1
28494,1
28502,24
28509,1
28514,2
28515,1
28516,1
28518,29
28525,1
28529,3
28530,10
28533,2
28538,1
28539,1
28540,1
28541,1
28542,1
28545,3
28546,1
28550,1
28552,1
28554,1
28555,1
28556,1
28560,2
28561,2
28563,1
28564,1
28565,8
28566,811
28568,1
28572,1
28578,2
28579,24
28593,380
28594,93
28600,1
28601,1
28602,4
28603,1
28612,1
28618,3
28627,1
28629,1
28630,7
28633,1
28643,2
28645,6
28647,1
28661,1
28675,1
28679,3
28681,6
28685,1
28692,1
28693,27
28696,1
28702,9
28703,1
28704,4
28705,2
28712,1
28713,1
28715,1
28723,1
28730,3
28746,3
28748,1
28759,1
28765,1
28769,1
28770,1
28772,2
28779,14
28791,2
28793,7
28796,1
28800,2
28802,6
28804,1
28816,1
28818,1
28822,5
28829,1
28830,1
28832,1
28836,1
28840,3
28842,1
28849,1
28850,1
28860,2
28870,1
28871,1
28872,1
28877,1
28879,3
28881,2
28892,4
28893,6
28901,1
28902,26
28904,1
28907,1
28909,2
28914,1
28917,2
28918,1
28924,1
28933,1
28941,1
28945,2
28946,1
28952,1
28955,1
28959,2
28964,1
28974,1
28977,1
28978,1
28979,3
28988,2
28992,1
28993,4
28994,2
28997,4
29000,4
29001,6
29002,683
29003,3
29012,2
29018,10
29023,1
29030,1
29038,2
29041,1
29042,1
29043,1
29045,6
29049,1
29052,1
29054,2
29072,1
29078,1
29079,46
29080,1
29092,1
29093,47
29101,1
29102,7
29103,1
29104,2
29105,1
29106,1
29117,1
29118,2
29119,1
29126,1
29129,2
29130,40
29133,1
29145,14
29150,2
29152,1
29171,1
29174,1
29179,3
29181,3
29191,2
29193,3
29200,1
29202,7
29214,1
29218,1
29220,1
29230,1
29231,1
29238,1
29241,1
29242,1
29245,1
29265,1
29272,3
29275,1
29279,10
29281,1
29283,2
29286,1
29289,1
29292,2
29293,4
29302,5
29305,1
29307,1
29314,1
29318,1
29323,1
29330,3
29340,1
29345,1
29350,1
29353,5
29365,1
29367,1
29370,1
29373,1
29379,1
29385,1
29386,1
29393,2
29394,1
29396,1
29402,2
29405,1
29421,1
29422,1
29427,2
29429,1
29430,4
29433,1
29435,1
29436,1
29439,1
29442,1
29447,1
29448,1
29454,1
29466,1
29470,33
29472,1
29478,1
29479,7
29481,1
29491,1
29493,2
29497,2
29498,4
29502,19
29507,1
29513,1
29518,7
29525,1
29529,1
29530,9
29532,1
29533,1
29540,1
29545,1
29552,2
29554,1
29560,1
29561,2
29562,1
29564,1
29570,1
29574,1
29578,4
29579,111
29585,3
29592,1
29593,93
29602,1
29604,1
29607,1
29609,1
29610,1
29617,1
29619,2
29624,1
29625,1
29629,1
29630,43
29633,1
29635,1
29643,1
29645,2
29653,1
29672,2
29673,1
29683,1
29686,1
29691,1
29692,1
29693,2
29695,1
29696,1
29702,5
29704,2
29705,5
29710,2
29711,1
29712,2
29718,4
29728,1
29733,3
29744,1
29745,3
29748,1
29749,1
29762,1
29767,1
29771,2
29772,67
29774,1
29779,4
29780,1
29782,1
29793,11
29801,1
29802,4
29807,1
29818,111
29830,2
29842,1
29845,1
29850,2
29851,2
29857,1
29858,1
29864,1
29869,1
29872,1
29873,1
29879,1
29880,1
29881,2
29892,1
29893,2
29896,1
29900,2
29902,4
29906,1
29917,1
29918,2
29925,1
29927,1
29930,5
29943,1
29949,1
29950,1
29961,1
29966,1
29969,2
29970,1
29972,2
29977,1
29978,1
29979,3
29981,2
29982,1
29993,1
29998,1
30000,1
30002,54
30005,1
30008,3
30018,9
30020,1
30026,1
30029,3
30030,2
30042,1
30049,1
30052,1
30053,1
30068,2
30069,1
30070,1
30074,1
30077,1
30078,2
30079,87
30088,1
30093,11
30102,6
30114,2
30118,1
30126,1
30128,1
30130,23
30136,1
30140,1
30145,3
30151,1
30161,1
30169,2
30175,1
30177,1
30179,1
30180,1
30181,3
30186,1
30201,1
30202,7
30203,1
30204,2
30209,1
30218,3
30222,3
30229,1
30230,4
30232,1
30236,1
30242,1
30246,1
30247,1
30248,1
30252,1
30260,1
30262,1
30263,1
30264,1
30270,1
30272,1
30279,5
30288,1
30289,1
30293,1
30302,2
30308,1
30318,2
30322,2
30329,1
30330,7
30331,1
30334,1
30341,1
30342,1
30343,1
30346,1
30350,2
30352,1
30353,2
30356,1
30358,1
30359,1
30372,1
30373,1
30378,1
30379,3
30381,1
30383,1
30393,4
30395,1
30400,1
30402,8
30407,1
30414,1
30415,1
30417,1
30418,1
30419,1
30420,1
30422,1
30424,1
30425,2
30427,4
30430,2
30432,1
30436,1
30442,1
30443,1
30444,1
30449,1
30452,2
30470,2
30477,1
30479,3
30480,1
30493,3
30497,1
30498,1
30502,18
30508,1
30513,2
30518,10
30530,2
30531,1
30546,1
30560,1
30564,1
30576,1
30579,19
30581,1
30585,1
30591,1
30592,1
30593,44
30600,1
30603,1
30618,1
30628,1
30630,10
30635,1
30642,1
30645,5
30653,1
30657,1
30662,1
30663,1
30666,1
30668,1
30675,1
30679,2
30681,5
30693,5
30702,1
30705,1
30718,1
30730,3
30733,1
30739,1
30745,1
30746,2
30766,1
30770,1
30772,3
30774,1
30779,8
30790,1
30791,1
30793,4
30800,1
30802,2
30816,1
30818,1
30822,2
30826,1
30829,1
30830,2
30840,1
30854,1
30867,1
30871,1
30872,1
30879,3
30884,1
30893,8
30902,13
30913,1
30914,1
30917,1
30918,9
30927,1
30928,2
30930,1
30931,1
30938,1
30942,1
30945,3
30946,1
30956,1
30957,2
30972,1
30977,1
30978,1
30979,21
30991,1
30992,1
30993,52
30999,1
31001,2
31002,40
31004,2
31005,3
31006,1
31008,2
31009,1
31013,1
31017,3
31018,195
31019,1
31022,1
31024,1
31028,1
31029,1
31030,2
31036,1
31054,1
31055,1
31068,1
31069,1
31079,45
31084,1
31088,2
31092,2
31093,117
31099,1
31102,1
31114,1
31118,3
31120,1
31123,1
31126,45
31130,22
31134,1
31135,1
31140,1
31141,41
31145,3
31159,1
31162,1
31166,1
31181,1
31189,1
31192,1
31193,2
31202,2
31214,1
31218,2
31220,1
31222,1
31225,2
31227,1
31230,3
31234,1
31240,1
31242,2
31246,1
31247,1
31250,1
31261,1
31270,1
31272,2
31274,1
31275,1
31282,1
31293,2
31299,1
31302,1
31304,1
31311,1
31313,2
31314,1
31318,2
31322,17
31326,1
31327,1
31333,1
31335,1
31340,15
31348,25
31351,1
31360,2
31368,1
31371,8
31372,1
31375,2
31393,2
31397,1
31402,3
31403,1
31404,1
31413,1
31418,1
31421,1
31422,2
31430,4
31437,1
31441,1
31442,1
31443,1
31444,1
31445,1
31447,4
31448,58
31453,1
31455,1
31468,1
31470,1
31480,1
31482,1
31488,1
31490,1
31492,1
31493,3
31502,58
31503,2
31504,1
31518,3
31530,2
31531,1
31540,2
31542,1
31543,2
31545,3
31548,6
31551,1
31553,1
31560,1
31566,1
31568,2
31570,1
31572,1
31575,7
31581,5
31583,1
31593,17
31600,1
31615,1
31617,1
31618,4
31625,1
31630,14
31637,1
31638,1
31640,1
31642,1
31643,1
31645,49
31648,52
31665,1
31670,1
31676,1
31680,1
31681,28
31693,1
31700,1
31704,2
31705,4
31713,1
31718,1
31722,1
31725,1
31730,2
31737,1
31745,3
31752,1
31756,1
31757,1
31763,1
31765,1
31770,3
31774,2
31785,1
31793,6
31801,1
31802,2
31815,1
31816,2
31823,1
31830,3
31831,1
31832,1
31842,1
31843,1
31845,2
31848,4
31860,2
31862,1
31865,1
31869,1
31878,4
31881,1
31883,1
31890,1
31893,3
31902,5
31903,1
31904,1
31907,1
31918,2
31925,1
31930,4
31935,1
31939,1
31945,1
31946,1
31948,10
31950,1
31960,1
31962,1
31963,1
31964,1
31966,1
31969,1
31970,2
31973,1
31983,1
31986,1
31989,1
31993,1
32002,27
32008,2
32018,14
32019,1
32022,1
32025,1
32030,9
32033,1
32034,2
32037,1
32038,2
32041,1
32042,1
32043,1
32046,2
32047,4
32048,42
32055,1
32057,2
32060,1
32068,2
32070,1
32080,2
32081,1
32083,2
32093,15
32098,1
32101,1
32102,1
32105,1
32111,1
32117,1
32123,1
32130,260
32131,1
32135,3
32137,1
32138,1
32141,1
32143,6
32144,1
32145,3
32147,6
32148,1000
32149,8
32150,2
32151,1
32153,2
32158,1
32168,1
32169,1
32182,1
32193,1
32201,1
32202,4
32204,2
32213,1
32217,1
32218,2
32219,1
32221,1
32228,1
32230,3
32245,5
32246,2
32248,22
32249,2
32250,1
32268,1
32272,15
32273,1
32274,1
32281,2
32282,1
32292,1
32293,2
32301,1
32302,2
32303,1
32320,1
32321,1
32322,1
32324,1
32325,1
32326,2
32334,1
32345,2
32348,6
32349,1
32370,1
32387,1
32393,4
32398,1
32402,8
32412,1
32414,1
32418,2
32424,1
32440,1
32441,1
32444,1
32448,8
32451,1
32455,1
32464,1
32466,1
32468,12
32470,1
32477,1
32483,2
32484,1
32487,1
32488,1
32493,4
32496,1
32502,13
32504,3
32508,1
32518,6
32528,1
32530,1
32539,1
32544,3
32545,1
32548,6
32558,2
32584,2
32588,1
32592,1
32593,36
32600,1
32602,1
32603,1
32604,3
32618,3
32619,1
32620,1
32629,1
32630,7
32640,2
32641,1
32645,9
32648,40
32651,1
32653,1
32672,1
32673,1
32681,2
32693,4
32698,1
32702,1
32703,1
32704,27
32705,1
32715,2
32718,2
32729,1
32730,6
32733,1
32755,2
32758,1
32793,1
32818,1
32840,1
32847,1
32848,4
32850,1
32858,1
32860,1
32861,3
32870,2
32883,1
32893,1
32898,1
32902,1
32904,1
32913,1
32921,1
32922,1
32924,1
32925,2
32930,3
32935,3
32937,2
32939,1
32945,1
32948,3
32958,1
32962,1
32966,1
32968,1
32969,2
32970,3
32974,3
32982,1
32993,3
32999,1
33001,1
33002,20
33013,1
33018,9
33022,1
33030,2
33045,2
33048,1
33051,1
33059,1
33075,1
33088,2
33093,22
33101,1
33102,1
33112,1
33113,1
33114,3
33118,1
33120,1
33130,19
33140,1
33143,1
33144,1
33145,2
33146,1
33148,48
33158,1
33161,1
33172,1
33173,1
33186,1
33193,2
33194,1
33198,1
33202,5
33204,1
33209,1
33212,1
33216,1
33218,1
33230,1
33232,1
33245,1
33246,1
33248,5
33258,1
33259,1
33260,7
33268,2
33272,4
33281,1
33289,1
33291,1
33293,1
33298,1
33312,1
33314,2
33318,1
33322,2
33323,1
33326,2
33329,1
33330,2
33335,2
33338,1
33340,3
33342,1
33348,14
33353,1
33358,3
33361,1
33367,4
33370,1
33393,4
33396,1
33402,3
33408,1
33417,1
33418,1
33425,2
33431,8
33445,1
33447,4
33448,4
33451,1
33452,1
33461,1
33465,1
33467,1
33470,1
33472,1
33485,1
33492,1
33493,13
33494,1
33498,1
33499,1
33500,1
33501,1
33502,13
33516,1
33518,18
33532,1
33534,1
33538,1
33543,1
33545,1
33548,10
33553,1
33555,1
33558,1
33563,1
33566,1
33568,10
33572,1
33573,1
33574,1
33579,1
33585,1
33588,1
33590,1
33592,2
33593,385
33594,2
33601,2
33602,5
33604,1
33611,1
33613,2
33618,1
33628,1
33630,5
33635,1
33645,4
33648,17
33659,1
33663,1
33666,7
33670,2
33681,3
33683,1
33693,6
33702,2
33707,1
33718,1
33733,1
33742,1
33745,2
33748,1
33751,1
33766,1
33769,1
33775,1
33782,1
33783,1
33793,4
33802,1
33812,1
33818,2
33822,1
33830,2
33840,1
33845,2
33848,3
33852,1
33860,1
33886,1
33889,1
33891,1
33892,1
33893,2
33898,1
33902,7
33918,1
33922,1
33925,1
33930,2
33931,3
33947,1
33948,2
33969,1
33972,1
33976,1
33978,1
33990,1
33991,1
33992,1
33993,1
33997,1
33998,2
34000,2
34001,3
34002,275
34003,1
34007,1
34013,1
34014,1
34015,1
34018,11
34020,1
34030,2
34033,1
34035,1
34038,1
34041,1
34048,6
34052,1
34089,1
34093,10
34102,1
34109,1
34113,1
34114,1
34115,1
34118,3
34123,1
34128,1
34130,14
34135,1
34144,2
34145,14
34147,1
34148,61
34149,2
34150,1
34158,1
34159,1
34167,1
34168,1
34171,1
34181,8
34182,1
34190,1
34192,1
34193,4
34197,1
34202,1
34204,1
34206,1
34207,1
34210,1
34218,1
34230,1
34248,2
34260,1
34263,1
34284,1
34293,1
34302,2
34303,1
34310,1
34314,2
34316,1
34322,1
34323,2
34330,3
34340,1
34348,1
34353,1
34360,1
34365,1
34370,5
34371,1
34393,1
34398,1
34399,1
34400,1
34402,1
34430,3
34435,1
34441,1
34445,1
34448,4
34458,1
34460,2
34461,1
34463,1
34465,1
34467,1
34470,80
34471,1
34478,1
34479,1
34482,1
34492,1
34493,2
34502,7
34505,1
34506,1
34513,1
34518,3
34526,1
34530,3
34533,1
34535,1
34538,4
34540,1
34541,1
34545,2
34548,1
34559,1
34563,1
34570,3
34572,4
34573,18
34574,2
34575,1
34581,1
34583,1
34584,2
34590,3
34591,1
34592,4
34593,18
34599,1
34600,1
34604,4
34605,1
34606,1
34618,1
34625,2
34626,2
34628,1
34629,1
34630,45
34635,1
34638,2
34643,2
34645,8
34647,2
34648,85
34652,2
34653,4
34654,3
34659,2
34661,1
34664,2
34666,1
34671,1
34672,2
34678,1
34680,2
34681,3
34682,1
34687,3
34692,1
34693,1
34696,5
34700,3
34702,2
34704,9
34705,2
34708,1
34710,1
34722,2
34728,1
34730,2
34735,1
34745,1
34746,1
34748,4
34762,1
34772,36
34782,1
34801,1
34802,1
34818,6
34823,1
34827,1
34840,1
34842,1
34845,1
34848,1
34851,1
34867,1
34879,1
34880,1
34886,1
34892,2
34893,2
34898,23
34900,2
34902,2
34904,1
34908,3
34909,1
34912,1
34915,6
34918,2
34924,1
34942,1
34948,2
34952,1
34964,1
34965,1
34970,1
34984,1
34988,1
34992,2
34993,2
34998,1
35000,1
35002,11
35004,2
35007,1
35011,1
35016,1
35018,20
35019,2
35020,2
35028,1
35030,4
35047,1
35048,2
35058,5
35063,1
35079,1
35080,1
35081,1
35091,1
35093,10
35102,1
35118,1
35126,1
35127,1
35130,14
35137,1
35138,4
35145,1
35148,19
35149,1
35157,1
35170,1
35181,2
35184,1
35192,1
35193,2
35194,1
35195,1
35197,1
35200,1
35202,4
35204,4
35211,1
35216,2
35218,2
35219,1
35224,1
35226,2
35230,1
35240,1
35245,1
35247,1
35257,1
35260,1
35268,2
35293,2
35294,1
35297,1
35302,2
35308,1
35312,2
35318,8
35329,1
35330,4
35332,1
35333,1
35345,3
35348,7
35353,1
35358,2
35360,1
35361,1
35369,1
35372,1
35375,1
35383,1
35389,1
35393,5
35402,2
35404,1
35419,1
35430,1
35432,1
35440,1
35441,1
35448,6
35450,1
35457,1
35459,1
35467,1
35469,1
35470,3
35473,2
35482,2
35488,1
35489,1
35493,2
35500,2
35502,4
35504,1
35510,1
35518,14
35533,1
35535,1
35538,29
35539,4
35540,2
35541,2
35543,1
35545,3
35546,1
35548,10
35551,1
35552,2
35553,1
35554,1
35555,12
35556,4
35557,1
35558,3
35559,1
35560,2
35561,1
35562,2
35563,3
35565,1
35566,1
35567,1
35571,1
35574,1
35575,3
35579,1
35582,1
35591,1
35592,1
35593,1
35602,1
35615,2
35616,1
35618,3
35625,1
35630,9
35634,1
35636,1
35645,14
35648,13
35667,1
35668,1
35669,1
35670,1
35675,1
35679,1
35681,3
35688,1
35689,1
35704,1
35720,2
35733,16
35738,5
35748,3
35772,1
35774,1
35776,2
35793,1
35802,6
35818,3
35819,1
35833,1
35838,1
35845,2
35848,1
35864,1
35868,1
35887,4
35891,1
35900,1
35907,1
35918,19
35922,2
35923,1
35930,3
35931,1
35932,1
35937,3
35938,3
35939,1
35940,1
35945,6
35947,1
35948,1
35952,1
35968,1
35977,1
35985,1
35990,1
35991,1
35992,1
35993,1
35997,1
35998,1
35999,1
36002,19
36008,2
36010,1
36013,1
36014,3
36015,1
36018,380
36021,1
36024,2
36030,3
36038,65
36048,3
36059,1
36065,1
36069,1
36080,1
36098,1
36102,2
36105,1
36114,2
36118,6
36130,19
36138,2
36143,1
36145,9
36148,37
36153,1
36181,2
36201,1
36202,3
36218,2
36221,2
36222,1
36225,1
36231,1
36234,4
36238,2
36242,3
36248,3
36290,1
36301,1
36302,2
36305,2
36312,1
36316,1
36318,2
36326,1
36330,2
36333,1
36338,3
36348,7
36360,2
36362,1
36380,1
36385,1
36390,1
36398,1
36402,4
36404,1
36418,2
36421,1
36427,2
36429,1
36430,1
36431,1
36432,1
36437,1
36438,4
36445,2
36448,3
36452,1
36470,2
36476,1
36478,1
36481,1
36483,1
36488,1
36496,1
36499,1
36502,55
36504,1
36517,1
36518,15
36522,1
36524,1
36525,1
36530,2
36537,1
36538,32
36545,3
36548,8
36550,1
36560,2
36570,1
36575,1
36580,1
36581,2
36585,1
36587,1
36592,1
36593,3
36594,1
36602,1
36605,2
36619,1
36620,1
36623,1
36625,2
36627,1
36630,9
36638,1
36645,119
36647,1
36648,17
36650,2
36654,1
36658,1
36670,2
36671,1
36680,2
36681,57
36682,1
36684,1
36686,1
36691,1
36702,2
36711,1
36718,1
36722,1
36726,1
36730,1
36734,1
36735,1
36743,1
36745,4
36748,4
36772,3
36781,4
36790,1
36800,1
36812,1
36817,1
36819,1
36830,1
36831,1
36834,1
36840,1
36845,3
36848,1
36852,1
36859,1
36867,3
36868,1
36869,1
36871,1
36873,1
36875,1
36876,4
36880,1
36883,2
36884,1
36885,1
36886,3
36887,1
36888,1
36890,1
36891,2
36898,1
36900,3
36901,3
36902,3
36903,1
36904,5
36906,1
36907,2
36913,1
36918,3
36924,1
36925,1
36927,1
36928,1
36929,1
36930,4
36933,1
36938,1
36939,2
36943,1
36946,1
36948,3
36950,1
36951,1
36954,2
36956,1
36957,2
36958,1
36966,1
36970,4
36974,1
36975,1
36979,1
36980,1
36981,2
36982,1
36996,1
36998,4
37000,3
37002,26
37003,2
37004,1
37010,1
37013,1
37017,2
37018,19
37019,4
37020,1
37023,1
37030,29
37032,1
37038,13
37039,1
37042,1
37045,1
37046,1
37047,1
37048,13
37050,1
37071,1
37072,1
37098,2
37102,1
37105,1
37107,1
37110,1
37111,1
37113,1
37114,1
37120,3
37122,1
37123,2
37124,3
37126,1
37127,1
37129,9
37130,714
37131,2
37136,1
37138,5
37140,1
37141,1
37143,1
37145,4
37147,5
37148,489
37150,1
37158,1
37160,1
37175,1
37180,1
37181,8
37190,1
37194,1
37200,2
37201,4
37202,7
37204,1
37213,2
37218,10
37222,1
37228,1
37229,1
37230,8
37238,2
37241,1
37246,2
37248,8
37258,1
37266,1
37272,2
37273,2
37274,2
37275,1
37276,1
37280,1
37284,1
37288,1
37291,1
37302,1
37326,4
37328,2
37329,7
37330,15
37332,1
37338,3
37345,2
37348,3
37372,1
37387,1
37393,4
37396,1
37425,1
37430,1
37431,1
37433,1
37435,6
37438,4
37440,1
37448,1
37469,1
37474,1
37484,1
37495,1
37496,1
37497,1
37502,11
37510,1
37517,1
37518,5
37528,2
37530,1
37538,41
37548,1
37553,1
37558,3
37588,1
37589,1
37591,1
37594,1
37601,1
37602,2
37604,1
37630,14
37638,3
37642,1
37645,3
37648,15
37655,1
37659,1
37663,1
37672,1
37681,6
37689,2
37695,1
37699,1
37701,1
37702,1
37704,46
37718,1
37722,1
37723,1
37728,1
37730,1
37734,2
37738,4
37745,1
37748,3
37772,2
37794,1
37800,3
37802,4
37804,1
37818,2
37830,2
37838,1
37845,2
37848,2
37849,1
37852,1
37855,1
37866,1
37870,1
37876,2
37880,1
37881,1
37897,1
37902,4
37906,18
37918,1
37921,1
37922,2
37938,4
37948,3
37951,1
37959,1
37974,1
37981,1
37982,1
37983,2
37991,1
37998,1
38000,1
38002,29
38004,2
38011,1
38013,15
38017,1
38018,22
38027,1
38028,1
38033,1
38038,29
38048,2
38053,2
38072,1
38082,1
38088,1
38102,4
38106,1
38114,3
38118,1
38125,1
38130,9
38131,1
38134,1
38138,3
38145,1
38148,16
38170,1
38181,1
38192,1
38194,1
38201,1
38202,3
38204,2
38208,1
38223,1
38230,1
38232,1
38238,2
38241,1
38242,2
38243,2
38255,1
38260,1
38272,4
38273,2
38277,1
38287,1
38295,1
38302,2
38313,1
38318,1
38330,3
38335,1
38337,1
38338,6
38345,1
38347,1
38348,3
38350,1
38360,1
38371,1
38387,1
38402,4
38410,1
38415,1
38417,1
38425,1
38430,1
38431,3
38437,4
38438,26
38443,1
38448,1
38452,1
38455,1
38463,1
38469,1
38480,2
38481,1
38486,1
38497,4
38498,1
38502,21
38505,1
38508,1
38512,1
38517,2
38518,21
38525,1
38528,2
38530,1
38533,2
38536,1
38537,3
38538,705
38539,1
38545,4
38548,3
38555,1
38562,1
38563,1
38565,3
38569,1
38574,1
38588,1
38589,1
38592,1
38598,2
38602,2
38611,1
38638,14
38645,5
38648,9
38664,1
38681,2
38691,2
38692,1
38699,1
38702,3
38704,3
38722,1
38738,8
38748,4
38770,1
38772,2
38790,1
38796,2
38802,4
38814,1
38815,2
38816,1
38819,1
38823,1
38830,2
38838,3
38845,1
38847,1
38851,1
38877,1
38890,1
38891,3
38893,2
38896,1
38900,1
38902,24
38903,1
38904,2
38914,1
38919,1
38930,1
38938,4
38943,1
38948,5
38951,1
38955,1
38959,1
38970,1
38972,1
38979,1
38981,1
38982,1
38992,3
38995,1
38996,1
39000,2
39001,2
39002,768
39014,1
39017,1
39018,9
39023,1
39037,1
39038,23
39045,1
39046,1
39048,3
39049,1
39052,3
39062,1
39069,1
39071,1
39076,1
39087,1
39094,1
39102,10
39118,2
39120,1
39130,22
39138,3
39145,8
39148,22
39170,1
39181,5
39182,1
39185,1
39202,3
39205,1
39210,2
39213,1
39217,1
39218,1
39219,1
39230,2
39232,1
39234,1
39235,1
39238,1
39248,1
39253,1
39258,1
39278,1
39280,1
39302,10
39315,1
39318,2
39324,1
39336,1
39338,2
39348,4
39359,1
39370,2
39372,1
39388,1
39390,1
39399,1
39402,2
39404,1
39408,1
39418,1
39430,1
39431,2
39435,1
39438,2
39439,1
39445,1
39447,1
39448,2
39469,1
39470,16
39472,2
39485,1
39494,1
39501,2
39502,18
39506,1
39507,1
39512,1
39518,8
39529,1
39530,1
39537,1
39538,37
39542,2
39545,1
39548,3
39568,1
39588,1
39600,1
39602,1
39623,1
39630,23
39637,1
39638,3
39640,1
39645,2
39647,1
39648,34
39650,4
39653,1
39658,1
39667,1
39672,3
39681,2
39695,1
39697,1
39702,2
39704,4
39712,1
39718,3
39725,1
39736,1
39738,9
39741,1
39742,2
39743,1
39744,2
39745,1
39746,1
39748,2
39767,1
39772,77
39773,1
39784,1
39787,1
39799,1
39800,1
39803,1
39818,2
39835,1
39838,1
39843,2
39845,1
39848,2
39849,1
39866,1
39872,2
39883,1
39885,1
39898,2
39901,1
39902,1
39918,2
39926,2
39927,2
39928,1
39938,4
39944,1
39945,1
39947,1
39948,4
39967,1
39970,1
39979,1
40002,18
40003,1
40011,1
40016,1
40018,8
40023,1
40029,1
40037,1
40038,13
40048,2
40052,1
40060,1
40093,1
40096,1
40113,1
40114,2
40130,8
40138,2
40148,22
40150,1
40159,1
40172,1
40181,2
40192,1
40200,1
40202,4
40204,3
40216,1
40218,2
40238,3
40261,1
40272,2
40302,1
40338,3
40348,2
40352,1
40353,1
40368,1
40370,1
40388,1
40402,2
40413,1
40417,6
40418,1
40422,5
40424,1
40430,1
40432,1
40437,1
40438,2
40439,1
40445,1
40448,1
40452,1
40462,1
40463,1
40488,1
40490,1
40500,1
40502,1
40505,1
40518,3
40528,1
40533,1
40538,60
40545,3
40548,1
40550,2
40558,1
40598,1
40630,2
40635,1
40638,1
40645,2
40648,10
40670,1
40681,2
40710,1
40718,1
40738,9
40748,2
40753,1
40757,1
40763,1
40770,1
40772,3
40799,1
40800,1
40826,1
40830,1
40838,2
40848,4
40849,1
40888,1
40891,1
40899,1
40904,1
40905,1
40913,1
40917,1
40918,5
40923,1
40929,1
40930,109
40933,1
40934,1
40936,3
40938,7
40945,1
40948,8
40964,1
40972,1
40981,1
40985,1
40992,1
40993,1
41002,16
41003,1
41008,2
41013,2
41017,2
41018,126
41019,1
41030,1
41032,2
41037,1
41038,77
41048,4
41078,1
41098,1
41102,2
41110,1
41114,1
41130,5
41138,1
41145,2
41147,1
41148,30
41162,1
41181,3
41199,1
41202,1
41204,1
41205,1
41207,1
41225,1
41227,1
41230,1
41235,2
41238,2
41239,1
41240,1
41242,1
41245,1
41246,1
41248,3
41260,1
41263,1
41272,1
41274,1
41275,1
41284,1
41289,1
41299,2
41302,1
41305,1
41307,1
41318,1
41330,1
41335,1
41336,1
41338,1
41348,3
41360,2
41361,1
41366,1
41395,1
41398,1
41401,1
41404,1
41411,1
41414,2
41418,1
41430,1
41436,1
41445,2
41446,1
41448,3
41452,1
41457,1
41459,1
41465,1
41466,1
41468,2
41502,28
41504,1
41518,4
41524,1
41528,1
41530,1
41532,1
41538,21
41545,1
41552,1
41568,2
41569,1
41575,1
41582,1
41602,1
41604,1
41612,1
41613,2
41618,5
41622,3
41625,2
41630,8
41638,5
41641,1
41643,1
41644,1
41645,50
41648,13
41650,1
41670,1
41671,1
41681,21
41682,1
41686,1
41697,1
41698,1
41704,1
41718,2
41723,1
41731,1
41732,1
41738,6
41748,1
41763,1
41770,1
41772,2
41781,1
41798,1
41802,2
41818,3
41845,1
41848,6
41859,1
41870,2
41902,2
41904,1
41912,1
41917,1
41918,1
41929,1
41930,1
41940,1
41945,1
41948,4
41950,1
41955,1
41967,1
41970,4
41981,1
41983,1
41984,1
41985,1
41988,1
42002,11
42004,1
42005,1
42018,13
42029,2
42030,7
42031,1
42033,1
42038,18
42043,2
42044,1
42045,1
42047,5
42048,32
42050,3
42060,1
42068,1
42071,1
42077,1
42079,1
42080,1
42095,1
42098,1
42102,1
42103,1
42105,43
42118,1
42123,1
42127,1
42129,1
42130,126
42133,1
42134,2
42136,1
42138,2
42140,1
42141,1
42145,1
42147,4
42148,699
42149,1
42156,1
42158,1
42161,1
42173,1
42181,2
42185,1
42189,1
42196,1
42199,1
42204,1
42218,1
42221,1
42235,3
42237,2
42238,6
42246,1
42247,2
42248,6
42249,1
42270,1
42272,1
42276,2
42288,1
42302,2
42318,7
42338,3
42348,4
42350,1
42370,1
42381,1
42417,1
42430,1
42433,1
42437,1
42438,2
42448,1
42453,1
42469,1
42470,1
42474,1
42502,7
42518,2
42538,34
42548,1
42570,1
42588,1
42597,1
42598,2
42602,2
42603,1
42623,1
42630,4
42638,3
42639,1
42643,1
42648,9
42650,1
42652,1
42663,1
42665,1
42670,2
42681,3
42682,1
42684,1
42685,3
42686,2
42687,1
42690,1
42691,1
42694,1
42704,16
42705,1
42708,1
42718,5
42730,2
42733,1
42734,1
42736,1
42738,5
42745,1
42747,1
42748,1
42771,1
42784,1
42802,89
42811,1
42818,1
42819,1
42830,1
42838,1
42848,2
42853,1
42858,1
42863,1
42869,1
42870,1
42886,1
42902,2
42918,1
42938,3
42940,1
42950,2
42959,1
42974,2
42983,1
42993,1
43002,7
43003,1
43018,2
43023,1
43029,1
43030,2
43038,16
43048,2
43051,1
43072,1
43084,1
43085,2
43089,1
43102,1
43111,1
43114,1
43120,1
43124,1
43130,7
43138,2
43143,1
43147,1
43148,11
43181,1
43189,1
43193,1
43202,1
43218,2
43226,1
43238,1
43248,3
43258,1
43263,1
43268,1
43270,1
43272,1
43280,1
43302,1
43304,1
43308,1
43318,1
43320,1
43324,1
43328,1
43330,2
43332,1
43338,1
43343,1
43348,9
43350,1
43359,1
43367,1
43370,1
43372,1
43380,1
43382,1
43402,1
43404,1
43407,1
43413,1
43430,3
43431,4
43432,2
43433,1
43438,10
43448,2
43456,1
43460,1
43472,1
43475,1
43481,1
43487,1
43488,2
43492,1
43497,2
43502,6
43508,1
43518,19
43524,3
43525,444
43527,1
43528,1
43530,3
43533,3
43535,1
43538,2
43541,1
43548,1
43560,1
43566,1
43593,1
43595,2
43596,1
43599,1
43601,1
43612,1
43620,1
43625,5
43628,1
43630,3
43642,1
43648,3
43650,1
43667,1
43670,1
43680,1
43681,1
43696,1
43702,2
43704,1
43718,1
43720,1
43725,4
43730,2
43731,1
43748,1
43750,1
43802,3
43818,1
43824,1
43825,2
43826,1
43830,2
43841,1
43848,1
43862,1
43868,1
43881,1
43892,1
43898,1
43902,2
43903,1
43909,1
43918,1
43919,1
43924,2
43925,2
43930,1
43942,1
43948,2
43959,1
43970,1
43972,1
43975,1
43977,50
43980,1
43992,1
44002,167
44003,1
44010,2
44012,1
44017,1
44018,23
44025,20
44030,1
44032,1
44050,1
44072,1
44085,1
44095,6
44096,1
44098,1
44099,6
44102,5
44104,1
44109,1
44124,1
44125,1
44129,1
44130,9
44139,1
44148,22
44158,1
44159,1
44168,1
44169,1
44170,1
44171,1
44181,5
44195,9
44200,1
44205,1
44208,1
44218,1
44219,1
44230,1
44233,1
44248,1
44272,1
44287,1
44295,4
44298,1
44302,1
44330,2
44348,2
44349,1
44370,2
44371,1
44374,1
44389,1
44394,1
44395,1
44410,1
44430,1
44431,1
44448,3
44460,1
44470,34
44479,4
44495,29
44500,1
44502,1
44504,1
44514,1
44518,6
44528,1
44529,1
44530,1
44538,2
44540,1
44548,5
44561,1
44564,1
44568,1
44570,1
44571,1
44579,1
44581,1
44582,1
44593,1
44595,1
44602,1
44603,3
44605,2
44611,1
44617,1
44623,1
44626,1
44630,16
44648,26
44671,1
44672,2
44675,1
44681,4
44693,2
44695,2
44698,1
44702,2
44704,1
44705,2
44715,1
44718,3
44729,1
44730,1
44744,1
44748,2
44749,1
44767,1
44768,1
44770,2
44771,1
44772,21
44774,1
44778,4
44779,1
44795,3
44801,1
44818,1
44822,1
44823,1
44838,2
44845,1
44858,1
44870,1
44881,1
44895,3
44902,3
44918,4
44930,3
44935,1
44940,1
44950,1
44970,2
44972,1
44973,1
44977,1
44995,13
45002,8
45008,1
45018,29
45030,1
45048,3
45049,1
45051,1
45058,1
45065,1
45093,1
45095,2
45102,1
45108,1
45110,1
45111,1
45114,1
45118,6
45120,1
45125,1
45130,13
45148,19
45150,1
45162,1
45164,1
45186,1
45195,20
45201,3
45204,4
45211,1
45218,10
45221,1
45230,1
45243,1
45262,1
45269,1
45290,1
45294,1
45295,3
45298,1
45302,1
45311,1
45312,3
45318,45
45319,1
45321,1
45328,2
45330,2
45343,1
45348,6
45368,1
45372,1
45381,1
45394,1
45395,3
45406,1
45413,1
45420,1
45430,1
45448,4
45465,1
45467,1
45470,1
45471,1
45481,2
45495,28
45496,1
45500,1
45502,3
45509,1
45510,1
45511,1
45518,10
45530,2
45548,1
45551,1
45568,1
45583,1
45595,1
45602,1
45607,2
45630,4
45646,1
45648,8
45673,1
45675,1
45681,2
45695,4
45697,1
45703,1
45704,3
45748,1
45795,1
45798,1
45818,2
45834,1
45873,1
45881,1
45882,1
45895,6
45897,1
45902,1
45904,1
45911,1
45918,4
45930,2
45948,1
45953,1
45967,1
45968,4
45974,1
45979,1
45981,3
45987,1
45994,1
45995,70
46001,2
46002,7
46007,1
46011,1
46012,2
46018,205
46019,1
46027,6
46030,1
46038,1
46040,1
46043,1
46048,4
46083,1
46095,1
46097,1
46118,3
46119,1
46120,1
46128,2
46130,15
46148,33
46151,1
46181,5
46189,1
46191,1
46195,1
46202,1
46204,1
46230,3
46243,1
46250,1
46254,1
46272,1
46289,1
46295,1
46300,1
46302,2
46318,3
46330,1
46332,1
46335,1
46343,1
46348,1
46349,1
46351,4
46355,1
46360,1
46380,1
46382,1
46386,1
46390,1
46393,1
46396,1
46398,1
46401,1
46402,1
46415,1
46418,2
46420,1
46423,1
46430,3
46448,2
46454,1
46465,1
46470,4
46488,1
46495,49
46502,15
46518,1
46520,1
46530,2
46548,1
46575,1
46580,1
46581,1
46585,1
46593,1
46604,1
46608,1
46615,1
46620,1
46629,1
46630,97
46648,3
46650,1
46669,1
46679,2
46681,58
46684,1
46694,2
46695,2
46704,6
46716,1
46721,1
46730,2
46738,1
46744,1
46772,1
46779,1
46781,1
46794,1
46795,1
46802,1
46803,1
46816,1
46818,1
46830,1
46848,2
46859,1
46882,1
46891,1
46895,2
46902,2
46918,1
46930,1
46931,2
46940,1
46945,1
46947,1
46950,2
46955,1
46970,1
46974,1
46977,1
46980,1
46991,1
46995,14
46997,1
47002,9
47004,5
47005,1
47012,1
47018,2
47019,1
47022,1
47030,14
47033,1
47034,1
47048,3
47050,2
47089,1
47095,2
47102,1
47109,1
47114,1
47118,1
47120,1
47130,271
47134,1
47136,1
47140,1
47148,100
47151,1
47160,1
47167,1
47180,1
47181,1
47182,1
47195,6
47204,1
47218,1
47223,1
47230,5
47232,1
47237,1
47246,1
47248,1
47253,1
47271,1
47272,3
47280,1
47298,1
47317,1
47318,1
47329,1
47330,1
47335,1
47346,3
47348,1
47362,1
47372,1
47375,1
47381,1
47382,1
47385,1
47395,15
47400,1
47407,1
47418,1
47420,1
47425,1
47430,2
47445,1
47448,2
47449,1
47465,1
47470,3
47485,1
47495,70
47502,3
47504,1
47518,4
47530,3
47533,1
47541,1
47560,1
47572,1
47588,1
47600,1
47602,2
47604,1
47607,1
47615,1
47630,8
47648,4
47654,1
47681,2
47682,1
47693,1
47694,1
47695,16
47699,1
47704,41
47718,4
47772,3
47780,1
47784,2
47787,1
47788,2
47790,1
47794,2
47795,36
47802,1
47810,1
47815,1
47817,2
47829,1
47830,1
47835,1
47848,1
47851,1
47869,1
47873,1
47887,2
47895,7
47899,8
47902,3
47904,1
47915,1
47918,1
47930,1
47934,1
47943,1
47960,1
47974,1
47985,1
47990,1
47995,29
48002,15
48013,1
48018,6
48029,1
48030,4
48048,1
48051,1
48060,1
48066,1
48070,1
48114,1
48118,1
48123,1
48129,1
48130,11
48148,3
48160,1
48170,1
48177,1
48190,1
48192,1
48195,3
48202,1
48207,1
48218,1
48220,1
48223,1
48230,2
48241,1
48248,1
48254,1
48262,1
48294,1
48295,7
48299,1
48302,6
48319,1
48330,7
48344,1
48345,1
48365,1
48369,1
48372,1
48385,2
48393,2
48394,2
48395,23
48404,2
48417,1
48428,1
48431,2
48443,1
48445,2
48448,1
48464,1
48468,1
48470,2
48472,2
48484,1
48489,2
48490,2
48494,1
48495,616
48496,6
48502,11
48517,1
48518,10
48550,1
48557,1
48579,1
48595,9
48602,4
48630,7
48635,1
48648,2
48670,2
48671,1
48681,1
48688,1
48695,5
48696,1
48702,3
48706,1
48748,1
48753,3
48772,1
48788,1
48795,5
48802,3
48814,1
48816,1
48830,1
48832,1
48848,1
48851,1
48860,1
48885,1
48895,1
48902,13
48906,1
48918,1
48930,1
48959,2
48961,1
48964,1
48977,1
48982,1
48995,22
48998,1
49000,2
49002,310
49013,1
49018,4
49022,1
49028,1
49045,1
49048,2
49053,1
49079,1
49102,2
49118,2
49123,1
49129,1
49130,25
49147,1
49148,3
49156,1
49176,1
49181,2
49190,1
49195,2
49202,3
49230,2
49233,1
49252,1
49272,1
49281,1
49295,2
49304,1
49330,1
49347,1
49348,4
49351,1
49355,2
49370,1
49378,1
49385,3
49390,1
49402,1
49403,1
49406,1
49418,7
49430,2
49448,2
49456,1
49470,12
49472,1
49489,1
49494,1
49495,28
49502,7
49511,1
49518,1
49548,1
49558,1
49570,1
49573,1
49575,1
49581,1
49595,2
49602,1
49606,1
49613,1
49615,3
49618,1
49630,13
49648,13
49654,1
49670,1
49672,1
49674,1
49675,1
49680,1
49682,1
49695,8
49702,1
49718,1
49722,1
49744,1
49746,1
49748,3
49769,1
49770,1
49772,43
49781,1
49795,3
49847,1
49848,1
49852,1
49853,1
49872,1
49881,2
49885,1
49893,2
49895,5
49900,1
49931,1
49937,1
49938,1
49942,1
49944,1
49948,2
49965,1
49972,1
49975,1
49989,1
49995,12
50002,9
50005,1
50008,1
50018,2
50035,1
50070,1
50072,3
50074,1
50080,1
50095,1
50107,1
50114,2
50118,2
50130,6
50138,1
50144,1
50148,13
50150,2
50154,1
50159,1
50161,1
50170,1
50202,3
50204,1
50206,1
50216,1
50218,1
50242,1
50243,1
50248,1
50265,1
50272,3
50282,1
50294,1
50302,2
50322,1
50330,1
50348,2
50351,5
50374,1
50380,1
50395,4
50402,1
50448,1
50462,1
50463,1
50465,1
50475,1
50495,40
50502,2
50515,1
50517,1
50518,5
50525,1
50565,1
50570,1
50595,1
50604,1
50607,1
50620,1
50630,8
50638,1
50648,4
50670,1
50681,2
50718,2
50730,1
50772,2
50795,1
50813,1
50829,2
50830,3
50840,1
50852,1
50865,1
50881,1
50885,1
50886,1
50895,1
50896,1
50897,1
50899,15
50900,1
50905,1
50924,1
50928,1
50939,1
50948,1
50967,1
50974,50
50985,1
50993,1
51001,1
51002,27
51010,1
51012,1
51016,1
51017,1
51018,73
51019,1
51035,1
51037,6
51048,12
51070,1
51072,1
51074,1
51081,1
51089,1
51102,1
51104,2
51128,1
51130,7
51138,1
51144,1
51148,11
51171,1
51174,1
51200,1
51202,1
51206,1
51227,1
51230,1
51242,1
51248,1
51257,2
51274,2
51292,1
51302,1
51303,1
51330,1
51337,1
51348,1
51402,2
51424,1
51430,1
51448,2
51470,1
51472,1
51474,16
51475,1
51477,1
51480,1
51502,15
51518,1
51541,1
51548,2
51551,1
51565,1
51574,1
51586,1
51630,9
51648,11
51662,1
51664,1
51674,4
51681,15
51684,1
51686,1
51704,1
51719,1
51729,1
51766,1
51772,4
51774,4
51776,1
51787,1
51804,1
51808,1
51830,1
51848,2
51852,1
51859,1
51874,9
51880,1
51881,3
51900,1
51933,1
51947,1
51949,1
51952,1
51958,1
51970,2
51972,1
51974,6
51998,1
52001,1
52002,7
52009,1
52018,3
52025,1
52033,1
52048,5
52049,1
52053,1
52072,1
52074,3
52093,1
52102,1
52116,1
52129,1
52130,83
52137,1
52138,3
52140,1
52147,1
52148,200
52149,1
52174,2
52194,1
52202,2
52218,1
52226,1
52248,3
52272,2
52274,1
52281,1
52301,1
52348,1
52372,1
52374,1
52378,1
52395,1
52402,1
52424,1
52430,1
52464,1
52466,1
52469,1
52470,4
52471,1
52474,17
52477,1
52495,1
52502,8
52508,1
52530,1
52540,1
52548,2
52549,1
52573,1
52574,2
52580,1
52593,1
52616,1
52618,2
52630,3
52648,4
52674,2
52702,1
52704,6
52717,1
52730,4
52734,3
52752,1
52774,1
52789,1
52794,1
52798,1
52802,1
52807,5
52809,1
52818,2
52823,1
52830,3
52869,1
52874,1
52881,1
52892,1
52902,2
52918,1
52919,2
52930,1
52974,15
52988,1
53002,10
53005,1
53036,1
53084,1
53101,1
53104,1
53105,1
53106,1
53107,1
53114,1
53122,1
53130,5
53134,1
53148,8
53178,1
53193,1
53202,1
53230,1
53255,1
53260,1
53269,1
53272,2
53274,2
53279,1
53297,1
53324,3
53342,1
53348,5
53364,1
53370,1
53374,8
53384,2
53406,1
53423,1
53424,1
53430,5
53431,1
53439,1
53448,6
53458,1
53459,1
53462,1
53466,1
53467,1
53468,1
53469,1
53470,3
53472,2
53473,4
53474,276
53481,1
53502,1
53510,1
53518,4
53538,1
53565,1
53574,4
53602,1
53606,1
53630,2
53648,3
53674,2
53681,1
53690,1
53695,1
53703,1
53728,1
53770,2
53772,1
53774,1
53783,1
53792,1
53796,1
53797,2
53799,1
53816,1
53818,2
53828,1
53830,2
53846,1
53848,1
53850,1
53854,1
53874,2
53881,1
53891,1
53897,1
53902,9
53904,1
53912,1
53914,1
53920,1
53930,1
53974,5
53992,2
53995,1
54001,1
54002,118
54030,2
54074,1
54075,1
54080,1
54130,4
54135,1
54148,8
54174,2
54181,3
54201,1
54206,1
54230,1
54268,1
54270,1
54272,1
54274,2
54285,2
54302,1
54319,1
54330,2
54348,1
54379,1
54400,1
54419,1
54438,1
54450,1
54452,1
54467,1
54470,21
54474,4
54502,6
54504,1
54508,1
54518,2
54570,1
54574,1
54581,1
54586,1
54589,1
54602,2
54606,3
54630,13
54643,1
54648,4
54661,1
54666,2
54672,1
54695,2
54697,1
54702,1
54719,1
54744,1
54751,1
54772,17
54774,1
54784,1
54802,1
54830,1
54873,1
54874,1
54875,1
54888,1
54896,1
54902,1
54918,1
54937,1
54945,1
54948,1
54974,5
55002,9
55018,2
55030,2
55071,1
55074,3
55086,1
55088,1
55102,1
55104,1
55130,16
55135,1
55141,2
55148,1
55174,1
55221,1
55248,1
55274,4
55280,1
55299,1
55301,1
55302,4
55318,1
55348,1
55374,3
55383,1
55397,1
55429,1
55442,1
55444,1
55447,1
55455,2
55460,1
55472,1
55474,13
55482,1
55502,2
55518,2
55530,2
55574,1
55628,1
55630,3
55631,1
55648,3
55651,1
55665,1
55669,2
55674,3
55681,1
55702,10
55713,1
55715,1
55718,4
55772,1
55774,1
55802,2
55805,2
55816,1
55817,2
55829,1
55830,1
55848,2
55894,1
55913,1
55914,1
55918,3
55939,1
55940,1
55966,1
55973,1
55974,22
55997,1
56002,10
56016,1
56017,1
56018,107
56030,5
56048,2
56072,1
56073,1
56088,1
56102,1
56118,1
56119,1
56130,15
56133,1
56137,1
56148,3
56169,1
56181,1
56189,1
56202,1
56224,1
56230,3
56252,1
56253,1
56254,1
56273,1
56274,3
56294,1
56302,1
56330,8
56349,1
56355,1
56358,1
56360,2
56381,1
56402,1
56403,1
56413,1
56424,1
56430,23
56439,2
56440,1
56448,1
56474,10
56494,1
56502,18
56518,4
56521,1
56530,1
56548,1
56568,1
56581,2
56593,1
56613,1
56630,36
56631,1
56648,5
56664,1
56666,1
56674,2
56681,26
56695,1
56730,2
56801,1
56802,1
56825,1
56848,3
56889,1
56896,1
56902,1
56924,1
56930,1
56948,1
56958,1
56970,1
56972,1
56974,5
57002,18
57030,1
57047,1
57048,4
57060,2
57074,1
57080,1
57083,1
57097,1
57100,1
57113,1
57120,1
57123,3
57125,3
57127,1
57128,1
57130,116
57131,2
57140,1
57148,44
57152,1
57155,1
57175,1
57181,1
57198,1
57204,1
57214,1
57218,1
57225,1
57230,2
57232,1
57260,1
57262,1
57266,1
57267,1
57272,5
57274,4
57302,1
57308,1
57319,1
57348,1
57353,1
57374,3
57404,1
57409,1
57424,1
57430,1
57431,1
57474,11
57481,1
57487,1
57502,3
57518,1
57534,1
57561,1
57574,2
57589,1
57604,1
57618,1
57630,1
57648,1
57661,1
57672,2
57674,1
57680,1
57681,1
57686,1
57689,2
57702,3
57704,14
57731,1
57737,1
57748,1
57767,1
57772,2
57774,1
57795,1
57802,1
57844,1
57848,2
57870,1
57874,1
57885,1
57898,1
57901,1
57902,4
57930,1
57967,1
57969,1
57974,5
57979,1
57992,1
58000,1
58001,3
58002,26
58018,1
58038,1
58048,1
58049,1
58057,1
58089,1
58095,1
58102,2
58114,2
58130,2
58145,1
58148,5
58174,2
58200,1
58202,4
58204,2
58230,1
58242,1
58252,1
58271,1
58274,2
58276,1
58281,1
58291,1
58295,2
58301,1
58302,27
58311,1
58319,1
58330,2
58349,1
58361,1
58369,1
58373,3
58374,12
58384,1
58390,1
58393,1
58394,1
58402,1
58419,1
58424,1
58431,2
58432,1
58453,1
58454,1
58456,1
58459,1
58465,1
58466,1
58469,1
58473,1
58474,407
58475,1
58484,1
58502,6
58518,2
58522,1
58559,1
58567,1
58568,1
58574,6
58630,4
58651,1
58674,2
58675,1
58748,1
58772,2
58774,1
58794,1
58802,1
58818,1
58820,1
58823,1
58848,1
58874,1
58892,1
58894,1
58902,2
58920,1
58929,1
58948,1
58952,1
58964,1
58971,1
58972,2
58974,7
58982,1
58989,1
58997,2
58998,1
59001,1
59002,158
59003,1
59018,4
59027,1
59030,1
59048,2
59072,5
59081,1
59102,1
59130,5
59148,2
59154,1
59174,1
59202,2
59242,1
59263,1
59272,1
59274,1
59298,1
59302,2
59318,1
59330,1
59348,4
59350,1
59360,1
59378,1
59381,1
59448,2
59470,5
59474,12
59502,1
59555,1
59566,1
59572,1
59574,1
59594,1
59596,1
59603,1
59606,1
59630,6
59646,1
59648,12
59650,1
59656,1
59674,7
59769,1
59772,42
59800,1
59802,2
59823,1
59843,1
59864,1
59874,1
59877,1
59895,1
59928,1
59946,1
59948,2
59954,1
59958,1
59971,1
59974,1
59979,1
59988,1
60002,4
60008,1
60017,1
60018,2
60078,1
60086,1
60093,1
60100,1
60102,2
60107,1
60112,1
60124,1
60130,1
60131,1
60133,1
60138,1
60148,2
60150,1
60174,1
60188,1
60202,4
60224,1
60230,1
60231,1
60242,1
60250,1
60258,1
60262,1
60274,2
60302,1
60304,1
60329,1
60330,1
60345,1
60348,1
60402,1
60411,1
60423,1
60448,2
60474,14
60494,1
60497,1
60502,5
60530,7
60630,1
60648,1
60666,1
60674,3
60681,2
60689,1
60697,1
60701,1
60704,3
60774,2
60801,1
60819,1
60848,2
60855,1
60874,2
60882,1
60948,2
60949,1
60960,1
60974,15
61002,10
61018,13
61024,1
61048,1
61050,2
61057,1
61060,1
61074,1
61114,1
61120,2
61130,1
61137,1
61148,7
61157,1
61185,1
61200,1
61221,1
61225,1
61230,1
61235,1
61248,1
61276,1
61284,1
61325,1
61343,1
61348,3
61375,1
61378,1
61427,3
61448,2
61449,1
61463,4
61474,16
61502,11
61518,1
61525,1
61527,2
61530,1
61548,2
61570,1
61574,1
61575,1
61588,1
61599,1
61618,1
61624,1
61630,3
61638,1
61648,6
61674,4
61681,4
61698,1
61704,1
61734,1
61748,1
61774,5
61801,1
61839,1
61867,1
61925,1
61942,1
61947,1
61948,2
61958,1
61974,6
61988,1
61997,1
62000,1
62002,2
62008,1
62010,1
62040,1
62048,16
62068,1
62072,1
62075,1
62080,1
62098,1
62102,1
62130,37
62131,1
62137,1
62138,4
62140,1
62143,1
62146,1
62147,3
62148,340
62149,5
62158,1
62202,2
62206,1
62221,1
62230,1
62237,1
62240,1
62242,1
62246,2
62247,2
62248,25
62260,1
62272,1
62300,1
62317,1
62333,1
62346,1
62347,1
62348,3
62365,1
62374,2
62387,1
62402,3
62404,1
62442,1
62448,1
62474,15
62477,1
62502,2
62617,1
62633,1
62648,4
62672,1
62674,1
62675,1
62704,1
62718,1
62772,1
62774,1
62826,3
62841,1
62899,1
62974,2
62992,1
63002,3
63018,1
63019,1
63048,1
63102,1
63148,21
63159,1
63162,1
63172,2
63175,1
63218,1
63226,1
63237,1
63260,1
63318,2
63335,5
63348,4
63354,1
63374,3
63402,1
63431,2
63474,57
63502,2
63506,1
63518,5
63548,1
63574,2
63583,1
63606,1
63648,4
63723,1
63730,1
63797,1
63814,1
63815,1
63818,1
63848,5
63859,1
63860,1
63880,1
63881,1
63888,1
63902,2
63929,1
63947,1
63970,1
63977,1
63994,1
64001,1
64002,74
64030,1
64100,1
64110,1
64128,1
64130,2
64145,1
64148,13
64161,1
64174,1
64218,1
64230,1
64257,1
64281,1
64318,1
64330,1
64356,1
64397,5
64448,1
64468,1
64470,9
64474,2
64500,1
64518,1
64523,1
64550,1
64560,2
64594,1
64620,1
64623,1
64630,3
64647,1
64648,8
64698,1
64702,1
64719,1
64772,7
64848,1
64855,1
64859,1
64894,1
64905,1
64909,1
64918,3
64930,2
64948,2
64974,3
65002,1
65009,1
65018,3
65033,1
65074,1
65148,5
65174,1
65204,1
65268,1
65348,1
65374,1
65448,1
65474,3
65502,1
65518,3
65531,1
65548,1
65570,1
65630,1
65648,3
65681,2
65730,1
65774,1
65797,1
65802,2
65831,1
65874,1
65899,1
65902,1
65918,2
65930,1
65939,1
65941,1
65959,1
65968,1
65972,2
65974,8
66002,1
66007,1
66008,1
66017,1
66018,27
66048,1
66074,1
66118,1
66130,4
66148,4
66152,1
66181,1
66193,1
66202,1
66270,1
66274,2
66299,1
66344,1
66348,1
66357,1
66364,1
66374,1
66407,1
66430,2
66442,1
66474,8
66495,1
66502,3
66532,1
66548,1
66549,1
66574,1
66623,1
66625,1
66630,34
66648,4
66674,1
66680,1
66681,9
66691,1
66697,1
66730,2
66774,1
66780,1
66781,1
66785,1
66802,1
66818,1
66851,1
66859,1
66896,1
66912,1
66937,1
66960,1
66964,2
66974,2
66993,1
66997,1
67000,1
67002,3
67020,1
67027,1
67048,3
67095,2
67130,66
67148,42
67208,1
67218,1
67231,1
67263,1
67274,1
67293,1
67363,4
67374,6
67403,1
67448,1
67466,1
67470,2
67474,7
67502,2
67515,1
67559,1
67565,1
67630,1
67654,1
67674,2
67698,1
67704,7
67739,1
67748,1
67751,2
67753,1
67774,2
67823,1
67829,1
67858,1
67874,1
67881,1
67902,1
67948,1
67974,7
67978,1
68002,2
68010,1
68018,2
68030,1
68120,1
68126,1
68148,3
68155,1
68174,2
68206,1
68237,1
68259,1
68274,1
68278,1
68284,1
68302,1
68318,1
68330,1
68358,1
68367,1
68374,6
68379,1
68381,1
68419,1
68443,1
68463,1
68464,1
68466,1
68471,1
68473,2
68474,130
68502,3
68548,1
68574,2
68601,1
68630,3
68648,3
68702,2
68721,1
68774,1
68815,1
68818,1
68838,1
68848,1
68868,1
68874,1
68875,1
68897,1
68902,2
68904,1
68912,1
68924,1
68948,1
68959,1
68972,1
68974,3
68981,1
68997,1
69001,1
69002,106
69003,1
69005,1
69048,2
69102,1
69130,3
69148,5
69248,2
69339,1
69348,2
69349,1
69390,1
69394,1
69470,1
69472,1
69474,5
69485,1
69502,1
69551,1
69586,1
69612,1
69629,1
69648,19
69674,2
69680,1
69748,1
69772,27
69774,1
69780,1
69918,1
69930,2
69931,1
69974,2
70002,1
70018,2
70048,1
70075,1
70130,4
70148,4
70155,1
70207,1
70272,2
70321,1
70328,1
70348,1
70354,1
70448,1
70474,4
70481,1
70502,1
70518,1
70648,2
70674,1
70718,2
70802,2
70818,1
70834,1
70848,1
70901,1
70937,1
70957,1
70974,1
70995,1
71002,3
71012,1
71018,3
71048,1
71059,1
71073,1
71105,1
71142,1
71148,1
71274,1
71277,1
71318,1
71397,1
71470,1
71474,2
71502,5
71552,1
71574,1
71623,1
71628,1
71630,6
71648,1
71681,1
71704,1
71718,1
71781,2
71815,1
71874,1
71884,1
71970,2
71974,1
72002,4
72048,3
72085,1
72102,1
72103,1
72118,1
72120,1
72130,9
72138,1
72139,1
72147,1
72148,85
72155,1
72160,1
72162,1
72174,1
72218,1
72237,1
72248,3
72302,1
72362,2
72374,1
72429,1
72443,1
72449,1
72452,1
72470,1
72474,1
72549,1
72648,1
72686,1
72772,1
72853,1
72857,1
72861,1
72974,1
72985,1
73002,2
73007,1
73018,1
73118,1
73121,1
73130,1
73148,1
73174,2
73189,1
73215,1
73248,1
73259,1
73260,1
73274,2
73293,1
73304,1
73348,3
73374,4
73386,1
73409,1
73429,1
73451,2
73470,1
73474,23
73502,1
73518,1
73524,1
73530,2
73581,1
73630,1
73634,1
73655,1
73657,1
73674,1
73693,1
73772,1
73798,3
73825,1
73904,1
73918,1
74002,12
74018,2
74034,1
74045,1
74119,1
74121,1
74130,2
74148,4
74174,1
74199,1
74252,1
74330,1
74430,1
74441,1
74448,1
74470,3
74474,1
74548,1
74604,1
74630,4
74648,3
74689,1
74719,1
74772,2
74774,1
74818,1
74871,1
74879,1
75000,1
75002,1
75074,1
75190,1
75274,1
75302,1
75348,1
75384,1
75430,1
75474,3
75502,1
75518,2
75548,1
75551,1
75593,1
75602,1
75648,2
75674,3
75704,1
75722,1
75831,6
75898,1
75901,1
75918,1
75964,1
75974,8
76010,1
76017,2
76018,84
76019,1
76030,1
76035,1
76102,1
76118,10
76119,1
76130,4
76148,2
76202,1
76218,1
76248,1
76272,1
76274,1
76302,1
76318,2
76448,2
76474,3
76502,5
76518,1
76560,1
76584,1
76630,11
76648,2
76655,1
76681,8
76718,1
76751,1
76774,1
76781,1
76785,1
76798,1
76802,1
76867,1
76872,1
77018,4
77092,1
77120,1
77129,2
77130,15
77148,24
77174,2
77181,1
77185,1
77200,1
77202,1
77218,1
77274,2
77286,1
77301,1
77302,1
77374,1
77383,1
77474,2
77502,1
77518,1
77593,1
77604,1
77618,1
77664,1
77681,1
77704,10
77722,1
77774,2
77775,1
77799,1
77804,2
77805,1
77841,1
77874,2
77891,1
77902,2
77908,1
77918,1
77934,1
77974,5
78002,3
78018,1
78060,1
78100,1
78148,3
78164,1
78165,1
78175,1
78222,1
78260,1
78273,1
78274,1
78322,1
78330,1
78363,1
78374,8
78390,1
78392,1
78431,1
78463,1
78464,2
78466,1
78472,1
78473,3
78474,206
78475,2
78484,1
78502,1
78518,2
78566,1
78574,23
78621,1
78648,1
78655,1
78673,1
78674,1
78681,1
78702,1
78704,1
78774,2
78802,1
78818,1
78902,3
78904,1
78938,1
78974,2
78991,1
78992,1
79002,28
79003,1
79102,2
79130,2
79148,1
79151,1
79174,1
79204,1
79309,1
79327,1
79348,1
79430,1
79470,1
79474,14
79475,1
79488,1
79502,1
79530,1
79555,1
79563,1
79586,1
79648,4
79674,1
79756,1
79772,8
79802,1
79910,1
79918,1
79967,1
79974,2
80002,1
80048,1
80049,1
80137,1
80148,3
80174,3
80181,1
80202,2
80250,1
80255,1
80362,1
80388,2
80437,1
80453,1
80455,1
80471,1
80474,4
80502,1
80663,1
80670,1
80735,2
80848,2
80853,1
80876,1
80898,1
80918,2
80949,1
80965,2
80968,1
80973,1
80974,4
81002,1
81016,1
81018,9
81030,1
81128,1
81130,1
81174,1
81274,2
81318,1
81348,1
81474,3
81548,1
81630,5
81648,3
81681,1
81704,1
81774,1
81795,2
81802,1
81818,1
81848,1
81974,1
81975,1
82030,1
82048,2
82107,1
82130,2
82137,1
82140,1
82143,1
82148,47
82158,1
82248,2
82250,1
82288,1
82309,1
82374,1
82402,1
82418,1
82458,1
82470,1
82474,2
82478,1
82518,2
82534,1
82630,1
82654,1
82674,2
82704,2
82740,1
82830,1
82848,1
82874,1
82875,1
82902,3
82974,4
82982,1
83002,3
83018,2
83111,1
83181,1
83182,1
83274,1
83323,1
83330,1
83374,1
83417,1
83421,2
83448,1
83474,24
83499,1
83502,1
83518,6
83610,1
83618,1
83648,1
83674,1
83681,1
83702,2
83774,1
83797,1
83802,1
83979,1
84002,4
84011,1
84018,1
84024,1
84052,1
84130,1
84144,1
84148,1
84204,1
84248,1
84274,1
84304,1
84370,1
84413,1
84441,1
84452,1
84470,9
84474,3
84481,1
84532,1
84563,1
84567,1
84600,1
84614,1
84648,2
84702,1
84740,1
84772,1
84840,1
84874,1
84931,1
84974,1
85018,1
85030,1
85098,1
85102,1
85130,1
85143,1
85148,2
85231,1
85274,1
85311,1
85374,2
85400,1
85430,1
85470,1
85472,1
85474,3
85481,1
85542,1
85551,1
85574,2
85623,1
85674,1
85689,1
85874,1
85902,1
85955,1
85969,1
85970,1
85974,7
86002,1
86017,1
86018,19
86073,1
86074,1
86129,1
86148,3
86322,1
86374,1
86400,1
86430,1
86465,1
86474,2
86502,2
86518,1
86530,1
86548,1
86630,8
86641,1
86647,1
86681,2
86701,1
86704,1
86723,1
86800,1
86818,1
86902,1
86918,1
86970,1
86974,1
87002,1
87123,1
87130,62
87146,1
87148,18
87161,1
87174,2
87183,1
87218,3
87230,9
87237,1
87263,1
87300,1
87330,1
87348,1
87378,1
87399,1
87474,1
87630,1
87704,3
87830,1
87967,1
87974,1
87992,2
87996,1
88018,1
88130,2
88148,1
88151,1
88174,1
88202,1
88373,1
88374,2
88418,1
88465,1
88474,60
88475,1
88486,1
88500,1
88502,2
88518,1
88530,1
88548,1
88630,1
88648,1
88674,1
88681,2
88692,1
88748,1
88778,1
88818,1
88855,1
88876,1
88885,1
88902,1
88904,1
88911,1
88974,1
89001,3
89002,66
89003,1
89018,1
89066,1
89102,10
89130,3
89148,1
89149,1
89181,1
89201,1
89250,1
89272,1
89274,1
89302,2
89350,1
89353,1
89379,1
89421,1
89424,1
89462,1
89470,1
89474,1
89502,2
89518,1
89630,2
89648,1
89674,1
89702,1
89755,1
89772,12
89782,1
89814,1
89851,1
89873,1
89925,1
89994,1
90002,6
90081,1
90148,1
90202,1
90204,1
90272,1
90306,1
90371,1
90474,4
90518,1
90577,1
90602,1
90648,1
90711,1
90774,1
90783,1
90874,1
90974,1
90994,1
91002,2
91018,5
91030,1
91079,1
91109,1
91175,1
91179,1
91181,1
91272,1
91502,3
91565,1
91630,3
91648,3
91681,2
91795,2
91802,1
91948,1
91960,1
91992,1
92002,1
92030,1
92048,1
92077,2
92130,10
92148,22
92202,1
92286,1
92348,1
92456,2
92756,1
92802,1
92868,1
92902,1
92930,1
92956,1
93087,1
93093,1
93218,2
93268,1
93275,1
93334,1
93356,1
93400,1
93437,1
93455,1
93456,23
93470,1
93518,1
93530,1
93679,1
93797,1
93822,1
93867,1
93902,1
93910,1
93949,2
93952,1
93972,1
94002,11
94048,1
94251,1
94302,1
94402,1
94456,3
94463,1
94470,4
94529,1
94552,1
94568,1
94630,5
94648,3
94681,1
94768,1
94772,3
94802,1
94956,1
94959,1
95009,1
95018,1
95118,1
95130,1
95238,1
95246,1
95402,1
95481,1
95482,1
95502,1
95651,1
95665,2
95918,2
95951,2
95994,1
96002,2
96018,7
96130,1
96221,1
96230,1
96272,1
96402,1
96451,2
96483,1
96502,7
96509,1
96602,1
96630,3
96681,2
96700,1
96718,1
96733,1
96926,1
96951,1
96970,1
97002,2
97030,1
97130,23
97141,1
97148,2
97151,2
97201,1
97318,1
97434,1
97456,1
97500,1
97585,1
97630,1
97651,1
97704,3
97757,1
97951,2
98002,1
98018,2
98098,2
98151,1
98152,1
98232,1
98286,1
98318,1
98330,1
98351,3
98443,1
98446,1
98450,1
98451,21
98500,1
98518,1
98551,2
98553,1
98572,1
98630,1
98681,1
98825,1
99001,1
99002,18
99018,1
99079,1
99181,1
99402,1
99470,1
99502,1
99530,1
99559,1
99630,1
99751,1
99772,2
99802,1
99913,1
99951,1
100002,1
100130,1
100158,1
100202,1
100204,1
100317,1
100330,1
100470,1
100673,1
100918,1
100951,1
100961,1
101002,1
101018,4
101402,1
101681,1
101722,1
101845,1
101908,1
101926,1
101992,1
102018,1
102089,1
102130,4
102148,4
102172,1
102272,1
102451,2
102518,1
102576,1
102760,1
102951,1
103089,1
103130,1
103148,2
103162,1
103426,1
103449,1
103451,11
103464,1
103502,1
103648,1
103881,1
103972,1
104002,5
104060,1
104148,1
104204,1
104330,2
104530,1
104630,1
104673,1
104681,2
104772,2
104775,1
104851,2
105002,2
105009,1
105051,1
105114,1
105130,1
105158,1
105181,1
105369,1
105548,1
105665,2
105724,1
105880,1
106018,10
106058,1
106202,1
106238,1
106281,1
106502,1
106583,2
106777,2
106818,1
106951,1
106958,1
106970,1
107002,1
107014,1
107030,3
107130,4
107451,1
107752,1
107951,2
108098,2
108148,2
108202,1
108241,1
108251,1
108451,19
108518,1
108551,1
108649,2
108889,1
108902,2
108959,1
109002,4
109102,1
109130,1
109220,2
109430,1
109571,1
109630,1
109648,1
109717,1
109772,2
109927,1
109961,1
109982,1
110130,2
110148,1
110212,1
110302,1
110351,1
110569,1
110624,1
110671,1
110951,2
111002,1
111075,1
111130,1
111148,1
111502,1
111541,1
111643,1
111770,1
111784,1
111785,1
112002,1
112073,1
112102,1
112130,3
112148,15
112272,1
112543,1
113002,1
113130,1
113197,1
113229,1
113451,1
113702,1
113792,1
113945,1
114002,5
114077,1
114144,1
114740,1
114772,1
114904,1
115073,1
116018,1
116073,1
116332,1
116630,2
116693,1
116777,2
116818,1
117130,7
117502,1
117518,1
117648,1
118229,1
118451,2
118648,1
118649,2
118836,1
119000,1
119002,7
119148,1
119353,1
119451,2
119465,1
119648,1
119802,1
120148,1
120466,1
120833,1
120976,1
121018,1
121502,2
121851,1
121930,1
121995,1
122018,2
122248,1
122886,2
123128,1
123831,1
123997,1
124018,1
124148,1
124451,2
124536,1
125523,2
125951,1
126018,5
126148,1
126264,1
126451,1
126818,1
127067,1
127130,4
127148,2
127946,1
128249,1
128251,1
128451,14
128630,1
128815,1
128848,1
129002,3
129500,1
129616,1
129802,1
130502,1
130748,1
130948,1
131043,1
131113,1
131384,1
132037,1
132137,1
132148,4
133042,1
133130,2
133218,1
133951,1
134018,1
134148,1
134470,1
134598,1
134628,1
134630,1
134648,1
134717,1
134943,1
135002,2
135130,1
135319,1
135651,1
135751,1
136118,1
136451,1
136633,1
136815,1
136818,1
137002,1
137130,5
137148,1
137348,1
137827,1
138179,1
138451,1
138551,1
138748,1
139000,1
139002,6
139802,1
140051,1
140839,1
141630,1
142048,1
142148,3
142529,1
142685,1
142718,1
142827,1
143151,1
143381,1
144018,1
144330,1
144470,1
144818,1
144983,1
145118,1
145277,1
145389,1
145472,1
146018,1
146148,3
146202,1
146371,1
146648,1
146786,1
146818,1
146822,1
146848,1
146948,1
147048,1
147130,2
147148,6
147230,1
147251,1
147416,1
147470,1
147648,1
147772,1
147840,1
148018,1
148098,1
148148,1
148281,1
148340,1
148438,1
148451,3
148468,1
148518,2
148722,1
148756,1
148766,1
148811,1
148906,1
149002,2
149018,1
149062,1
149095,1
149102,1
149189,1
149748,1
149802,1
149945,1
149987,1
149991,1
150021,1
150048,1
150132,1
150148,2
150157,1
150268,1
150451,1
150459,1
150503,1
150851,1
150901,1
150931,1
150951,1
151011,1
151218,1
151390,1
151641,1
152148,10
152189,1
152904,1
152936,1
153348,1
153651,1
153774,1
153797,1
154018,1
154345,2
154470,1
154613,1
154648,3
155130,1
155669,1
155832,1
155930,1
156018,2
156095,1
156610,1
156630,1
156648,1
156674,1
157002,1
157118,1
157130,2
157148,10
157648,1
157802,1
157948,2
157967,1
158451,3
158505,1
158613,1
158648,1
158955,1
159002,1
159018,1
159118,2
159130,2
159148,1
159230,1
159338,1
159380,1
159418,1
159487,1
159575,1
159630,1
159648,2
159670,1
159681,1
159702,1
159746,1
159802,1
159842,1
159937,1
159952,1
159964,1
159970,1
159977,1
160014,1
160018,1
160026,1
160051,1
160061,1
160107,1
160148,11
160196,1
160198,2
160248,1
160288,1
160321,1
160348,1
160357,1
160368,1
160395,1
160448,1
160518,1
160524,1
160538,1
160547,1
160581,1
160600,1
160601,1
160602,1
160618,1
160639,1
160648,3
160748,1
160843,1
160903,1
160927,1
161002,1
161018,4
161147,1
161148,15
161163,1
161267,1
161348,3
161502,1
161551,1
161558,1
161615,1
161646,1
161647,1
161648,12
161650,1
161653,1
161686,1
161724,1
161737,1
161762,1
161848,2
161948,4
161958,1
161968,1
161980,1
161983,1
161984,1
162008,1
162018,1
162028,1
162047,1
162048,53
162050,1
162051,1
162068,1
162098,1
162103,1
162125,1
162130,1
162132,1
162133,1
162135,1
162137,2
162138,2
162140,1
162143,2
162147,13
162201,1
162222,1
162228,1
162330,1
162356,1
162451,2
162704,2
162938,1
162951,2
163018,1
163089,1
163307,1
163418,1
163447,1
163451,7
163487,1
163618,1
163647,1
163951,1
164001,1
164061,1
164202,1
164205,1
164401,1
164630,2
164638,1
164704,1
164837,1
164980,1
164988,1
165017,2
165038,1
165040,1
165104,1
165150,1
165180,2
165182,1
165199,1
165207,1
165220,1
165271,1
165302,1
165342,1
165916,1
165944,1
165970,1
166018,13
166051,1
166070,1
166287,1
166352,1
166420,1
166421,1
166436,8
166438,1
166445,3
166446,3
166449,2
166451,1
166478,2
166489,2
166530,2
166571,1
166629,1
166630,1
166679,1
166779,1
166876,1
166891,1
166960,1
166970,1
166978,1
167002,1
167033,1
167034,1
167036,1
167118,1
167130,5
167138,1
167418,1
167704,1
167832,1
168218,1
168230,1
168274,1
168451,14
168518,1
168581,1
169002,3
169162,1
169169,1
169470,1
169651,1
169690,1
169730,1
169772,2
169780,1
169904,1
169918,1
169974,1
170018,2
170113,1
170169,1
170208,1
170412,1
170502,1
170508,1
170530,1
170531,1
170762,1
170909,1
170916,1
170951,3
171016,1
171018,9
171130,1
171237,1
171329,1
171470,1
171525,1
171630,1
171772,1
172002,1
172102,2
172130,2
172704,1
172950,1
173018,4
173173,1
173451,8
173453,1
173518,2
173618,1
173716,1
173959,1
174002,4
174014,1
174018,6
174048,1
174050,1
174073,1
174130,1
174195,1
174218,1
174251,1
174253,1
174256,1
174268,2
174272,1
174318,1
174408,1
174435,1
174451,1
174470,1
174518,1
174620,1
174644,1
174681,1
174708,1
174721,1
174730,1
174772,1
174833,1
174859,1
174918,2
174951,1
174991,1
175007,1
175017,1
175018,22
175033,1
175044,1
175118,1
175148,1
175193,1
175256,1
175290,1
175418,1
175470,1
175483,1
175518,9
175551,1
175555,1
175563,1
175578,1
175685,1
175700,1
175718,4
175719,1
175809,1
175813,1
175818,4
175819,1
175822,1
175827,1
175842,1
175844,1
175857,1
175878,1
175898,1
175918,44
175951,2
175952,1
175968,1
175978,1
175998,1
176003,1
176008,3
176013,1
176014,1
176017,21
176019,1
176291,1
176304,1
176364,1
176402,2
176447,1
176451,9
176481,1
176489,1
176493,1
176551,1
176580,1
176581,3
176602,1
176620,1
176651,1
176665,1
176692,1
176704,1
176726,1
176751,2
176781,1
176786,1
176841,1
176846,1
176886,1
176942,1
176951,4
176976,1
177001,1
177103,1
177130,11
177151,2
177196,1
177204,1
177251,1
177421,1
177440,1
177450,1
177451,15
177500,1
177567,1
177604,2
177651,1
177736,1
177751,1
177757,1
177804,1
177830,1
177834,1
177861,1
177894,1
177936,1
177942,1
177951,8
178010,1
178027,1
178030,2
178106,1
178112,1
178130,1
178151,2
178152,1
178159,1
178251,3
178278,1
178291,1
178296,1
178300,1
178301,1
178311,1
178329,1
178351,46
178435,1
178436,3
178438,1
178440,4
178441,3
178442,1
178443,1
178445,1
178446,2
178448,1
178450,12
178568,1
179002,13
179280,1
179425,1
179772,1
180102,1
181121,1
181200,1
181502,1
181997,1
182130,7
182146,1
182498,1
182647,1
182770,1
182825,1
183034,1
183353,1
183501,1
183570,1
183870,1
183935,1
183963,1
184002,10
184130,4
184260,1
184275,1
184370,1
184391,1
184410,1
184469,1
184494,1
184500,1
184523,1
184535,1
184630,1
184654,1
184730,1
184787,1
184802,1
184807,1
184861,1
184950,1
184959,1
184991,1
185016,1
185099,1
185126,1
185130,9
185244,1
185250,1
185307,1
185309,1
185312,1
185315,1
185348,1
185378,1
185380,1
185405,1
185420,1
185429,1
185430,3
185446,1
185502,1
185526,1
185544,1
185547,1
185595,1
185663,1
185730,1
185756,1
185930,2
186002,1
186030,1
186103,1
186119,1
186129,1
186130,20
186145,1
186224,1
186230,1
186260,1
186430,1
186502,2
186530,2
186595,1
186625,1
186630,10
186797,1
186802,1
186812,1
186830,5
186831,1
186921,1
186926,1
186930,8
186951,1
186960,1
186965,1
186990,1
186998,1
187002,10
187010,1
187017,1
187030,50
187032,1
187098,1
187102,1
187105,1
187112,3
187114,1
187120,3
187125,1
187129,10
187142,1
187189,1
187202,1
187219,1
187241,1
187251,1
187252,1
187299,1
187302,1
187392,1
187402,1
187437,1
187502,3
187527,1
187594,1
187628,1
187802,2
187860,1
187899,1
187909,1
187977,1
187979,1
187991,1
187997,1
188001,1
188002,22
188017,1
188102,2
188192,1
188202,1
188225,1
188364,1
188466,1
188502,17
188566,1
188602,1
188702,4
188703,1
188710,1
188772,2
188793,1
188801,1
188802,9
188812,1
188823,1
188837,1
188862,1
188901,1
188902,42
188912,1
188936,1
188952,1
188963,1
188972,1
188978,1
188980,1
188982,2
188983,1
188985,1
188987,1
188989,1
188992,3
188997,1
188998,1
189001,21
189009,1
189028,1
189034,1
189622,1
189635,1
189692,1
189699,1
189752,1
189801,1
189943,1
