symbol,cluster_id,policy_file,limit_buy_improvement_file,limit_sell_improvement_file
QQQ,9,policies/clusters/cluster_9/cluster_policy.csv,policies/clusters/cluster_9/limit_buy_improvement_distribution.csv,policies/clusters/cluster_9/limit_sell_improvement_distribution.csv
AAL,9,policies/clusters/cluster_9/cluster_policy.csv,policies/clusters/cluster_9/limit_buy_improvement_distribution.csv,policies/clusters/cluster_9/limit_sell_improvement_distribution.csv
AAOI,5,policies/clusters/cluster_5/cluster_policy.csv,policies/clusters/cluster_5/limit_buy_improvement_distribution.csv,policies/clusters/cluster_5/limit_sell_improvement_distribution.csv
AAON,2,policies/clusters/cluster_2/cluster_policy.csv,policies/clusters/cluster_2/limit_buy_improvement_distribution.csv,policies/clusters/cluster_2/limit_sell_improvement_distribution.csv
AAPL,9,policies/clusters/cluster_9/cluster_policy.csv,policies/clusters/cluster_9/limit_buy_improvement_distribution.csv,policies/clusters/cluster_9/limit_sell_improvement_distribution.csv
AAWW,3,policies/clusters/cluster_3/cluster_policy.csv,policies/clusters/cluster_3/limit_buy_improvement_distribution.csv,policies/clusters/cluster_3/limit_sell_improvement_distribution.csv
AAXN,5,policies/clusters/cluster_5/cluster_policy.csv,policies/clusters/cluster_5/limit_buy_improvement_distribution.csv,policies/clusters/cluster_5/limit_sell_improvement_distribution.csv
ABCB,5,policies/clusters/cluster_5/cluster_policy.csv,policies/clusters/cluster_5/limit_buy_improvement_distribution.csv,policies/clusters/cluster_5/limit_sell_improvement_distribution.csv
ABEO,4,policies/clusters/cluster_4/cluster_policy.csv,policies/clusters/cluster_4/limit_buy_improvement_distribution.csv,policies/clusters/cluster_4/limit_sell_improvement_distribution.csv
ABMD,2,policies/clusters/cluster_2/cluster_policy.csv,policies/clusters/cluster_2/limit_buy_improvement_distribution.csv,policies/clusters/cluster_2/limit_sell_improvement_distribution.csv
ABTX,3,policies/clusters/cluster_3/cluster_policy.csv,policies/clusters/cluster_3/limit_buy_improvement_distribution.csv,policies/clusters/cluster_3/limit_sell_improvement_distribution.csv
ACAD,5,policies/clusters/cluster_5/cluster_policy.csv,policies/clusters/cluster_5/limit_buy_improvement_distribution.csv,policies/clusters/cluster_5/limit_sell_improvement_distribution.csv
ACBI,3,policies/clusters/cluster_3/cluster_policy.csv,policies/clusters/cluster_3/limit_buy_improvement_distribution.csv,policies/clusters/cluster_3/limit_sell_improvement_distribution.csv
ACER,1,policies/clusters/cluster_1/cluster_policy.csv,policies/clusters/cluster_1/limit_buy_improvement_distribution.csv,policies/clusters/cluster_1/limit_sell_improvement_distribution.csv
ACGL,5,policies/clusters/cluster_5/cluster_policy.csv,policies/clusters/cluster_5/limit_buy_improvement_distribution.csv,policies/clusters/cluster_5/limit_sell_improvement_distribution.csv
ACHC,5,policies/clusters/cluster_5/cluster_policy.csv,policies/clusters/cluster_5/limit_buy_improvement_distribution.csv,policies/clusters/cluster_5/limit_sell_improvement_distribution.csv
ACIA,5,policies/clusters/cluster_5/cluster_policy.csv,policies/clusters/cluster_5/limit_buy_improvement_distribution.csv,policies/clusters/cluster_5/limit_sell_improvement_distribution.csv
ACIU,4,policies/clusters/cluster_4/cluster_policy.csv,policies/clusters/cluster_4/limit_buy_improvement_distribution.csv,policies/clusters/cluster_4/limit_sell_improvement_distribution.csv
ACIW,5,policies/clusters/cluster_5/cluster_policy.csv,policies/clusters/cluster_5/limit_buy_improvement_distribution.csv,policies/clusters/cluster_5/limit_sell_improvement_distribution.csv
ACLS,3,policies/clusters/cluster_3/cluster_policy.csv,policies/clusters/cluster_3/limit_buy_improvement_distribution.csv,policies/clusters/cluster_3/limit_sell_improvement_distribution.csv
ACMR,3,policies/clusters/cluster_3/cluster_policy.csv,policies/clusters/cluster_3/limit_buy_improvement_distribution.csv,policies/clusters/cluster_3/limit_sell_improvement_distribution.csv
ACNB,0,policies/clusters/cluster_0/cluster_policy.csv,policies/clusters/cluster_0/limit_buy_improvement_distribution.csv,policies/clusters/cluster_0/limit_sell_improvement_distribution.csv
ACOR,4,policies/clusters/cluster_4/cluster_policy.csv,policies/clusters/cluster_4/limit_buy_improvement_distribution.csv,policies/clusters/cluster_4/limit_sell_improvement_distribution.csv
ACRS,4,policies/clusters/cluster_4/cluster_policy.csv,policies/clusters/cluster_4/limit_buy_improvement_distribution.csv,policies/clusters/cluster_4/limit_sell_improvement_distribution.csv
ACRX,8,policies/clusters/cluster_8/cluster_policy.csv,policies/clusters/cluster_8/limit_buy_improvement_distribution.csv,policies/clusters/cluster_8/limit_sell_improvement_distribution.csv
ACTG,6,policies/clusters/cluster_6/cluster_policy.csv,policies/clusters/cluster_6/limit_buy_improvement_distribution.csv,policies/clusters/cluster_6/limit_sell_improvement_distribution.csv
ADBE,7,policies/clusters/cluster_7/cluster_policy.csv,policies/clusters/cluster_7/limit_buy_improvement_distribution.csv,policies/clusters/cluster_7/limit_sell_improvement_distribution.csv
ADES,6,policies/clusters/cluster_6/cluster_policy.csv,policies/clusters/cluster_6/limit_buy_improvement_distribution.csv,policies/clusters/cluster_6/limit_sell_improvement_distribution.csv
ADI,7,policies/clusters/cluster_7/cluster_policy.csv,policies/clusters/cluster_7/limit_buy_improvement_distribution.csv,policies/clusters/cluster_7/limit_sell_improvement_distribution.csv
ADIL,4,policies/clusters/cluster_4/cluster_policy.csv,policies/clusters/cluster_4/limit_buy_improvement_distribution.csv,policies/clusters/cluster_4/limit_sell_improvement_distribution.csv
ADMA,4,policies/clusters/cluster_4/cluster_policy.csv,policies/clusters/cluster_4/limit_buy_improvement_distribution.csv,policies/clusters/cluster_4/limit_sell_improvement_distribution.csv
ADMS,4,policies/clusters/cluster_4/cluster_policy.csv,policies/clusters/cluster_4/limit_buy_improvement_distribution.csv,policies/clusters/cluster_4/limit_sell_improvement_distribution.csv
ADP,7,policies/clusters/cluster_7/cluster_policy.csv,policies/clusters/cluster_7/limit_buy_improvement_distribution.csv,policies/clusters/cluster_7/limit_sell_improvement_distribution.csv
ADSK,7,policies/clusters/cluster_7/cluster_policy.csv,policies/clusters/cluster_7/limit_buy_improvement_distribution.csv,policies/clusters/cluster_7/limit_sell_improvement_distribution.csv
ADTN,6,policies/clusters/cluster_6/cluster_policy.csv,policies/clusters/cluster_6/limit_buy_improvement_distribution.csv,policies/clusters/cluster_6/limit_sell_improvement_distribution.csv
ADUS,2,policies/clusters/cluster_2/cluster_policy.csv,policies/clusters/cluster_2/limit_buy_improvement_distribution.csv,policies/clusters/cluster_2/limit_sell_improvement_distribution.csv
ADVM,3,policies/clusters/cluster_3/cluster_policy.csv,policies/clusters/cluster_3/limit_buy_improvement_distribution.csv,policies/clusters/cluster_3/limit_sell_improvement_distribution.csv
AEGN,3,policies/clusters/cluster_3/cluster_policy.csv,policies/clusters/cluster_3/limit_buy_improvement_distribution.csv,policies/clusters/cluster_3/limit_sell_improvement_distribution.csv
AEIS,2,policies/clusters/cluster_2/cluster_policy.csv,policies/clusters/cluster_2/limit_buy_improvement_distribution.csv,policies/clusters/cluster_2/limit_sell_improvement_distribution.csv
AERI,3,policies/clusters/cluster_3/cluster_policy.csv,policies/clusters/cluster_3/limit_buy_improvement_distribution.csv,policies/clusters/cluster_3/limit_sell_improvement_distribution.csv
AFIN,6,policies/clusters/cluster_6/cluster_policy.csv,policies/clusters/cluster_6/limit_buy_improvement_distribution.csv,policies/clusters/cluster_6/limit_sell_improvement_distribution.csv
AFMD,4,policies/clusters/cluster_4/cluster_policy.csv,policies/clusters/cluster_4/limit_buy_improvement_distribution.csv,policies/clusters/cluster_4/limit_sell_improvement_distribution.csv
AGEN,8,policies/clusters/cluster_8/cluster_policy.csv,policies/clusters/cluster_8/limit_buy_improvement_distribution.csv,policies/clusters/cluster_8/limit_sell_improvement_distribution.csv
AGFS,4,policies/clusters/cluster_4/cluster_policy.csv,policies/clusters/cluster_4/limit_buy_improvement_distribution.csv,policies/clusters/cluster_4/limit_sell_improvement_distribution.csv
AGIO,2,policies/clusters/cluster_2/cluster_policy.csv,policies/clusters/cluster_2/limit_buy_improvement_distribution.csv,policies/clusters/cluster_2/limit_sell_improvement_distribution.csv
AGLE,1,policies/clusters/cluster_1/cluster_policy.csv,policies/clusters/cluster_1/limit_buy_improvement_distribution.csv,policies/clusters/cluster_1/limit_sell_improvement_distribution.csv
AGNC,8,policies/clusters/cluster_8/cluster_policy.csv,policies/clusters/cluster_8/limit_buy_improvement_distribution.csv,policies/clusters/cluster_8/limit_sell_improvement_distribution.csv
AGTC,4,policies/clusters/cluster_4/cluster_policy.csv,policies/clusters/cluster_4/limit_buy_improvement_distribution.csv,policies/clusters/cluster_4/limit_sell_improvement_distribution.csv
AGYS,3,policies/clusters/cluster_3/cluster_policy.csv,policies/clusters/cluster_3/limit_buy_improvement_distribution.csv,policies/clusters/cluster_3/limit_sell_improvement_distribution.csv
AIMC,3,policies/clusters/cluster_3/cluster_policy.csv,policies/clusters/cluster_3/limit_buy_improvement_distribution.csv,policies/clusters/cluster_3/limit_sell_improvement_distribution.csv
AIMT,5,policies/clusters/cluster_5/cluster_policy.csv,policies/clusters/cluster_5/limit_buy_improvement_distribution.csv,policies/clusters/cluster_5/limit_sell_improvement_distribution.csv
AINV,6,policies/clusters/cluster_6/cluster_policy.csv,policies/clusters/cluster_6/limit_buy_improvement_distribution.csv,policies/clusters/cluster_6/limit_sell_improvement_distribution.csv
AIRG,3,policies/clusters/cluster_3/cluster_policy.csv,policies/clusters/cluster_3/limit_buy_improvement_distribution.csv,policies/clusters/cluster_3/limit_sell_improvement_distribution.csv
AKAM,7,policies/clusters/cluster_7/cluster_policy.csv,policies/clusters/cluster_7/limit_buy_improvement_distribution.csv,policies/clusters/cluster_7/limit_sell_improvement_distribution.csv
AKBA,4,policies/clusters/cluster_4/cluster_policy.csv,policies/clusters/cluster_4/limit_buy_improvement_distribution.csv,policies/clusters/cluster_4/limit_sell_improvement_distribution.csv
AKCA,1,policies/clusters/cluster_1/cluster_policy.csv,policies/clusters/cluster_1/limit_buy_improvement_distribution.csv,policies/clusters/cluster_1/limit_sell_improvement_distribution.csv
AKRX,8,policies/clusters/cluster_8/cluster_policy.csv,policies/clusters/cluster_8/limit_buy_improvement_distribution.csv,policies/clusters/cluster_8/limit_sell_improvement_distribution.csv
AKTS,4,policies/clusters/cluster_4/cluster_policy.csv,policies/clusters/cluster_4/limit_buy_improvement_distribution.csv,policies/clusters/cluster_4/limit_sell_improvement_distribution.csv
ALBO,0,policies/clusters/cluster_0/cluster_policy.csv,policies/clusters/cluster_0/limit_buy_improvement_distribution.csv,policies/clusters/cluster_0/limit_sell_improvement_distribution.csv
ALDX,1,policies/clusters/cluster_1/cluster_policy.csv,policies/clusters/cluster_1/limit_buy_improvement_distribution.csv,policies/clusters/cluster_1/limit_sell_improvement_distribution.csv
ALGN,2,policies/clusters/cluster_2/cluster_policy.csv,policies/clusters/cluster_2/limit_buy_improvement_distribution.csv,policies/clusters/cluster_2/limit_sell_improvement_distribution.csv
ALGT,2,policies/clusters/cluster_2/cluster_policy.csv,policies/clusters/cluster_2/limit_buy_improvement_distribution.csv,policies/clusters/cluster_2/limit_sell_improvement_distribution.csv
ALLK,0,policies/clusters/cluster_0/cluster_policy.csv,policies/clusters/cluster_0/limit_buy_improvement_distribution.csv,policies/clusters/cluster_0/limit_sell_improvement_distribution.csv
ALLO,3,policies/clusters/cluster_3/cluster_policy.csv,policies/clusters/cluster_3/limit_buy_improvement_distribution.csv,policies/clusters/cluster_3/limit_sell_improvement_distribution.csv
ALNY,2,policies/clusters/cluster_2/cluster_policy.csv,policies/clusters/cluster_2/limit_buy_improvement_distribution.csv,policies/clusters/cluster_2/limit_sell_improvement_distribution.csv
ALRM,5,policies/clusters/cluster_5/cluster_policy.csv,policies/clusters/cluster_5/limit_buy_improvement_distribution.csv,policies/clusters/cluster_5/limit_sell_improvement_distribution.csv
ALSK,8,policies/clusters/cluster_8/cluster_policy.csv,policies/clusters/cluster_8/limit_buy_improvement_distribution.csv,policies/clusters/cluster_8/limit_sell_improvement_distribution.csv
ALT,4,policies/clusters/cluster_4/cluster_policy.csv,policies/clusters/cluster_4/limit_buy_improvement_distribution.csv,policies/clusters/cluster_4/limit_sell_improvement_distribution.csv
ALTM,4,policies/clusters/cluster_4/cluster_policy.csv,policies/clusters/cluster_4/limit_buy_improvement_distribution.csv,policies/clusters/cluster_4/limit_sell_improvement_distribution.csv
ALTR,3,policies/clusters/cluster_3/cluster_policy.csv,policies/clusters/cluster_3/limit_buy_improvement_distribution.csv,policies/clusters/cluster_3/limit_sell_improvement_distribution.csv
ALXN,7,policies/clusters/cluster_7/cluster_policy.csv,policies/clusters/cluster_7/limit_buy_improvement_distribution.csv,policies/clusters/cluster_7/limit_sell_improvement_distribution.csv
AMAG,1,policies/clusters/cluster_1/cluster_policy.csv,policies/clusters/cluster_1/limit_buy_improvement_distribution.csv,policies/clusters/cluster_1/limit_sell_improvement_distribution.csv
AMAL,0,policies/clusters/cluster_0/cluster_policy.csv,policies/clusters/cluster_0/limit_buy_improvement_distribution.csv,policies/clusters/cluster_0/limit_sell_improvement_distribution.csv
AMAT,9,policies/clusters/cluster_9/cluster_policy.csv,policies/clusters/cluster_9/limit_buy_improvement_distribution.csv,policies/clusters/cluster_9/limit_sell_improvement_distribution.csv
AMBC,6,policies/clusters/cluster_6/cluster_policy.csv,policies/clusters/cluster_6/limit_buy_improvement_distribution.csv,policies/clusters/cluster_6/limit_sell_improvement_distribution.csv
AMCX,5,policies/clusters/cluster_5/cluster_policy.csv,policies/clusters/cluster_5/limit_buy_improvement_distribution.csv,policies/clusters/cluster_5/limit_sell_improvement_distribution.csv
AMD,9,policies/clusters/cluster_9/cluster_policy.csv,policies/clusters/cluster_9/limit_buy_improvement_distribution.csv,policies/clusters/cluster_9/limit_sell_improvement_distribution.csv
AMED,2,policies/clusters/cluster_2/cluster_policy.csv,policies/clusters/cluster_2/limit_buy_improvement_distribution.csv,policies/clusters/cluster_2/limit_sell_improvement_distribution.csv
AMEH,3,policies/clusters/cluster_3/cluster_policy.csv,policies/clusters/cluster_3/limit_buy_improvement_distribution.csv,policies/clusters/cluster_3/limit_sell_improvement_distribution.csv
AMGN,7,policies/clusters/cluster_7/cluster_policy.csv,policies/clusters/cluster_7/limit_buy_improvement_distribution.csv,policies/clusters/cluster_7/limit_sell_improvement_distribution.csv
AMKR,8,policies/clusters/cluster_8/cluster_policy.csv,policies/clusters/cluster_8/limit_buy_improvement_distribution.csv,policies/clusters/cluster_8/limit_sell_improvement_distribution.csv
AMOT,0,policies/clusters/cluster_0/cluster_policy.csv,policies/clusters/cluster_0/limit_buy_improvement_distribution.csv,policies/clusters/cluster_0/limit_sell_improvement_distribution.csv
AMPH,3,policies/clusters/cluster_3/cluster_policy.csv,policies/clusters/cluster_3/limit_buy_improvement_distribution.csv,policies/clusters/cluster_3/limit_sell_improvement_distribution.csv
AMSC,1,policies/clusters/cluster_1/cluster_policy.csv,policies/clusters/cluster_1/limit_buy_improvement_distribution.csv,policies/clusters/cluster_1/limit_sell_improvement_distribution.csv
AMSF,2,policies/clusters/cluster_2/cluster_policy.csv,policies/clusters/cluster_2/limit_buy_improvement_distribution.csv,policies/clusters/cluster_2/limit_sell_improvement_distribution.csv
AMSWA,3,policies/clusters/cluster_3/cluster_policy.csv,policies/clusters/cluster_3/limit_buy_improvement_distribution.csv,policies/clusters/cluster_3/limit_sell_improvement_distribution.csv
AMTB,3,policies/clusters/cluster_3/cluster_policy.csv,policies/clusters/cluster_3/limit_buy_improvement_distribution.csv,policies/clusters/cluster_3/limit_sell_improvement_distribution.csv
AMTD,9,policies/clusters/cluster_9/cluster_policy.csv,policies/clusters/cluster_9/limit_buy_improvement_distribution.csv,policies/clusters/cluster_9/limit_sell_improvement_distribution.csv
AMWD,2,policies/clusters/cluster_2/cluster_policy.csv,policies/clusters/cluster_2/limit_buy_improvement_distribution.csv,policies/clusters/cluster_2/limit_sell_improvement_distribution.csv
AMZN,7,policies/clusters/cluster_7/cluster_policy.csv,policies/clusters/cluster_7/limit_buy_improvement_distribution.csv,policies/clusters/cluster_7/limit_sell_improvement_distribution.csv
ANAB,0,policies/clusters/cluster_0/cluster_policy.csv,policies/clusters/cluster_0/limit_buy_improvement_distribution.csv,policies/clusters/cluster_0/limit_sell_improvement_distribution.csv
ANAT,0,policies/clusters/cluster_0/cluster_policy.csv,policies/clusters/cluster_0/limit_buy_improvement_distribution.csv,policies/clusters/cluster_0/limit_sell_improvement_distribution.csv
ANDE,3,policies/clusters/cluster_3/cluster_policy.csv,policies/clusters/cluster_3/limit_buy_improvement_distribution.csv,policies/clusters/cluster_3/limit_sell_improvement_distribution.csv
ANGI,6,policies/clusters/cluster_6/cluster_policy.csv,policies/clusters/cluster_6/limit_buy_improvement_distribution.csv,policies/clusters/cluster_6/limit_sell_improvement_distribution.csv
ANGO,3,policies/clusters/cluster_3/cluster_policy.csv,policies/clusters/cluster_3/limit_buy_improvement_distribution.csv,policies/clusters/cluster_3/limit_sell_improvement_distribution.csv
ANIK,2,policies/clusters/cluster_2/cluster_policy.csv,policies/clusters/cluster_2/limit_buy_improvement_distribution.csv,policies/clusters/cluster_2/limit_sell_improvement_distribution.csv
ANIP,0,policies/clusters/cluster_0/cluster_policy.csv,policies/clusters/cluster_0/limit_buy_improvement_distribution.csv,policies/clusters/cluster_0/limit_sell_improvement_distribution.csv
ANIX,1,policies/clusters/cluster_1/cluster_policy.csv,policies/clusters/cluster_1/limit_buy_improvement_distribution.csv,policies/clusters/cluster_1/limit_sell_improvement_distribution.csv
ANSS,7,policies/clusters/cluster_7/cluster_policy.csv,policies/clusters/cluster_7/limit_buy_improvement_distribution.csv,policies/clusters/cluster_7/limit_sell_improvement_distribution.csv
AOBC,6,policies/clusters/cluster_6/cluster_policy.csv,policies/clusters/cluster_6/limit_buy_improvement_distribution.csv,policies/clusters/cluster_6/limit_sell_improvement_distribution.csv
AOSL,3,policies/clusters/cluster_3/cluster_policy.csv,policies/clusters/cluster_3/limit_buy_improvement_distribution.csv,policies/clusters/cluster_3/limit_sell_improvement_distribution.csv
APEI,3,policies/clusters/cluster_3/cluster_policy.csv,policies/clusters/cluster_3/limit_buy_improvement_distribution.csv,policies/clusters/cluster_3/limit_sell_improvement_distribution.csv
APLS,3,policies/clusters/cluster_3/cluster_policy.csv,policies/clusters/cluster_3/limit_buy_improvement_distribution.csv,policies/clusters/cluster_3/limit_sell_improvement_distribution.csv
APOG,3,policies/clusters/cluster_3/cluster_policy.csv,policies/clusters/cluster_3/limit_buy_improvement_distribution.csv,policies/clusters/cluster_3/limit_sell_improvement_distribution.csv
APPF,2,policies/clusters/cluster_2/cluster_policy.csv,policies/clusters/cluster_2/limit_buy_improvement_distribution.csv,policies/clusters/cluster_2/limit_sell_improvement_distribution.csv
APPN,5,policies/clusters/cluster_5/cluster_policy.csv,policies/clusters/cluster_5/limit_buy_improvement_distribution.csv,policies/clusters/cluster_5/limit_sell_improvement_distribution.csv
APPS,8,policies/clusters/cluster_8/cluster_policy.csv,policies/clusters/cluster_8/limit_buy_improvement_distribution.csv,policies/clusters/cluster_8/limit_sell_improvement_distribution.csv
APTO,4,policies/clusters/cluster_4/cluster_policy.csv,policies/clusters/cluster_4/limit_buy_improvement_distribution.csv,policies/clusters/cluster_4/limit_sell_improvement_distribution.csv
APTX,4,policies/clusters/cluster_4/cluster_policy.csv,policies/clusters/cluster_4/limit_buy_improvement_distribution.csv,policies/clusters/cluster_4/limit_sell_improvement_distribution.csv
APYX,1,policies/clusters/cluster_1/cluster_policy.csv,policies/clusters/cluster_1/limit_buy_improvement_distribution.csv,policies/clusters/cluster_1/limit_sell_improvement_distribution.csv
AQST,1,policies/clusters/cluster_1/cluster_policy.csv,policies/clusters/cluster_1/limit_buy_improvement_distribution.csv,policies/clusters/cluster_1/limit_sell_improvement_distribution.csv
ARAY,8,policies/clusters/cluster_8/cluster_policy.csv,policies/clusters/cluster_8/limit_buy_improvement_distribution.csv,policies/clusters/cluster_8/limit_sell_improvement_distribution.csv
ARCB,3,policies/clusters/cluster_3/cluster_policy.csv,policies/clusters/cluster_3/limit_buy_improvement_distribution.csv,policies/clusters/cluster_3/limit_sell_improvement_distribution.csv
ARCC,8,policies/clusters/cluster_8/cluster_policy.csv,policies/clusters/cluster_8/limit_buy_improvement_distribution.csv,policies/clusters/cluster_8/limit_sell_improvement_distribution.csv
ARCE,0,policies/clusters/cluster_0/cluster_policy.csv,policies/clusters/cluster_0/limit_buy_improvement_distribution.csv,policies/clusters/cluster_0/limit_sell_improvement_distribution.csv
ARDX,4,policies/clusters/cluster_4/cluster_policy.csv,policies/clusters/cluster_4/limit_buy_improvement_distribution.csv,policies/clusters/cluster_4/limit_sell_improvement_distribution.csv
ARNA,2,policies/clusters/cluster_2/cluster_policy.csv,policies/clusters/cluster_2/limit_buy_improvement_distribution.csv,policies/clusters/cluster_2/limit_sell_improvement_distribution.csv
AROW,0,policies/clusters/cluster_0/cluster_policy.csv,policies/clusters/cluster_0/limit_buy_improvement_distribution.csv,policies/clusters/cluster_0/limit_sell_improvement_distribution.csv
ARTNA,0,policies/clusters/cluster_0/cluster_policy.csv,policies/clusters/cluster_0/limit_buy_improvement_distribution.csv,policies/clusters/cluster_0/limit_sell_improvement_distribution.csv
ARVN,0,policies/clusters/cluster_0/cluster_policy.csv,policies/clusters/cluster_0/limit_buy_improvement_distribution.csv,policies/clusters/cluster_0/limit_sell_improvement_distribution.csv
ARWR,5,policies/clusters/cluster_5/cluster_policy.csv,policies/clusters/cluster_5/limit_buy_improvement_distribution.csv,policies/clusters/cluster_5/limit_sell_improvement_distribution.csv
ASMB,1,policies/clusters/cluster_1/cluster_policy.csv,policies/clusters/cluster_1/limit_buy_improvement_distribution.csv,policies/clusters/cluster_1/limit_sell_improvement_distribution.csv
ASPS,1,policies/clusters/cluster_1/cluster_policy.csv,policies/clusters/cluster_1/limit_buy_improvement_distribution.csv,policies/clusters/cluster_1/limit_sell_improvement_distribution.csv
ASTE,3,policies/clusters/cluster_3/cluster_policy.csv,policies/clusters/cluster_3/limit_buy_improvement_distribution.csv,policies/clusters/cluster_3/limit_sell_improvement_distribution.csv
ASUR,6,policies/clusters/cluster_6/cluster_policy.csv,policies/clusters/cluster_6/limit_buy_improvement_distribution.csv,policies/clusters/cluster_6/limit_sell_improvement_distribution.csv
ASYS,6,policies/clusters/cluster_6/cluster_policy.csv,policies/clusters/cluster_6/limit_buy_improvement_distribution.csv,policies/clusters/cluster_6/limit_sell_improvement_distribution.csv
ATEC,4,policies/clusters/cluster_4/cluster_policy.csv,policies/clusters/cluster_4/limit_buy_improvement_distribution.csv,policies/clusters/cluster_4/limit_sell_improvement_distribution.csv
ATHX,8,policies/clusters/cluster_8/cluster_policy.csv,policies/clusters/cluster_8/limit_buy_improvement_distribution.csv,policies/clusters/cluster_8/limit_sell_improvement_distribution.csv
ATLC,1,policies/clusters/cluster_1/cluster_policy.csv,policies/clusters/cluster_1/limit_buy_improvement_distribution.csv,policies/clusters/cluster_1/limit_sell_improvement_distribution.csv
ATLO,0,policies/clusters/cluster_0/cluster_policy.csv,policies/clusters/cluster_0/limit_buy_improvement_distribution.csv,policies/clusters/cluster_0/limit_sell_improvement_distribution.csv
ATNI,0,policies/clusters/cluster_0/cluster_policy.csv,policies/clusters/cluster_0/limit_buy_improvement_distribution.csv,policies/clusters/cluster_0/limit_sell_improvement_distribution.csv
ATNX,3,policies/clusters/cluster_3/cluster_policy.csv,policies/clusters/cluster_3/limit_buy_improvement_distribution.csv,policies/clusters/cluster_3/limit_sell_improvement_distribution.csv
ATOM,1,policies/clusters/cluster_1/cluster_policy.csv,policies/clusters/cluster_1/limit_buy_improvement_distribution.csv,policies/clusters/cluster_1/limit_sell_improvement_distribution.csv
ATOS,4,policies/clusters/cluster_4/cluster_policy.csv,policies/clusters/cluster_4/limit_buy_improvement_distribution.csv,policies/clusters/cluster_4/limit_sell_improvement_distribution.csv
ATRA,3,policies/clusters/cluster_3/cluster_policy.csv,policies/clusters/cluster_3/limit_buy_improvement_distribution.csv,policies/clusters/cluster_3/limit_sell_improvement_distribution.csv
ATRC,3,policies/clusters/cluster_3/cluster_policy.csv,policies/clusters/cluster_3/limit_buy_improvement_distribution.csv,policies/clusters/cluster_3/limit_sell_improvement_distribution.csv
ATRI,0,policies/clusters/cluster_0/cluster_policy.csv,policies/clusters/cluster_0/limit_buy_improvement_distribution.csv,policies/clusters/cluster_0/limit_sell_improvement_distribution.csv
ATRO,3,policies/clusters/cluster_3/cluster_policy.csv,policies/clusters/cluster_3/limit_buy_improvement_distribution.csv,policies/clusters/cluster_3/limit_sell_improvement_distribution.csv
ATRS,8,policies/clusters/cluster_8/cluster_policy.csv,policies/clusters/cluster_8/limit_buy_improvement_distribution.csv,policies/clusters/cluster_8/limit_sell_improvement_distribution.csv
ATSG,3,policies/clusters/cluster_3/cluster_policy.csv,policies/clusters/cluster_3/limit_buy_improvement_distribution.csv,policies/clusters/cluster_3/limit_sell_improvement_distribution.csv
ATVI,9,policies/clusters/cluster_9/cluster_policy.csv,policies/clusters/cluster_9/limit_buy_improvement_distribution.csv,policies/clusters/cluster_9/limit_sell_improvement_distribution.csv
AUPH,6,policies/clusters/cluster_6/cluster_policy.csv,policies/clusters/cluster_6/limit_buy_improvement_distribution.csv,policies/clusters/cluster_6/limit_sell_improvement_distribution.csv
AUTO,4,policies/clusters/cluster_4/cluster_policy.csv,policies/clusters/cluster_4/limit_buy_improvement_distribution.csv,policies/clusters/cluster_4/limit_sell_improvement_distribution.csv
AVAV,2,policies/clusters/cluster_2/cluster_policy.csv,policies/clusters/cluster_2/limit_buy_improvement_distribution.csv,policies/clusters/cluster_2/limit_sell_improvement_distribution.csv
AVCO,4,policies/clusters/cluster_4/cluster_policy.csv,policies/clusters/cluster_4/limit_buy_improvement_distribution.csv,policies/clusters/cluster_4/limit_sell_improvement_distribution.csv
AVGO,7,policies/clusters/cluster_7/cluster_policy.csv,policies/clusters/cluster_7/limit_buy_improvement_distribution.csv,policies/clusters/cluster_7/limit_sell_improvement_distribution.csv
AVID,6,policies/clusters/cluster_6/cluster_policy.csv,policies/clusters/cluster_6/limit_buy_improvement_distribution.csv,policies/clusters/cluster_6/limit_sell_improvement_distribution.csv
AVRO,1,policies/clusters/cluster_1/cluster_policy.csv,policies/clusters/cluster_1/limit_buy_improvement_distribution.csv,policies/clusters/cluster_1/limit_sell_improvement_distribution.csv
AVT,5,policies/clusters/cluster_5/cluster_policy.csv,policies/clusters/cluster_5/limit_buy_improvement_distribution.csv,policies/clusters/cluster_5/limit_sell_improvement_distribution.csv
AVXL,4,policies/clusters/cluster_4/cluster_policy.csv,policies/clusters/cluster_4/limit_buy_improvement_distribution.csv,policies/clusters/cluster_4/limit_sell_improvement_distribution.csv
AXDX,3,policies/clusters/cluster_3/cluster_policy.csv,policies/clusters/cluster_3/limit_buy_improvement_distribution.csv,policies/clusters/cluster_3/limit_sell_improvement_distribution.csv
AXGN,3,policies/clusters/cluster_3/cluster_policy.csv,policies/clusters/cluster_3/limit_buy_improvement_distribution.csv,policies/clusters/cluster_3/limit_sell_improvement_distribution.csv
AXNX,0,policies/clusters/cluster_0/cluster_policy.csv,policies/clusters/cluster_0/limit_buy_improvement_distribution.csv,policies/clusters/cluster_0/limit_sell_improvement_distribution.csv
AXSM,2,policies/clusters/cluster_2/cluster_policy.csv,policies/clusters/cluster_2/limit_buy_improvement_distribution.csv,policies/clusters/cluster_2/limit_sell_improvement_distribution.csv
AXTI,6,policies/clusters/cluster_6/cluster_policy.csv,policies/clusters/cluster_6/limit_buy_improvement_distribution.csv,policies/clusters/cluster_6/limit_sell_improvement_distribution.csv
AZPN,2,policies/clusters/cluster_2/cluster_policy.csv,policies/clusters/cluster_2/limit_buy_improvement_distribution.csv,policies/clusters/cluster_2/limit_sell_improvement_distribution.csv
BAND,2,policies/clusters/cluster_2/cluster_policy.csv,policies/clusters/cluster_2/limit_buy_improvement_distribution.csv,policies/clusters/cluster_2/limit_sell_improvement_distribution.csv
BANF,0,policies/clusters/cluster_0/cluster_policy.csv,policies/clusters/cluster_0/limit_buy_improvement_distribution.csv,policies/clusters/cluster_0/limit_sell_improvement_distribution.csv
BANR,2,policies/clusters/cluster_2/cluster_policy.csv,policies/clusters/cluster_2/limit_buy_improvement_distribution.csv,policies/clusters/cluster_2/limit_sell_improvement_distribution.csv
BATRA,3,policies/clusters/cluster_3/cluster_policy.csv,policies/clusters/cluster_3/limit_buy_improvement_distribution.csv,policies/clusters/cluster_3/limit_sell_improvement_distribution.csv
BATRK,5,policies/clusters/cluster_5/cluster_policy.csv,policies/clusters/cluster_5/limit_buy_improvement_distribution.csv,policies/clusters/cluster_5/limit_sell_improvement_distribution.csv
BBBY,9,policies/clusters/cluster_9/cluster_policy.csv,policies/clusters/cluster_9/limit_buy_improvement_distribution.csv,policies/clusters/cluster_9/limit_sell_improvement_distribution.csv
BBGI,4,policies/clusters/cluster_4/cluster_policy.csv,policies/clusters/cluster_4/limit_buy_improvement_distribution.csv,policies/clusters/cluster_4/limit_sell_improvement_distribution.csv
BBSI,0,policies/clusters/cluster_0/cluster_policy.csv,policies/clusters/cluster_0/limit_buy_improvement_distribution.csv,policies/clusters/cluster_0/limit_sell_improvement_distribution.csv
BCBP,1,policies/clusters/cluster_1/cluster_policy.csv,policies/clusters/cluster_1/limit_buy_improvement_distribution.csv,policies/clusters/cluster_1/limit_sell_improvement_distribution.csv
BCLI,6,policies/clusters/cluster_6/cluster_policy.csv,policies/clusters/cluster_6/limit_buy_improvement_distribution.csv,policies/clusters/cluster_6/limit_sell_improvement_distribution.csv
BCML,0,policies/clusters/cluster_0/cluster_policy.csv,policies/clusters/cluster_0/limit_buy_improvement_distribution.csv,policies/clusters/cluster_0/limit_sell_improvement_distribution.csv
BCOR,5,policies/clusters/cluster_5/cluster_policy.csv,policies/clusters/cluster_5/limit_buy_improvement_distribution.csv,policies/clusters/cluster_5/limit_sell_improvement_distribution.csv
BCOV,6,policies/clusters/cluster_6/cluster_policy.csv,policies/clusters/cluster_6/limit_buy_improvement_distribution.csv,policies/clusters/cluster_6/limit_sell_improvement_distribution.csv
BCPC,2,policies/clusters/cluster_2/cluster_policy.csv,policies/clusters/cluster_2/limit_buy_improvement_distribution.csv,policies/clusters/cluster_2/limit_sell_improvement_distribution.csv
BCRX,8,policies/clusters/cluster_8/cluster_policy.csv,policies/clusters/cluster_8/limit_buy_improvement_distribution.csv,policies/clusters/cluster_8/limit_sell_improvement_distribution.csv
BDGE,0,policies/clusters/cluster_0/cluster_policy.csv,policies/clusters/cluster_0/limit_buy_improvement_distribution.csv,policies/clusters/cluster_0/limit_sell_improvement_distribution.csv
BDSI,8,policies/clusters/cluster_8/cluster_policy.csv,policies/clusters/cluster_8/limit_buy_improvement_distribution.csv,policies/clusters/cluster_8/limit_sell_improvement_distribution.csv
BEAT,2,policies/clusters/cluster_2/cluster_policy.csv,policies/clusters/cluster_2/limit_buy_improvement_distribution.csv,policies/clusters/cluster_2/limit_sell_improvement_distribution.csv
BECN,5,policies/clusters/cluster_5/cluster_policy.csv,policies/clusters/cluster_5/limit_buy_improvement_distribution.csv,policies/clusters/cluster_5/limit_sell_improvement_distribution.csv
BELFB,0,policies/clusters/cluster_0/cluster_policy.csv,policies/clusters/cluster_0/limit_buy_improvement_distribution.csv,policies/clusters/cluster_0/limit_sell_improvement_distribution.csv
BFIN,3,policies/clusters/cluster_3/cluster_policy.csv,policies/clusters/cluster_3/limit_buy_improvement_distribution.csv,policies/clusters/cluster_3/limit_sell_improvement_distribution.csv
BFST,0,policies/clusters/cluster_0/cluster_policy.csv,policies/clusters/cluster_0/limit_buy_improvement_distribution.csv,policies/clusters/cluster_0/limit_sell_improvement_distribution.csv
BGCP,8,policies/clusters/cluster_8/cluster_policy.csv,policies/clusters/cluster_8/limit_buy_improvement_distribution.csv,policies/clusters/cluster_8/limit_sell_improvement_distribution.csv
BGFV,4,policies/clusters/cluster_4/cluster_policy.csv,policies/clusters/cluster_4/limit_buy_improvement_distribution.csv,policies/clusters/cluster_4/limit_sell_improvement_distribution.csv
BHF,5,policies/clusters/cluster_5/cluster_policy.csv,policies/clusters/cluster_5/limit_buy_improvement_distribution.csv,policies/clusters/cluster_5/limit_sell_improvement_distribution.csv
BIIB,7,policies/clusters/cluster_7/cluster_policy.csv,policies/clusters/cluster_7/limit_buy_improvement_distribution.csv,policies/clusters/cluster_7/limit_sell_improvement_distribution.csv
BIOS,8,policies/clusters/cluster_8/cluster_policy.csv,policies/clusters/cluster_8/limit_buy_improvement_distribution.csv,policies/clusters/cluster_8/limit_sell_improvement_distribution.csv
BJRI,5,policies/clusters/cluster_5/cluster_policy.csv,policies/clusters/cluster_5/limit_buy_improvement_distribution.csv,policies/clusters/cluster_5/limit_sell_improvement_distribution.csv
BKCC,6,policies/clusters/cluster_6/cluster_policy.csv,policies/clusters/cluster_6/limit_buy_improvement_distribution.csv,policies/clusters/cluster_6/limit_sell_improvement_distribution.csv
BKNG,7,policies/clusters/cluster_7/cluster_policy.csv,policies/clusters/cluster_7/limit_buy_improvement_distribution.csv,policies/clusters/cluster_7/limit_sell_improvement_distribution.csv
BL,2,policies/clusters/cluster_2/cluster_policy.csv,policies/clusters/cluster_2/limit_buy_improvement_distribution.csv,policies/clusters/cluster_2/limit_sell_improvement_distribution.csv
BLBD,3,policies/clusters/cluster_3/cluster_policy.csv,policies/clusters/cluster_3/limit_buy_improvement_distribution.csv,policies/clusters/cluster_3/limit_sell_improvement_distribution.csv
BLDP,8,policies/clusters/cluster_8/cluster_policy.csv,policies/clusters/cluster_8/limit_buy_improvement_distribution.csv,policies/clusters/cluster_8/limit_sell_improvement_distribution.csv
BLDR,5,policies/clusters/cluster_5/cluster_policy.csv,policies/clusters/cluster_5/limit_buy_improvement_distribution.csv,policies/clusters/cluster_5/limit_sell_improvement_distribution.csv
BLFS,3,policies/clusters/cluster_3/cluster_policy.csv,policies/clusters/cluster_3/limit_buy_improvement_distribution.csv,policies/clusters/cluster_3/limit_sell_improvement_distribution.csv
BLKB,2,policies/clusters/cluster_2/cluster_policy.csv,policies/clusters/cluster_2/limit_buy_improvement_distribution.csv,policies/clusters/cluster_2/limit_sell_improvement_distribution.csv
BLMN,5,policies/clusters/cluster_5/cluster_policy.csv,policies/clusters/cluster_5/limit_buy_improvement_distribution.csv,policies/clusters/cluster_5/limit_sell_improvement_distribution.csv
BLNK,4,policies/clusters/cluster_4/cluster_policy.csv,policies/clusters/cluster_4/limit_buy_improvement_distribution.csv,policies/clusters/cluster_4/limit_sell_improvement_distribution.csv
BLUE,2,policies/clusters/cluster_2/cluster_policy.csv,policies/clusters/cluster_2/limit_buy_improvement_distribution.csv,policies/clusters/cluster_2/limit_sell_improvement_distribution.csv
BMCH,5,policies/clusters/cluster_5/cluster_policy.csv,policies/clusters/cluster_5/limit_buy_improvement_distribution.csv,policies/clusters/cluster_5/limit_sell_improvement_distribution.csv
BMRC,0,policies/clusters/cluster_0/cluster_policy.csv,policies/clusters/cluster_0/limit_buy_improvement_distribution.csv,policies/clusters/cluster_0/limit_sell_improvement_distribution.csv
BMRN,7,policies/clusters/cluster_7/cluster_policy.csv,policies/clusters/cluster_7/limit_buy_improvement_distribution.csv,policies/clusters/cluster_7/limit_sell_improvement_distribution.csv
BMTC,3,policies/clusters/cluster_3/cluster_policy.csv,policies/clusters/cluster_3/limit_buy_improvement_distribution.csv,policies/clusters/cluster_3/limit_sell_improvement_distribution.csv
BNFT,3,policies/clusters/cluster_3/cluster_policy.csv,policies/clusters/cluster_3/limit_buy_improvement_distribution.csv,policies/clusters/cluster_3/limit_sell_improvement_distribution.csv
BOCH,1,policies/clusters/cluster_1/cluster_policy.csv,policies/clusters/cluster_1/limit_buy_improvement_distribution.csv,policies/clusters/cluster_1/limit_sell_improvement_distribution.csv
BOKF,2,policies/clusters/cluster_2/cluster_policy.csv,policies/clusters/cluster_2/limit_buy_improvement_distribution.csv,policies/clusters/cluster_2/limit_sell_improvement_distribution.csv
BOMN,0,policies/clusters/cluster_0/cluster_policy.csv,policies/clusters/cluster_0/limit_buy_improvement_distribution.csv,policies/clusters/cluster_0/limit_sell_improvement_distribution.csv
BOOM,2,policies/clusters/cluster_2/cluster_policy.csv,policies/clusters/cluster_2/limit_buy_improvement_distribution.csv,policies/clusters/cluster_2/limit_sell_improvement_distribution.csv
BOXL,4,policies/clusters/cluster_4/cluster_policy.csv,policies/clusters/cluster_4/limit_buy_improvement_distribution.csv,policies/clusters/cluster_4/limit_sell_improvement_distribution.csv
BPFH,6,policies/clusters/cluster_6/cluster_policy.csv,policies/clusters/cluster_6/limit_buy_improvement_distribution.csv,policies/clusters/cluster_6/limit_sell_improvement_distribution.csv
BPMC,2,policies/clusters/cluster_2/cluster_policy.csv,policies/clusters/cluster_2/limit_buy_improvement_distribution.csv,policies/clusters/cluster_2/limit_sell_improvement_distribution.csv
BPOP,5,policies/clusters/cluster_5/cluster_policy.csv,policies/clusters/cluster_5/limit_buy_improvement_distribution.csv,policies/clusters/cluster_5/limit_sell_improvement_distribution.csv
BPR,6,policies/clusters/cluster_6/cluster_policy.csv,policies/clusters/cluster_6/limit_buy_improvement_distribution.csv,policies/clusters/cluster_6/limit_sell_improvement_distribution.csv
BREW,3,policies/clusters/cluster_3/cluster_policy.csv,policies/clusters/cluster_3/limit_buy_improvement_distribution.csv,policies/clusters/cluster_3/limit_sell_improvement_distribution.csv
BRKL,6,policies/clusters/cluster_6/cluster_policy.csv,policies/clusters/cluster_6/limit_buy_improvement_distribution.csv,policies/clusters/cluster_6/limit_sell_improvement_distribution.csv
BRKR,5,policies/clusters/cluster_5/cluster_policy.csv,policies/clusters/cluster_5/limit_buy_improvement_distribution.csv,policies/clusters/cluster_5/limit_sell_improvement_distribution.csv
BRKS,5,policies/clusters/cluster_5/cluster_policy.csv,policies/clusters/cluster_5/limit_buy_improvement_distribution.csv,policies/clusters/cluster_5/limit_sell_improvement_distribution.csv
BRY,1,policies/clusters/cluster_1/cluster_policy.csv,policies/clusters/cluster_1/limit_buy_improvement_distribution.csv,policies/clusters/cluster_1/limit_sell_improvement_distribution.csv
BSET,3,policies/clusters/cluster_3/cluster_policy.csv,policies/clusters/cluster_3/limit_buy_improvement_distribution.csv,policies/clusters/cluster_3/limit_sell_improvement_distribution.csv
BSGM,1,policies/clusters/cluster_1/cluster_policy.csv,policies/clusters/cluster_1/limit_buy_improvement_distribution.csv,policies/clusters/cluster_1/limit_sell_improvement_distribution.csv
BSRR,3,policies/clusters/cluster_3/cluster_policy.csv,policies/clusters/cluster_3/limit_buy_improvement_distribution.csv,policies/clusters/cluster_3/limit_sell_improvement_distribution.csv
BUSE,3,policies/clusters/cluster_3/cluster_policy.csv,policies/clusters/cluster_3/limit_buy_improvement_distribution.csv,policies/clusters/cluster_3/limit_sell_improvement_distribution.csv
BWB,3,policies/clusters/cluster_3/cluster_policy.csv,policies/clusters/cluster_3/limit_buy_improvement_distribution.csv,policies/clusters/cluster_3/limit_sell_improvement_distribution.csv
BWEN,4,policies/clusters/cluster_4/cluster_policy.csv,policies/clusters/cluster_4/limit_buy_improvement_distribution.csv,policies/clusters/cluster_4/limit_sell_improvement_distribution.csv
CAAS,4,policies/clusters/cluster_4/cluster_policy.csv,policies/clusters/cluster_4/limit_buy_improvement_distribution.csv,policies/clusters/cluster_4/limit_sell_improvement_distribution.csv
CAC,0,policies/clusters/cluster_0/cluster_policy.csv,policies/clusters/cluster_0/limit_buy_improvement_distribution.csv,policies/clusters/cluster_0/limit_sell_improvement_distribution.csv
CACC,0,policies/clusters/cluster_0/cluster_policy.csv,policies/clusters/cluster_0/limit_buy_improvement_distribution.csv,policies/clusters/cluster_0/limit_sell_improvement_distribution.csv
CAKE,5,policies/clusters/cluster_5/cluster_policy.csv,policies/clusters/cluster_5/limit_buy_improvement_distribution.csv,policies/clusters/cluster_5/limit_sell_improvement_distribution.csv
CALA,4,policies/clusters/cluster_4/cluster_policy.csv,policies/clusters/cluster_4/limit_buy_improvement_distribution.csv,policies/clusters/cluster_4/limit_sell_improvement_distribution.csv
CALM,5,policies/clusters/cluster_5/cluster_policy.csv,policies/clusters/cluster_5/limit_buy_improvement_distribution.csv,policies/clusters/cluster_5/limit_sell_improvement_distribution.csv
CAMP,6,policies/clusters/cluster_6/cluster_policy.csv,policies/clusters/cluster_6/limit_buy_improvement_distribution.csv,policies/clusters/cluster_6/limit_sell_improvement_distribution.csv
CAR,5,policies/clusters/cluster_5/cluster_policy.csv,policies/clusters/cluster_5/limit_buy_improvement_distribution.csv,policies/clusters/cluster_5/limit_sell_improvement_distribution.csv
CARA,3,policies/clusters/cluster_3/cluster_policy.csv,policies/clusters/cluster_3/limit_buy_improvement_distribution.csv,policies/clusters/cluster_3/limit_sell_improvement_distribution.csv
CARG,5,policies/clusters/cluster_5/cluster_policy.csv,policies/clusters/cluster_5/limit_buy_improvement_distribution.csv,policies/clusters/cluster_5/limit_sell_improvement_distribution.csv
CARO,3,policies/clusters/cluster_3/cluster_policy.csv,policies/clusters/cluster_3/limit_buy_improvement_distribution.csv,policies/clusters/cluster_3/limit_sell_improvement_distribution.csv
CASA,4,policies/clusters/cluster_4/cluster_policy.csv,policies/clusters/cluster_4/limit_buy_improvement_distribution.csv,policies/clusters/cluster_4/limit_sell_improvement_distribution.csv
CASH,5,policies/clusters/cluster_5/cluster_policy.csv,policies/clusters/cluster_5/limit_buy_improvement_distribution.csv,policies/clusters/cluster_5/limit_sell_improvement_distribution.csv
CASI,4,policies/clusters/cluster_4/cluster_policy.csv,policies/clusters/cluster_4/limit_buy_improvement_distribution.csv,policies/clusters/cluster_4/limit_sell_improvement_distribution.csv
CASS,0,policies/clusters/cluster_0/cluster_policy.csv,policies/clusters/cluster_0/limit_buy_improvement_distribution.csv,policies/clusters/cluster_0/limit_sell_improvement_distribution.csv
CASY,2,policies/clusters/cluster_2/cluster_policy.csv,policies/clusters/cluster_2/limit_buy_improvement_distribution.csv,policies/clusters/cluster_2/limit_sell_improvement_distribution.csv
CATB,1,policies/clusters/cluster_1/cluster_policy.csv,policies/clusters/cluster_1/limit_buy_improvement_distribution.csv,policies/clusters/cluster_1/limit_sell_improvement_distribution.csv
CATS,1,policies/clusters/cluster_1/cluster_policy.csv,policies/clusters/cluster_1/limit_buy_improvement_distribution.csv,policies/clusters/cluster_1/limit_sell_improvement_distribution.csv
CATY,5,policies/clusters/cluster_5/cluster_policy.csv,policies/clusters/cluster_5/limit_buy_improvement_distribution.csv,policies/clusters/cluster_5/limit_sell_improvement_distribution.csv
CBAY,4,policies/clusters/cluster_4/cluster_policy.csv,policies/clusters/cluster_4/limit_buy_improvement_distribution.csv,policies/clusters/cluster_4/limit_sell_improvement_distribution.csv
CBIO,1,policies/clusters/cluster_1/cluster_policy.csv,policies/clusters/cluster_1/limit_buy_improvement_distribution.csv,policies/clusters/cluster_1/limit_sell_improvement_distribution.csv
CBMG,3,policies/clusters/cluster_3/cluster_policy.csv,policies/clusters/cluster_3/limit_buy_improvement_distribution.csv,policies/clusters/cluster_3/limit_sell_improvement_distribution.csv
CBRL,7,policies/clusters/cluster_7/cluster_policy.csv,policies/clusters/cluster_7/limit_buy_improvement_distribution.csv,policies/clusters/cluster_7/limit_sell_improvement_distribution.csv
CBSH,5,policies/clusters/cluster_5/cluster_policy.csv,policies/clusters/cluster_5/limit_buy_improvement_distribution.csv,policies/clusters/cluster_5/limit_sell_improvement_distribution.csv
CBTX,0,policies/clusters/cluster_0/cluster_policy.csv,policies/clusters/cluster_0/limit_buy_improvement_distribution.csv,policies/clusters/cluster_0/limit_sell_improvement_distribution.csv
CCBG,3,policies/clusters/cluster_3/cluster_policy.csv,policies/clusters/cluster_3/limit_buy_improvement_distribution.csv,policies/clusters/cluster_3/limit_sell_improvement_distribution.csv
CCD,6,policies/clusters/cluster_6/cluster_policy.csv,policies/clusters/cluster_6/limit_buy_improvement_distribution.csv,policies/clusters/cluster_6/limit_sell_improvement_distribution.csv
CCMP,2,policies/clusters/cluster_2/cluster_policy.csv,policies/clusters/cluster_2/limit_buy_improvement_distribution.csv,policies/clusters/cluster_2/limit_sell_improvement_distribution.csv
CCNE,0,policies/clusters/cluster_0/cluster_policy.csv,policies/clusters/cluster_0/limit_buy_improvement_distribution.csv,policies/clusters/cluster_0/limit_sell_improvement_distribution.csv
CCOI,2,policies/clusters/cluster_2/cluster_policy.csv,policies/clusters/cluster_2/limit_buy_improvement_distribution.csv,policies/clusters/cluster_2/limit_sell_improvement_distribution.csv
CCRN,6,policies/clusters/cluster_6/cluster_policy.csv,policies/clusters/cluster_6/limit_buy_improvement_distribution.csv,policies/clusters/cluster_6/limit_sell_improvement_distribution.csv
CCXI,3,policies/clusters/cluster_3/cluster_policy.csv,policies/clusters/cluster_3/limit_buy_improvement_distribution.csv,policies/clusters/cluster_3/limit_sell_improvement_distribution.csv
CDK,5,policies/clusters/cluster_5/cluster_policy.csv,policies/clusters/cluster_5/limit_buy_improvement_distribution.csv,policies/clusters/cluster_5/limit_sell_improvement_distribution.csv
CDLX,2,policies/clusters/cluster_2/cluster_policy.csv,policies/clusters/cluster_2/limit_buy_improvement_distribution.csv,policies/clusters/cluster_2/limit_sell_improvement_distribution.csv
CDMO,4,policies/clusters/cluster_4/cluster_policy.csv,policies/clusters/cluster_4/limit_buy_improvement_distribution.csv,policies/clusters/cluster_4/limit_sell_improvement_distribution.csv
CDNA,3,policies/clusters/cluster_3/cluster_policy.csv,policies/clusters/cluster_3/limit_buy_improvement_distribution.csv,policies/clusters/cluster_3/limit_sell_improvement_distribution.csv
CDNS,7,policies/clusters/cluster_7/cluster_policy.csv,policies/clusters/cluster_7/limit_buy_improvement_distribution.csv,policies/clusters/cluster_7/limit_sell_improvement_distribution.csv
CDTX,4,policies/clusters/cluster_4/cluster_policy.csv,policies/clusters/cluster_4/limit_buy_improvement_distribution.csv,policies/clusters/cluster_4/limit_sell_improvement_distribution.csv
CDW,7,policies/clusters/cluster_7/cluster_policy.csv,policies/clusters/cluster_7/limit_buy_improvement_distribution.csv,policies/clusters/cluster_7/limit_sell_improvement_distribution.csv
CDXC,4,policies/clusters/cluster_4/cluster_policy.csv,policies/clusters/cluster_4/limit_buy_improvement_distribution.csv,policies/clusters/cluster_4/limit_sell_improvement_distribution.csv
CDXS,6,policies/clusters/cluster_6/cluster_policy.csv,policies/clusters/cluster_6/limit_buy_improvement_distribution.csv,policies/clusters/cluster_6/limit_sell_improvement_distribution.csv
CDZI,3,policies/clusters/cluster_3/cluster_policy.csv,policies/clusters/cluster_3/limit_buy_improvement_distribution.csv,policies/clusters/cluster_3/limit_sell_improvement_distribution.csv
CECE,6,policies/clusters/cluster_6/cluster_policy.csv,policies/clusters/cluster_6/limit_buy_improvement_distribution.csv,policies/clusters/cluster_6/limit_sell_improvement_distribution.csv
CEMI,1,policies/clusters/cluster_1/cluster_policy.csv,policies/clusters/cluster_1/limit_buy_improvement_distribution.csv,policies/clusters/cluster_1/limit_sell_improvement_distribution.csv
CENT,3,policies/clusters/cluster_3/cluster_policy.csv,policies/clusters/cluster_3/limit_buy_improvement_distribution.csv,policies/clusters/cluster_3/limit_sell_improvement_distribution.csv
CENTA,5,policies/clusters/cluster_5/cluster_policy.csv,policies/clusters/cluster_5/limit_buy_improvement_distribution.csv,policies/clusters/cluster_5/limit_sell_improvement_distribution.csv
CENX,8,policies/clusters/cluster_8/cluster_policy.csv,policies/clusters/cluster_8/limit_buy_improvement_distribution.csv,policies/clusters/cluster_8/limit_sell_improvement_distribution.csv
CERN,9,policies/clusters/cluster_9/cluster_policy.csv,policies/clusters/cluster_9/limit_buy_improvement_distribution.csv,policies/clusters/cluster_9/limit_sell_improvement_distribution.csv
CERS,8,policies/clusters/cluster_8/cluster_policy.csv,policies/clusters/cluster_8/limit_buy_improvement_distribution.csv,policies/clusters/cluster_8/limit_sell_improvement_distribution.csv
CETV,8,policies/clusters/cluster_8/cluster_policy.csv,policies/clusters/cluster_8/limit_buy_improvement_distribution.csv,policies/clusters/cluster_8/limit_sell_improvement_distribution.csv
CEVA,3,policies/clusters/cluster_3/cluster_policy.csv,policies/clusters/cluster_3/limit_buy_improvement_distribution.csv,policies/clusters/cluster_3/limit_sell_improvement_distribution.csv
CFFN,6,policies/clusters/cluster_6/cluster_policy.csv,policies/clusters/cluster_6/limit_buy_improvement_distribution.csv,policies/clusters/cluster_6/limit_sell_improvement_distribution.csv
CGBD,6,policies/clusters/cluster_6/cluster_policy.csv,policies/clusters/cluster_6/limit_buy_improvement_distribution.csv,policies/clusters/cluster_6/limit_sell_improvement_distribution.csv
CGNX,5,policies/clusters/cluster_5/cluster_policy.csv,policies/clusters/cluster_5/limit_buy_improvement_distribution.csv,policies/clusters/cluster_5/limit_sell_improvement_distribution.csv
CHCO,2,policies/clusters/cluster_2/cluster_policy.csv,policies/clusters/cluster_2/limit_buy_improvement_distribution.csv,policies/clusters/cluster_2/limit_sell_improvement_distribution.csv
CHDN,2,policies/clusters/cluster_2/cluster_policy.csv,policies/clusters/cluster_2/limit_buy_improvement_distribution.csv,policies/clusters/cluster_2/limit_sell_improvement_distribution.csv
CHEF,3,policies/clusters/cluster_3/cluster_policy.csv,policies/clusters/cluster_3/limit_buy_improvement_distribution.csv,policies/clusters/cluster_3/limit_sell_improvement_distribution.csv
CHI,6,policies/clusters/cluster_6/cluster_policy.csv,policies/clusters/cluster_6/limit_buy_improvement_distribution.csv,policies/clusters/cluster_6/limit_sell_improvement_distribution.csv
CHMA,4,policies/clusters/cluster_4/cluster_policy.csv,policies/clusters/cluster_4/limit_buy_improvement_distribution.csv,policies/clusters/cluster_4/limit_sell_improvement_distribution.csv
CHRS,3,policies/clusters/cluster_3/cluster_policy.csv,policies/clusters/cluster_3/limit_buy_improvement_distribution.csv,policies/clusters/cluster_3/limit_sell_improvement_distribution.csv
CHRW,5,policies/clusters/cluster_5/cluster_policy.csv,policies/clusters/cluster_5/limit_buy_improvement_distribution.csv,policies/clusters/cluster_5/limit_sell_improvement_distribution.csv
CHTR,7,policies/clusters/cluster_7/cluster_policy.csv,policies/clusters/cluster_7/limit_buy_improvement_distribution.csv,policies/clusters/cluster_7/limit_sell_improvement_distribution.csv
CHUY,3,policies/clusters/cluster_3/cluster_policy.csv,policies/clusters/cluster_3/limit_buy_improvement_distribution.csv,policies/clusters/cluster_3/limit_sell_improvement_distribution.csv
CHW,6,policies/clusters/cluster_6/cluster_policy.csv,policies/clusters/cluster_6/limit_buy_improvement_distribution.csv,policies/clusters/cluster_6/limit_sell_improvement_distribution.csv
CHY,6,policies/clusters/cluster_6/cluster_policy.csv,policies/clusters/cluster_6/limit_buy_improvement_distribution.csv,policies/clusters/cluster_6/limit_sell_improvement_distribution.csv
CIGI,2,policies/clusters/cluster_2/cluster_policy.csv,policies/clusters/cluster_2/limit_buy_improvement_distribution.csv,policies/clusters/cluster_2/limit_sell_improvement_distribution.csv
CINF,7,policies/clusters/cluster_7/cluster_policy.csv,policies/clusters/cluster_7/limit_buy_improvement_distribution.csv,policies/clusters/cluster_7/limit_sell_improvement_distribution.csv
CIVB,3,policies/clusters/cluster_3/cluster_policy.csv,policies/clusters/cluster_3/limit_buy_improvement_distribution.csv,policies/clusters/cluster_3/limit_sell_improvement_distribution.csv
CJJD,8,policies/clusters/cluster_8/cluster_policy.csv,policies/clusters/cluster_8/limit_buy_improvement_distribution.csv,policies/clusters/cluster_8/limit_sell_improvement_distribution.csv
CKPT,4,policies/clusters/cluster_4/cluster_policy.csv,policies/clusters/cluster_4/limit_buy_improvement_distribution.csv,policies/clusters/cluster_4/limit_sell_improvement_distribution.csv
CLAR,3,policies/clusters/cluster_3/cluster_policy.csv,policies/clusters/cluster_3/limit_buy_improvement_distribution.csv,policies/clusters/cluster_3/limit_sell_improvement_distribution.csv
CLBK,6,policies/clusters/cluster_6/cluster_policy.csv,policies/clusters/cluster_6/limit_buy_improvement_distribution.csv,policies/clusters/cluster_6/limit_sell_improvement_distribution.csv
CLCT,3,policies/clusters/cluster_3/cluster_policy.csv,policies/clusters/cluster_3/limit_buy_improvement_distribution.csv,policies/clusters/cluster_3/limit_sell_improvement_distribution.csv
CLNE,8,policies/clusters/cluster_8/cluster_policy.csv,policies/clusters/cluster_8/limit_buy_improvement_distribution.csv,policies/clusters/cluster_8/limit_sell_improvement_distribution.csv
CLPS,1,policies/clusters/cluster_1/cluster_policy.csv,policies/clusters/cluster_1/limit_buy_improvement_distribution.csv,policies/clusters/cluster_1/limit_sell_improvement_distribution.csv
CLSN,4,policies/clusters/cluster_4/cluster_policy.csv,policies/clusters/cluster_4/limit_buy_improvement_distribution.csv,policies/clusters/cluster_4/limit_sell_improvement_distribution.csv
CLUB,4,policies/clusters/cluster_4/cluster_policy.csv,policies/clusters/cluster_4/limit_buy_improvement_distribution.csv,policies/clusters/cluster_4/limit_sell_improvement_distribution.csv
CLVS,8,policies/clusters/cluster_8/cluster_policy.csv,policies/clusters/cluster_8/limit_buy_improvement_distribution.csv,policies/clusters/cluster_8/limit_sell_improvement_distribution.csv
CLXT,1,policies/clusters/cluster_1/cluster_policy.csv,policies/clusters/cluster_1/limit_buy_improvement_distribution.csv,policies/clusters/cluster_1/limit_sell_improvement_distribution.csv
CMCO,0,policies/clusters/cluster_0/cluster_policy.csv,policies/clusters/cluster_0/limit_buy_improvement_distribution.csv,policies/clusters/cluster_0/limit_sell_improvement_distribution.csv
CMCSA,9,policies/clusters/cluster_9/cluster_policy.csv,policies/clusters/cluster_9/limit_buy_improvement_distribution.csv,policies/clusters/cluster_9/limit_sell_improvement_distribution.csv
CME,7,policies/clusters/cluster_7/cluster_policy.csv,policies/clusters/cluster_7/limit_buy_improvement_distribution.csv,policies/clusters/cluster_7/limit_sell_improvement_distribution.csv
CMRX,4,policies/clusters/cluster_4/cluster_policy.csv,policies/clusters/cluster_4/limit_buy_improvement_distribution.csv,policies/clusters/cluster_4/limit_sell_improvement_distribution.csv
CMTL,3,policies/clusters/cluster_3/cluster_policy.csv,policies/clusters/cluster_3/limit_buy_improvement_distribution.csv,policies/clusters/cluster_3/limit_sell_improvement_distribution.csv
CNCE,1,policies/clusters/cluster_1/cluster_policy.csv,policies/clusters/cluster_1/limit_buy_improvement_distribution.csv,policies/clusters/cluster_1/limit_sell_improvement_distribution.csv
CNET,4,policies/clusters/cluster_4/cluster_policy.csv,policies/clusters/cluster_4/limit_buy_improvement_distribution.csv,policies/clusters/cluster_4/limit_sell_improvement_distribution.csv
CNMD,2,policies/clusters/cluster_2/cluster_policy.csv,policies/clusters/cluster_2/limit_buy_improvement_distribution.csv,policies/clusters/cluster_2/limit_sell_improvement_distribution.csv
CNOB,3,policies/clusters/cluster_3/cluster_policy.csv,policies/clusters/cluster_3/limit_buy_improvement_distribution.csv,policies/clusters/cluster_3/limit_sell_improvement_distribution.csv
CNSL,4,policies/clusters/cluster_4/cluster_policy.csv,policies/clusters/cluster_4/limit_buy_improvement_distribution.csv,policies/clusters/cluster_4/limit_sell_improvement_distribution.csv
CNST,0,policies/clusters/cluster_0/cluster_policy.csv,policies/clusters/cluster_0/limit_buy_improvement_distribution.csv,policies/clusters/cluster_0/limit_sell_improvement_distribution.csv
CNTY,4,policies/clusters/cluster_4/cluster_policy.csv,policies/clusters/cluster_4/limit_buy_improvement_distribution.csv,policies/clusters/cluster_4/limit_sell_improvement_distribution.csv
CNXN,0,policies/clusters/cluster_0/cluster_policy.csv,policies/clusters/cluster_0/limit_buy_improvement_distribution.csv,policies/clusters/cluster_0/limit_sell_improvement_distribution.csv
CODA,1,policies/clusters/cluster_1/cluster_policy.csv,policies/clusters/cluster_1/limit_buy_improvement_distribution.csv,policies/clusters/cluster_1/limit_sell_improvement_distribution.csv
COHR,2,policies/clusters/cluster_2/cluster_policy.csv,policies/clusters/cluster_2/limit_buy_improvement_distribution.csv,policies/clusters/cluster_2/limit_sell_improvement_distribution.csv
COHU,3,policies/clusters/cluster_3/cluster_policy.csv,policies/clusters/cluster_3/limit_buy_improvement_distribution.csv,policies/clusters/cluster_3/limit_sell_improvement_distribution.csv
COKE,0,policies/clusters/cluster_0/cluster_policy.csv,policies/clusters/cluster_0/limit_buy_improvement_distribution.csv,policies/clusters/cluster_0/limit_sell_improvement_distribution.csv
COLB,5,policies/clusters/cluster_5/cluster_policy.csv,policies/clusters/cluster_5/limit_buy_improvement_distribution.csv,policies/clusters/cluster_5/limit_sell_improvement_distribution.csv
COLL,3,policies/clusters/cluster_3/cluster_policy.csv,policies/clusters/cluster_3/limit_buy_improvement_distribution.csv,policies/clusters/cluster_3/limit_sell_improvement_distribution.csv
COLM,2,policies/clusters/cluster_2/cluster_policy.csv,policies/clusters/cluster_2/limit_buy_improvement_distribution.csv,policies/clusters/cluster_2/limit_sell_improvement_distribution.csv
COMM,9,policies/clusters/cluster_9/cluster_policy.csv,policies/clusters/cluster_9/limit_buy_improvement_distribution.csv,policies/clusters/cluster_9/limit_sell_improvement_distribution.csv
CONE,5,policies/clusters/cluster_5/cluster_policy.csv,policies/clusters/cluster_5/limit_buy_improvement_distribution.csv,policies/clusters/cluster_5/limit_sell_improvement_distribution.csv
CONN,5,policies/clusters/cluster_5/cluster_policy.csv,policies/clusters/cluster_5/limit_buy_improvement_distribution.csv,policies/clusters/cluster_5/limit_sell_improvement_distribution.csv
COOP,6,policies/clusters/cluster_6/cluster_policy.csv,policies/clusters/cluster_6/limit_buy_improvement_distribution.csv,policies/clusters/cluster_6/limit_sell_improvement_distribution.csv
CORE,3,policies/clusters/cluster_3/cluster_policy.csv,policies/clusters/cluster_3/limit_buy_improvement_distribution.csv,policies/clusters/cluster_3/limit_sell_improvement_distribution.csv
CORT,6,policies/clusters/cluster_6/cluster_policy.csv,policies/clusters/cluster_6/limit_buy_improvement_distribution.csv,policies/clusters/cluster_6/limit_sell_improvement_distribution.csv
COST,7,policies/clusters/cluster_7/cluster_policy.csv,policies/clusters/cluster_7/limit_buy_improvement_distribution.csv,policies/clusters/cluster_7/limit_sell_improvement_distribution.csv
COUP,7,policies/clusters/cluster_7/cluster_policy.csv,policies/clusters/cluster_7/limit_buy_improvement_distribution.csv,policies/clusters/cluster_7/limit_sell_improvement_distribution.csv
COWN,3,policies/clusters/cluster_3/cluster_policy.csv,policies/clusters/cluster_3/limit_buy_improvement_distribution.csv,policies/clusters/cluster_3/limit_sell_improvement_distribution.csv
CPRT,7,policies/clusters/cluster_7/cluster_policy.csv,policies/clusters/cluster_7/limit_buy_improvement_distribution.csv,policies/clusters/cluster_7/limit_sell_improvement_distribution.csv
CPRX,8,policies/clusters/cluster_8/cluster_policy.csv,policies/clusters/cluster_8/limit_buy_improvement_distribution.csv,policies/clusters/cluster_8/limit_sell_improvement_distribution.csv
CPSI,3,policies/clusters/cluster_3/cluster_policy.csv,policies/clusters/cluster_3/limit_buy_improvement_distribution.csv,policies/clusters/cluster_3/limit_sell_improvement_distribution.csv
CPSS,4,policies/clusters/cluster_4/cluster_policy.csv,policies/clusters/cluster_4/limit_buy_improvement_distribution.csv,policies/clusters/cluster_4/limit_sell_improvement_distribution.csv
CPTA,6,policies/clusters/cluster_6/cluster_policy.csv,policies/clusters/cluster_6/limit_buy_improvement_distribution.csv,policies/clusters/cluster_6/limit_sell_improvement_distribution.csv
CRAI,0,policies/clusters/cluster_0/cluster_policy.csv,policies/clusters/cluster_0/limit_buy_improvement_distribution.csv,policies/clusters/cluster_0/limit_sell_improvement_distribution.csv
CRBP,4,policies/clusters/cluster_4/cluster_policy.csv,policies/clusters/cluster_4/limit_buy_improvement_distribution.csv,policies/clusters/cluster_4/limit_sell_improvement_distribution.csv
CREE,5,policies/clusters/cluster_5/cluster_policy.csv,policies/clusters/cluster_5/limit_buy_improvement_distribution.csv,policies/clusters/cluster_5/limit_sell_improvement_distribution.csv
CRMT,2,policies/clusters/cluster_2/cluster_policy.csv,policies/clusters/cluster_2/limit_buy_improvement_distribution.csv,policies/clusters/cluster_2/limit_sell_improvement_distribution.csv
CRON,8,policies/clusters/cluster_8/cluster_policy.csv,policies/clusters/cluster_8/limit_buy_improvement_distribution.csv,policies/clusters/cluster_8/limit_sell_improvement_distribution.csv
CROX,5,policies/clusters/cluster_5/cluster_policy.csv,policies/clusters/cluster_5/limit_buy_improvement_distribution.csv,policies/clusters/cluster_5/limit_sell_improvement_distribution.csv
CRSP,2,policies/clusters/cluster_2/cluster_policy.csv,policies/clusters/cluster_2/limit_buy_improvement_distribution.csv,policies/clusters/cluster_2/limit_sell_improvement_distribution.csv
CRUS,5,policies/clusters/cluster_5/cluster_policy.csv,policies/clusters/cluster_5/limit_buy_improvement_distribution.csv,policies/clusters/cluster_5/limit_sell_improvement_distribution.csv
CRVL,0,policies/clusters/cluster_0/cluster_policy.csv,policies/clusters/cluster_0/limit_buy_improvement_distribution.csv,policies/clusters/cluster_0/limit_sell_improvement_distribution.csv
CRVS,1,policies/clusters/cluster_1/cluster_policy.csv,policies/clusters/cluster_1/limit_buy_improvement_distribution.csv,policies/clusters/cluster_1/limit_sell_improvement_distribution.csv
CSBR,1,policies/clusters/cluster_1/cluster_policy.csv,policies/clusters/cluster_1/limit_buy_improvement_distribution.csv,policies/clusters/cluster_1/limit_sell_improvement_distribution.csv
CSCO,9,policies/clusters/cluster_9/cluster_policy.csv,policies/clusters/cluster_9/limit_buy_improvement_distribution.csv,policies/clusters/cluster_9/limit_sell_improvement_distribution.csv
CSFL,5,policies/clusters/cluster_5/cluster_policy.csv,policies/clusters/cluster_5/limit_buy_improvement_distribution.csv,policies/clusters/cluster_5/limit_sell_improvement_distribution.csv
CSGP,2,policies/clusters/cluster_2/cluster_policy.csv,policies/clusters/cluster_2/limit_buy_improvement_distribution.csv,policies/clusters/cluster_2/limit_sell_improvement_distribution.csv
CSGS,5,policies/clusters/cluster_5/cluster_policy.csv,policies/clusters/cluster_5/limit_buy_improvement_distribution.csv,policies/clusters/cluster_5/limit_sell_improvement_distribution.csv
CSII,2,policies/clusters/cluster_2/cluster_policy.csv,policies/clusters/cluster_2/limit_buy_improvement_distribution.csv,policies/clusters/cluster_2/limit_sell_improvement_distribution.csv
CSIQ,5,policies/clusters/cluster_5/cluster_policy.csv,policies/clusters/cluster_5/limit_buy_improvement_distribution.csv,policies/clusters/cluster_5/limit_sell_improvement_distribution.csv
CSOD,5,policies/clusters/cluster_5/cluster_policy.csv,policies/clusters/cluster_5/limit_buy_improvement_distribution.csv,policies/clusters/cluster_5/limit_sell_improvement_distribution.csv
CSQ,6,policies/clusters/cluster_6/cluster_policy.csv,policies/clusters/cluster_6/limit_buy_improvement_distribution.csv,policies/clusters/cluster_6/limit_sell_improvement_distribution.csv
CSTR,1,policies/clusters/cluster_1/cluster_policy.csv,policies/clusters/cluster_1/limit_buy_improvement_distribution.csv,policies/clusters/cluster_1/limit_sell_improvement_distribution.csv
CSWC,3,policies/clusters/cluster_3/cluster_policy.csv,policies/clusters/cluster_3/limit_buy_improvement_distribution.csv,policies/clusters/cluster_3/limit_sell_improvement_distribution.csv
CSWI,0,policies/clusters/cluster_0/cluster_policy.csv,policies/clusters/cluster_0/limit_buy_improvement_distribution.csv,policies/clusters/cluster_0/limit_sell_improvement_distribution.csv
CSX,9,policies/clusters/cluster_9/cluster_policy.csv,policies/clusters/cluster_9/limit_buy_improvement_distribution.csv,policies/clusters/cluster_9/limit_sell_improvement_distribution.csv
CTAS,7,policies/clusters/cluster_7/cluster_policy.csv,policies/clusters/cluster_7/limit_buy_improvement_distribution.csv,policies/clusters/cluster_7/limit_sell_improvement_distribution.csv
CTBI,2,policies/clusters/cluster_2/cluster_policy.csv,policies/clusters/cluster_2/limit_buy_improvement_distribution.csv,policies/clusters/cluster_2/limit_sell_improvement_distribution.csv
CTG,3,policies/clusters/cluster_3/cluster_policy.csv,policies/clusters/cluster_3/limit_buy_improvement_distribution.csv,policies/clusters/cluster_3/limit_sell_improvement_distribution.csv
CTMX,1,policies/clusters/cluster_1/cluster_policy.csv,policies/clusters/cluster_1/limit_buy_improvement_distribution.csv,policies/clusters/cluster_1/limit_sell_improvement_distribution.csv
CTRC,1,policies/clusters/cluster_1/cluster_policy.csv,policies/clusters/cluster_1/limit_buy_improvement_distribution.csv,policies/clusters/cluster_1/limit_sell_improvement_distribution.csv
CTRE,6,policies/clusters/cluster_6/cluster_policy.csv,policies/clusters/cluster_6/limit_buy_improvement_distribution.csv,policies/clusters/cluster_6/limit_sell_improvement_distribution.csv
CTRN,3,policies/clusters/cluster_3/cluster_policy.csv,policies/clusters/cluster_3/limit_buy_improvement_distribution.csv,policies/clusters/cluster_3/limit_sell_improvement_distribution.csv
CTSH,9,policies/clusters/cluster_9/cluster_policy.csv,policies/clusters/cluster_9/limit_buy_improvement_distribution.csv,policies/clusters/cluster_9/limit_sell_improvement_distribution.csv
CTSO,1,policies/clusters/cluster_1/cluster_policy.csv,policies/clusters/cluster_1/limit_buy_improvement_distribution.csv,policies/clusters/cluster_1/limit_sell_improvement_distribution.csv
CTXS,7,policies/clusters/cluster_7/cluster_policy.csv,policies/clusters/cluster_7/limit_buy_improvement_distribution.csv,policies/clusters/cluster_7/limit_sell_improvement_distribution.csv
CUE,1,policies/clusters/cluster_1/cluster_policy.csv,policies/clusters/cluster_1/limit_buy_improvement_distribution.csv,policies/clusters/cluster_1/limit_sell_improvement_distribution.csv
CUTR,3,policies/clusters/cluster_3/cluster_policy.csv,policies/clusters/cluster_3/limit_buy_improvement_distribution.csv,policies/clusters/cluster_3/limit_sell_improvement_distribution.csv
CVBF,6,policies/clusters/cluster_6/cluster_policy.csv,policies/clusters/cluster_6/limit_buy_improvement_distribution.csv,policies/clusters/cluster_6/limit_sell_improvement_distribution.csv
CVCO,0,policies/clusters/cluster_0/cluster_policy.csv,policies/clusters/cluster_0/limit_buy_improvement_distribution.csv,policies/clusters/cluster_0/limit_sell_improvement_distribution.csv
CVGI,6,policies/clusters/cluster_6/cluster_policy.csv,policies/clusters/cluster_6/limit_buy_improvement_distribution.csv,policies/clusters/cluster_6/limit_sell_improvement_distribution.csv
CVGW,2,policies/clusters/cluster_2/cluster_policy.csv,policies/clusters/cluster_2/limit_buy_improvement_distribution.csv,policies/clusters/cluster_2/limit_sell_improvement_distribution.csv
CVLT,5,policies/clusters/cluster_5/cluster_policy.csv,policies/clusters/cluster_5/limit_buy_improvement_distribution.csv,policies/clusters/cluster_5/limit_sell_improvement_distribution.csv
CVTI,3,policies/clusters/cluster_3/cluster_policy.csv,policies/clusters/cluster_3/limit_buy_improvement_distribution.csv,policies/clusters/cluster_3/limit_sell_improvement_distribution.csv
CWST,5,policies/clusters/cluster_5/cluster_policy.csv,policies/clusters/cluster_5/limit_buy_improvement_distribution.csv,policies/clusters/cluster_5/limit_sell_improvement_distribution.csv
CY,8,policies/clusters/cluster_8/cluster_policy.csv,policies/clusters/cluster_8/limit_buy_improvement_distribution.csv,policies/clusters/cluster_8/limit_sell_improvement_distribution.csv
CYBE,3,policies/clusters/cluster_3/cluster_policy.csv,policies/clusters/cluster_3/limit_buy_improvement_distribution.csv,policies/clusters/cluster_3/limit_sell_improvement_distribution.csv
CYRX,3,policies/clusters/cluster_3/cluster_policy.csv,policies/clusters/cluster_3/limit_buy_improvement_distribution.csv,policies/clusters/cluster_3/limit_sell_improvement_distribution.csv
CYTK,1,policies/clusters/cluster_1/cluster_policy.csv,policies/clusters/cluster_1/limit_buy_improvement_distribution.csv,policies/clusters/cluster_1/limit_sell_improvement_distribution.csv
CZR,8,policies/clusters/cluster_8/cluster_policy.csv,policies/clusters/cluster_8/limit_buy_improvement_distribution.csv,policies/clusters/cluster_8/limit_sell_improvement_distribution.csv
DAIO,1,policies/clusters/cluster_1/cluster_policy.csv,policies/clusters/cluster_1/limit_buy_improvement_distribution.csv,policies/clusters/cluster_1/limit_sell_improvement_distribution.csv
DAKT,6,policies/clusters/cluster_6/cluster_policy.csv,policies/clusters/cluster_6/limit_buy_improvement_distribution.csv,policies/clusters/cluster_6/limit_sell_improvement_distribution.csv
DBX,9,policies/clusters/cluster_9/cluster_policy.csv,policies/clusters/cluster_9/limit_buy_improvement_distribution.csv,policies/clusters/cluster_9/limit_sell_improvement_distribution.csv
DCOM,3,policies/clusters/cluster_3/cluster_policy.csv,policies/clusters/cluster_3/limit_buy_improvement_distribution.csv,policies/clusters/cluster_3/limit_sell_improvement_distribution.csv
DCPH,0,policies/clusters/cluster_0/cluster_policy.csv,policies/clusters/cluster_0/limit_buy_improvement_distribution.csv,policies/clusters/cluster_0/limit_sell_improvement_distribution.csv
DENN,5,policies/clusters/cluster_5/cluster_policy.csv,policies/clusters/cluster_5/limit_buy_improvement_distribution.csv,policies/clusters/cluster_5/limit_sell_improvement_distribution.csv
DERM,3,policies/clusters/cluster_3/cluster_policy.csv,policies/clusters/cluster_3/limit_buy_improvement_distribution.csv,policies/clusters/cluster_3/limit_sell_improvement_distribution.csv
DGICA,3,policies/clusters/cluster_3/cluster_policy.csv,policies/clusters/cluster_3/limit_buy_improvement_distribution.csv,policies/clusters/cluster_3/limit_sell_improvement_distribution.csv
DGII,3,policies/clusters/cluster_3/cluster_policy.csv,policies/clusters/cluster_3/limit_buy_improvement_distribution.csv,policies/clusters/cluster_3/limit_sell_improvement_distribution.csv
DHIL,0,policies/clusters/cluster_0/cluster_policy.csv,policies/clusters/cluster_0/limit_buy_improvement_distribution.csv,policies/clusters/cluster_0/limit_sell_improvement_distribution.csv
DIOD,5,policies/clusters/cluster_5/cluster_policy.csv,policies/clusters/cluster_5/limit_buy_improvement_distribution.csv,policies/clusters/cluster_5/limit_sell_improvement_distribution.csv
DISCA,9,policies/clusters/cluster_9/cluster_policy.csv,policies/clusters/cluster_9/limit_buy_improvement_distribution.csv,policies/clusters/cluster_9/limit_sell_improvement_distribution.csv
DISCK,9,policies/clusters/cluster_9/cluster_policy.csv,policies/clusters/cluster_9/limit_buy_improvement_distribution.csv,policies/clusters/cluster_9/limit_sell_improvement_distribution.csv
DISH,9,policies/clusters/cluster_9/cluster_policy.csv,policies/clusters/cluster_9/limit_buy_improvement_distribution.csv,policies/clusters/cluster_9/limit_sell_improvement_distribution.csv
DLTH,3,policies/clusters/cluster_3/cluster_policy.csv,policies/clusters/cluster_3/limit_buy_improvement_distribution.csv,policies/clusters/cluster_3/limit_sell_improvement_distribution.csv
DLTR,7,policies/clusters/cluster_7/cluster_policy.csv,policies/clusters/cluster_7/limit_buy_improvement_distribution.csv,policies/clusters/cluster_7/limit_sell_improvement_distribution.csv
DMAC,1,policies/clusters/cluster_1/cluster_policy.csv,policies/clusters/cluster_1/limit_buy_improvement_distribution.csv,policies/clusters/cluster_1/limit_sell_improvement_distribution.csv
DMRC,0,policies/clusters/cluster_0/cluster_policy.csv,policies/clusters/cluster_0/limit_buy_improvement_distribution.csv,policies/clusters/cluster_0/limit_sell_improvement_distribution.csv
DNKN,5,policies/clusters/cluster_5/cluster_policy.csv,policies/clusters/cluster_5/limit_buy_improvement_distribution.csv,policies/clusters/cluster_5/limit_sell_improvement_distribution.csv
DNLI,3,policies/clusters/cluster_3/cluster_policy.csv,policies/clusters/cluster_3/limit_buy_improvement_distribution.csv,policies/clusters/cluster_3/limit_sell_improvement_distribution.csv
DOCU,5,policies/clusters/cluster_5/cluster_policy.csv,policies/clusters/cluster_5/limit_buy_improvement_distribution.csv,policies/clusters/cluster_5/limit_sell_improvement_distribution.csv
DOMO,3,policies/clusters/cluster_3/cluster_policy.csv,policies/clusters/cluster_3/limit_buy_improvement_distribution.csv,policies/clusters/cluster_3/limit_sell_improvement_distribution.csv
DOOO,5,policies/clusters/cluster_5/cluster_policy.csv,policies/clusters/cluster_5/limit_buy_improvement_distribution.csv,policies/clusters/cluster_5/limit_sell_improvement_distribution.csv
DORM,2,policies/clusters/cluster_2/cluster_policy.csv,policies/clusters/cluster_2/limit_buy_improvement_distribution.csv,policies/clusters/cluster_2/limit_sell_improvement_distribution.csv
DRNA,3,policies/clusters/cluster_3/cluster_policy.csv,policies/clusters/cluster_3/limit_buy_improvement_distribution.csv,policies/clusters/cluster_3/limit_sell_improvement_distribution.csv
DSGX,5,policies/clusters/cluster_5/cluster_policy.csv,policies/clusters/cluster_5/limit_buy_improvement_distribution.csv,policies/clusters/cluster_5/limit_sell_improvement_distribution.csv
DSKE,4,policies/clusters/cluster_4/cluster_policy.csv,policies/clusters/cluster_4/limit_buy_improvement_distribution.csv,policies/clusters/cluster_4/limit_sell_improvement_distribution.csv
DSPG,3,policies/clusters/cluster_3/cluster_policy.csv,policies/clusters/cluster_3/limit_buy_improvement_distribution.csv,policies/clusters/cluster_3/limit_sell_improvement_distribution.csv
DTEA,4,policies/clusters/cluster_4/cluster_policy.csv,policies/clusters/cluster_4/limit_buy_improvement_distribution.csv,policies/clusters/cluster_4/limit_sell_improvement_distribution.csv
DVAX,4,policies/clusters/cluster_4/cluster_policy.csv,policies/clusters/cluster_4/limit_buy_improvement_distribution.csv,policies/clusters/cluster_4/limit_sell_improvement_distribution.csv
DWSN,4,policies/clusters/cluster_4/cluster_policy.csv,policies/clusters/cluster_4/limit_buy_improvement_distribution.csv,policies/clusters/cluster_4/limit_sell_improvement_distribution.csv
DXCM,7,policies/clusters/cluster_7/cluster_policy.csv,policies/clusters/cluster_7/limit_buy_improvement_distribution.csv,policies/clusters/cluster_7/limit_sell_improvement_distribution.csv
DXLG,4,policies/clusters/cluster_4/cluster_policy.csv,policies/clusters/cluster_4/limit_buy_improvement_distribution.csv,policies/clusters/cluster_4/limit_sell_improvement_distribution.csv
DXPE,0,policies/clusters/cluster_0/cluster_policy.csv,policies/clusters/cluster_0/limit_buy_improvement_distribution.csv,policies/clusters/cluster_0/limit_sell_improvement_distribution.csv
EA,7,policies/clusters/cluster_7/cluster_policy.csv,policies/clusters/cluster_7/limit_buy_improvement_distribution.csv,policies/clusters/cluster_7/limit_sell_improvement_distribution.csv
EBAY,9,policies/clusters/cluster_9/cluster_policy.csv,policies/clusters/cluster_9/limit_buy_improvement_distribution.csv,policies/clusters/cluster_9/limit_sell_improvement_distribution.csv
EBIX,3,policies/clusters/cluster_3/cluster_policy.csv,policies/clusters/cluster_3/limit_buy_improvement_distribution.csv,policies/clusters/cluster_3/limit_sell_improvement_distribution.csv
EBSB,3,policies/clusters/cluster_3/cluster_policy.csv,policies/clusters/cluster_3/limit_buy_improvement_distribution.csv,policies/clusters/cluster_3/limit_sell_improvement_distribution.csv
EBTC,0,policies/clusters/cluster_0/cluster_policy.csv,policies/clusters/cluster_0/limit_buy_improvement_distribution.csv,policies/clusters/cluster_0/limit_sell_improvement_distribution.csv
ECHO,3,policies/clusters/cluster_3/cluster_policy.csv,policies/clusters/cluster_3/limit_buy_improvement_distribution.csv,policies/clusters/cluster_3/limit_sell_improvement_distribution.csv
ECOL,2,policies/clusters/cluster_2/cluster_policy.csv,policies/clusters/cluster_2/limit_buy_improvement_distribution.csv,policies/clusters/cluster_2/limit_sell_improvement_distribution.csv
ECOR,4,policies/clusters/cluster_4/cluster_policy.csv,policies/clusters/cluster_4/limit_buy_improvement_distribution.csv,policies/clusters/cluster_4/limit_sell_improvement_distribution.csv
ECPG,3,policies/clusters/cluster_3/cluster_policy.csv,policies/clusters/cluster_3/limit_buy_improvement_distribution.csv,policies/clusters/cluster_3/limit_sell_improvement_distribution.csv
EDIT,5,policies/clusters/cluster_5/cluster_policy.csv,policies/clusters/cluster_5/limit_buy_improvement_distribution.csv,policies/clusters/cluster_5/limit_sell_improvement_distribution.csv
EEFT,2,policies/clusters/cluster_2/cluster_policy.csv,policies/clusters/cluster_2/limit_buy_improvement_distribution.csv,policies/clusters/cluster_2/limit_sell_improvement_distribution.csv
EFSC,3,policies/clusters/cluster_3/cluster_policy.csv,policies/clusters/cluster_3/limit_buy_improvement_distribution.csv,policies/clusters/cluster_3/limit_sell_improvement_distribution.csv
EGAN,3,policies/clusters/cluster_3/cluster_policy.csv,policies/clusters/cluster_3/limit_buy_improvement_distribution.csv,policies/clusters/cluster_3/limit_sell_improvement_distribution.csv
EGBN,2,policies/clusters/cluster_2/cluster_policy.csv,policies/clusters/cluster_2/limit_buy_improvement_distribution.csv,policies/clusters/cluster_2/limit_sell_improvement_distribution.csv
EGLE,4,policies/clusters/cluster_4/cluster_policy.csv,policies/clusters/cluster_4/limit_buy_improvement_distribution.csv,policies/clusters/cluster_4/limit_sell_improvement_distribution.csv
EGOV,6,policies/clusters/cluster_6/cluster_policy.csv,policies/clusters/cluster_6/limit_buy_improvement_distribution.csv,policies/clusters/cluster_6/limit_sell_improvement_distribution.csv
EGRX,0,policies/clusters/cluster_0/cluster_policy.csv,policies/clusters/cluster_0/limit_buy_improvement_distribution.csv,policies/clusters/cluster_0/limit_sell_improvement_distribution.csv
EHTH,2,policies/clusters/cluster_2/cluster_policy.csv,policies/clusters/cluster_2/limit_buy_improvement_distribution.csv,policies/clusters/cluster_2/limit_sell_improvement_distribution.csv
EIDX,0,policies/clusters/cluster_0/cluster_policy.csv,policies/clusters/cluster_0/limit_buy_improvement_distribution.csv,policies/clusters/cluster_0/limit_sell_improvement_distribution.csv
EIGI,4,policies/clusters/cluster_4/cluster_policy.csv,policies/clusters/cluster_4/limit_buy_improvement_distribution.csv,policies/clusters/cluster_4/limit_sell_improvement_distribution.csv
EIGR,3,policies/clusters/cluster_3/cluster_policy.csv,policies/clusters/cluster_3/limit_buy_improvement_distribution.csv,policies/clusters/cluster_3/limit_sell_improvement_distribution.csv
ELOX,1,policies/clusters/cluster_1/cluster_policy.csv,policies/clusters/cluster_1/limit_buy_improvement_distribution.csv,policies/clusters/cluster_1/limit_sell_improvement_distribution.csv
EMKR,6,policies/clusters/cluster_6/cluster_policy.csv,policies/clusters/cluster_6/limit_buy_improvement_distribution.csv,policies/clusters/cluster_6/limit_sell_improvement_distribution.csv
EML,0,policies/clusters/cluster_0/cluster_policy.csv,policies/clusters/cluster_0/limit_buy_improvement_distribution.csv,policies/clusters/cluster_0/limit_sell_improvement_distribution.csv
ENOB,1,policies/clusters/cluster_1/cluster_policy.csv,policies/clusters/cluster_1/limit_buy_improvement_distribution.csv,policies/clusters/cluster_1/limit_sell_improvement_distribution.csv
ENPH,5,policies/clusters/cluster_5/cluster_policy.csv,policies/clusters/cluster_5/limit_buy_improvement_distribution.csv,policies/clusters/cluster_5/limit_sell_improvement_distribution.csv
ENSG,2,policies/clusters/cluster_2/cluster_policy.csv,policies/clusters/cluster_2/limit_buy_improvement_distribution.csv,policies/clusters/cluster_2/limit_sell_improvement_distribution.csv
ENTA,0,policies/clusters/cluster_0/cluster_policy.csv,policies/clusters/cluster_0/limit_buy_improvement_distribution.csv,policies/clusters/cluster_0/limit_sell_improvement_distribution.csv
ENTG,5,policies/clusters/cluster_5/cluster_policy.csv,policies/clusters/cluster_5/limit_buy_improvement_distribution.csv,policies/clusters/cluster_5/limit_sell_improvement_distribution.csv
EOLS,1,policies/clusters/cluster_1/cluster_policy.csv,policies/clusters/cluster_1/limit_buy_improvement_distribution.csv,policies/clusters/cluster_1/limit_sell_improvement_distribution.csv
EPAY,2,policies/clusters/cluster_2/cluster_policy.csv,policies/clusters/cluster_2/limit_buy_improvement_distribution.csv,policies/clusters/cluster_2/limit_sell_improvement_distribution.csv
EPZM,3,policies/clusters/cluster_3/cluster_policy.csv,policies/clusters/cluster_3/limit_buy_improvement_distribution.csv,policies/clusters/cluster_3/limit_sell_improvement_distribution.csv
EQ,1,policies/clusters/cluster_1/cluster_policy.csv,policies/clusters/cluster_1/limit_buy_improvement_distribution.csv,policies/clusters/cluster_1/limit_sell_improvement_distribution.csv
EQBK,3,policies/clusters/cluster_3/cluster_policy.csv,policies/clusters/cluster_3/limit_buy_improvement_distribution.csv,policies/clusters/cluster_3/limit_sell_improvement_distribution.csv
EQIX,7,policies/clusters/cluster_7/cluster_policy.csv,policies/clusters/cluster_7/limit_buy_improvement_distribution.csv,policies/clusters/cluster_7/limit_sell_improvement_distribution.csv
ERI,5,policies/clusters/cluster_5/cluster_policy.csv,policies/clusters/cluster_5/limit_buy_improvement_distribution.csv,policies/clusters/cluster_5/limit_sell_improvement_distribution.csv
ERIE,2,policies/clusters/cluster_2/cluster_policy.csv,policies/clusters/cluster_2/limit_buy_improvement_distribution.csv,policies/clusters/cluster_2/limit_sell_improvement_distribution.csv
ERII,6,policies/clusters/cluster_6/cluster_policy.csv,policies/clusters/cluster_6/limit_buy_improvement_distribution.csv,policies/clusters/cluster_6/limit_sell_improvement_distribution.csv
ESPR,2,policies/clusters/cluster_2/cluster_policy.csv,policies/clusters/cluster_2/limit_buy_improvement_distribution.csv,policies/clusters/cluster_2/limit_sell_improvement_distribution.csv
ESQ,0,policies/clusters/cluster_0/cluster_policy.csv,policies/clusters/cluster_0/limit_buy_improvement_distribution.csv,policies/clusters/cluster_0/limit_sell_improvement_distribution.csv
ESTA,0,policies/clusters/cluster_0/cluster_policy.csv,policies/clusters/cluster_0/limit_buy_improvement_distribution.csv,policies/clusters/cluster_0/limit_sell_improvement_distribution.csv
ESXB,6,policies/clusters/cluster_6/cluster_policy.csv,policies/clusters/cluster_6/limit_buy_improvement_distribution.csv,policies/clusters/cluster_6/limit_sell_improvement_distribution.csv
ETFC,9,policies/clusters/cluster_9/cluster_policy.csv,policies/clusters/cluster_9/limit_buy_improvement_distribution.csv,policies/clusters/cluster_9/limit_sell_improvement_distribution.csv
ETON,1,policies/clusters/cluster_1/cluster_policy.csv,policies/clusters/cluster_1/limit_buy_improvement_distribution.csv,policies/clusters/cluster_1/limit_sell_improvement_distribution.csv
ETSY,5,policies/clusters/cluster_5/cluster_policy.csv,policies/clusters/cluster_5/limit_buy_improvement_distribution.csv,policies/clusters/cluster_5/limit_sell_improvement_distribution.csv
EVBG,2,policies/clusters/cluster_2/cluster_policy.csv,policies/clusters/cluster_2/limit_buy_improvement_distribution.csv,policies/clusters/cluster_2/limit_sell_improvement_distribution.csv
EVER,1,policies/clusters/cluster_1/cluster_policy.csv,policies/clusters/cluster_1/limit_buy_improvement_distribution.csv,policies/clusters/cluster_1/limit_sell_improvement_distribution.csv
EVFM,1,policies/clusters/cluster_1/cluster_policy.csv,policies/clusters/cluster_1/limit_buy_improvement_distribution.csv,policies/clusters/cluster_1/limit_sell_improvement_distribution.csv
EVLO,1,policies/clusters/cluster_1/cluster_policy.csv,policies/clusters/cluster_1/limit_buy_improvement_distribution.csv,policies/clusters/cluster_1/limit_sell_improvement_distribution.csv
EVOP,3,policies/clusters/cluster_3/cluster_policy.csv,policies/clusters/cluster_3/limit_buy_improvement_distribution.csv,policies/clusters/cluster_3/limit_sell_improvement_distribution.csv
EWBC,5,policies/clusters/cluster_5/cluster_policy.csv,policies/clusters/cluster_5/limit_buy_improvement_distribution.csv,policies/clusters/cluster_5/limit_sell_improvement_distribution.csv
EXAS,2,policies/clusters/cluster_2/cluster_policy.csv,policies/clusters/cluster_2/limit_buy_improvement_distribution.csv,policies/clusters/cluster_2/limit_sell_improvement_distribution.csv
EXEL,9,policies/clusters/cluster_9/cluster_policy.csv,policies/clusters/cluster_9/limit_buy_improvement_distribution.csv,policies/clusters/cluster_9/limit_sell_improvement_distribution.csv
EXLS,2,policies/clusters/cluster_2/cluster_policy.csv,policies/clusters/cluster_2/limit_buy_improvement_distribution.csv,policies/clusters/cluster_2/limit_sell_improvement_distribution.csv
EXPD,7,policies/clusters/cluster_7/cluster_policy.csv,policies/clusters/cluster_7/limit_buy_improvement_distribution.csv,policies/clusters/cluster_7/limit_sell_improvement_distribution.csv
EXPI,3,policies/clusters/cluster_3/cluster_policy.csv,policies/clusters/cluster_3/limit_buy_improvement_distribution.csv,policies/clusters/cluster_3/limit_sell_improvement_distribution.csv
EXPO,2,policies/clusters/cluster_2/cluster_policy.csv,policies/clusters/cluster_2/limit_buy_improvement_distribution.csv,policies/clusters/cluster_2/limit_sell_improvement_distribution.csv
EXTR,8,policies/clusters/cluster_8/cluster_policy.csv,policies/clusters/cluster_8/limit_buy_improvement_distribution.csv,policies/clusters/cluster_8/limit_sell_improvement_distribution.csv
EYE,5,policies/clusters/cluster_5/cluster_policy.csv,policies/clusters/cluster_5/limit_buy_improvement_distribution.csv,policies/clusters/cluster_5/limit_sell_improvement_distribution.csv
EYEN,4,policies/clusters/cluster_4/cluster_policy.csv,policies/clusters/cluster_4/limit_buy_improvement_distribution.csv,policies/clusters/cluster_4/limit_sell_improvement_distribution.csv
EYPT,4,policies/clusters/cluster_4/cluster_policy.csv,policies/clusters/cluster_4/limit_buy_improvement_distribution.csv,policies/clusters/cluster_4/limit_sell_improvement_distribution.csv
FANG,7,policies/clusters/cluster_7/cluster_policy.csv,policies/clusters/cluster_7/limit_buy_improvement_distribution.csv,policies/clusters/cluster_7/limit_sell_improvement_distribution.csv
FARM,1,policies/clusters/cluster_1/cluster_policy.csv,policies/clusters/cluster_1/limit_buy_improvement_distribution.csv,policies/clusters/cluster_1/limit_sell_improvement_distribution.csv
FARO,0,policies/clusters/cluster_0/cluster_policy.csv,policies/clusters/cluster_0/limit_buy_improvement_distribution.csv,policies/clusters/cluster_0/limit_sell_improvement_distribution.csv
FAST,9,policies/clusters/cluster_9/cluster_policy.csv,policies/clusters/cluster_9/limit_buy_improvement_distribution.csv,policies/clusters/cluster_9/limit_sell_improvement_distribution.csv
FATE,3,policies/clusters/cluster_3/cluster_policy.csv,policies/clusters/cluster_3/limit_buy_improvement_distribution.csv,policies/clusters/cluster_3/limit_sell_improvement_distribution.csv
FB,9,policies/clusters/cluster_9/cluster_policy.csv,policies/clusters/cluster_9/limit_buy_improvement_distribution.csv,policies/clusters/cluster_9/limit_sell_improvement_distribution.csv
FBIO,4,policies/clusters/cluster_4/cluster_policy.csv,policies/clusters/cluster_4/limit_buy_improvement_distribution.csv,policies/clusters/cluster_4/limit_sell_improvement_distribution.csv
FBMS,0,policies/clusters/cluster_0/cluster_policy.csv,policies/clusters/cluster_0/limit_buy_improvement_distribution.csv,policies/clusters/cluster_0/limit_sell_improvement_distribution.csv
FBNC,3,policies/clusters/cluster_3/cluster_policy.csv,policies/clusters/cluster_3/limit_buy_improvement_distribution.csv,policies/clusters/cluster_3/limit_sell_improvement_distribution.csv
FCBC,3,policies/clusters/cluster_3/cluster_policy.csv,policies/clusters/cluster_3/limit_buy_improvement_distribution.csv,policies/clusters/cluster_3/limit_sell_improvement_distribution.csv
FCFS,2,policies/clusters/cluster_2/cluster_policy.csv,policies/clusters/cluster_2/limit_buy_improvement_distribution.csv,policies/clusters/cluster_2/limit_sell_improvement_distribution.csv
FCNCA,0,policies/clusters/cluster_0/cluster_policy.csv,policies/clusters/cluster_0/limit_buy_improvement_distribution.csv,policies/clusters/cluster_0/limit_sell_improvement_distribution.csv
FDEF,3,policies/clusters/cluster_3/cluster_policy.csv,policies/clusters/cluster_3/limit_buy_improvement_distribution.csv,policies/clusters/cluster_3/limit_sell_improvement_distribution.csv
FDUS,6,policies/clusters/cluster_6/cluster_policy.csv,policies/clusters/cluster_6/limit_buy_improvement_distribution.csv,policies/clusters/cluster_6/limit_sell_improvement_distribution.csv
FELE,2,policies/clusters/cluster_2/cluster_policy.csv,policies/clusters/cluster_2/limit_buy_improvement_distribution.csv,policies/clusters/cluster_2/limit_sell_improvement_distribution.csv
FENC,1,policies/clusters/cluster_1/cluster_policy.csv,policies/clusters/cluster_1/limit_buy_improvement_distribution.csv,policies/clusters/cluster_1/limit_sell_improvement_distribution.csv
FEYE,9,policies/clusters/cluster_9/cluster_policy.csv,policies/clusters/cluster_9/limit_buy_improvement_distribution.csv,policies/clusters/cluster_9/limit_sell_improvement_distribution.csv
FFBC,5,policies/clusters/cluster_5/cluster_policy.csv,policies/clusters/cluster_5/limit_buy_improvement_distribution.csv,policies/clusters/cluster_5/limit_sell_improvement_distribution.csv
FFIC,3,policies/clusters/cluster_3/cluster_policy.csv,policies/clusters/cluster_3/limit_buy_improvement_distribution.csv,policies/clusters/cluster_3/limit_sell_improvement_distribution.csv
FFIN,5,policies/clusters/cluster_5/cluster_policy.csv,policies/clusters/cluster_5/limit_buy_improvement_distribution.csv,policies/clusters/cluster_5/limit_sell_improvement_distribution.csv
FFIV,7,policies/clusters/cluster_7/cluster_policy.csv,policies/clusters/cluster_7/limit_buy_improvement_distribution.csv,policies/clusters/cluster_7/limit_sell_improvement_distribution.csv
FFWM,3,policies/clusters/cluster_3/cluster_policy.csv,policies/clusters/cluster_3/limit_buy_improvement_distribution.csv,policies/clusters/cluster_3/limit_sell_improvement_distribution.csv
FGEN,2,policies/clusters/cluster_2/cluster_policy.csv,policies/clusters/cluster_2/limit_buy_improvement_distribution.csv,policies/clusters/cluster_2/limit_sell_improvement_distribution.csv
FHB,5,policies/clusters/cluster_5/cluster_policy.csv,policies/clusters/cluster_5/limit_buy_improvement_distribution.csv,policies/clusters/cluster_5/limit_sell_improvement_distribution.csv
FIBK,3,policies/clusters/cluster_3/cluster_policy.csv,policies/clusters/cluster_3/limit_buy_improvement_distribution.csv,policies/clusters/cluster_3/limit_sell_improvement_distribution.csv
FISI,0,policies/clusters/cluster_0/cluster_policy.csv,policies/clusters/cluster_0/limit_buy_improvement_distribution.csv,policies/clusters/cluster_0/limit_sell_improvement_distribution.csv
FISV,9,policies/clusters/cluster_9/cluster_policy.csv,policies/clusters/cluster_9/limit_buy_improvement_distribution.csv,policies/clusters/cluster_9/limit_sell_improvement_distribution.csv
FITB,9,policies/clusters/cluster_9/cluster_policy.csv,policies/clusters/cluster_9/limit_buy_improvement_distribution.csv,policies/clusters/cluster_9/limit_sell_improvement_distribution.csv
FIVE,7,policies/clusters/cluster_7/cluster_policy.csv,policies/clusters/cluster_7/limit_buy_improvement_distribution.csv,policies/clusters/cluster_7/limit_sell_improvement_distribution.csv
FIVN,2,policies/clusters/cluster_2/cluster_policy.csv,policies/clusters/cluster_2/limit_buy_improvement_distribution.csv,policies/clusters/cluster_2/limit_sell_improvement_distribution.csv
FIXX,1,policies/clusters/cluster_1/cluster_policy.csv,policies/clusters/cluster_1/limit_buy_improvement_distribution.csv,policies/clusters/cluster_1/limit_sell_improvement_distribution.csv
FIZZ,2,policies/clusters/cluster_2/cluster_policy.csv,policies/clusters/cluster_2/limit_buy_improvement_distribution.csv,policies/clusters/cluster_2/limit_sell_improvement_distribution.csv
FLDM,4,policies/clusters/cluster_4/cluster_policy.csv,policies/clusters/cluster_4/limit_buy_improvement_distribution.csv,policies/clusters/cluster_4/limit_sell_improvement_distribution.csv
FLGT,1,policies/clusters/cluster_1/cluster_policy.csv,policies/clusters/cluster_1/limit_buy_improvement_distribution.csv,policies/clusters/cluster_1/limit_sell_improvement_distribution.csv
FLIC,3,policies/clusters/cluster_3/cluster_policy.csv,policies/clusters/cluster_3/limit_buy_improvement_distribution.csv,policies/clusters/cluster_3/limit_sell_improvement_distribution.csv
FLIR,5,policies/clusters/cluster_5/cluster_policy.csv,policies/clusters/cluster_5/limit_buy_improvement_distribution.csv,policies/clusters/cluster_5/limit_sell_improvement_distribution.csv
FLL,4,policies/clusters/cluster_4/cluster_policy.csv,policies/clusters/cluster_4/limit_buy_improvement_distribution.csv,policies/clusters/cluster_4/limit_sell_improvement_distribution.csv
FLMN,1,policies/clusters/cluster_1/cluster_policy.csv,policies/clusters/cluster_1/limit_buy_improvement_distribution.csv,policies/clusters/cluster_1/limit_sell_improvement_distribution.csv
FLNT,4,policies/clusters/cluster_4/cluster_policy.csv,policies/clusters/cluster_4/limit_buy_improvement_distribution.csv,policies/clusters/cluster_4/limit_sell_improvement_distribution.csv
FLWS,6,policies/clusters/cluster_6/cluster_policy.csv,policies/clusters/cluster_6/limit_buy_improvement_distribution.csv,policies/clusters/cluster_6/limit_sell_improvement_distribution.csv
FLXN,3,policies/clusters/cluster_3/cluster_policy.csv,policies/clusters/cluster_3/limit_buy_improvement_distribution.csv,policies/clusters/cluster_3/limit_sell_improvement_distribution.csv
FLXS,0,policies/clusters/cluster_0/cluster_policy.csv,policies/clusters/cluster_0/limit_buy_improvement_distribution.csv,policies/clusters/cluster_0/limit_sell_improvement_distribution.csv
FMBH,0,policies/clusters/cluster_0/cluster_policy.csv,policies/clusters/cluster_0/limit_buy_improvement_distribution.csv,policies/clusters/cluster_0/limit_sell_improvement_distribution.csv
FMBI,5,policies/clusters/cluster_5/cluster_policy.csv,policies/clusters/cluster_5/limit_buy_improvement_distribution.csv,policies/clusters/cluster_5/limit_sell_improvement_distribution.csv
FMNB,3,policies/clusters/cluster_3/cluster_policy.csv,policies/clusters/cluster_3/limit_buy_improvement_distribution.csv,policies/clusters/cluster_3/limit_sell_improvement_distribution.csv
FNHC,3,policies/clusters/cluster_3/cluster_policy.csv,policies/clusters/cluster_3/limit_buy_improvement_distribution.csv,policies/clusters/cluster_3/limit_sell_improvement_distribution.csv
FNJN,4,policies/clusters/cluster_4/cluster_policy.csv,policies/clusters/cluster_4/limit_buy_improvement_distribution.csv,policies/clusters/cluster_4/limit_sell_improvement_distribution.csv
FNKO,5,policies/clusters/cluster_5/cluster_policy.csv,policies/clusters/cluster_5/limit_buy_improvement_distribution.csv,policies/clusters/cluster_5/limit_sell_improvement_distribution.csv
FOCS,3,policies/clusters/cluster_3/cluster_policy.csv,policies/clusters/cluster_3/limit_buy_improvement_distribution.csv,policies/clusters/cluster_3/limit_sell_improvement_distribution.csv
FOLD,8,policies/clusters/cluster_8/cluster_policy.csv,policies/clusters/cluster_8/limit_buy_improvement_distribution.csv,policies/clusters/cluster_8/limit_sell_improvement_distribution.csv
FORM,3,policies/clusters/cluster_3/cluster_policy.csv,policies/clusters/cluster_3/limit_buy_improvement_distribution.csv,policies/clusters/cluster_3/limit_sell_improvement_distribution.csv
FORR,0,policies/clusters/cluster_0/cluster_policy.csv,policies/clusters/cluster_0/limit_buy_improvement_distribution.csv,policies/clusters/cluster_0/limit_sell_improvement_distribution.csv
FOSL,6,policies/clusters/cluster_6/cluster_policy.csv,policies/clusters/cluster_6/limit_buy_improvement_distribution.csv,policies/clusters/cluster_6/limit_sell_improvement_distribution.csv
FOX,9,policies/clusters/cluster_9/cluster_policy.csv,policies/clusters/cluster_9/limit_buy_improvement_distribution.csv,policies/clusters/cluster_9/limit_sell_improvement_distribution.csv
FOXA,9,policies/clusters/cluster_9/cluster_policy.csv,policies/clusters/cluster_9/limit_buy_improvement_distribution.csv,policies/clusters/cluster_9/limit_sell_improvement_distribution.csv
FOXF,2,policies/clusters/cluster_2/cluster_policy.csv,policies/clusters/cluster_2/limit_buy_improvement_distribution.csv,policies/clusters/cluster_2/limit_sell_improvement_distribution.csv
FPRX,4,policies/clusters/cluster_4/cluster_policy.csv,policies/clusters/cluster_4/limit_buy_improvement_distribution.csv,policies/clusters/cluster_4/limit_sell_improvement_distribution.csv
FRBA,3,policies/clusters/cluster_3/cluster_policy.csv,policies/clusters/cluster_3/limit_buy_improvement_distribution.csv,policies/clusters/cluster_3/limit_sell_improvement_distribution.csv
FRBK,6,policies/clusters/cluster_6/cluster_policy.csv,policies/clusters/cluster_6/limit_buy_improvement_distribution.csv,policies/clusters/cluster_6/limit_sell_improvement_distribution.csv
FRGI,6,policies/clusters/cluster_6/cluster_policy.csv,policies/clusters/cluster_6/limit_buy_improvement_distribution.csv,policies/clusters/cluster_6/limit_sell_improvement_distribution.csv
FRME,5,policies/clusters/cluster_5/cluster_policy.csv,policies/clusters/cluster_5/limit_buy_improvement_distribution.csv,policies/clusters/cluster_5/limit_sell_improvement_distribution.csv
FRPH,0,policies/clusters/cluster_0/cluster_policy.csv,policies/clusters/cluster_0/limit_buy_improvement_distribution.csv,policies/clusters/cluster_0/limit_sell_improvement_distribution.csv
FRPT,2,policies/clusters/cluster_2/cluster_policy.csv,policies/clusters/cluster_2/limit_buy_improvement_distribution.csv,policies/clusters/cluster_2/limit_sell_improvement_distribution.csv
FRTA,1,policies/clusters/cluster_1/cluster_policy.csv,policies/clusters/cluster_1/limit_buy_improvement_distribution.csv,policies/clusters/cluster_1/limit_sell_improvement_distribution.csv
FSBW,0,policies/clusters/cluster_0/cluster_policy.csv,policies/clusters/cluster_0/limit_buy_improvement_distribution.csv,policies/clusters/cluster_0/limit_sell_improvement_distribution.csv
FSCT,5,policies/clusters/cluster_5/cluster_policy.csv,policies/clusters/cluster_5/limit_buy_improvement_distribution.csv,policies/clusters/cluster_5/limit_sell_improvement_distribution.csv
FSLR,5,policies/clusters/cluster_5/cluster_policy.csv,policies/clusters/cluster_5/limit_buy_improvement_distribution.csv,policies/clusters/cluster_5/limit_sell_improvement_distribution.csv
FSTR,0,policies/clusters/cluster_0/cluster_policy.csv,policies/clusters/cluster_0/limit_buy_improvement_distribution.csv,policies/clusters/cluster_0/limit_sell_improvement_distribution.csv
FSV,2,policies/clusters/cluster_2/cluster_policy.csv,policies/clusters/cluster_2/limit_buy_improvement_distribution.csv,policies/clusters/cluster_2/limit_sell_improvement_distribution.csv
FTDR,3,policies/clusters/cluster_3/cluster_policy.csv,policies/clusters/cluster_3/limit_buy_improvement_distribution.csv,policies/clusters/cluster_3/limit_sell_improvement_distribution.csv
FTNT,7,policies/clusters/cluster_7/cluster_policy.csv,policies/clusters/cluster_7/limit_buy_improvement_distribution.csv,policies/clusters/cluster_7/limit_sell_improvement_distribution.csv
FTSV,0,policies/clusters/cluster_0/cluster_policy.csv,policies/clusters/cluster_0/limit_buy_improvement_distribution.csv,policies/clusters/cluster_0/limit_sell_improvement_distribution.csv
FULT,6,policies/clusters/cluster_6/cluster_policy.csv,policies/clusters/cluster_6/limit_buy_improvement_distribution.csv,policies/clusters/cluster_6/limit_sell_improvement_distribution.csv
FUND,6,policies/clusters/cluster_6/cluster_policy.csv,policies/clusters/cluster_6/limit_buy_improvement_distribution.csv,policies/clusters/cluster_6/limit_sell_improvement_distribution.csv
FWONA,5,policies/clusters/cluster_5/cluster_policy.csv,policies/clusters/cluster_5/limit_buy_improvement_distribution.csv,policies/clusters/cluster_5/limit_sell_improvement_distribution.csv
FWONK,5,policies/clusters/cluster_5/cluster_policy.csv,policies/clusters/cluster_5/limit_buy_improvement_distribution.csv,policies/clusters/cluster_5/limit_sell_improvement_distribution.csv
FWRD,2,policies/clusters/cluster_2/cluster_policy.csv,policies/clusters/cluster_2/limit_buy_improvement_distribution.csv,policies/clusters/cluster_2/limit_sell_improvement_distribution.csv
GABC,3,policies/clusters/cluster_3/cluster_policy.csv,policies/clusters/cluster_3/limit_buy_improvement_distribution.csv,policies/clusters/cluster_3/limit_sell_improvement_distribution.csv
GAIA,3,policies/clusters/cluster_3/cluster_policy.csv,policies/clusters/cluster_3/limit_buy_improvement_distribution.csv,policies/clusters/cluster_3/limit_sell_improvement_distribution.csv
GAIN,6,policies/clusters/cluster_6/cluster_policy.csv,policies/clusters/cluster_6/limit_buy_improvement_distribution.csv,policies/clusters/cluster_6/limit_sell_improvement_distribution.csv
GALT,4,policies/clusters/cluster_4/cluster_policy.csv,policies/clusters/cluster_4/limit_buy_improvement_distribution.csv,policies/clusters/cluster_4/limit_sell_improvement_distribution.csv
GARS,6,policies/clusters/cluster_6/cluster_policy.csv,policies/clusters/cluster_6/limit_buy_improvement_distribution.csv,policies/clusters/cluster_6/limit_sell_improvement_distribution.csv
GASS,6,policies/clusters/cluster_6/cluster_policy.csv,policies/clusters/cluster_6/limit_buy_improvement_distribution.csv,policies/clusters/cluster_6/limit_sell_improvement_distribution.csv
GBCI,5,policies/clusters/cluster_5/cluster_policy.csv,policies/clusters/cluster_5/limit_buy_improvement_distribution.csv,policies/clusters/cluster_5/limit_sell_improvement_distribution.csv
GBDC,6,policies/clusters/cluster_6/cluster_policy.csv,policies/clusters/cluster_6/limit_buy_improvement_distribution.csv,policies/clusters/cluster_6/limit_sell_improvement_distribution.csv
GBLI,0,policies/clusters/cluster_0/cluster_policy.csv,policies/clusters/cluster_0/limit_buy_improvement_distribution.csv,policies/clusters/cluster_0/limit_sell_improvement_distribution.csv
GBT,2,policies/clusters/cluster_2/cluster_policy.csv,policies/clusters/cluster_2/limit_buy_improvement_distribution.csv,policies/clusters/cluster_2/limit_sell_improvement_distribution.csv
GDEN,3,policies/clusters/cluster_3/cluster_policy.csv,policies/clusters/cluster_3/limit_buy_improvement_distribution.csv,policies/clusters/cluster_3/limit_sell_improvement_distribution.csv
GECC,6,policies/clusters/cluster_6/cluster_policy.csv,policies/clusters/cluster_6/limit_buy_improvement_distribution.csv,policies/clusters/cluster_6/limit_sell_improvement_distribution.csv
GENC,1,policies/clusters/cluster_1/cluster_policy.csv,policies/clusters/cluster_1/limit_buy_improvement_distribution.csv,policies/clusters/cluster_1/limit_sell_improvement_distribution.csv
GEOS,3,policies/clusters/cluster_3/cluster_policy.csv,policies/clusters/cluster_3/limit_buy_improvement_distribution.csv,policies/clusters/cluster_3/limit_sell_improvement_distribution.csv
GERN,8,policies/clusters/cluster_8/cluster_policy.csv,policies/clusters/cluster_8/limit_buy_improvement_distribution.csv,policies/clusters/cluster_8/limit_sell_improvement_distribution.csv
GEVO,4,policies/clusters/cluster_4/cluster_policy.csv,policies/clusters/cluster_4/limit_buy_improvement_distribution.csv,policies/clusters/cluster_4/limit_sell_improvement_distribution.csv
GFN,1,policies/clusters/cluster_1/cluster_policy.csv,policies/clusters/cluster_1/limit_buy_improvement_distribution.csv,policies/clusters/cluster_1/limit_sell_improvement_distribution.csv
GH,2,policies/clusters/cluster_2/cluster_policy.csv,policies/clusters/cluster_2/limit_buy_improvement_distribution.csv,policies/clusters/cluster_2/limit_sell_improvement_distribution.csv
GIFI,1,policies/clusters/cluster_1/cluster_policy.csv,policies/clusters/cluster_1/limit_buy_improvement_distribution.csv,policies/clusters/cluster_1/limit_sell_improvement_distribution.csv
GIII,5,policies/clusters/cluster_5/cluster_policy.csv,policies/clusters/cluster_5/limit_buy_improvement_distribution.csv,policies/clusters/cluster_5/limit_sell_improvement_distribution.csv
GILD,9,policies/clusters/cluster_9/cluster_policy.csv,policies/clusters/cluster_9/limit_buy_improvement_distribution.csv,policies/clusters/cluster_9/limit_sell_improvement_distribution.csv
GLAD,6,policies/clusters/cluster_6/cluster_policy.csv,policies/clusters/cluster_6/limit_buy_improvement_distribution.csv,policies/clusters/cluster_6/limit_sell_improvement_distribution.csv
GLDD,6,policies/clusters/cluster_6/cluster_policy.csv,policies/clusters/cluster_6/limit_buy_improvement_distribution.csv,policies/clusters/cluster_6/limit_sell_improvement_distribution.csv
GLIBA,5,policies/clusters/cluster_5/cluster_policy.csv,policies/clusters/cluster_5/limit_buy_improvement_distribution.csv,policies/clusters/cluster_5/limit_sell_improvement_distribution.csv
GLNG,5,policies/clusters/cluster_5/cluster_policy.csv,policies/clusters/cluster_5/limit_buy_improvement_distribution.csv,policies/clusters/cluster_5/limit_sell_improvement_distribution.csv
GLPI,6,policies/clusters/cluster_6/cluster_policy.csv,policies/clusters/cluster_6/limit_buy_improvement_distribution.csv,policies/clusters/cluster_6/limit_sell_improvement_distribution.csv
GLUU,8,policies/clusters/cluster_8/cluster_policy.csv,policies/clusters/cluster_8/limit_buy_improvement_distribution.csv,policies/clusters/cluster_8/limit_sell_improvement_distribution.csv
GLYC,1,policies/clusters/cluster_1/cluster_policy.csv,policies/clusters/cluster_1/limit_buy_improvement_distribution.csv,policies/clusters/cluster_1/limit_sell_improvement_distribution.csv
GNMK,4,policies/clusters/cluster_4/cluster_policy.csv,policies/clusters/cluster_4/limit_buy_improvement_distribution.csv,policies/clusters/cluster_4/limit_sell_improvement_distribution.csv
GNTX,9,policies/clusters/cluster_9/cluster_policy.csv,policies/clusters/cluster_9/limit_buy_improvement_distribution.csv,policies/clusters/cluster_9/limit_sell_improvement_distribution.csv
GNTY,0,policies/clusters/cluster_0/cluster_policy.csv,policies/clusters/cluster_0/limit_buy_improvement_distribution.csv,policies/clusters/cluster_0/limit_sell_improvement_distribution.csv
GOGL,6,policies/clusters/cluster_6/cluster_policy.csv,policies/clusters/cluster_6/limit_buy_improvement_distribution.csv,policies/clusters/cluster_6/limit_sell_improvement_distribution.csv
GOGO,8,policies/clusters/cluster_8/cluster_policy.csv,policies/clusters/cluster_8/limit_buy_improvement_distribution.csv,policies/clusters/cluster_8/limit_sell_improvement_distribution.csv
GOOD,6,policies/clusters/cluster_6/cluster_policy.csv,policies/clusters/cluster_6/limit_buy_improvement_distribution.csv,policies/clusters/cluster_6/limit_sell_improvement_distribution.csv
GOOG,7,policies/clusters/cluster_7/cluster_policy.csv,policies/clusters/cluster_7/limit_buy_improvement_distribution.csv,policies/clusters/cluster_7/limit_sell_improvement_distribution.csv
GOOGL,7,policies/clusters/cluster_7/cluster_policy.csv,policies/clusters/cluster_7/limit_buy_improvement_distribution.csv,policies/clusters/cluster_7/limit_sell_improvement_distribution.csv
GPOR,8,policies/clusters/cluster_8/cluster_policy.csv,policies/clusters/cluster_8/limit_buy_improvement_distribution.csv,policies/clusters/cluster_8/limit_sell_improvement_distribution.csv
GPRE,6,policies/clusters/cluster_6/cluster_policy.csv,policies/clusters/cluster_6/limit_buy_improvement_distribution.csv,policies/clusters/cluster_6/limit_sell_improvement_distribution.csv
GPRO,8,policies/clusters/cluster_8/cluster_policy.csv,policies/clusters/cluster_8/limit_buy_improvement_distribution.csv,policies/clusters/cluster_8/limit_sell_improvement_distribution.csv
GRBK,3,policies/clusters/cluster_3/cluster_policy.csv,policies/clusters/cluster_3/limit_buy_improvement_distribution.csv,policies/clusters/cluster_3/limit_sell_improvement_distribution.csv
GRMN,5,policies/clusters/cluster_5/cluster_policy.csv,policies/clusters/cluster_5/limit_buy_improvement_distribution.csv,policies/clusters/cluster_5/limit_sell_improvement_distribution.csv
GROW,4,policies/clusters/cluster_4/cluster_policy.csv,policies/clusters/cluster_4/limit_buy_improvement_distribution.csv,policies/clusters/cluster_4/limit_sell_improvement_distribution.csv
GRPN,8,policies/clusters/cluster_8/cluster_policy.csv,policies/clusters/cluster_8/limit_buy_improvement_distribution.csv,policies/clusters/cluster_8/limit_sell_improvement_distribution.csv
GRTS,1,policies/clusters/cluster_1/cluster_policy.csv,policies/clusters/cluster_1/limit_buy_improvement_distribution.csv,policies/clusters/cluster_1/limit_sell_improvement_distribution.csv
GSBC,0,policies/clusters/cluster_0/cluster_policy.csv,policies/clusters/cluster_0/limit_buy_improvement_distribution.csv,policies/clusters/cluster_0/limit_sell_improvement_distribution.csv
GSHD,0,policies/clusters/cluster_0/cluster_policy.csv,policies/clusters/cluster_0/limit_buy_improvement_distribution.csv,policies/clusters/cluster_0/limit_sell_improvement_distribution.csv
GSIT,1,policies/clusters/cluster_1/cluster_policy.csv,policies/clusters/cluster_1/limit_buy_improvement_distribution.csv,policies/clusters/cluster_1/limit_sell_improvement_distribution.csv
GSKY,6,policies/clusters/cluster_6/cluster_policy.csv,policies/clusters/cluster_6/limit_buy_improvement_distribution.csv,policies/clusters/cluster_6/limit_sell_improvement_distribution.csv
GT,9,policies/clusters/cluster_9/cluster_policy.csv,policies/clusters/cluster_9/limit_buy_improvement_distribution.csv,policies/clusters/cluster_9/limit_sell_improvement_distribution.csv
GTHX,3,policies/clusters/cluster_3/cluster_policy.csv,policies/clusters/cluster_3/limit_buy_improvement_distribution.csv,policies/clusters/cluster_3/limit_sell_improvement_distribution.csv
GTIM,4,policies/clusters/cluster_4/cluster_policy.csv,policies/clusters/cluster_4/limit_buy_improvement_distribution.csv,policies/clusters/cluster_4/limit_sell_improvement_distribution.csv
GTLS,2,policies/clusters/cluster_2/cluster_policy.csv,policies/clusters/cluster_2/limit_buy_improvement_distribution.csv,policies/clusters/cluster_2/limit_sell_improvement_distribution.csv
GWRS,3,policies/clusters/cluster_3/cluster_policy.csv,policies/clusters/cluster_3/limit_buy_improvement_distribution.csv,policies/clusters/cluster_3/limit_sell_improvement_distribution.csv
HA,5,policies/clusters/cluster_5/cluster_policy.csv,policies/clusters/cluster_5/limit_buy_improvement_distribution.csv,policies/clusters/cluster_5/limit_sell_improvement_distribution.csv
HABT,6,policies/clusters/cluster_6/cluster_policy.csv,policies/clusters/cluster_6/limit_buy_improvement_distribution.csv,policies/clusters/cluster_6/limit_sell_improvement_distribution.csv
HAFC,3,policies/clusters/cluster_3/cluster_policy.csv,policies/clusters/cluster_3/limit_buy_improvement_distribution.csv,policies/clusters/cluster_3/limit_sell_improvement_distribution.csv
HAIN,5,policies/clusters/cluster_5/cluster_policy.csv,policies/clusters/cluster_5/limit_buy_improvement_distribution.csv,policies/clusters/cluster_5/limit_sell_improvement_distribution.csv
HALL,3,policies/clusters/cluster_3/cluster_policy.csv,policies/clusters/cluster_3/limit_buy_improvement_distribution.csv,policies/clusters/cluster_3/limit_sell_improvement_distribution.csv
HALO,5,policies/clusters/cluster_5/cluster_policy.csv,policies/clusters/cluster_5/limit_buy_improvement_distribution.csv,policies/clusters/cluster_5/limit_sell_improvement_distribution.csv
HAS,7,policies/clusters/cluster_7/cluster_policy.csv,policies/clusters/cluster_7/limit_buy_improvement_distribution.csv,policies/clusters/cluster_7/limit_sell_improvement_distribution.csv
HAYN,0,policies/clusters/cluster_0/cluster_policy.csv,policies/clusters/cluster_0/limit_buy_improvement_distribution.csv,policies/clusters/cluster_0/limit_sell_improvement_distribution.csv
HBAN,8,policies/clusters/cluster_8/cluster_policy.csv,policies/clusters/cluster_8/limit_buy_improvement_distribution.csv,policies/clusters/cluster_8/limit_sell_improvement_distribution.csv
HBCP,0,policies/clusters/cluster_0/cluster_policy.csv,policies/clusters/cluster_0/limit_buy_improvement_distribution.csv,policies/clusters/cluster_0/limit_sell_improvement_distribution.csv
HBIO,4,policies/clusters/cluster_4/cluster_policy.csv,policies/clusters/cluster_4/limit_buy_improvement_distribution.csv,policies/clusters/cluster_4/limit_sell_improvement_distribution.csv
HBMD,1,policies/clusters/cluster_1/cluster_policy.csv,policies/clusters/cluster_1/limit_buy_improvement_distribution.csv,policies/clusters/cluster_1/limit_sell_improvement_distribution.csv
HBNC,3,policies/clusters/cluster_3/cluster_policy.csv,policies/clusters/cluster_3/limit_buy_improvement_distribution.csv,policies/clusters/cluster_3/limit_sell_improvement_distribution.csv
HCCI,0,policies/clusters/cluster_0/cluster_policy.csv,policies/clusters/cluster_0/limit_buy_improvement_distribution.csv,policies/clusters/cluster_0/limit_sell_improvement_distribution.csv
HCKT,3,policies/clusters/cluster_3/cluster_policy.csv,policies/clusters/cluster_3/limit_buy_improvement_distribution.csv,policies/clusters/cluster_3/limit_sell_improvement_distribution.csv
HCSG,5,policies/clusters/cluster_5/cluster_policy.csv,policies/clusters/cluster_5/limit_buy_improvement_distribution.csv,policies/clusters/cluster_5/limit_sell_improvement_distribution.csv
HDS,5,policies/clusters/cluster_5/cluster_policy.csv,policies/clusters/cluster_5/limit_buy_improvement_distribution.csv,policies/clusters/cluster_5/limit_sell_improvement_distribution.csv
HEAR,1,policies/clusters/cluster_1/cluster_policy.csv,policies/clusters/cluster_1/limit_buy_improvement_distribution.csv,policies/clusters/cluster_1/limit_sell_improvement_distribution.csv
HEES,3,policies/clusters/cluster_3/cluster_policy.csv,policies/clusters/cluster_3/limit_buy_improvement_distribution.csv,policies/clusters/cluster_3/limit_sell_improvement_distribution.csv
HELE,2,policies/clusters/cluster_2/cluster_policy.csv,policies/clusters/cluster_2/limit_buy_improvement_distribution.csv,policies/clusters/cluster_2/limit_sell_improvement_distribution.csv
HFWA,3,policies/clusters/cluster_3/cluster_policy.csv,policies/clusters/cluster_3/limit_buy_improvement_distribution.csv,policies/clusters/cluster_3/limit_sell_improvement_distribution.csv
HIBB,5,policies/clusters/cluster_5/cluster_policy.csv,policies/clusters/cluster_5/limit_buy_improvement_distribution.csv,policies/clusters/cluster_5/limit_sell_improvement_distribution.csv
HIFS,0,policies/clusters/cluster_0/cluster_policy.csv,policies/clusters/cluster_0/limit_buy_improvement_distribution.csv,policies/clusters/cluster_0/limit_sell_improvement_distribution.csv
HIIQ,3,policies/clusters/cluster_3/cluster_policy.csv,policies/clusters/cluster_3/limit_buy_improvement_distribution.csv,policies/clusters/cluster_3/limit_sell_improvement_distribution.csv
HLIT,6,policies/clusters/cluster_6/cluster_policy.csv,policies/clusters/cluster_6/limit_buy_improvement_distribution.csv,policies/clusters/cluster_6/limit_sell_improvement_distribution.csv
HLNE,2,policies/clusters/cluster_2/cluster_policy.csv,policies/clusters/cluster_2/limit_buy_improvement_distribution.csv,policies/clusters/cluster_2/limit_sell_improvement_distribution.csv
HMHC,6,policies/clusters/cluster_6/cluster_policy.csv,policies/clusters/cluster_6/limit_buy_improvement_distribution.csv,policies/clusters/cluster_6/limit_sell_improvement_distribution.csv
HMST,3,policies/clusters/cluster_3/cluster_policy.csv,policies/clusters/cluster_3/limit_buy_improvement_distribution.csv,policies/clusters/cluster_3/limit_sell_improvement_distribution.csv
HMSY,5,policies/clusters/cluster_5/cluster_policy.csv,policies/clusters/cluster_5/limit_buy_improvement_distribution.csv,policies/clusters/cluster_5/limit_sell_improvement_distribution.csv
HMTV,3,policies/clusters/cluster_3/cluster_policy.csv,policies/clusters/cluster_3/limit_buy_improvement_distribution.csv,policies/clusters/cluster_3/limit_sell_improvement_distribution.csv
HNRG,1,policies/clusters/cluster_1/cluster_policy.csv,policies/clusters/cluster_1/limit_buy_improvement_distribution.csv,policies/clusters/cluster_1/limit_sell_improvement_distribution.csv
HOFT,3,policies/clusters/cluster_3/cluster_policy.csv,policies/clusters/cluster_3/limit_buy_improvement_distribution.csv,policies/clusters/cluster_3/limit_sell_improvement_distribution.csv
HOLX,9,policies/clusters/cluster_9/cluster_policy.csv,policies/clusters/cluster_9/limit_buy_improvement_distribution.csv,policies/clusters/cluster_9/limit_sell_improvement_distribution.csv
HOMB,5,policies/clusters/cluster_5/cluster_policy.csv,policies/clusters/cluster_5/limit_buy_improvement_distribution.csv,policies/clusters/cluster_5/limit_sell_improvement_distribution.csv
HONE,6,policies/clusters/cluster_6/cluster_policy.csv,policies/clusters/cluster_6/limit_buy_improvement_distribution.csv,policies/clusters/cluster_6/limit_sell_improvement_distribution.csv
HOPE,6,policies/clusters/cluster_6/cluster_policy.csv,policies/clusters/cluster_6/limit_buy_improvement_distribution.csv,policies/clusters/cluster_6/limit_sell_improvement_distribution.csv
HQY,2,policies/clusters/cluster_2/cluster_policy.csv,policies/clusters/cluster_2/limit_buy_improvement_distribution.csv,policies/clusters/cluster_2/limit_sell_improvement_distribution.csv
HROW,1,policies/clusters/cluster_1/cluster_policy.csv,policies/clusters/cluster_1/limit_buy_improvement_distribution.csv,policies/clusters/cluster_1/limit_sell_improvement_distribution.csv
HRZN,6,policies/clusters/cluster_6/cluster_policy.csv,policies/clusters/cluster_6/limit_buy_improvement_distribution.csv,policies/clusters/cluster_6/limit_sell_improvement_distribution.csv
HSIC,7,policies/clusters/cluster_7/cluster_policy.csv,policies/clusters/cluster_7/limit_buy_improvement_distribution.csv,policies/clusters/cluster_7/limit_sell_improvement_distribution.csv
HSII,3,policies/clusters/cluster_3/cluster_policy.csv,policies/clusters/cluster_3/limit_buy_improvement_distribution.csv,policies/clusters/cluster_3/limit_sell_improvement_distribution.csv
HSKA,0,policies/clusters/cluster_0/cluster_policy.csv,policies/clusters/cluster_0/limit_buy_improvement_distribution.csv,policies/clusters/cluster_0/limit_sell_improvement_distribution.csv
HSTM,3,policies/clusters/cluster_3/cluster_policy.csv,policies/clusters/cluster_3/limit_buy_improvement_distribution.csv,policies/clusters/cluster_3/limit_sell_improvement_distribution.csv
HTBI,3,policies/clusters/cluster_3/cluster_policy.csv,policies/clusters/cluster_3/limit_buy_improvement_distribution.csv,policies/clusters/cluster_3/limit_sell_improvement_distribution.csv
HTBK,6,policies/clusters/cluster_6/cluster_policy.csv,policies/clusters/cluster_6/limit_buy_improvement_distribution.csv,policies/clusters/cluster_6/limit_sell_improvement_distribution.csv
HTLD,5,policies/clusters/cluster_5/cluster_policy.csv,policies/clusters/cluster_5/limit_buy_improvement_distribution.csv,policies/clusters/cluster_5/limit_sell_improvement_distribution.csv
HTLF,2,policies/clusters/cluster_2/cluster_policy.csv,policies/clusters/cluster_2/limit_buy_improvement_distribution.csv,policies/clusters/cluster_2/limit_sell_improvement_distribution.csv
HUBG,2,policies/clusters/cluster_2/cluster_policy.csv,policies/clusters/cluster_2/limit_buy_improvement_distribution.csv,policies/clusters/cluster_2/limit_sell_improvement_distribution.csv
HURC,0,policies/clusters/cluster_0/cluster_policy.csv,policies/clusters/cluster_0/limit_buy_improvement_distribution.csv,policies/clusters/cluster_0/limit_sell_improvement_distribution.csv
HURN,2,policies/clusters/cluster_2/cluster_policy.csv,policies/clusters/cluster_2/limit_buy_improvement_distribution.csv,policies/clusters/cluster_2/limit_sell_improvement_distribution.csv
HWC,5,policies/clusters/cluster_5/cluster_policy.csv,policies/clusters/cluster_5/limit_buy_improvement_distribution.csv,policies/clusters/cluster_5/limit_sell_improvement_distribution.csv
HWCC,1,policies/clusters/cluster_1/cluster_policy.csv,policies/clusters/cluster_1/limit_buy_improvement_distribution.csv,policies/clusters/cluster_1/limit_sell_improvement_distribution.csv
HWKN,0,policies/clusters/cluster_0/cluster_policy.csv,policies/clusters/cluster_0/limit_buy_improvement_distribution.csv,policies/clusters/cluster_0/limit_sell_improvement_distribution.csv
HYRE,4,policies/clusters/cluster_4/cluster_policy.csv,policies/clusters/cluster_4/limit_buy_improvement_distribution.csv,policies/clusters/cluster_4/limit_sell_improvement_distribution.csv
HZNP,5,policies/clusters/cluster_5/cluster_policy.csv,policies/clusters/cluster_5/limit_buy_improvement_distribution.csv,policies/clusters/cluster_5/limit_sell_improvement_distribution.csv
IAC,7,policies/clusters/cluster_7/cluster_policy.csv,policies/clusters/cluster_7/limit_buy_improvement_distribution.csv,policies/clusters/cluster_7/limit_sell_improvement_distribution.csv
IART,5,policies/clusters/cluster_5/cluster_policy.csv,policies/clusters/cluster_5/limit_buy_improvement_distribution.csv,policies/clusters/cluster_5/limit_sell_improvement_distribution.csv
IBCP,3,policies/clusters/cluster_3/cluster_policy.csv,policies/clusters/cluster_3/limit_buy_improvement_distribution.csv,policies/clusters/cluster_3/limit_sell_improvement_distribution.csv
IBKC,2,policies/clusters/cluster_2/cluster_policy.csv,policies/clusters/cluster_2/limit_buy_improvement_distribution.csv,policies/clusters/cluster_2/limit_sell_improvement_distribution.csv
IBOC,3,policies/clusters/cluster_3/cluster_policy.csv,policies/clusters/cluster_3/limit_buy_improvement_distribution.csv,policies/clusters/cluster_3/limit_sell_improvement_distribution.csv
IBTX,2,policies/clusters/cluster_2/cluster_policy.csv,policies/clusters/cluster_2/limit_buy_improvement_distribution.csv,policies/clusters/cluster_2/limit_sell_improvement_distribution.csv
ICAD,1,policies/clusters/cluster_1/cluster_policy.csv,policies/clusters/cluster_1/limit_buy_improvement_distribution.csv,policies/clusters/cluster_1/limit_sell_improvement_distribution.csv
ICFI,0,policies/clusters/cluster_0/cluster_policy.csv,policies/clusters/cluster_0/limit_buy_improvement_distribution.csv,policies/clusters/cluster_0/limit_sell_improvement_distribution.csv
ICPT,2,policies/clusters/cluster_2/cluster_policy.csv,policies/clusters/cluster_2/limit_buy_improvement_distribution.csv,policies/clusters/cluster_2/limit_sell_improvement_distribution.csv
ICUI,2,policies/clusters/cluster_2/cluster_policy.csv,policies/clusters/cluster_2/limit_buy_improvement_distribution.csv,policies/clusters/cluster_2/limit_sell_improvement_distribution.csv
IDCC,5,policies/clusters/cluster_5/cluster_policy.csv,policies/clusters/cluster_5/limit_buy_improvement_distribution.csv,policies/clusters/cluster_5/limit_sell_improvement_distribution.csv
IDRA,4,policies/clusters/cluster_4/cluster_policy.csv,policies/clusters/cluster_4/limit_buy_improvement_distribution.csv,policies/clusters/cluster_4/limit_sell_improvement_distribution.csv
IDXX,7,policies/clusters/cluster_7/cluster_policy.csv,policies/clusters/cluster_7/limit_buy_improvement_distribution.csv,policies/clusters/cluster_7/limit_sell_improvement_distribution.csv
IESC,0,policies/clusters/cluster_0/cluster_policy.csv,policies/clusters/cluster_0/limit_buy_improvement_distribution.csv,policies/clusters/cluster_0/limit_sell_improvement_distribution.csv
IFRX,1,policies/clusters/cluster_1/cluster_policy.csv,policies/clusters/cluster_1/limit_buy_improvement_distribution.csv,policies/clusters/cluster_1/limit_sell_improvement_distribution.csv
III,4,policies/clusters/cluster_4/cluster_policy.csv,policies/clusters/cluster_4/limit_buy_improvement_distribution.csv,policies/clusters/cluster_4/limit_sell_improvement_distribution.csv
IIIN,3,policies/clusters/cluster_3/cluster_policy.csv,policies/clusters/cluster_3/limit_buy_improvement_distribution.csv,policies/clusters/cluster_3/limit_sell_improvement_distribution.csv
IIIV,0,policies/clusters/cluster_0/cluster_policy.csv,policies/clusters/cluster_0/limit_buy_improvement_distribution.csv,policies/clusters/cluster_0/limit_sell_improvement_distribution.csv
IIN,3,policies/clusters/cluster_3/cluster_policy.csv,policies/clusters/cluster_3/limit_buy_improvement_distribution.csv,policies/clusters/cluster_3/limit_sell_improvement_distribution.csv
IIVI,5,policies/clusters/cluster_5/cluster_policy.csv,policies/clusters/cluster_5/limit_buy_improvement_distribution.csv,policies/clusters/cluster_5/limit_sell_improvement_distribution.csv
ILMN,7,policies/clusters/cluster_7/cluster_policy.csv,policies/clusters/cluster_7/limit_buy_improvement_distribution.csv,policies/clusters/cluster_7/limit_sell_improvement_distribution.csv
IMGN,8,policies/clusters/cluster_8/cluster_policy.csv,policies/clusters/cluster_8/limit_buy_improvement_distribution.csv,policies/clusters/cluster_8/limit_sell_improvement_distribution.csv
IMKTA,3,policies/clusters/cluster_3/cluster_policy.csv,policies/clusters/cluster_3/limit_buy_improvement_distribution.csv,policies/clusters/cluster_3/limit_sell_improvement_distribution.csv
IMMR,6,policies/clusters/cluster_6/cluster_policy.csv,policies/clusters/cluster_6/limit_buy_improvement_distribution.csv,policies/clusters/cluster_6/limit_sell_improvement_distribution.csv
IMXI,3,policies/clusters/cluster_3/cluster_policy.csv,policies/clusters/cluster_3/limit_buy_improvement_distribution.csv,policies/clusters/cluster_3/limit_sell_improvement_distribution.csv
INBK,3,policies/clusters/cluster_3/cluster_policy.csv,policies/clusters/cluster_3/limit_buy_improvement_distribution.csv,policies/clusters/cluster_3/limit_sell_improvement_distribution.csv
INCY,5,policies/clusters/cluster_5/cluster_policy.csv,policies/clusters/cluster_5/limit_buy_improvement_distribution.csv,policies/clusters/cluster_5/limit_sell_improvement_distribution.csv
INDB,2,policies/clusters/cluster_2/cluster_policy.csv,policies/clusters/cluster_2/limit_buy_improvement_distribution.csv,policies/clusters/cluster_2/limit_sell_improvement_distribution.csv
INFN,8,policies/clusters/cluster_8/cluster_policy.csv,policies/clusters/cluster_8/limit_buy_improvement_distribution.csv,policies/clusters/cluster_8/limit_sell_improvement_distribution.csv
INGN,2,policies/clusters/cluster_2/cluster_policy.csv,policies/clusters/cluster_2/limit_buy_improvement_distribution.csv,policies/clusters/cluster_2/limit_sell_improvement_distribution.csv
INO,8,policies/clusters/cluster_8/cluster_policy.csv,policies/clusters/cluster_8/limit_buy_improvement_distribution.csv,policies/clusters/cluster_8/limit_sell_improvement_distribution.csv
INOV,3,policies/clusters/cluster_3/cluster_policy.csv,policies/clusters/cluster_3/limit_buy_improvement_distribution.csv,policies/clusters/cluster_3/limit_sell_improvement_distribution.csv
INSG,4,policies/clusters/cluster_4/cluster_policy.csv,policies/clusters/cluster_4/limit_buy_improvement_distribution.csv,policies/clusters/cluster_4/limit_sell_improvement_distribution.csv
INSM,3,policies/clusters/cluster_3/cluster_policy.csv,policies/clusters/cluster_3/limit_buy_improvement_distribution.csv,policies/clusters/cluster_3/limit_sell_improvement_distribution.csv
INTC,9,policies/clusters/cluster_9/cluster_policy.csv,policies/clusters/cluster_9/limit_buy_improvement_distribution.csv,policies/clusters/cluster_9/limit_sell_improvement_distribution.csv
INTL,2,policies/clusters/cluster_2/cluster_policy.csv,policies/clusters/cluster_2/limit_buy_improvement_distribution.csv,policies/clusters/cluster_2/limit_sell_improvement_distribution.csv
INTU,7,policies/clusters/cluster_7/cluster_policy.csv,policies/clusters/cluster_7/limit_buy_improvement_distribution.csv,policies/clusters/cluster_7/limit_sell_improvement_distribution.csv
INVA,6,policies/clusters/cluster_6/cluster_policy.csv,policies/clusters/cluster_6/limit_buy_improvement_distribution.csv,policies/clusters/cluster_6/limit_sell_improvement_distribution.csv
INWK,4,policies/clusters/cluster_4/cluster_policy.csv,policies/clusters/cluster_4/limit_buy_improvement_distribution.csv,policies/clusters/cluster_4/limit_sell_improvement_distribution.csv
IONS,5,policies/clusters/cluster_5/cluster_policy.csv,policies/clusters/cluster_5/limit_buy_improvement_distribution.csv,policies/clusters/cluster_5/limit_sell_improvement_distribution.csv
IOSP,2,policies/clusters/cluster_2/cluster_policy.csv,policies/clusters/cluster_2/limit_buy_improvement_distribution.csv,policies/clusters/cluster_2/limit_sell_improvement_distribution.csv
IOTS,3,policies/clusters/cluster_3/cluster_policy.csv,policies/clusters/cluster_3/limit_buy_improvement_distribution.csv,policies/clusters/cluster_3/limit_sell_improvement_distribution.csv
IOVA,5,policies/clusters/cluster_5/cluster_policy.csv,policies/clusters/cluster_5/limit_buy_improvement_distribution.csv,policies/clusters/cluster_5/limit_sell_improvement_distribution.csv
IPAR,2,policies/clusters/cluster_2/cluster_policy.csv,policies/clusters/cluster_2/limit_buy_improvement_distribution.csv,policies/clusters/cluster_2/limit_sell_improvement_distribution.csv
IPGP,2,policies/clusters/cluster_2/cluster_policy.csv,policies/clusters/cluster_2/limit_buy_improvement_distribution.csv,policies/clusters/cluster_2/limit_sell_improvement_distribution.csv
IPHS,8,policies/clusters/cluster_8/cluster_policy.csv,policies/clusters/cluster_8/limit_buy_improvement_distribution.csv,policies/clusters/cluster_8/limit_sell_improvement_distribution.csv
IRBT,2,policies/clusters/cluster_2/cluster_policy.csv,policies/clusters/cluster_2/limit_buy_improvement_distribution.csv,policies/clusters/cluster_2/limit_sell_improvement_distribution.csv
IRDM,5,policies/clusters/cluster_5/cluster_policy.csv,policies/clusters/cluster_5/limit_buy_improvement_distribution.csv,policies/clusters/cluster_5/limit_sell_improvement_distribution.csv
IRMD,0,policies/clusters/cluster_0/cluster_policy.csv,policies/clusters/cluster_0/limit_buy_improvement_distribution.csv,policies/clusters/cluster_0/limit_sell_improvement_distribution.csv
IRWD,6,policies/clusters/cluster_6/cluster_policy.csv,policies/clusters/cluster_6/limit_buy_improvement_distribution.csv,policies/clusters/cluster_6/limit_sell_improvement_distribution.csv
ISBC,8,policies/clusters/cluster_8/cluster_policy.csv,policies/clusters/cluster_8/limit_buy_improvement_distribution.csv,policies/clusters/cluster_8/limit_sell_improvement_distribution.csv
ISRG,7,policies/clusters/cluster_7/cluster_policy.csv,policies/clusters/cluster_7/limit_buy_improvement_distribution.csv,policies/clusters/cluster_7/limit_sell_improvement_distribution.csv
ITCI,3,policies/clusters/cluster_3/cluster_policy.csv,policies/clusters/cluster_3/limit_buy_improvement_distribution.csv,policies/clusters/cluster_3/limit_sell_improvement_distribution.csv
ITI,4,policies/clusters/cluster_4/cluster_policy.csv,policies/clusters/cluster_4/limit_buy_improvement_distribution.csv,policies/clusters/cluster_4/limit_sell_improvement_distribution.csv
ITIC,0,policies/clusters/cluster_0/cluster_policy.csv,policies/clusters/cluster_0/limit_buy_improvement_distribution.csv,policies/clusters/cluster_0/limit_sell_improvement_distribution.csv
ITRI,2,policies/clusters/cluster_2/cluster_policy.csv,policies/clusters/cluster_2/limit_buy_improvement_distribution.csv,policies/clusters/cluster_2/limit_sell_improvement_distribution.csv
IVAC,1,policies/clusters/cluster_1/cluster_policy.csv,policies/clusters/cluster_1/limit_buy_improvement_distribution.csv,policies/clusters/cluster_1/limit_sell_improvement_distribution.csv
JACK,2,policies/clusters/cluster_2/cluster_policy.csv,policies/clusters/cluster_2/limit_buy_improvement_distribution.csv,policies/clusters/cluster_2/limit_sell_improvement_distribution.csv
JBHT,7,policies/clusters/cluster_7/cluster_policy.csv,policies/clusters/cluster_7/limit_buy_improvement_distribution.csv,policies/clusters/cluster_7/limit_sell_improvement_distribution.csv
JBLU,9,policies/clusters/cluster_9/cluster_policy.csv,policies/clusters/cluster_9/limit_buy_improvement_distribution.csv,policies/clusters/cluster_9/limit_sell_improvement_distribution.csv
JBSS,0,policies/clusters/cluster_0/cluster_policy.csv,policies/clusters/cluster_0/limit_buy_improvement_distribution.csv,policies/clusters/cluster_0/limit_sell_improvement_distribution.csv
JCOM,2,policies/clusters/cluster_2/cluster_policy.csv,policies/clusters/cluster_2/limit_buy_improvement_distribution.csv,policies/clusters/cluster_2/limit_sell_improvement_distribution.csv
JJSF,0,policies/clusters/cluster_0/cluster_policy.csv,policies/clusters/cluster_0/limit_buy_improvement_distribution.csv,policies/clusters/cluster_0/limit_sell_improvement_distribution.csv
JKHY,7,policies/clusters/cluster_7/cluster_policy.csv,policies/clusters/cluster_7/limit_buy_improvement_distribution.csv,policies/clusters/cluster_7/limit_sell_improvement_distribution.csv
JNCE,1,policies/clusters/cluster_1/cluster_policy.csv,policies/clusters/cluster_1/limit_buy_improvement_distribution.csv,policies/clusters/cluster_1/limit_sell_improvement_distribution.csv
JOUT,0,policies/clusters/cluster_0/cluster_policy.csv,policies/clusters/cluster_0/limit_buy_improvement_distribution.csv,policies/clusters/cluster_0/limit_sell_improvement_distribution.csv
JRVR,3,policies/clusters/cluster_3/cluster_policy.csv,policies/clusters/cluster_3/limit_buy_improvement_distribution.csv,policies/clusters/cluster_3/limit_sell_improvement_distribution.csv
JYNT,3,policies/clusters/cluster_3/cluster_policy.csv,policies/clusters/cluster_3/limit_buy_improvement_distribution.csv,policies/clusters/cluster_3/limit_sell_improvement_distribution.csv
KALA,4,policies/clusters/cluster_4/cluster_policy.csv,policies/clusters/cluster_4/limit_buy_improvement_distribution.csv,policies/clusters/cluster_4/limit_sell_improvement_distribution.csv
KALU,2,policies/clusters/cluster_2/cluster_policy.csv,policies/clusters/cluster_2/limit_buy_improvement_distribution.csv,policies/clusters/cluster_2/limit_sell_improvement_distribution.csv
KALV,1,policies/clusters/cluster_1/cluster_policy.csv,policies/clusters/cluster_1/limit_buy_improvement_distribution.csv,policies/clusters/cluster_1/limit_sell_improvement_distribution.csv
KBAL,3,policies/clusters/cluster_3/cluster_policy.csv,policies/clusters/cluster_3/limit_buy_improvement_distribution.csv,policies/clusters/cluster_3/limit_sell_improvement_distribution.csv
KE,3,policies/clusters/cluster_3/cluster_policy.csv,policies/clusters/cluster_3/limit_buy_improvement_distribution.csv,policies/clusters/cluster_3/limit_sell_improvement_distribution.csv
KELYA,3,policies/clusters/cluster_3/cluster_policy.csv,policies/clusters/cluster_3/limit_buy_improvement_distribution.csv,policies/clusters/cluster_3/limit_sell_improvement_distribution.csv
KFRC,3,policies/clusters/cluster_3/cluster_policy.csv,policies/clusters/cluster_3/limit_buy_improvement_distribution.csv,policies/clusters/cluster_3/limit_sell_improvement_distribution.csv
KIDS,0,policies/clusters/cluster_0/cluster_policy.csv,policies/clusters/cluster_0/limit_buy_improvement_distribution.csv,policies/clusters/cluster_0/limit_sell_improvement_distribution.csv
KIN,1,policies/clusters/cluster_1/cluster_policy.csv,policies/clusters/cluster_1/limit_buy_improvement_distribution.csv,policies/clusters/cluster_1/limit_sell_improvement_distribution.csv
KINS,1,policies/clusters/cluster_1/cluster_policy.csv,policies/clusters/cluster_1/limit_buy_improvement_distribution.csv,policies/clusters/cluster_1/limit_sell_improvement_distribution.csv
KIRK,4,policies/clusters/cluster_4/cluster_policy.csv,policies/clusters/cluster_4/limit_buy_improvement_distribution.csv,policies/clusters/cluster_4/limit_sell_improvement_distribution.csv
KLAC,7,policies/clusters/cluster_7/cluster_policy.csv,policies/clusters/cluster_7/limit_buy_improvement_distribution.csv,policies/clusters/cluster_7/limit_sell_improvement_distribution.csv
KLIC,5,policies/clusters/cluster_5/cluster_policy.csv,policies/clusters/cluster_5/limit_buy_improvement_distribution.csv,policies/clusters/cluster_5/limit_sell_improvement_distribution.csv
KLXE,1,policies/clusters/cluster_1/cluster_policy.csv,policies/clusters/cluster_1/limit_buy_improvement_distribution.csv,policies/clusters/cluster_1/limit_sell_improvement_distribution.csv
KNDI,4,policies/clusters/cluster_4/cluster_policy.csv,policies/clusters/cluster_4/limit_buy_improvement_distribution.csv,policies/clusters/cluster_4/limit_sell_improvement_distribution.csv
KNSA,1,policies/clusters/cluster_1/cluster_policy.csv,policies/clusters/cluster_1/limit_buy_improvement_distribution.csv,policies/clusters/cluster_1/limit_sell_improvement_distribution.csv
KNSL,2,policies/clusters/cluster_2/cluster_policy.csv,policies/clusters/cluster_2/limit_buy_improvement_distribution.csv,policies/clusters/cluster_2/limit_sell_improvement_distribution.csv
KPTI,3,policies/clusters/cluster_3/cluster_policy.csv,policies/clusters/cluster_3/limit_buy_improvement_distribution.csv,policies/clusters/cluster_3/limit_sell_improvement_distribution.csv
KRNY,6,policies/clusters/cluster_6/cluster_policy.csv,policies/clusters/cluster_6/limit_buy_improvement_distribution.csv,policies/clusters/cluster_6/limit_sell_improvement_distribution.csv
KRYS,0,policies/clusters/cluster_0/cluster_policy.csv,policies/clusters/cluster_0/limit_buy_improvement_distribution.csv,policies/clusters/cluster_0/limit_sell_improvement_distribution.csv
KTOS,5,policies/clusters/cluster_5/cluster_policy.csv,policies/clusters/cluster_5/limit_buy_improvement_distribution.csv,policies/clusters/cluster_5/limit_sell_improvement_distribution.csv
KURA,3,policies/clusters/cluster_3/cluster_policy.csv,policies/clusters/cluster_3/limit_buy_improvement_distribution.csv,policies/clusters/cluster_3/limit_sell_improvement_distribution.csv
KVHI,1,policies/clusters/cluster_1/cluster_policy.csv,policies/clusters/cluster_1/limit_buy_improvement_distribution.csv,policies/clusters/cluster_1/limit_sell_improvement_distribution.csv
KZR,1,policies/clusters/cluster_1/cluster_policy.csv,policies/clusters/cluster_1/limit_buy_improvement_distribution.csv,policies/clusters/cluster_1/limit_sell_improvement_distribution.csv
LAKE,3,policies/clusters/cluster_3/cluster_policy.csv,policies/clusters/cluster_3/limit_buy_improvement_distribution.csv,policies/clusters/cluster_3/limit_sell_improvement_distribution.csv
LAMR,2,policies/clusters/cluster_2/cluster_policy.csv,policies/clusters/cluster_2/limit_buy_improvement_distribution.csv,policies/clusters/cluster_2/limit_sell_improvement_distribution.csv
LANC,2,policies/clusters/cluster_2/cluster_policy.csv,policies/clusters/cluster_2/limit_buy_improvement_distribution.csv,policies/clusters/cluster_2/limit_sell_improvement_distribution.csv
LAND,6,policies/clusters/cluster_6/cluster_policy.csv,policies/clusters/cluster_6/limit_buy_improvement_distribution.csv,policies/clusters/cluster_6/limit_sell_improvement_distribution.csv
LASR,3,policies/clusters/cluster_3/cluster_policy.csv,policies/clusters/cluster_3/limit_buy_improvement_distribution.csv,policies/clusters/cluster_3/limit_sell_improvement_distribution.csv
LAUR,6,policies/clusters/cluster_6/cluster_policy.csv,policies/clusters/cluster_6/limit_buy_improvement_distribution.csv,policies/clusters/cluster_6/limit_sell_improvement_distribution.csv
LAWS,0,policies/clusters/cluster_0/cluster_policy.csv,policies/clusters/cluster_0/limit_buy_improvement_distribution.csv,policies/clusters/cluster_0/limit_sell_improvement_distribution.csv
LBAI,3,policies/clusters/cluster_3/cluster_policy.csv,policies/clusters/cluster_3/limit_buy_improvement_distribution.csv,policies/clusters/cluster_3/limit_sell_improvement_distribution.csv
LBC,3,policies/clusters/cluster_3/cluster_policy.csv,policies/clusters/cluster_3/limit_buy_improvement_distribution.csv,policies/clusters/cluster_3/limit_sell_improvement_distribution.csv
LBRDA,7,policies/clusters/cluster_7/cluster_policy.csv,policies/clusters/cluster_7/limit_buy_improvement_distribution.csv,policies/clusters/cluster_7/limit_sell_improvement_distribution.csv
LBRDK,7,policies/clusters/cluster_7/cluster_policy.csv,policies/clusters/cluster_7/limit_buy_improvement_distribution.csv,policies/clusters/cluster_7/limit_sell_improvement_distribution.csv
LCNB,3,policies/clusters/cluster_3/cluster_policy.csv,policies/clusters/cluster_3/limit_buy_improvement_distribution.csv,policies/clusters/cluster_3/limit_sell_improvement_distribution.csv
LE,3,policies/clusters/cluster_3/cluster_policy.csv,policies/clusters/cluster_3/limit_buy_improvement_distribution.csv,policies/clusters/cluster_3/limit_sell_improvement_distribution.csv
LECO,2,policies/clusters/cluster_2/cluster_policy.csv,policies/clusters/cluster_2/limit_buy_improvement_distribution.csv,policies/clusters/cluster_2/limit_sell_improvement_distribution.csv
LEGH,1,policies/clusters/cluster_1/cluster_policy.csv,policies/clusters/cluster_1/limit_buy_improvement_distribution.csv,policies/clusters/cluster_1/limit_sell_improvement_distribution.csv
LFUS,2,policies/clusters/cluster_2/cluster_policy.csv,policies/clusters/cluster_2/limit_buy_improvement_distribution.csv,policies/clusters/cluster_2/limit_sell_improvement_distribution.csv
LFVN,3,policies/clusters/cluster_3/cluster_policy.csv,policies/clusters/cluster_3/limit_buy_improvement_distribution.csv,policies/clusters/cluster_3/limit_sell_improvement_distribution.csv
LGIH,2,policies/clusters/cluster_2/cluster_policy.csv,policies/clusters/cluster_2/limit_buy_improvement_distribution.csv,policies/clusters/cluster_2/limit_sell_improvement_distribution.csv
LGND,2,policies/clusters/cluster_2/cluster_policy.csv,policies/clusters/cluster_2/limit_buy_improvement_distribution.csv,policies/clusters/cluster_2/limit_sell_improvement_distribution.csv
LHCG,2,policies/clusters/cluster_2/cluster_policy.csv,policies/clusters/cluster_2/limit_buy_improvement_distribution.csv,policies/clusters/cluster_2/limit_sell_improvement_distribution.csv
LILA,6,policies/clusters/cluster_6/cluster_policy.csv,policies/clusters/cluster_6/limit_buy_improvement_distribution.csv,policies/clusters/cluster_6/limit_sell_improvement_distribution.csv
LILAK,5,policies/clusters/cluster_5/cluster_policy.csv,policies/clusters/cluster_5/limit_buy_improvement_distribution.csv,policies/clusters/cluster_5/limit_sell_improvement_distribution.csv
LIND,1,policies/clusters/cluster_1/cluster_policy.csv,policies/clusters/cluster_1/limit_buy_improvement_distribution.csv,policies/clusters/cluster_1/limit_sell_improvement_distribution.csv
LITE,5,policies/clusters/cluster_5/cluster_policy.csv,policies/clusters/cluster_5/limit_buy_improvement_distribution.csv,policies/clusters/cluster_5/limit_sell_improvement_distribution.csv
LIVX,4,policies/clusters/cluster_4/cluster_policy.csv,policies/clusters/cluster_4/limit_buy_improvement_distribution.csv,policies/clusters/cluster_4/limit_sell_improvement_distribution.csv
LJPC,4,policies/clusters/cluster_4/cluster_policy.csv,policies/clusters/cluster_4/limit_buy_improvement_distribution.csv,policies/clusters/cluster_4/limit_sell_improvement_distribution.csv
LKFN,2,policies/clusters/cluster_2/cluster_policy.csv,policies/clusters/cluster_2/limit_buy_improvement_distribution.csv,policies/clusters/cluster_2/limit_sell_improvement_distribution.csv
LKQ,9,policies/clusters/cluster_9/cluster_policy.csv,policies/clusters/cluster_9/limit_buy_improvement_distribution.csv,policies/clusters/cluster_9/limit_sell_improvement_distribution.csv
LLNW,8,policies/clusters/cluster_8/cluster_policy.csv,policies/clusters/cluster_8/limit_buy_improvement_distribution.csv,policies/clusters/cluster_8/limit_sell_improvement_distribution.csv
LMAT,3,policies/clusters/cluster_3/cluster_policy.csv,policies/clusters/cluster_3/limit_buy_improvement_distribution.csv,policies/clusters/cluster_3/limit_sell_improvement_distribution.csv
LMNR,3,policies/clusters/cluster_3/cluster_policy.csv,policies/clusters/cluster_3/limit_buy_improvement_distribution.csv,policies/clusters/cluster_3/limit_sell_improvement_distribution.csv
LMNX,3,policies/clusters/cluster_3/cluster_policy.csv,policies/clusters/cluster_3/limit_buy_improvement_distribution.csv,policies/clusters/cluster_3/limit_sell_improvement_distribution.csv
LNDC,3,policies/clusters/cluster_3/cluster_policy.csv,policies/clusters/cluster_3/limit_buy_improvement_distribution.csv,policies/clusters/cluster_3/limit_sell_improvement_distribution.csv
LNT,9,policies/clusters/cluster_9/cluster_policy.csv,policies/clusters/cluster_9/limit_buy_improvement_distribution.csv,policies/clusters/cluster_9/limit_sell_improvement_distribution.csv
LNTH,3,policies/clusters/cluster_3/cluster_policy.csv,policies/clusters/cluster_3/limit_buy_improvement_distribution.csv,policies/clusters/cluster_3/limit_sell_improvement_distribution.csv
LOB,3,policies/clusters/cluster_3/cluster_policy.csv,policies/clusters/cluster_3/limit_buy_improvement_distribution.csv,policies/clusters/cluster_3/limit_sell_improvement_distribution.csv
LOCO,6,policies/clusters/cluster_6/cluster_policy.csv,policies/clusters/cluster_6/limit_buy_improvement_distribution.csv,policies/clusters/cluster_6/limit_sell_improvement_distribution.csv
LOGI,5,policies/clusters/cluster_5/cluster_policy.csv,policies/clusters/cluster_5/limit_buy_improvement_distribution.csv,policies/clusters/cluster_5/limit_sell_improvement_distribution.csv
LOGM,5,policies/clusters/cluster_5/cluster_policy.csv,policies/clusters/cluster_5/limit_buy_improvement_distribution.csv,policies/clusters/cluster_5/limit_sell_improvement_distribution.csv
LONE,4,policies/clusters/cluster_4/cluster_policy.csv,policies/clusters/cluster_4/limit_buy_improvement_distribution.csv,policies/clusters/cluster_4/limit_sell_improvement_distribution.csv
LOOP,1,policies/clusters/cluster_1/cluster_policy.csv,policies/clusters/cluster_1/limit_buy_improvement_distribution.csv,policies/clusters/cluster_1/limit_sell_improvement_distribution.csv
LOPE,2,policies/clusters/cluster_2/cluster_policy.csv,policies/clusters/cluster_2/limit_buy_improvement_distribution.csv,policies/clusters/cluster_2/limit_sell_improvement_distribution.csv
LORL,3,policies/clusters/cluster_3/cluster_policy.csv,policies/clusters/cluster_3/limit_buy_improvement_distribution.csv,policies/clusters/cluster_3/limit_sell_improvement_distribution.csv
LOVE,1,policies/clusters/cluster_1/cluster_policy.csv,policies/clusters/cluster_1/limit_buy_improvement_distribution.csv,policies/clusters/cluster_1/limit_sell_improvement_distribution.csv
LPLA,5,policies/clusters/cluster_5/cluster_policy.csv,policies/clusters/cluster_5/limit_buy_improvement_distribution.csv,policies/clusters/cluster_5/limit_sell_improvement_distribution.csv
LPSN,5,policies/clusters/cluster_5/cluster_policy.csv,policies/clusters/cluster_5/limit_buy_improvement_distribution.csv,policies/clusters/cluster_5/limit_sell_improvement_distribution.csv
LQDA,1,policies/clusters/cluster_1/cluster_policy.csv,policies/clusters/cluster_1/limit_buy_improvement_distribution.csv,policies/clusters/cluster_1/limit_sell_improvement_distribution.csv
LQDT,1,policies/clusters/cluster_1/cluster_policy.csv,policies/clusters/cluster_1/limit_buy_improvement_distribution.csv,policies/clusters/cluster_1/limit_sell_improvement_distribution.csv
LRCX,7,policies/clusters/cluster_7/cluster_policy.csv,policies/clusters/cluster_7/limit_buy_improvement_distribution.csv,policies/clusters/cluster_7/limit_sell_improvement_distribution.csv
LSCC,5,policies/clusters/cluster_5/cluster_policy.csv,policies/clusters/cluster_5/limit_buy_improvement_distribution.csv,policies/clusters/cluster_5/limit_sell_improvement_distribution.csv
LSTR,2,policies/clusters/cluster_2/cluster_policy.csv,policies/clusters/cluster_2/limit_buy_improvement_distribution.csv,policies/clusters/cluster_2/limit_sell_improvement_distribution.csv
LSXMA,5,policies/clusters/cluster_5/cluster_policy.csv,policies/clusters/cluster_5/limit_buy_improvement_distribution.csv,policies/clusters/cluster_5/limit_sell_improvement_distribution.csv
LSXMK,5,policies/clusters/cluster_5/cluster_policy.csv,policies/clusters/cluster_5/limit_buy_improvement_distribution.csv,policies/clusters/cluster_5/limit_sell_improvement_distribution.csv
LTRPA,6,policies/clusters/cluster_6/cluster_policy.csv,policies/clusters/cluster_6/limit_buy_improvement_distribution.csv,policies/clusters/cluster_6/limit_sell_improvement_distribution.csv
LTRX,4,policies/clusters/cluster_4/cluster_policy.csv,policies/clusters/cluster_4/limit_buy_improvement_distribution.csv,policies/clusters/cluster_4/limit_sell_improvement_distribution.csv
LULU,7,policies/clusters/cluster_7/cluster_policy.csv,policies/clusters/cluster_7/limit_buy_improvement_distribution.csv,policies/clusters/cluster_7/limit_sell_improvement_distribution.csv
LUNA,1,policies/clusters/cluster_1/cluster_policy.csv,policies/clusters/cluster_1/limit_buy_improvement_distribution.csv,policies/clusters/cluster_1/limit_sell_improvement_distribution.csv
LXRX,8,policies/clusters/cluster_8/cluster_policy.csv,policies/clusters/cluster_8/limit_buy_improvement_distribution.csv,policies/clusters/cluster_8/limit_sell_improvement_distribution.csv
LYTS,6,policies/clusters/cluster_6/cluster_policy.csv,policies/clusters/cluster_6/limit_buy_improvement_distribution.csv,policies/clusters/cluster_6/limit_sell_improvement_distribution.csv
MACK,4,policies/clusters/cluster_4/cluster_policy.csv,policies/clusters/cluster_4/limit_buy_improvement_distribution.csv,policies/clusters/cluster_4/limit_sell_improvement_distribution.csv
MANH,2,policies/clusters/cluster_2/cluster_policy.csv,policies/clusters/cluster_2/limit_buy_improvement_distribution.csv,policies/clusters/cluster_2/limit_sell_improvement_distribution.csv
MANT,2,policies/clusters/cluster_2/cluster_policy.csv,policies/clusters/cluster_2/limit_buy_improvement_distribution.csv,policies/clusters/cluster_2/limit_sell_improvement_distribution.csv
MAR,7,policies/clusters/cluster_7/cluster_policy.csv,policies/clusters/cluster_7/limit_buy_improvement_distribution.csv,policies/clusters/cluster_7/limit_sell_improvement_distribution.csv
MASI,2,policies/clusters/cluster_2/cluster_policy.csv,policies/clusters/cluster_2/limit_buy_improvement_distribution.csv,policies/clusters/cluster_2/limit_sell_improvement_distribution.csv
MAT,8,policies/clusters/cluster_8/cluster_policy.csv,policies/clusters/cluster_8/limit_buy_improvement_distribution.csv,policies/clusters/cluster_8/limit_sell_improvement_distribution.csv
MATW,3,policies/clusters/cluster_3/cluster_policy.csv,policies/clusters/cluster_3/limit_buy_improvement_distribution.csv,policies/clusters/cluster_3/limit_sell_improvement_distribution.csv
MBII,4,policies/clusters/cluster_4/cluster_policy.csv,policies/clusters/cluster_4/limit_buy_improvement_distribution.csv,policies/clusters/cluster_4/limit_sell_improvement_distribution.csv
MBIN,3,policies/clusters/cluster_3/cluster_policy.csv,policies/clusters/cluster_3/limit_buy_improvement_distribution.csv,policies/clusters/cluster_3/limit_sell_improvement_distribution.csv
MBIO,4,policies/clusters/cluster_4/cluster_policy.csv,policies/clusters/cluster_4/limit_buy_improvement_distribution.csv,policies/clusters/cluster_4/limit_sell_improvement_distribution.csv
MBOT,1,policies/clusters/cluster_1/cluster_policy.csv,policies/clusters/cluster_1/limit_buy_improvement_distribution.csv,policies/clusters/cluster_1/limit_sell_improvement_distribution.csv
MBUU,3,policies/clusters/cluster_3/cluster_policy.csv,policies/clusters/cluster_3/limit_buy_improvement_distribution.csv,policies/clusters/cluster_3/limit_sell_improvement_distribution.csv
MBWM,3,policies/clusters/cluster_3/cluster_policy.csv,policies/clusters/cluster_3/limit_buy_improvement_distribution.csv,policies/clusters/cluster_3/limit_sell_improvement_distribution.csv
MCBC,6,policies/clusters/cluster_6/cluster_policy.csv,policies/clusters/cluster_6/limit_buy_improvement_distribution.csv,policies/clusters/cluster_6/limit_sell_improvement_distribution.csv
MCFT,3,policies/clusters/cluster_3/cluster_policy.csv,policies/clusters/cluster_3/limit_buy_improvement_distribution.csv,policies/clusters/cluster_3/limit_sell_improvement_distribution.csv
MCHP,7,policies/clusters/cluster_7/cluster_policy.csv,policies/clusters/cluster_7/limit_buy_improvement_distribution.csv,policies/clusters/cluster_7/limit_sell_improvement_distribution.csv
MCHX,6,policies/clusters/cluster_6/cluster_policy.csv,policies/clusters/cluster_6/limit_buy_improvement_distribution.csv,policies/clusters/cluster_6/limit_sell_improvement_distribution.csv
MCRB,4,policies/clusters/cluster_4/cluster_policy.csv,policies/clusters/cluster_4/limit_buy_improvement_distribution.csv,policies/clusters/cluster_4/limit_sell_improvement_distribution.csv
MCRI,0,policies/clusters/cluster_0/cluster_policy.csv,policies/clusters/cluster_0/limit_buy_improvement_distribution.csv,policies/clusters/cluster_0/limit_sell_improvement_distribution.csv
MDB,2,policies/clusters/cluster_2/cluster_policy.csv,policies/clusters/cluster_2/limit_buy_improvement_distribution.csv,policies/clusters/cluster_2/limit_sell_improvement_distribution.csv
MDCA,4,policies/clusters/cluster_4/cluster_policy.csv,policies/clusters/cluster_4/limit_buy_improvement_distribution.csv,policies/clusters/cluster_4/limit_sell_improvement_distribution.csv
MDGL,0,policies/clusters/cluster_0/cluster_policy.csv,policies/clusters/cluster_0/limit_buy_improvement_distribution.csv,policies/clusters/cluster_0/limit_sell_improvement_distribution.csv
MDLZ,9,policies/clusters/cluster_9/cluster_policy.csv,policies/clusters/cluster_9/limit_buy_improvement_distribution.csv,policies/clusters/cluster_9/limit_sell_improvement_distribution.csv
MDRX,8,policies/clusters/cluster_8/cluster_policy.csv,policies/clusters/cluster_8/limit_buy_improvement_distribution.csv,policies/clusters/cluster_8/limit_sell_improvement_distribution.csv
MEDP,2,policies/clusters/cluster_2/cluster_policy.csv,policies/clusters/cluster_2/limit_buy_improvement_distribution.csv,policies/clusters/cluster_2/limit_sell_improvement_distribution.csv
MEET,8,policies/clusters/cluster_8/cluster_policy.csv,policies/clusters/cluster_8/limit_buy_improvement_distribution.csv,policies/clusters/cluster_8/limit_sell_improvement_distribution.csv
MEIP,4,policies/clusters/cluster_4/cluster_policy.csv,policies/clusters/cluster_4/limit_buy_improvement_distribution.csv,policies/clusters/cluster_4/limit_sell_improvement_distribution.csv
MELI,2,policies/clusters/cluster_2/cluster_policy.csv,policies/clusters/cluster_2/limit_buy_improvement_distribution.csv,policies/clusters/cluster_2/limit_sell_improvement_distribution.csv
MEOH,5,policies/clusters/cluster_5/cluster_policy.csv,policies/clusters/cluster_5/limit_buy_improvement_distribution.csv,policies/clusters/cluster_5/limit_sell_improvement_distribution.csv
MERC,6,policies/clusters/cluster_6/cluster_policy.csv,policies/clusters/cluster_6/limit_buy_improvement_distribution.csv,policies/clusters/cluster_6/limit_sell_improvement_distribution.csv
MESA,3,policies/clusters/cluster_3/cluster_policy.csv,policies/clusters/cluster_3/limit_buy_improvement_distribution.csv,policies/clusters/cluster_3/limit_sell_improvement_distribution.csv
METC,4,policies/clusters/cluster_4/cluster_policy.csv,policies/clusters/cluster_4/limit_buy_improvement_distribution.csv,policies/clusters/cluster_4/limit_sell_improvement_distribution.csv
MFIN,1,policies/clusters/cluster_1/cluster_policy.csv,policies/clusters/cluster_1/limit_buy_improvement_distribution.csv,policies/clusters/cluster_1/limit_sell_improvement_distribution.csv
MGEE,2,policies/clusters/cluster_2/cluster_policy.csv,policies/clusters/cluster_2/limit_buy_improvement_distribution.csv,policies/clusters/cluster_2/limit_sell_improvement_distribution.csv
MGI,4,policies/clusters/cluster_4/cluster_policy.csv,policies/clusters/cluster_4/limit_buy_improvement_distribution.csv,policies/clusters/cluster_4/limit_sell_improvement_distribution.csv
MGLN,2,policies/clusters/cluster_2/cluster_policy.csv,policies/clusters/cluster_2/limit_buy_improvement_distribution.csv,policies/clusters/cluster_2/limit_sell_improvement_distribution.csv
MGNX,3,policies/clusters/cluster_3/cluster_policy.csv,policies/clusters/cluster_3/limit_buy_improvement_distribution.csv,policies/clusters/cluster_3/limit_sell_improvement_distribution.csv
MGPI,2,policies/clusters/cluster_2/cluster_policy.csv,policies/clusters/cluster_2/limit_buy_improvement_distribution.csv,policies/clusters/cluster_2/limit_sell_improvement_distribution.csv
MGRC,0,policies/clusters/cluster_0/cluster_policy.csv,policies/clusters/cluster_0/limit_buy_improvement_distribution.csv,policies/clusters/cluster_0/limit_sell_improvement_distribution.csv
MGTA,1,policies/clusters/cluster_1/cluster_policy.csv,policies/clusters/cluster_1/limit_buy_improvement_distribution.csv,policies/clusters/cluster_1/limit_sell_improvement_distribution.csv
MIDD,2,policies/clusters/cluster_2/cluster_policy.csv,policies/clusters/cluster_2/limit_buy_improvement_distribution.csv,policies/clusters/cluster_2/limit_sell_improvement_distribution.csv
MIK,8,policies/clusters/cluster_8/cluster_policy.csv,policies/clusters/cluster_8/limit_buy_improvement_distribution.csv,policies/clusters/cluster_8/limit_sell_improvement_distribution.csv
MINI,3,policies/clusters/cluster_3/cluster_policy.csv,policies/clusters/cluster_3/limit_buy_improvement_distribution.csv,policies/clusters/cluster_3/limit_sell_improvement_distribution.csv
MITK,6,policies/clusters/cluster_6/cluster_policy.csv,policies/clusters/cluster_6/limit_buy_improvement_distribution.csv,policies/clusters/cluster_6/limit_sell_improvement_distribution.csv
MKSI,2,policies/clusters/cluster_2/cluster_policy.csv,policies/clusters/cluster_2/limit_buy_improvement_distribution.csv,policies/clusters/cluster_2/limit_sell_improvement_distribution.csv
MKTX,2,policies/clusters/cluster_2/cluster_policy.csv,policies/clusters/cluster_2/limit_buy_improvement_distribution.csv,policies/clusters/cluster_2/limit_sell_improvement_distribution.csv
MLAB,0,policies/clusters/cluster_0/cluster_policy.csv,policies/clusters/cluster_0/limit_buy_improvement_distribution.csv,policies/clusters/cluster_0/limit_sell_improvement_distribution.csv
MLHR,5,policies/clusters/cluster_5/cluster_policy.csv,policies/clusters/cluster_5/limit_buy_improvement_distribution.csv,policies/clusters/cluster_5/limit_sell_improvement_distribution.csv
MMSI,5,policies/clusters/cluster_5/cluster_policy.csv,policies/clusters/cluster_5/limit_buy_improvement_distribution.csv,policies/clusters/cluster_5/limit_sell_improvement_distribution.csv
MNKD,8,policies/clusters/cluster_8/cluster_policy.csv,policies/clusters/cluster_8/limit_buy_improvement_distribution.csv,policies/clusters/cluster_8/limit_sell_improvement_distribution.csv
MNLO,1,policies/clusters/cluster_1/cluster_policy.csv,policies/clusters/cluster_1/limit_buy_improvement_distribution.csv,policies/clusters/cluster_1/limit_sell_improvement_distribution.csv
MNOV,3,policies/clusters/cluster_3/cluster_policy.csv,policies/clusters/cluster_3/limit_buy_improvement_distribution.csv,policies/clusters/cluster_3/limit_sell_improvement_distribution.csv
MNRO,2,policies/clusters/cluster_2/cluster_policy.csv,policies/clusters/cluster_2/limit_buy_improvement_distribution.csv,policies/clusters/cluster_2/limit_sell_improvement_distribution.csv
MNST,9,policies/clusters/cluster_9/cluster_policy.csv,policies/clusters/cluster_9/limit_buy_improvement_distribution.csv,policies/clusters/cluster_9/limit_sell_improvement_distribution.csv
MNTA,3,policies/clusters/cluster_3/cluster_policy.csv,policies/clusters/cluster_3/limit_buy_improvement_distribution.csv,policies/clusters/cluster_3/limit_sell_improvement_distribution.csv
MNTX,1,policies/clusters/cluster_1/cluster_policy.csv,policies/clusters/cluster_1/limit_buy_improvement_distribution.csv,policies/clusters/cluster_1/limit_sell_improvement_distribution.csv
MOBL,6,policies/clusters/cluster_6/cluster_policy.csv,policies/clusters/cluster_6/limit_buy_improvement_distribution.csv,policies/clusters/cluster_6/limit_sell_improvement_distribution.csv
MOFG,0,policies/clusters/cluster_0/cluster_policy.csv,policies/clusters/cluster_0/limit_buy_improvement_distribution.csv,policies/clusters/cluster_0/limit_sell_improvement_distribution.csv
MORN,2,policies/clusters/cluster_2/cluster_policy.csv,policies/clusters/cluster_2/limit_buy_improvement_distribution.csv,policies/clusters/cluster_2/limit_sell_improvement_distribution.csv
MOTS,4,policies/clusters/cluster_4/cluster_policy.csv,policies/clusters/cluster_4/limit_buy_improvement_distribution.csv,policies/clusters/cluster_4/limit_sell_improvement_distribution.csv
MPAA,3,policies/clusters/cluster_3/cluster_policy.csv,policies/clusters/cluster_3/limit_buy_improvement_distribution.csv,policies/clusters/cluster_3/limit_sell_improvement_distribution.csv
MPWR,2,policies/clusters/cluster_2/cluster_policy.csv,policies/clusters/cluster_2/limit_buy_improvement_distribution.csv,policies/clusters/cluster_2/limit_sell_improvement_distribution.csv
MRAM,1,policies/clusters/cluster_1/cluster_policy.csv,policies/clusters/cluster_1/limit_buy_improvement_distribution.csv,policies/clusters/cluster_1/limit_sell_improvement_distribution.csv
MRCC,6,policies/clusters/cluster_6/cluster_policy.csv,policies/clusters/cluster_6/limit_buy_improvement_distribution.csv,policies/clusters/cluster_6/limit_sell_improvement_distribution.csv
MRCY,2,policies/clusters/cluster_2/cluster_policy.csv,policies/clusters/cluster_2/limit_buy_improvement_distribution.csv,policies/clusters/cluster_2/limit_sell_improvement_distribution.csv
MRKR,4,policies/clusters/cluster_4/cluster_policy.csv,policies/clusters/cluster_4/limit_buy_improvement_distribution.csv,policies/clusters/cluster_4/limit_sell_improvement_distribution.csv
MRLN,0,policies/clusters/cluster_0/cluster_policy.csv,policies/clusters/cluster_0/limit_buy_improvement_distribution.csv,policies/clusters/cluster_0/limit_sell_improvement_distribution.csv
MRNA,5,policies/clusters/cluster_5/cluster_policy.csv,policies/clusters/cluster_5/limit_buy_improvement_distribution.csv,policies/clusters/cluster_5/limit_sell_improvement_distribution.csv
MRNS,4,policies/clusters/cluster_4/cluster_policy.csv,policies/clusters/cluster_4/limit_buy_improvement_distribution.csv,policies/clusters/cluster_4/limit_sell_improvement_distribution.csv
MRSN,1,policies/clusters/cluster_1/cluster_policy.csv,policies/clusters/cluster_1/limit_buy_improvement_distribution.csv,policies/clusters/cluster_1/limit_sell_improvement_distribution.csv
MRTN,3,policies/clusters/cluster_3/cluster_policy.csv,policies/clusters/cluster_3/limit_buy_improvement_distribution.csv,policies/clusters/cluster_3/limit_sell_improvement_distribution.csv
MRTX,2,policies/clusters/cluster_2/cluster_policy.csv,policies/clusters/cluster_2/limit_buy_improvement_distribution.csv,policies/clusters/cluster_2/limit_sell_improvement_distribution.csv
MRUS,1,policies/clusters/cluster_1/cluster_policy.csv,policies/clusters/cluster_1/limit_buy_improvement_distribution.csv,policies/clusters/cluster_1/limit_sell_improvement_distribution.csv
MRVL,9,policies/clusters/cluster_9/cluster_policy.csv,policies/clusters/cluster_9/limit_buy_improvement_distribution.csv,policies/clusters/cluster_9/limit_sell_improvement_distribution.csv
MSBI,3,policies/clusters/cluster_3/cluster_policy.csv,policies/clusters/cluster_3/limit_buy_improvement_distribution.csv,policies/clusters/cluster_3/limit_sell_improvement_distribution.csv
MSEX,0,policies/clusters/cluster_0/cluster_policy.csv,policies/clusters/cluster_0/limit_buy_improvement_distribution.csv,policies/clusters/cluster_0/limit_sell_improvement_distribution.csv
MSFT,9,policies/clusters/cluster_9/cluster_policy.csv,policies/clusters/cluster_9/limit_buy_improvement_distribution.csv,policies/clusters/cluster_9/limit_sell_improvement_distribution.csv
MSON,0,policies/clusters/cluster_0/cluster_policy.csv,policies/clusters/cluster_0/limit_buy_improvement_distribution.csv,policies/clusters/cluster_0/limit_sell_improvement_distribution.csv
MSTR,0,policies/clusters/cluster_0/cluster_policy.csv,policies/clusters/cluster_0/limit_buy_improvement_distribution.csv,policies/clusters/cluster_0/limit_sell_improvement_distribution.csv
MTBC,4,policies/clusters/cluster_4/cluster_policy.csv,policies/clusters/cluster_4/limit_buy_improvement_distribution.csv,policies/clusters/cluster_4/limit_sell_improvement_distribution.csv
MTCH,7,policies/clusters/cluster_7/cluster_policy.csv,policies/clusters/cluster_7/limit_buy_improvement_distribution.csv,policies/clusters/cluster_7/limit_sell_improvement_distribution.csv
MTEM,1,policies/clusters/cluster_1/cluster_policy.csv,policies/clusters/cluster_1/limit_buy_improvement_distribution.csv,policies/clusters/cluster_1/limit_sell_improvement_distribution.csv
MTRX,3,policies/clusters/cluster_3/cluster_policy.csv,policies/clusters/cluster_3/limit_buy_improvement_distribution.csv,policies/clusters/cluster_3/limit_sell_improvement_distribution.csv
MTSC,2,policies/clusters/cluster_2/cluster_policy.csv,policies/clusters/cluster_2/limit_buy_improvement_distribution.csv,policies/clusters/cluster_2/limit_sell_improvement_distribution.csv
MTSI,5,policies/clusters/cluster_5/cluster_policy.csv,policies/clusters/cluster_5/limit_buy_improvement_distribution.csv,policies/clusters/cluster_5/limit_sell_improvement_distribution.csv
MU,9,policies/clusters/cluster_9/cluster_policy.csv,policies/clusters/cluster_9/limit_buy_improvement_distribution.csv,policies/clusters/cluster_9/limit_sell_improvement_distribution.csv
MVBF,0,policies/clusters/cluster_0/cluster_policy.csv,policies/clusters/cluster_0/limit_buy_improvement_distribution.csv,policies/clusters/cluster_0/limit_sell_improvement_distribution.csv
MXIM,9,policies/clusters/cluster_9/cluster_policy.csv,policies/clusters/cluster_9/limit_buy_improvement_distribution.csv,policies/clusters/cluster_9/limit_sell_improvement_distribution.csv
MYGN,5,policies/clusters/cluster_5/cluster_policy.csv,policies/clusters/cluster_5/limit_buy_improvement_distribution.csv,policies/clusters/cluster_5/limit_sell_improvement_distribution.csv
MYOK,2,policies/clusters/cluster_2/cluster_policy.csv,policies/clusters/cluster_2/limit_buy_improvement_distribution.csv,policies/clusters/cluster_2/limit_sell_improvement_distribution.csv
MYRG,0,policies/clusters/cluster_0/cluster_policy.csv,policies/clusters/cluster_0/limit_buy_improvement_distribution.csv,policies/clusters/cluster_0/limit_sell_improvement_distribution.csv
NATH,0,policies/clusters/cluster_0/cluster_policy.csv,policies/clusters/cluster_0/limit_buy_improvement_distribution.csv,policies/clusters/cluster_0/limit_sell_improvement_distribution.csv
NATI,5,policies/clusters/cluster_5/cluster_policy.csv,policies/clusters/cluster_5/limit_buy_improvement_distribution.csv,policies/clusters/cluster_5/limit_sell_improvement_distribution.csv
NATR,1,policies/clusters/cluster_1/cluster_policy.csv,policies/clusters/cluster_1/limit_buy_improvement_distribution.csv,policies/clusters/cluster_1/limit_sell_improvement_distribution.csv
NAVI,8,policies/clusters/cluster_8/cluster_policy.csv,policies/clusters/cluster_8/limit_buy_improvement_distribution.csv,policies/clusters/cluster_8/limit_sell_improvement_distribution.csv
NBEV,8,policies/clusters/cluster_8/cluster_policy.csv,policies/clusters/cluster_8/limit_buy_improvement_distribution.csv,policies/clusters/cluster_8/limit_sell_improvement_distribution.csv
NBIX,2,policies/clusters/cluster_2/cluster_policy.csv,policies/clusters/cluster_2/limit_buy_improvement_distribution.csv,policies/clusters/cluster_2/limit_sell_improvement_distribution.csv
NBN,0,policies/clusters/cluster_0/cluster_policy.csv,policies/clusters/cluster_0/limit_buy_improvement_distribution.csv,policies/clusters/cluster_0/limit_sell_improvement_distribution.csv
NBTB,3,policies/clusters/cluster_3/cluster_policy.csv,policies/clusters/cluster_3/limit_buy_improvement_distribution.csv,policies/clusters/cluster_3/limit_sell_improvement_distribution.csv
NCBS,0,policies/clusters/cluster_0/cluster_policy.csv,policies/clusters/cluster_0/limit_buy_improvement_distribution.csv,policies/clusters/cluster_0/limit_sell_improvement_distribution.csv
NCSM,1,policies/clusters/cluster_1/cluster_policy.csv,policies/clusters/cluster_1/limit_buy_improvement_distribution.csv,policies/clusters/cluster_1/limit_sell_improvement_distribution.csv
NDAQ,7,policies/clusters/cluster_7/cluster_policy.csv,policies/clusters/cluster_7/limit_buy_improvement_distribution.csv,policies/clusters/cluster_7/limit_sell_improvement_distribution.csv
NDLS,6,policies/clusters/cluster_6/cluster_policy.csv,policies/clusters/cluster_6/limit_buy_improvement_distribution.csv,policies/clusters/cluster_6/limit_sell_improvement_distribution.csv
NDSN,2,policies/clusters/cluster_2/cluster_policy.csv,policies/clusters/cluster_2/limit_buy_improvement_distribution.csv,policies/clusters/cluster_2/limit_sell_improvement_distribution.csv
NEO,5,policies/clusters/cluster_5/cluster_policy.csv,policies/clusters/cluster_5/limit_buy_improvement_distribution.csv,policies/clusters/cluster_5/limit_sell_improvement_distribution.csv
NEOG,2,policies/clusters/cluster_2/cluster_policy.csv,policies/clusters/cluster_2/limit_buy_improvement_distribution.csv,policies/clusters/cluster_2/limit_sell_improvement_distribution.csv
NEOS,4,policies/clusters/cluster_4/cluster_policy.csv,policies/clusters/cluster_4/limit_buy_improvement_distribution.csv,policies/clusters/cluster_4/limit_sell_improvement_distribution.csv
NERV,1,policies/clusters/cluster_1/cluster_policy.csv,policies/clusters/cluster_1/limit_buy_improvement_distribution.csv,policies/clusters/cluster_1/limit_sell_improvement_distribution.csv
NEWT,3,policies/clusters/cluster_3/cluster_policy.csv,policies/clusters/cluster_3/limit_buy_improvement_distribution.csv,policies/clusters/cluster_3/limit_sell_improvement_distribution.csv
NFBK,3,policies/clusters/cluster_3/cluster_policy.csv,policies/clusters/cluster_3/limit_buy_improvement_distribution.csv,policies/clusters/cluster_3/limit_sell_improvement_distribution.csv
NFLX,7,policies/clusters/cluster_7/cluster_policy.csv,policies/clusters/cluster_7/limit_buy_improvement_distribution.csv,policies/clusters/cluster_7/limit_sell_improvement_distribution.csv
NGHC,3,policies/clusters/cluster_3/cluster_policy.csv,policies/clusters/cluster_3/limit_buy_improvement_distribution.csv,policies/clusters/cluster_3/limit_sell_improvement_distribution.csv
NHTC,1,policies/clusters/cluster_1/cluster_policy.csv,policies/clusters/cluster_1/limit_buy_improvement_distribution.csv,policies/clusters/cluster_1/limit_sell_improvement_distribution.csv
NK,4,policies/clusters/cluster_4/cluster_policy.csv,policies/clusters/cluster_4/limit_buy_improvement_distribution.csv,policies/clusters/cluster_4/limit_sell_improvement_distribution.csv
NKSH,0,policies/clusters/cluster_0/cluster_policy.csv,policies/clusters/cluster_0/limit_buy_improvement_distribution.csv,policies/clusters/cluster_0/limit_sell_improvement_distribution.csv
NKTR,5,policies/clusters/cluster_5/cluster_policy.csv,policies/clusters/cluster_5/limit_buy_improvement_distribution.csv,policies/clusters/cluster_5/limit_sell_improvement_distribution.csv
NLNK,4,policies/clusters/cluster_4/cluster_policy.csv,policies/clusters/cluster_4/limit_buy_improvement_distribution.csv,policies/clusters/cluster_4/limit_sell_improvement_distribution.csv
NMIH,5,policies/clusters/cluster_5/cluster_policy.csv,policies/clusters/cluster_5/limit_buy_improvement_distribution.csv,policies/clusters/cluster_5/limit_sell_improvement_distribution.csv
NMRK,6,policies/clusters/cluster_6/cluster_policy.csv,policies/clusters/cluster_6/limit_buy_improvement_distribution.csv,policies/clusters/cluster_6/limit_sell_improvement_distribution.csv
NNBR,6,policies/clusters/cluster_6/cluster_policy.csv,policies/clusters/cluster_6/limit_buy_improvement_distribution.csv,policies/clusters/cluster_6/limit_sell_improvement_distribution.csv
NOVT,2,policies/clusters/cluster_2/cluster_policy.csv,policies/clusters/cluster_2/limit_buy_improvement_distribution.csv,policies/clusters/cluster_2/limit_sell_improvement_distribution.csv
NRC,0,policies/clusters/cluster_0/cluster_policy.csv,policies/clusters/cluster_0/limit_buy_improvement_distribution.csv,policies/clusters/cluster_0/limit_sell_improvement_distribution.csv
NRIM,0,policies/clusters/cluster_0/cluster_policy.csv,policies/clusters/cluster_0/limit_buy_improvement_distribution.csv,policies/clusters/cluster_0/limit_sell_improvement_distribution.csv
NSIT,2,policies/clusters/cluster_2/cluster_policy.csv,policies/clusters/cluster_2/limit_buy_improvement_distribution.csv,policies/clusters/cluster_2/limit_sell_improvement_distribution.csv
NSTG,3,policies/clusters/cluster_3/cluster_policy.csv,policies/clusters/cluster_3/limit_buy_improvement_distribution.csv,policies/clusters/cluster_3/limit_sell_improvement_distribution.csv
NTAP,9,policies/clusters/cluster_9/cluster_policy.csv,policies/clusters/cluster_9/limit_buy_improvement_distribution.csv,policies/clusters/cluster_9/limit_sell_improvement_distribution.csv
NTCT,5,policies/clusters/cluster_5/cluster_policy.csv,policies/clusters/cluster_5/limit_buy_improvement_distribution.csv,policies/clusters/cluster_5/limit_sell_improvement_distribution.csv
NTGN,4,policies/clusters/cluster_4/cluster_policy.csv,policies/clusters/cluster_4/limit_buy_improvement_distribution.csv,policies/clusters/cluster_4/limit_sell_improvement_distribution.csv
NTGR,5,policies/clusters/cluster_5/cluster_policy.csv,policies/clusters/cluster_5/limit_buy_improvement_distribution.csv,policies/clusters/cluster_5/limit_sell_improvement_distribution.csv
NTLA,3,policies/clusters/cluster_3/cluster_policy.csv,policies/clusters/cluster_3/limit_buy_improvement_distribution.csv,policies/clusters/cluster_3/limit_sell_improvement_distribution.csv
NTNX,9,policies/clusters/cluster_9/cluster_policy.csv,policies/clusters/cluster_9/limit_buy_improvement_distribution.csv,policies/clusters/cluster_9/limit_sell_improvement_distribution.csv
NTRA,5,policies/clusters/cluster_5/cluster_policy.csv,policies/clusters/cluster_5/limit_buy_improvement_distribution.csv,policies/clusters/cluster_5/limit_sell_improvement_distribution.csv
NTRS,7,policies/clusters/cluster_7/cluster_policy.csv,policies/clusters/cluster_7/limit_buy_improvement_distribution.csv,policies/clusters/cluster_7/limit_sell_improvement_distribution.csv
NUAN,9,policies/clusters/cluster_9/cluster_policy.csv,policies/clusters/cluster_9/limit_buy_improvement_distribution.csv,policies/clusters/cluster_9/limit_sell_improvement_distribution.csv
NUVA,2,policies/clusters/cluster_2/cluster_policy.csv,policies/clusters/cluster_2/limit_buy_improvement_distribution.csv,policies/clusters/cluster_2/limit_sell_improvement_distribution.csv
NVDA,7,policies/clusters/cluster_7/cluster_policy.csv,policies/clusters/cluster_7/limit_buy_improvement_distribution.csv,policies/clusters/cluster_7/limit_sell_improvement_distribution.csv
NVEC,0,policies/clusters/cluster_0/cluster_policy.csv,policies/clusters/cluster_0/limit_buy_improvement_distribution.csv,policies/clusters/cluster_0/limit_sell_improvement_distribution.csv
NVEE,0,policies/clusters/cluster_0/cluster_policy.csv,policies/clusters/cluster_0/limit_buy_improvement_distribution.csv,policies/clusters/cluster_0/limit_sell_improvement_distribution.csv
NWBI,6,policies/clusters/cluster_6/cluster_policy.csv,policies/clusters/cluster_6/limit_buy_improvement_distribution.csv,policies/clusters/cluster_6/limit_sell_improvement_distribution.csv
NWL,9,policies/clusters/cluster_9/cluster_policy.csv,policies/clusters/cluster_9/limit_buy_improvement_distribution.csv,policies/clusters/cluster_9/limit_sell_improvement_distribution.csv
NWLI,0,policies/clusters/cluster_0/cluster_policy.csv,policies/clusters/cluster_0/limit_buy_improvement_distribution.csv,policies/clusters/cluster_0/limit_sell_improvement_distribution.csv
NWS,6,policies/clusters/cluster_6/cluster_policy.csv,policies/clusters/cluster_6/limit_buy_improvement_distribution.csv,policies/clusters/cluster_6/limit_sell_improvement_distribution.csv
NWSA,8,policies/clusters/cluster_8/cluster_policy.csv,policies/clusters/cluster_8/limit_buy_improvement_distribution.csv,policies/clusters/cluster_8/limit_sell_improvement_distribution.csv
NXGN,6,policies/clusters/cluster_6/cluster_policy.csv,policies/clusters/cluster_6/limit_buy_improvement_distribution.csv,policies/clusters/cluster_6/limit_sell_improvement_distribution.csv
NXPI,7,policies/clusters/cluster_7/cluster_policy.csv,policies/clusters/cluster_7/limit_buy_improvement_distribution.csv,policies/clusters/cluster_7/limit_sell_improvement_distribution.csv
NXST,2,policies/clusters/cluster_2/cluster_policy.csv,policies/clusters/cluster_2/limit_buy_improvement_distribution.csv,policies/clusters/cluster_2/limit_sell_improvement_distribution.csv
NYMT,8,policies/clusters/cluster_8/cluster_policy.csv,policies/clusters/cluster_8/limit_buy_improvement_distribution.csv,policies/clusters/cluster_8/limit_sell_improvement_distribution.csv
NYMX,4,policies/clusters/cluster_4/cluster_policy.csv,policies/clusters/cluster_4/limit_buy_improvement_distribution.csv,policies/clusters/cluster_4/limit_sell_improvement_distribution.csv
OBNK,0,policies/clusters/cluster_0/cluster_policy.csv,policies/clusters/cluster_0/limit_buy_improvement_distribution.csv,policies/clusters/cluster_0/limit_sell_improvement_distribution.csv
OCFC,5,policies/clusters/cluster_5/cluster_policy.csv,policies/clusters/cluster_5/limit_buy_improvement_distribution.csv,policies/clusters/cluster_5/limit_sell_improvement_distribution.csv
OCSI,6,policies/clusters/cluster_6/cluster_policy.csv,policies/clusters/cluster_6/limit_buy_improvement_distribution.csv,policies/clusters/cluster_6/limit_sell_improvement_distribution.csv
OCSL,8,policies/clusters/cluster_8/cluster_policy.csv,policies/clusters/cluster_8/limit_buy_improvement_distribution.csv,policies/clusters/cluster_8/limit_sell_improvement_distribution.csv
OCUL,4,policies/clusters/cluster_4/cluster_policy.csv,policies/clusters/cluster_4/limit_buy_improvement_distribution.csv,policies/clusters/cluster_4/limit_sell_improvement_distribution.csv
ODFL,7,policies/clusters/cluster_7/cluster_policy.csv,policies/clusters/cluster_7/limit_buy_improvement_distribution.csv,policies/clusters/cluster_7/limit_sell_improvement_distribution.csv
ODP,8,policies/clusters/cluster_8/cluster_policy.csv,policies/clusters/cluster_8/limit_buy_improvement_distribution.csv,policies/clusters/cluster_8/limit_sell_improvement_distribution.csv
ODT,0,policies/clusters/cluster_0/cluster_policy.csv,policies/clusters/cluster_0/limit_buy_improvement_distribution.csv,policies/clusters/cluster_0/limit_sell_improvement_distribution.csv
OFIX,0,policies/clusters/cluster_0/cluster_policy.csv,policies/clusters/cluster_0/limit_buy_improvement_distribution.csv,policies/clusters/cluster_0/limit_sell_improvement_distribution.csv
OKTA,7,policies/clusters/cluster_7/cluster_policy.csv,policies/clusters/cluster_7/limit_buy_improvement_distribution.csv,policies/clusters/cluster_7/limit_sell_improvement_distribution.csv
OLED,2,policies/clusters/cluster_2/cluster_policy.csv,policies/clusters/cluster_2/limit_buy_improvement_distribution.csv,policies/clusters/cluster_2/limit_sell_improvement_distribution.csv
OLLI,5,policies/clusters/cluster_5/cluster_policy.csv,policies/clusters/cluster_5/limit_buy_improvement_distribution.csv,policies/clusters/cluster_5/limit_sell_improvement_distribution.csv
OMCL,2,policies/clusters/cluster_2/cluster_policy.csv,policies/clusters/cluster_2/limit_buy_improvement_distribution.csv,policies/clusters/cluster_2/limit_sell_improvement_distribution.csv
OMER,3,policies/clusters/cluster_3/cluster_policy.csv,policies/clusters/cluster_3/limit_buy_improvement_distribution.csv,policies/clusters/cluster_3/limit_sell_improvement_distribution.csv
OMEX,1,policies/clusters/cluster_1/cluster_policy.csv,policies/clusters/cluster_1/limit_buy_improvement_distribution.csv,policies/clusters/cluster_1/limit_sell_improvement_distribution.csv
ON,9,policies/clusters/cluster_9/cluster_policy.csv,policies/clusters/cluster_9/limit_buy_improvement_distribution.csv,policies/clusters/cluster_9/limit_sell_improvement_distribution.csv
ONB,6,policies/clusters/cluster_6/cluster_policy.csv,policies/clusters/cluster_6/limit_buy_improvement_distribution.csv,policies/clusters/cluster_6/limit_sell_improvement_distribution.csv
OPB,3,policies/clusters/cluster_3/cluster_policy.csv,policies/clusters/cluster_3/limit_buy_improvement_distribution.csv,policies/clusters/cluster_3/limit_sell_improvement_distribution.csv
OPBK,1,policies/clusters/cluster_1/cluster_policy.csv,policies/clusters/cluster_1/limit_buy_improvement_distribution.csv,policies/clusters/cluster_1/limit_sell_improvement_distribution.csv
OPK,8,policies/clusters/cluster_8/cluster_policy.csv,policies/clusters/cluster_8/limit_buy_improvement_distribution.csv,policies/clusters/cluster_8/limit_sell_improvement_distribution.csv
OPNT,1,policies/clusters/cluster_1/cluster_policy.csv,policies/clusters/cluster_1/limit_buy_improvement_distribution.csv,policies/clusters/cluster_1/limit_sell_improvement_distribution.csv
OPRX,1,policies/clusters/cluster_1/cluster_policy.csv,policies/clusters/cluster_1/limit_buy_improvement_distribution.csv,policies/clusters/cluster_1/limit_sell_improvement_distribution.csv
OPTN,1,policies/clusters/cluster_1/cluster_policy.csv,policies/clusters/cluster_1/limit_buy_improvement_distribution.csv,policies/clusters/cluster_1/limit_sell_improvement_distribution.csv
ORBC,4,policies/clusters/cluster_4/cluster_policy.csv,policies/clusters/cluster_4/limit_buy_improvement_distribution.csv,policies/clusters/cluster_4/limit_sell_improvement_distribution.csv
ORGS,4,policies/clusters/cluster_4/cluster_policy.csv,policies/clusters/cluster_4/limit_buy_improvement_distribution.csv,policies/clusters/cluster_4/limit_sell_improvement_distribution.csv
ORLY,7,policies/clusters/cluster_7/cluster_policy.csv,policies/clusters/cluster_7/limit_buy_improvement_distribution.csv,policies/clusters/cluster_7/limit_sell_improvement_distribution.csv
ORMP,4,policies/clusters/cluster_4/cluster_policy.csv,policies/clusters/cluster_4/limit_buy_improvement_distribution.csv,policies/clusters/cluster_4/limit_sell_improvement_distribution.csv
OSBC,6,policies/clusters/cluster_6/cluster_policy.csv,policies/clusters/cluster_6/limit_buy_improvement_distribution.csv,policies/clusters/cluster_6/limit_sell_improvement_distribution.csv
OSIS,2,policies/clusters/cluster_2/cluster_policy.csv,policies/clusters/cluster_2/limit_buy_improvement_distribution.csv,policies/clusters/cluster_2/limit_sell_improvement_distribution.csv
OSPN,3,policies/clusters/cluster_3/cluster_policy.csv,policies/clusters/cluster_3/limit_buy_improvement_distribution.csv,policies/clusters/cluster_3/limit_sell_improvement_distribution.csv
OSTK,4,policies/clusters/cluster_4/cluster_policy.csv,policies/clusters/cluster_4/limit_buy_improvement_distribution.csv,policies/clusters/cluster_4/limit_sell_improvement_distribution.csv
OSUR,6,policies/clusters/cluster_6/cluster_policy.csv,policies/clusters/cluster_6/limit_buy_improvement_distribution.csv,policies/clusters/cluster_6/limit_sell_improvement_distribution.csv
OTEX,5,policies/clusters/cluster_5/cluster_policy.csv,policies/clusters/cluster_5/limit_buy_improvement_distribution.csv,policies/clusters/cluster_5/limit_sell_improvement_distribution.csv
OTIC,4,policies/clusters/cluster_4/cluster_policy.csv,policies/clusters/cluster_4/limit_buy_improvement_distribution.csv,policies/clusters/cluster_4/limit_sell_improvement_distribution.csv
OTTR,2,policies/clusters/cluster_2/cluster_policy.csv,policies/clusters/cluster_2/limit_buy_improvement_distribution.csv,policies/clusters/cluster_2/limit_sell_improvement_distribution.csv
OVID,4,policies/clusters/cluster_4/cluster_policy.csv,policies/clusters/cluster_4/limit_buy_improvement_distribution.csv,policies/clusters/cluster_4/limit_sell_improvement_distribution.csv
OXLC,6,policies/clusters/cluster_6/cluster_policy.csv,policies/clusters/cluster_6/limit_buy_improvement_distribution.csv,policies/clusters/cluster_6/limit_sell_improvement_distribution.csv
OXSQ,4,policies/clusters/cluster_4/cluster_policy.csv,policies/clusters/cluster_4/limit_buy_improvement_distribution.csv,policies/clusters/cluster_4/limit_sell_improvement_distribution.csv
OZK,5,policies/clusters/cluster_5/cluster_policy.csv,policies/clusters/cluster_5/limit_buy_improvement_distribution.csv,policies/clusters/cluster_5/limit_sell_improvement_distribution.csv
PAAS,9,policies/clusters/cluster_9/cluster_policy.csv,policies/clusters/cluster_9/limit_buy_improvement_distribution.csv,policies/clusters/cluster_9/limit_sell_improvement_distribution.csv
PACB,8,policies/clusters/cluster_8/cluster_policy.csv,policies/clusters/cluster_8/limit_buy_improvement_distribution.csv,policies/clusters/cluster_8/limit_sell_improvement_distribution.csv
PACW,5,policies/clusters/cluster_5/cluster_policy.csv,policies/clusters/cluster_5/limit_buy_improvement_distribution.csv,policies/clusters/cluster_5/limit_sell_improvement_distribution.csv
PAHC,3,policies/clusters/cluster_3/cluster_policy.csv,policies/clusters/cluster_3/limit_buy_improvement_distribution.csv,policies/clusters/cluster_3/limit_sell_improvement_distribution.csv
PATK,2,policies/clusters/cluster_2/cluster_policy.csv,policies/clusters/cluster_2/limit_buy_improvement_distribution.csv,policies/clusters/cluster_2/limit_sell_improvement_distribution.csv
PAYX,9,policies/clusters/cluster_9/cluster_policy.csv,policies/clusters/cluster_9/limit_buy_improvement_distribution.csv,policies/clusters/cluster_9/limit_sell_improvement_distribution.csv
PBCT,9,policies/clusters/cluster_9/cluster_policy.csv,policies/clusters/cluster_9/limit_buy_improvement_distribution.csv,policies/clusters/cluster_9/limit_sell_improvement_distribution.csv
PBPB,6,policies/clusters/cluster_6/cluster_policy.csv,policies/clusters/cluster_6/limit_buy_improvement_distribution.csv,policies/clusters/cluster_6/limit_sell_improvement_distribution.csv
PBYI,1,policies/clusters/cluster_1/cluster_policy.csv,policies/clusters/cluster_1/limit_buy_improvement_distribution.csv,policies/clusters/cluster_1/limit_sell_improvement_distribution.csv
PCAR,7,policies/clusters/cluster_7/cluster_policy.csv,policies/clusters/cluster_7/limit_buy_improvement_distribution.csv,policies/clusters/cluster_7/limit_sell_improvement_distribution.csv
PCH,5,policies/clusters/cluster_5/cluster_policy.csv,policies/clusters/cluster_5/limit_buy_improvement_distribution.csv,policies/clusters/cluster_5/limit_sell_improvement_distribution.csv
PCOM,3,policies/clusters/cluster_3/cluster_policy.csv,policies/clusters/cluster_3/limit_buy_improvement_distribution.csv,policies/clusters/cluster_3/limit_sell_improvement_distribution.csv
PCRX,5,policies/clusters/cluster_5/cluster_policy.csv,policies/clusters/cluster_5/limit_buy_improvement_distribution.csv,policies/clusters/cluster_5/limit_sell_improvement_distribution.csv
PCSB,3,policies/clusters/cluster_3/cluster_policy.csv,policies/clusters/cluster_3/limit_buy_improvement_distribution.csv,policies/clusters/cluster_3/limit_sell_improvement_distribution.csv
PCTI,6,policies/clusters/cluster_6/cluster_policy.csv,policies/clusters/cluster_6/limit_buy_improvement_distribution.csv,policies/clusters/cluster_6/limit_sell_improvement_distribution.csv
PCTY,2,policies/clusters/cluster_2/cluster_policy.csv,policies/clusters/cluster_2/limit_buy_improvement_distribution.csv,policies/clusters/cluster_2/limit_sell_improvement_distribution.csv
PCYG,1,policies/clusters/cluster_1/cluster_policy.csv,policies/clusters/cluster_1/limit_buy_improvement_distribution.csv,policies/clusters/cluster_1/limit_sell_improvement_distribution.csv
PCYO,6,policies/clusters/cluster_6/cluster_policy.csv,policies/clusters/cluster_6/limit_buy_improvement_distribution.csv,policies/clusters/cluster_6/limit_sell_improvement_distribution.csv
PDCE,5,policies/clusters/cluster_5/cluster_policy.csv,policies/clusters/cluster_5/limit_buy_improvement_distribution.csv,policies/clusters/cluster_5/limit_sell_improvement_distribution.csv
PDCO,5,policies/clusters/cluster_5/cluster_policy.csv,policies/clusters/cluster_5/limit_buy_improvement_distribution.csv,policies/clusters/cluster_5/limit_sell_improvement_distribution.csv
PDFS,3,policies/clusters/cluster_3/cluster_policy.csv,policies/clusters/cluster_3/limit_buy_improvement_distribution.csv,policies/clusters/cluster_3/limit_sell_improvement_distribution.csv
PDLI,8,policies/clusters/cluster_8/cluster_policy.csv,policies/clusters/cluster_8/limit_buy_improvement_distribution.csv,policies/clusters/cluster_8/limit_sell_improvement_distribution.csv
PEBO,3,policies/clusters/cluster_3/cluster_policy.csv,policies/clusters/cluster_3/limit_buy_improvement_distribution.csv,policies/clusters/cluster_3/limit_sell_improvement_distribution.csv
PEGA,2,policies/clusters/cluster_2/cluster_policy.csv,policies/clusters/cluster_2/limit_buy_improvement_distribution.csv,policies/clusters/cluster_2/limit_sell_improvement_distribution.csv
PEGI,5,policies/clusters/cluster_5/cluster_policy.csv,policies/clusters/cluster_5/limit_buy_improvement_distribution.csv,policies/clusters/cluster_5/limit_sell_improvement_distribution.csv
PENN,5,policies/clusters/cluster_5/cluster_policy.csv,policies/clusters/cluster_5/limit_buy_improvement_distribution.csv,policies/clusters/cluster_5/limit_sell_improvement_distribution.csv
PEP,9,policies/clusters/cluster_9/cluster_policy.csv,policies/clusters/cluster_9/limit_buy_improvement_distribution.csv,policies/clusters/cluster_9/limit_sell_improvement_distribution.csv
PETQ,3,policies/clusters/cluster_3/cluster_policy.csv,policies/clusters/cluster_3/limit_buy_improvement_distribution.csv,policies/clusters/cluster_3/limit_sell_improvement_distribution.csv
PETS,5,policies/clusters/cluster_5/cluster_policy.csv,policies/clusters/cluster_5/limit_buy_improvement_distribution.csv,policies/clusters/cluster_5/limit_sell_improvement_distribution.csv
PFBC,2,policies/clusters/cluster_2/cluster_policy.csv,policies/clusters/cluster_2/limit_buy_improvement_distribution.csv,policies/clusters/cluster_2/limit_sell_improvement_distribution.csv
PFBI,1,policies/clusters/cluster_1/cluster_policy.csv,policies/clusters/cluster_1/limit_buy_improvement_distribution.csv,policies/clusters/cluster_1/limit_sell_improvement_distribution.csv
PFG,5,policies/clusters/cluster_5/cluster_policy.csv,policies/clusters/cluster_5/limit_buy_improvement_distribution.csv,policies/clusters/cluster_5/limit_sell_improvement_distribution.csv
PFIE,4,policies/clusters/cluster_4/cluster_policy.csv,policies/clusters/cluster_4/limit_buy_improvement_distribution.csv,policies/clusters/cluster_4/limit_sell_improvement_distribution.csv
PFLT,6,policies/clusters/cluster_6/cluster_policy.csv,policies/clusters/cluster_6/limit_buy_improvement_distribution.csv,policies/clusters/cluster_6/limit_sell_improvement_distribution.csv
PFPT,2,policies/clusters/cluster_2/cluster_policy.csv,policies/clusters/cluster_2/limit_buy_improvement_distribution.csv,policies/clusters/cluster_2/limit_sell_improvement_distribution.csv
PFSW,1,policies/clusters/cluster_1/cluster_policy.csv,policies/clusters/cluster_1/limit_buy_improvement_distribution.csv,policies/clusters/cluster_1/limit_sell_improvement_distribution.csv
PGC,3,policies/clusters/cluster_3/cluster_policy.csv,policies/clusters/cluster_3/limit_buy_improvement_distribution.csv,policies/clusters/cluster_3/limit_sell_improvement_distribution.csv
PGNX,8,policies/clusters/cluster_8/cluster_policy.csv,policies/clusters/cluster_8/limit_buy_improvement_distribution.csv,policies/clusters/cluster_8/limit_sell_improvement_distribution.csv
PI,3,policies/clusters/cluster_3/cluster_policy.csv,policies/clusters/cluster_3/limit_buy_improvement_distribution.csv,policies/clusters/cluster_3/limit_sell_improvement_distribution.csv
PICO,3,policies/clusters/cluster_3/cluster_policy.csv,policies/clusters/cluster_3/limit_buy_improvement_distribution.csv,policies/clusters/cluster_3/limit_sell_improvement_distribution.csv
PINC,5,policies/clusters/cluster_5/cluster_policy.csv,policies/clusters/cluster_5/limit_buy_improvement_distribution.csv,policies/clusters/cluster_5/limit_sell_improvement_distribution.csv
PIRS,4,policies/clusters/cluster_4/cluster_policy.csv,policies/clusters/cluster_4/limit_buy_improvement_distribution.csv,policies/clusters/cluster_4/limit_sell_improvement_distribution.csv
PKOH,0,policies/clusters/cluster_0/cluster_policy.csv,policies/clusters/cluster_0/limit_buy_improvement_distribution.csv,policies/clusters/cluster_0/limit_sell_improvement_distribution.csv
PLAB,6,policies/clusters/cluster_6/cluster_policy.csv,policies/clusters/cluster_6/limit_buy_improvement_distribution.csv,policies/clusters/cluster_6/limit_sell_improvement_distribution.csv
PLAY,5,policies/clusters/cluster_5/cluster_policy.csv,policies/clusters/cluster_5/limit_buy_improvement_distribution.csv,policies/clusters/cluster_5/limit_sell_improvement_distribution.csv
PLCE,2,policies/clusters/cluster_2/cluster_policy.csv,policies/clusters/cluster_2/limit_buy_improvement_distribution.csv,policies/clusters/cluster_2/limit_sell_improvement_distribution.csv
PLPC,0,policies/clusters/cluster_0/cluster_policy.csv,policies/clusters/cluster_0/limit_buy_improvement_distribution.csv,policies/clusters/cluster_0/limit_sell_improvement_distribution.csv
PLUG,8,policies/clusters/cluster_8/cluster_policy.csv,policies/clusters/cluster_8/limit_buy_improvement_distribution.csv,policies/clusters/cluster_8/limit_sell_improvement_distribution.csv
PLUS,0,policies/clusters/cluster_0/cluster_policy.csv,policies/clusters/cluster_0/limit_buy_improvement_distribution.csv,policies/clusters/cluster_0/limit_sell_improvement_distribution.csv
PLXS,2,policies/clusters/cluster_2/cluster_policy.csv,policies/clusters/cluster_2/limit_buy_improvement_distribution.csv,policies/clusters/cluster_2/limit_sell_improvement_distribution.csv
PMBC,3,policies/clusters/cluster_3/cluster_policy.csv,policies/clusters/cluster_3/limit_buy_improvement_distribution.csv,policies/clusters/cluster_3/limit_sell_improvement_distribution.csv
PMD,3,policies/clusters/cluster_3/cluster_policy.csv,policies/clusters/cluster_3/limit_buy_improvement_distribution.csv,policies/clusters/cluster_3/limit_sell_improvement_distribution.csv
PNFP,5,policies/clusters/cluster_5/cluster_policy.csv,policies/clusters/cluster_5/limit_buy_improvement_distribution.csv,policies/clusters/cluster_5/limit_sell_improvement_distribution.csv
PNNT,6,policies/clusters/cluster_6/cluster_policy.csv,policies/clusters/cluster_6/limit_buy_improvement_distribution.csv,policies/clusters/cluster_6/limit_sell_improvement_distribution.csv
PODD,2,policies/clusters/cluster_2/cluster_policy.csv,policies/clusters/cluster_2/limit_buy_improvement_distribution.csv,policies/clusters/cluster_2/limit_sell_improvement_distribution.csv
POOL,2,policies/clusters/cluster_2/cluster_policy.csv,policies/clusters/cluster_2/limit_buy_improvement_distribution.csv,policies/clusters/cluster_2/limit_sell_improvement_distribution.csv
POWI,2,policies/clusters/cluster_2/cluster_policy.csv,policies/clusters/cluster_2/limit_buy_improvement_distribution.csv,policies/clusters/cluster_2/limit_sell_improvement_distribution.csv
POWL,0,policies/clusters/cluster_0/cluster_policy.csv,policies/clusters/cluster_0/limit_buy_improvement_distribution.csv,policies/clusters/cluster_0/limit_sell_improvement_distribution.csv
PPBI,5,policies/clusters/cluster_5/cluster_policy.csv,policies/clusters/cluster_5/limit_buy_improvement_distribution.csv,policies/clusters/cluster_5/limit_sell_improvement_distribution.csv
PPC,5,policies/clusters/cluster_5/cluster_policy.csv,policies/clusters/cluster_5/limit_buy_improvement_distribution.csv,policies/clusters/cluster_5/limit_sell_improvement_distribution.csv
PRAA,5,policies/clusters/cluster_5/cluster_policy.csv,policies/clusters/cluster_5/limit_buy_improvement_distribution.csv,policies/clusters/cluster_5/limit_sell_improvement_distribution.csv
PRAH,2,policies/clusters/cluster_2/cluster_policy.csv,policies/clusters/cluster_2/limit_buy_improvement_distribution.csv,policies/clusters/cluster_2/limit_sell_improvement_distribution.csv
PRFT,5,policies/clusters/cluster_5/cluster_policy.csv,policies/clusters/cluster_5/limit_buy_improvement_distribution.csv,policies/clusters/cluster_5/limit_sell_improvement_distribution.csv
PRGS,5,policies/clusters/cluster_5/cluster_policy.csv,policies/clusters/cluster_5/limit_buy_improvement_distribution.csv,policies/clusters/cluster_5/limit_sell_improvement_distribution.csv
PRGX,1,policies/clusters/cluster_1/cluster_policy.csv,policies/clusters/cluster_1/limit_buy_improvement_distribution.csv,policies/clusters/cluster_1/limit_sell_improvement_distribution.csv
PRIM,3,policies/clusters/cluster_3/cluster_policy.csv,policies/clusters/cluster_3/limit_buy_improvement_distribution.csv,policies/clusters/cluster_3/limit_sell_improvement_distribution.csv
PRMW,6,policies/clusters/cluster_6/cluster_policy.csv,policies/clusters/cluster_6/limit_buy_improvement_distribution.csv,policies/clusters/cluster_6/limit_sell_improvement_distribution.csv
PRPL,1,policies/clusters/cluster_1/cluster_policy.csv,policies/clusters/cluster_1/limit_buy_improvement_distribution.csv,policies/clusters/cluster_1/limit_sell_improvement_distribution.csv
PRSC,0,policies/clusters/cluster_0/cluster_policy.csv,policies/clusters/cluster_0/limit_buy_improvement_distribution.csv,policies/clusters/cluster_0/limit_sell_improvement_distribution.csv
PRTK,4,policies/clusters/cluster_4/cluster_policy.csv,policies/clusters/cluster_4/limit_buy_improvement_distribution.csv,policies/clusters/cluster_4/limit_sell_improvement_distribution.csv
PS,5,policies/clusters/cluster_5/cluster_policy.csv,policies/clusters/cluster_5/limit_buy_improvement_distribution.csv,policies/clusters/cluster_5/limit_sell_improvement_distribution.csv
PSEC,8,policies/clusters/cluster_8/cluster_policy.csv,policies/clusters/cluster_8/limit_buy_improvement_distribution.csv,policies/clusters/cluster_8/limit_sell_improvement_distribution.csv
PSMT,2,policies/clusters/cluster_2/cluster_policy.csv,policies/clusters/cluster_2/limit_buy_improvement_distribution.csv,policies/clusters/cluster_2/limit_sell_improvement_distribution.csv
PTC,5,policies/clusters/cluster_5/cluster_policy.csv,policies/clusters/cluster_5/limit_buy_improvement_distribution.csv,policies/clusters/cluster_5/limit_sell_improvement_distribution.csv
PTCT,2,policies/clusters/cluster_2/cluster_policy.csv,policies/clusters/cluster_2/limit_buy_improvement_distribution.csv,policies/clusters/cluster_2/limit_sell_improvement_distribution.csv
PTE,4,policies/clusters/cluster_4/cluster_policy.csv,policies/clusters/cluster_4/limit_buy_improvement_distribution.csv,policies/clusters/cluster_4/limit_sell_improvement_distribution.csv
PTEN,9,policies/clusters/cluster_9/cluster_policy.csv,policies/clusters/cluster_9/limit_buy_improvement_distribution.csv,policies/clusters/cluster_9/limit_sell_improvement_distribution.csv
PTGX,1,policies/clusters/cluster_1/cluster_policy.csv,policies/clusters/cluster_1/limit_buy_improvement_distribution.csv,policies/clusters/cluster_1/limit_sell_improvement_distribution.csv
PTLA,5,policies/clusters/cluster_5/cluster_policy.csv,policies/clusters/cluster_5/limit_buy_improvement_distribution.csv,policies/clusters/cluster_5/limit_sell_improvement_distribution.csv
PTVCB,3,policies/clusters/cluster_3/cluster_policy.csv,policies/clusters/cluster_3/limit_buy_improvement_distribution.csv,policies/clusters/cluster_3/limit_sell_improvement_distribution.csv
PUB,0,policies/clusters/cluster_0/cluster_policy.csv,policies/clusters/cluster_0/limit_buy_improvement_distribution.csv,policies/clusters/cluster_0/limit_sell_improvement_distribution.csv
PVAC,3,policies/clusters/cluster_3/cluster_policy.csv,policies/clusters/cluster_3/limit_buy_improvement_distribution.csv,policies/clusters/cluster_3/limit_sell_improvement_distribution.csv
PXLW,4,policies/clusters/cluster_4/cluster_policy.csv,policies/clusters/cluster_4/limit_buy_improvement_distribution.csv,policies/clusters/cluster_4/limit_sell_improvement_distribution.csv
PXS,4,policies/clusters/cluster_4/cluster_policy.csv,policies/clusters/cluster_4/limit_buy_improvement_distribution.csv,policies/clusters/cluster_4/limit_sell_improvement_distribution.csv
PYPL,9,policies/clusters/cluster_9/cluster_policy.csv,policies/clusters/cluster_9/limit_buy_improvement_distribution.csv,policies/clusters/cluster_9/limit_sell_improvement_distribution.csv
PZZA,5,policies/clusters/cluster_5/cluster_policy.csv,policies/clusters/cluster_5/limit_buy_improvement_distribution.csv,policies/clusters/cluster_5/limit_sell_improvement_distribution.csv
QADA,0,policies/clusters/cluster_0/cluster_policy.csv,policies/clusters/cluster_0/limit_buy_improvement_distribution.csv,policies/clusters/cluster_0/limit_sell_improvement_distribution.csv
QCOM,9,policies/clusters/cluster_9/cluster_policy.csv,policies/clusters/cluster_9/limit_buy_improvement_distribution.csv,policies/clusters/cluster_9/limit_sell_improvement_distribution.csv
QCRH,0,policies/clusters/cluster_0/cluster_policy.csv,policies/clusters/cluster_0/limit_buy_improvement_distribution.csv,policies/clusters/cluster_0/limit_sell_improvement_distribution.csv
QDEL,2,policies/clusters/cluster_2/cluster_policy.csv,policies/clusters/cluster_2/limit_buy_improvement_distribution.csv,policies/clusters/cluster_2/limit_sell_improvement_distribution.csv
QNST,6,policies/clusters/cluster_6/cluster_policy.csv,policies/clusters/cluster_6/limit_buy_improvement_distribution.csv,policies/clusters/cluster_6/limit_sell_improvement_distribution.csv
QRTEA,8,policies/clusters/cluster_8/cluster_policy.csv,policies/clusters/cluster_8/limit_buy_improvement_distribution.csv,policies/clusters/cluster_8/limit_sell_improvement_distribution.csv
QRVO,7,policies/clusters/cluster_7/cluster_policy.csv,policies/clusters/cluster_7/limit_buy_improvement_distribution.csv,policies/clusters/cluster_7/limit_sell_improvement_distribution.csv
QTRX,0,policies/clusters/cluster_0/cluster_policy.csv,policies/clusters/cluster_0/limit_buy_improvement_distribution.csv,policies/clusters/cluster_0/limit_sell_improvement_distribution.csv
RAIL,4,policies/clusters/cluster_4/cluster_policy.csv,policies/clusters/cluster_4/limit_buy_improvement_distribution.csv,policies/clusters/cluster_4/limit_sell_improvement_distribution.csv
RARE,2,policies/clusters/cluster_2/cluster_policy.csv,policies/clusters/cluster_2/limit_buy_improvement_distribution.csv,policies/clusters/cluster_2/limit_sell_improvement_distribution.csv
RARX,3,policies/clusters/cluster_3/cluster_policy.csv,policies/clusters/cluster_3/limit_buy_improvement_distribution.csv,policies/clusters/cluster_3/limit_sell_improvement_distribution.csv
RAVN,3,policies/clusters/cluster_3/cluster_policy.csv,policies/clusters/cluster_3/limit_buy_improvement_distribution.csv,policies/clusters/cluster_3/limit_sell_improvement_distribution.csv
RBB,3,policies/clusters/cluster_3/cluster_policy.csv,policies/clusters/cluster_3/limit_buy_improvement_distribution.csv,policies/clusters/cluster_3/limit_sell_improvement_distribution.csv
RBBN,4,policies/clusters/cluster_4/cluster_policy.csv,policies/clusters/cluster_4/limit_buy_improvement_distribution.csv,policies/clusters/cluster_4/limit_sell_improvement_distribution.csv
RBCAA,0,policies/clusters/cluster_0/cluster_policy.csv,policies/clusters/cluster_0/limit_buy_improvement_distribution.csv,policies/clusters/cluster_0/limit_sell_improvement_distribution.csv
RCII,5,policies/clusters/cluster_5/cluster_policy.csv,policies/clusters/cluster_5/limit_buy_improvement_distribution.csv,policies/clusters/cluster_5/limit_sell_improvement_distribution.csv
RCKY,0,policies/clusters/cluster_0/cluster_policy.csv,policies/clusters/cluster_0/limit_buy_improvement_distribution.csv,policies/clusters/cluster_0/limit_sell_improvement_distribution.csv
RCM,6,policies/clusters/cluster_6/cluster_policy.csv,policies/clusters/cluster_6/limit_buy_improvement_distribution.csv,policies/clusters/cluster_6/limit_sell_improvement_distribution.csv
RDFN,5,policies/clusters/cluster_5/cluster_policy.csv,policies/clusters/cluster_5/limit_buy_improvement_distribution.csv,policies/clusters/cluster_5/limit_sell_improvement_distribution.csv
RDI,3,policies/clusters/cluster_3/cluster_policy.csv,policies/clusters/cluster_3/limit_buy_improvement_distribution.csv,policies/clusters/cluster_3/limit_sell_improvement_distribution.csv
RDNT,3,policies/clusters/cluster_3/cluster_policy.csv,policies/clusters/cluster_3/limit_buy_improvement_distribution.csv,policies/clusters/cluster_3/limit_sell_improvement_distribution.csv
RDUS,3,policies/clusters/cluster_3/cluster_policy.csv,policies/clusters/cluster_3/limit_buy_improvement_distribution.csv,policies/clusters/cluster_3/limit_sell_improvement_distribution.csv
RDVT,1,policies/clusters/cluster_1/cluster_policy.csv,policies/clusters/cluster_1/limit_buy_improvement_distribution.csv,policies/clusters/cluster_1/limit_sell_improvement_distribution.csv
RECN,3,policies/clusters/cluster_3/cluster_policy.csv,policies/clusters/cluster_3/limit_buy_improvement_distribution.csv,policies/clusters/cluster_3/limit_sell_improvement_distribution.csv
REFR,4,policies/clusters/cluster_4/cluster_policy.csv,policies/clusters/cluster_4/limit_buy_improvement_distribution.csv,policies/clusters/cluster_4/limit_sell_improvement_distribution.csv
REG,5,policies/clusters/cluster_5/cluster_policy.csv,policies/clusters/cluster_5/limit_buy_improvement_distribution.csv,policies/clusters/cluster_5/limit_sell_improvement_distribution.csv
REGI,5,policies/clusters/cluster_5/cluster_policy.csv,policies/clusters/cluster_5/limit_buy_improvement_distribution.csv,policies/clusters/cluster_5/limit_sell_improvement_distribution.csv
REGN,7,policies/clusters/cluster_7/cluster_policy.csv,policies/clusters/cluster_7/limit_buy_improvement_distribution.csv,policies/clusters/cluster_7/limit_sell_improvement_distribution.csv
REPH,3,policies/clusters/cluster_3/cluster_policy.csv,policies/clusters/cluster_3/limit_buy_improvement_distribution.csv,policies/clusters/cluster_3/limit_sell_improvement_distribution.csv
REPL,0,policies/clusters/cluster_0/cluster_policy.csv,policies/clusters/cluster_0/limit_buy_improvement_distribution.csv,policies/clusters/cluster_0/limit_sell_improvement_distribution.csv
RESN,4,policies/clusters/cluster_4/cluster_policy.csv,policies/clusters/cluster_4/limit_buy_improvement_distribution.csv,policies/clusters/cluster_4/limit_sell_improvement_distribution.csv
RETA,2,policies/clusters/cluster_2/cluster_policy.csv,policies/clusters/cluster_2/limit_buy_improvement_distribution.csv,policies/clusters/cluster_2/limit_sell_improvement_distribution.csv
RFIL,8,policies/clusters/cluster_8/cluster_policy.csv,policies/clusters/cluster_8/limit_buy_improvement_distribution.csv,policies/clusters/cluster_8/limit_sell_improvement_distribution.csv
RGEN,2,policies/clusters/cluster_2/cluster_policy.csv,policies/clusters/cluster_2/limit_buy_improvement_distribution.csv,policies/clusters/cluster_2/limit_sell_improvement_distribution.csv
RGLD,2,policies/clusters/cluster_2/cluster_policy.csv,policies/clusters/cluster_2/limit_buy_improvement_distribution.csv,policies/clusters/cluster_2/limit_sell_improvement_distribution.csv
RGNX,2,policies/clusters/cluster_2/cluster_policy.csv,policies/clusters/cluster_2/limit_buy_improvement_distribution.csv,policies/clusters/cluster_2/limit_sell_improvement_distribution.csv
RIBT,4,policies/clusters/cluster_4/cluster_policy.csv,policies/clusters/cluster_4/limit_buy_improvement_distribution.csv,policies/clusters/cluster_4/limit_sell_improvement_distribution.csv
RIGL,8,policies/clusters/cluster_8/cluster_policy.csv,policies/clusters/cluster_8/limit_buy_improvement_distribution.csv,policies/clusters/cluster_8/limit_sell_improvement_distribution.csv
RILY,3,policies/clusters/cluster_3/cluster_policy.csv,policies/clusters/cluster_3/limit_buy_improvement_distribution.csv,policies/clusters/cluster_3/limit_sell_improvement_distribution.csv
RIOT,4,policies/clusters/cluster_4/cluster_policy.csv,policies/clusters/cluster_4/limit_buy_improvement_distribution.csv,policies/clusters/cluster_4/limit_sell_improvement_distribution.csv
RMBS,6,policies/clusters/cluster_6/cluster_policy.csv,policies/clusters/cluster_6/limit_buy_improvement_distribution.csv,policies/clusters/cluster_6/limit_sell_improvement_distribution.csv
RMNI,1,policies/clusters/cluster_1/cluster_policy.csv,policies/clusters/cluster_1/limit_buy_improvement_distribution.csv,policies/clusters/cluster_1/limit_sell_improvement_distribution.csv
RMR,0,policies/clusters/cluster_0/cluster_policy.csv,policies/clusters/cluster_0/limit_buy_improvement_distribution.csv,policies/clusters/cluster_0/limit_sell_improvement_distribution.csv
RMTI,4,policies/clusters/cluster_4/cluster_policy.csv,policies/clusters/cluster_4/limit_buy_improvement_distribution.csv,policies/clusters/cluster_4/limit_sell_improvement_distribution.csv
RNET,1,policies/clusters/cluster_1/cluster_policy.csv,policies/clusters/cluster_1/limit_buy_improvement_distribution.csv,policies/clusters/cluster_1/limit_sell_improvement_distribution.csv
RNST,5,policies/clusters/cluster_5/cluster_policy.csv,policies/clusters/cluster_5/limit_buy_improvement_distribution.csv,policies/clusters/cluster_5/limit_sell_improvement_distribution.csv
ROAD,1,policies/clusters/cluster_1/cluster_policy.csv,policies/clusters/cluster_1/limit_buy_improvement_distribution.csv,policies/clusters/cluster_1/limit_sell_improvement_distribution.csv
ROCK,3,policies/clusters/cluster_3/cluster_policy.csv,policies/clusters/cluster_3/limit_buy_improvement_distribution.csv,policies/clusters/cluster_3/limit_sell_improvement_distribution.csv
ROIC,6,policies/clusters/cluster_6/cluster_policy.csv,policies/clusters/cluster_6/limit_buy_improvement_distribution.csv,policies/clusters/cluster_6/limit_sell_improvement_distribution.csv
ROKU,7,policies/clusters/cluster_7/cluster_policy.csv,policies/clusters/cluster_7/limit_buy_improvement_distribution.csv,policies/clusters/cluster_7/limit_sell_improvement_distribution.csv
ROLL,2,policies/clusters/cluster_2/cluster_policy.csv,policies/clusters/cluster_2/limit_buy_improvement_distribution.csv,policies/clusters/cluster_2/limit_sell_improvement_distribution.csv
ROSE,4,policies/clusters/cluster_4/cluster_policy.csv,policies/clusters/cluster_4/limit_buy_improvement_distribution.csv,policies/clusters/cluster_4/limit_sell_improvement_distribution.csv
ROST,7,policies/clusters/cluster_7/cluster_policy.csv,policies/clusters/cluster_7/limit_buy_improvement_distribution.csv,policies/clusters/cluster_7/limit_sell_improvement_distribution.csv
RP,5,policies/clusters/cluster_5/cluster_policy.csv,policies/clusters/cluster_5/limit_buy_improvement_distribution.csv,policies/clusters/cluster_5/limit_sell_improvement_distribution.csv
RPD,2,policies/clusters/cluster_2/cluster_policy.csv,policies/clusters/cluster_2/limit_buy_improvement_distribution.csv,policies/clusters/cluster_2/limit_sell_improvement_distribution.csv
RRGB,3,policies/clusters/cluster_3/cluster_policy.csv,policies/clusters/cluster_3/limit_buy_improvement_distribution.csv,policies/clusters/cluster_3/limit_sell_improvement_distribution.csv
RRR,5,policies/clusters/cluster_5/cluster_policy.csv,policies/clusters/cluster_5/limit_buy_improvement_distribution.csv,policies/clusters/cluster_5/limit_sell_improvement_distribution.csv
RTIX,4,policies/clusters/cluster_4/cluster_policy.csv,policies/clusters/cluster_4/limit_buy_improvement_distribution.csv,policies/clusters/cluster_4/limit_sell_improvement_distribution.csv
RTRX,3,policies/clusters/cluster_3/cluster_policy.csv,policies/clusters/cluster_3/limit_buy_improvement_distribution.csv,policies/clusters/cluster_3/limit_sell_improvement_distribution.csv
RUBY,1,policies/clusters/cluster_1/cluster_policy.csv,policies/clusters/cluster_1/limit_buy_improvement_distribution.csv,policies/clusters/cluster_1/limit_sell_improvement_distribution.csv
RUN,5,policies/clusters/cluster_5/cluster_policy.csv,policies/clusters/cluster_5/limit_buy_improvement_distribution.csv,policies/clusters/cluster_5/limit_sell_improvement_distribution.csv
RUSHA,2,policies/clusters/cluster_2/cluster_policy.csv,policies/clusters/cluster_2/limit_buy_improvement_distribution.csv,policies/clusters/cluster_2/limit_sell_improvement_distribution.csv
RUTH,3,policies/clusters/cluster_3/cluster_policy.csv,policies/clusters/cluster_3/limit_buy_improvement_distribution.csv,policies/clusters/cluster_3/limit_sell_improvement_distribution.csv
RVNC,3,policies/clusters/cluster_3/cluster_policy.csv,policies/clusters/cluster_3/limit_buy_improvement_distribution.csv,policies/clusters/cluster_3/limit_sell_improvement_distribution.csv
RVSB,3,policies/clusters/cluster_3/cluster_policy.csv,policies/clusters/cluster_3/limit_buy_improvement_distribution.csv,policies/clusters/cluster_3/limit_sell_improvement_distribution.csv
RYTM,0,policies/clusters/cluster_0/cluster_policy.csv,policies/clusters/cluster_0/limit_buy_improvement_distribution.csv,policies/clusters/cluster_0/limit_sell_improvement_distribution.csv
SABR,9,policies/clusters/cluster_9/cluster_policy.csv,policies/clusters/cluster_9/limit_buy_improvement_distribution.csv,policies/clusters/cluster_9/limit_sell_improvement_distribution.csv
SAFM,2,policies/clusters/cluster_2/cluster_policy.csv,policies/clusters/cluster_2/limit_buy_improvement_distribution.csv,policies/clusters/cluster_2/limit_sell_improvement_distribution.csv
SAFT,2,policies/clusters/cluster_2/cluster_policy.csv,policies/clusters/cluster_2/limit_buy_improvement_distribution.csv,policies/clusters/cluster_2/limit_sell_improvement_distribution.csv
SAGE,2,policies/clusters/cluster_2/cluster_policy.csv,policies/clusters/cluster_2/limit_buy_improvement_distribution.csv,policies/clusters/cluster_2/limit_sell_improvement_distribution.csv
SAIA,2,policies/clusters/cluster_2/cluster_policy.csv,policies/clusters/cluster_2/limit_buy_improvement_distribution.csv,policies/clusters/cluster_2/limit_sell_improvement_distribution.csv
SAMG,1,policies/clusters/cluster_1/cluster_policy.csv,policies/clusters/cluster_1/limit_buy_improvement_distribution.csv,policies/clusters/cluster_1/limit_sell_improvement_distribution.csv
SANM,5,policies/clusters/cluster_5/cluster_policy.csv,policies/clusters/cluster_5/limit_buy_improvement_distribution.csv,policies/clusters/cluster_5/limit_sell_improvement_distribution.csv
SASR,3,policies/clusters/cluster_3/cluster_policy.csv,policies/clusters/cluster_3/limit_buy_improvement_distribution.csv,policies/clusters/cluster_3/limit_sell_improvement_distribution.csv
SATS,5,policies/clusters/cluster_5/cluster_policy.csv,policies/clusters/cluster_5/limit_buy_improvement_distribution.csv,policies/clusters/cluster_5/limit_sell_improvement_distribution.csv
SBAC,7,policies/clusters/cluster_7/cluster_policy.csv,policies/clusters/cluster_7/limit_buy_improvement_distribution.csv,policies/clusters/cluster_7/limit_sell_improvement_distribution.csv
SBCF,3,policies/clusters/cluster_3/cluster_policy.csv,policies/clusters/cluster_3/limit_buy_improvement_distribution.csv,policies/clusters/cluster_3/limit_sell_improvement_distribution.csv
SBGI,5,policies/clusters/cluster_5/cluster_policy.csv,policies/clusters/cluster_5/limit_buy_improvement_distribution.csv,policies/clusters/cluster_5/limit_sell_improvement_distribution.csv
SBLK,6,policies/clusters/cluster_6/cluster_policy.csv,policies/clusters/cluster_6/limit_buy_improvement_distribution.csv,policies/clusters/cluster_6/limit_sell_improvement_distribution.csv
SBNY,2,policies/clusters/cluster_2/cluster_policy.csv,policies/clusters/cluster_2/limit_buy_improvement_distribution.csv,policies/clusters/cluster_2/limit_sell_improvement_distribution.csv
SBPH,4,policies/clusters/cluster_4/cluster_policy.csv,policies/clusters/cluster_4/limit_buy_improvement_distribution.csv,policies/clusters/cluster_4/limit_sell_improvement_distribution.csv
SBRA,6,policies/clusters/cluster_6/cluster_policy.csv,policies/clusters/cluster_6/limit_buy_improvement_distribution.csv,policies/clusters/cluster_6/limit_sell_improvement_distribution.csv
SBSI,3,policies/clusters/cluster_3/cluster_policy.csv,policies/clusters/cluster_3/limit_buy_improvement_distribution.csv,policies/clusters/cluster_3/limit_sell_improvement_distribution.csv
SBT,1,policies/clusters/cluster_1/cluster_policy.csv,policies/clusters/cluster_1/limit_buy_improvement_distribution.csv,policies/clusters/cluster_1/limit_sell_improvement_distribution.csv
SBUX,9,policies/clusters/cluster_9/cluster_policy.csv,policies/clusters/cluster_9/limit_buy_improvement_distribution.csv,policies/clusters/cluster_9/limit_sell_improvement_distribution.csv
SCHL,3,policies/clusters/cluster_3/cluster_policy.csv,policies/clusters/cluster_3/limit_buy_improvement_distribution.csv,policies/clusters/cluster_3/limit_sell_improvement_distribution.csv
SCHN,3,policies/clusters/cluster_3/cluster_policy.csv,policies/clusters/cluster_3/limit_buy_improvement_distribution.csv,policies/clusters/cluster_3/limit_sell_improvement_distribution.csv
SCOR,4,policies/clusters/cluster_4/cluster_policy.csv,policies/clusters/cluster_4/limit_buy_improvement_distribution.csv,policies/clusters/cluster_4/limit_sell_improvement_distribution.csv
SCSC,3,policies/clusters/cluster_3/cluster_policy.csv,policies/clusters/cluster_3/limit_buy_improvement_distribution.csv,policies/clusters/cluster_3/limit_sell_improvement_distribution.csv
SCVL,3,policies/clusters/cluster_3/cluster_policy.csv,policies/clusters/cluster_3/limit_buy_improvement_distribution.csv,policies/clusters/cluster_3/limit_sell_improvement_distribution.csv
SCWX,1,policies/clusters/cluster_1/cluster_policy.csv,policies/clusters/cluster_1/limit_buy_improvement_distribution.csv,policies/clusters/cluster_1/limit_sell_improvement_distribution.csv
SEAC,4,policies/clusters/cluster_4/cluster_policy.csv,policies/clusters/cluster_4/limit_buy_improvement_distribution.csv,policies/clusters/cluster_4/limit_sell_improvement_distribution.csv
SEDG,2,policies/clusters/cluster_2/cluster_policy.csv,policies/clusters/cluster_2/limit_buy_improvement_distribution.csv,policies/clusters/cluster_2/limit_sell_improvement_distribution.csv
SEIC,5,policies/clusters/cluster_5/cluster_policy.csv,policies/clusters/cluster_5/limit_buy_improvement_distribution.csv,policies/clusters/cluster_5/limit_sell_improvement_distribution.csv
SELB,4,policies/clusters/cluster_4/cluster_policy.csv,policies/clusters/cluster_4/limit_buy_improvement_distribution.csv,policies/clusters/cluster_4/limit_sell_improvement_distribution.csv
SENEA,0,policies/clusters/cluster_0/cluster_policy.csv,policies/clusters/cluster_0/limit_buy_improvement_distribution.csv,policies/clusters/cluster_0/limit_sell_improvement_distribution.csv
SFBS,3,policies/clusters/cluster_3/cluster_policy.csv,policies/clusters/cluster_3/limit_buy_improvement_distribution.csv,policies/clusters/cluster_3/limit_sell_improvement_distribution.csv
SFIX,5,policies/clusters/cluster_5/cluster_policy.csv,policies/clusters/cluster_5/limit_buy_improvement_distribution.csv,policies/clusters/cluster_5/limit_sell_improvement_distribution.csv
SFM,6,policies/clusters/cluster_6/cluster_policy.csv,policies/clusters/cluster_6/limit_buy_improvement_distribution.csv,policies/clusters/cluster_6/limit_sell_improvement_distribution.csv
SFNC,5,policies/clusters/cluster_5/cluster_policy.csv,policies/clusters/cluster_5/limit_buy_improvement_distribution.csv,policies/clusters/cluster_5/limit_sell_improvement_distribution.csv
SFST,0,policies/clusters/cluster_0/cluster_policy.csv,policies/clusters/cluster_0/limit_buy_improvement_distribution.csv,policies/clusters/cluster_0/limit_sell_improvement_distribution.csv
SGC,0,policies/clusters/cluster_0/cluster_policy.csv,policies/clusters/cluster_0/limit_buy_improvement_distribution.csv,policies/clusters/cluster_0/limit_sell_improvement_distribution.csv
SGEN,2,policies/clusters/cluster_2/cluster_policy.csv,policies/clusters/cluster_2/limit_buy_improvement_distribution.csv,policies/clusters/cluster_2/limit_sell_improvement_distribution.csv
SGMO,6,policies/clusters/cluster_6/cluster_policy.csv,policies/clusters/cluster_6/limit_buy_improvement_distribution.csv,policies/clusters/cluster_6/limit_sell_improvement_distribution.csv
SGMS,5,policies/clusters/cluster_5/cluster_policy.csv,policies/clusters/cluster_5/limit_buy_improvement_distribution.csv,policies/clusters/cluster_5/limit_sell_improvement_distribution.csv
SGRY,3,policies/clusters/cluster_3/cluster_policy.csv,policies/clusters/cluster_3/limit_buy_improvement_distribution.csv,policies/clusters/cluster_3/limit_sell_improvement_distribution.csv
SHEN,3,policies/clusters/cluster_3/cluster_policy.csv,policies/clusters/cluster_3/limit_buy_improvement_distribution.csv,policies/clusters/cluster_3/limit_sell_improvement_distribution.csv
SHOO,5,policies/clusters/cluster_5/cluster_policy.csv,policies/clusters/cluster_5/limit_buy_improvement_distribution.csv,policies/clusters/cluster_5/limit_sell_improvement_distribution.csv
SHSP,1,policies/clusters/cluster_1/cluster_policy.csv,policies/clusters/cluster_1/limit_buy_improvement_distribution.csv,policies/clusters/cluster_1/limit_sell_improvement_distribution.csv
SIBN,1,policies/clusters/cluster_1/cluster_policy.csv,policies/clusters/cluster_1/limit_buy_improvement_distribution.csv,policies/clusters/cluster_1/limit_sell_improvement_distribution.csv
SIEN,6,policies/clusters/cluster_6/cluster_policy.csv,policies/clusters/cluster_6/limit_buy_improvement_distribution.csv,policies/clusters/cluster_6/limit_sell_improvement_distribution.csv
SIGA,4,policies/clusters/cluster_4/cluster_policy.csv,policies/clusters/cluster_4/limit_buy_improvement_distribution.csv,policies/clusters/cluster_4/limit_sell_improvement_distribution.csv
SIGI,2,policies/clusters/cluster_2/cluster_policy.csv,policies/clusters/cluster_2/limit_buy_improvement_distribution.csv,policies/clusters/cluster_2/limit_sell_improvement_distribution.csv
SIRI,8,policies/clusters/cluster_8/cluster_policy.csv,policies/clusters/cluster_8/limit_buy_improvement_distribution.csv,policies/clusters/cluster_8/limit_sell_improvement_distribution.csv
SIVB,7,policies/clusters/cluster_7/cluster_policy.csv,policies/clusters/cluster_7/limit_buy_improvement_distribution.csv,policies/clusters/cluster_7/limit_sell_improvement_distribution.csv
SKYW,2,policies/clusters/cluster_2/cluster_policy.csv,policies/clusters/cluster_2/limit_buy_improvement_distribution.csv,policies/clusters/cluster_2/limit_sell_improvement_distribution.csv
SLAB,2,policies/clusters/cluster_2/cluster_policy.csv,policies/clusters/cluster_2/limit_buy_improvement_distribution.csv,policies/clusters/cluster_2/limit_sell_improvement_distribution.csv
SLCT,3,policies/clusters/cluster_3/cluster_policy.csv,policies/clusters/cluster_3/limit_buy_improvement_distribution.csv,policies/clusters/cluster_3/limit_sell_improvement_distribution.csv
SLDB,1,policies/clusters/cluster_1/cluster_policy.csv,policies/clusters/cluster_1/limit_buy_improvement_distribution.csv,policies/clusters/cluster_1/limit_sell_improvement_distribution.csv
SLGN,5,policies/clusters/cluster_5/cluster_policy.csv,policies/clusters/cluster_5/limit_buy_improvement_distribution.csv,policies/clusters/cluster_5/limit_sell_improvement_distribution.csv
SLM,8,policies/clusters/cluster_8/cluster_policy.csv,policies/clusters/cluster_8/limit_buy_improvement_distribution.csv,policies/clusters/cluster_8/limit_sell_improvement_distribution.csv
SLNO,4,policies/clusters/cluster_4/cluster_policy.csv,policies/clusters/cluster_4/limit_buy_improvement_distribution.csv,policies/clusters/cluster_4/limit_sell_improvement_distribution.csv
SLP,3,policies/clusters/cluster_3/cluster_policy.csv,policies/clusters/cluster_3/limit_buy_improvement_distribution.csv,policies/clusters/cluster_3/limit_sell_improvement_distribution.csv
SLRC,6,policies/clusters/cluster_6/cluster_policy.csv,policies/clusters/cluster_6/limit_buy_improvement_distribution.csv,policies/clusters/cluster_6/limit_sell_improvement_distribution.csv
SMBC,0,policies/clusters/cluster_0/cluster_policy.csv,policies/clusters/cluster_0/limit_buy_improvement_distribution.csv,policies/clusters/cluster_0/limit_sell_improvement_distribution.csv
SMBK,0,policies/clusters/cluster_0/cluster_policy.csv,policies/clusters/cluster_0/limit_buy_improvement_distribution.csv,policies/clusters/cluster_0/limit_sell_improvement_distribution.csv
SMPL,5,policies/clusters/cluster_5/cluster_policy.csv,policies/clusters/cluster_5/limit_buy_improvement_distribution.csv,policies/clusters/cluster_5/limit_sell_improvement_distribution.csv
SMSI,4,policies/clusters/cluster_4/cluster_policy.csv,policies/clusters/cluster_4/limit_buy_improvement_distribution.csv,policies/clusters/cluster_4/limit_sell_improvement_distribution.csv
SMTC,5,policies/clusters/cluster_5/cluster_policy.csv,policies/clusters/cluster_5/limit_buy_improvement_distribution.csv,policies/clusters/cluster_5/limit_sell_improvement_distribution.csv
SNBR,5,policies/clusters/cluster_5/cluster_policy.csv,policies/clusters/cluster_5/limit_buy_improvement_distribution.csv,policies/clusters/cluster_5/limit_sell_improvement_distribution.csv
SNCR,6,policies/clusters/cluster_6/cluster_policy.csv,policies/clusters/cluster_6/limit_buy_improvement_distribution.csv,policies/clusters/cluster_6/limit_sell_improvement_distribution.csv
SND,4,policies/clusters/cluster_4/cluster_policy.csv,policies/clusters/cluster_4/limit_buy_improvement_distribution.csv,policies/clusters/cluster_4/limit_sell_improvement_distribution.csv
SNDX,1,policies/clusters/cluster_1/cluster_policy.csv,policies/clusters/cluster_1/limit_buy_improvement_distribution.csv,policies/clusters/cluster_1/limit_sell_improvement_distribution.csv
SNFCA,1,policies/clusters/cluster_1/cluster_policy.csv,policies/clusters/cluster_1/limit_buy_improvement_distribution.csv,policies/clusters/cluster_1/limit_sell_improvement_distribution.csv
SNPS,7,policies/clusters/cluster_7/cluster_policy.csv,policies/clusters/cluster_7/limit_buy_improvement_distribution.csv,policies/clusters/cluster_7/limit_sell_improvement_distribution.csv
SOHO,6,policies/clusters/cluster_6/cluster_policy.csv,policies/clusters/cluster_6/limit_buy_improvement_distribution.csv,policies/clusters/cluster_6/limit_sell_improvement_distribution.csv
SOLO,4,policies/clusters/cluster_4/cluster_policy.csv,policies/clusters/cluster_4/limit_buy_improvement_distribution.csv,policies/clusters/cluster_4/limit_sell_improvement_distribution.csv
SONA,3,policies/clusters/cluster_3/cluster_policy.csv,policies/clusters/cluster_3/limit_buy_improvement_distribution.csv,policies/clusters/cluster_3/limit_sell_improvement_distribution.csv
SONO,6,policies/clusters/cluster_6/cluster_policy.csv,policies/clusters/cluster_6/limit_buy_improvement_distribution.csv,policies/clusters/cluster_6/limit_sell_improvement_distribution.csv
SORL,4,policies/clusters/cluster_4/cluster_policy.csv,policies/clusters/cluster_4/limit_buy_improvement_distribution.csv,policies/clusters/cluster_4/limit_sell_improvement_distribution.csv
SP,3,policies/clusters/cluster_3/cluster_policy.csv,policies/clusters/cluster_3/limit_buy_improvement_distribution.csv,policies/clusters/cluster_3/limit_sell_improvement_distribution.csv
SPAR,3,policies/clusters/cluster_3/cluster_policy.csv,policies/clusters/cluster_3/limit_buy_improvement_distribution.csv,policies/clusters/cluster_3/limit_sell_improvement_distribution.csv
SPLK,7,policies/clusters/cluster_7/cluster_policy.csv,policies/clusters/cluster_7/limit_buy_improvement_distribution.csv,policies/clusters/cluster_7/limit_sell_improvement_distribution.csv
SPNE,1,policies/clusters/cluster_1/cluster_policy.csv,policies/clusters/cluster_1/limit_buy_improvement_distribution.csv,policies/clusters/cluster_1/limit_sell_improvement_distribution.csv
SPNS,3,policies/clusters/cluster_3/cluster_policy.csv,policies/clusters/cluster_3/limit_buy_improvement_distribution.csv,policies/clusters/cluster_3/limit_sell_improvement_distribution.csv
SPOK,3,policies/clusters/cluster_3/cluster_policy.csv,policies/clusters/cluster_3/limit_buy_improvement_distribution.csv,policies/clusters/cluster_3/limit_sell_improvement_distribution.csv
SPPI,4,policies/clusters/cluster_4/cluster_policy.csv,policies/clusters/cluster_4/limit_buy_improvement_distribution.csv,policies/clusters/cluster_4/limit_sell_improvement_distribution.csv
SPRO,1,policies/clusters/cluster_1/cluster_policy.csv,policies/clusters/cluster_1/limit_buy_improvement_distribution.csv,policies/clusters/cluster_1/limit_sell_improvement_distribution.csv
SPSC,2,policies/clusters/cluster_2/cluster_policy.csv,policies/clusters/cluster_2/limit_buy_improvement_distribution.csv,policies/clusters/cluster_2/limit_sell_improvement_distribution.csv
SPTN,3,policies/clusters/cluster_3/cluster_policy.csv,policies/clusters/cluster_3/limit_buy_improvement_distribution.csv,policies/clusters/cluster_3/limit_sell_improvement_distribution.csv
SPWH,6,policies/clusters/cluster_6/cluster_policy.csv,policies/clusters/cluster_6/limit_buy_improvement_distribution.csv,policies/clusters/cluster_6/limit_sell_improvement_distribution.csv
SPWR,8,policies/clusters/cluster_8/cluster_policy.csv,policies/clusters/cluster_8/limit_buy_improvement_distribution.csv,policies/clusters/cluster_8/limit_sell_improvement_distribution.csv
SRAX,4,policies/clusters/cluster_4/cluster_policy.csv,policies/clusters/cluster_4/limit_buy_improvement_distribution.csv,policies/clusters/cluster_4/limit_sell_improvement_distribution.csv
SRCE,2,policies/clusters/cluster_2/cluster_policy.csv,policies/clusters/cluster_2/limit_buy_improvement_distribution.csv,policies/clusters/cluster_2/limit_sell_improvement_distribution.csv
SRCL,5,policies/clusters/cluster_5/cluster_policy.csv,policies/clusters/cluster_5/limit_buy_improvement_distribution.csv,policies/clusters/cluster_5/limit_sell_improvement_distribution.csv
SRDX,0,policies/clusters/cluster_0/cluster_policy.csv,policies/clusters/cluster_0/limit_buy_improvement_distribution.csv,policies/clusters/cluster_0/limit_sell_improvement_distribution.csv
SRNE,8,policies/clusters/cluster_8/cluster_policy.csv,policies/clusters/cluster_8/limit_buy_improvement_distribution.csv,policies/clusters/cluster_8/limit_sell_improvement_distribution.csv
SRPT,2,policies/clusters/cluster_2/cluster_policy.csv,policies/clusters/cluster_2/limit_buy_improvement_distribution.csv,policies/clusters/cluster_2/limit_sell_improvement_distribution.csv
SRRK,1,policies/clusters/cluster_1/cluster_policy.csv,policies/clusters/cluster_1/limit_buy_improvement_distribution.csv,policies/clusters/cluster_1/limit_sell_improvement_distribution.csv
SRTS,1,policies/clusters/cluster_1/cluster_policy.csv,policies/clusters/cluster_1/limit_buy_improvement_distribution.csv,policies/clusters/cluster_1/limit_sell_improvement_distribution.csv
SSB,2,policies/clusters/cluster_2/cluster_policy.csv,policies/clusters/cluster_2/limit_buy_improvement_distribution.csv,policies/clusters/cluster_2/limit_sell_improvement_distribution.csv
SSNC,5,policies/clusters/cluster_5/cluster_policy.csv,policies/clusters/cluster_5/limit_buy_improvement_distribution.csv,policies/clusters/cluster_5/limit_sell_improvement_distribution.csv
SSP,6,policies/clusters/cluster_6/cluster_policy.csv,policies/clusters/cluster_6/limit_buy_improvement_distribution.csv,policies/clusters/cluster_6/limit_sell_improvement_distribution.csv
SSRM,5,policies/clusters/cluster_5/cluster_policy.csv,policies/clusters/cluster_5/limit_buy_improvement_distribution.csv,policies/clusters/cluster_5/limit_sell_improvement_distribution.csv
SSTI,0,policies/clusters/cluster_0/cluster_policy.csv,policies/clusters/cluster_0/limit_buy_improvement_distribution.csv,policies/clusters/cluster_0/limit_sell_improvement_distribution.csv
STAA,3,policies/clusters/cluster_3/cluster_policy.csv,policies/clusters/cluster_3/limit_buy_improvement_distribution.csv,policies/clusters/cluster_3/limit_sell_improvement_distribution.csv
STAY,6,policies/clusters/cluster_6/cluster_policy.csv,policies/clusters/cluster_6/limit_buy_improvement_distribution.csv,policies/clusters/cluster_6/limit_sell_improvement_distribution.csv
STBA,3,policies/clusters/cluster_3/cluster_policy.csv,policies/clusters/cluster_3/limit_buy_improvement_distribution.csv,policies/clusters/cluster_3/limit_sell_improvement_distribution.csv
STFC,0,policies/clusters/cluster_0/cluster_policy.csv,policies/clusters/cluster_0/limit_buy_improvement_distribution.csv,policies/clusters/cluster_0/limit_sell_improvement_distribution.csv
STIM,1,policies/clusters/cluster_1/cluster_policy.csv,policies/clusters/cluster_1/limit_buy_improvement_distribution.csv,policies/clusters/cluster_1/limit_sell_improvement_distribution.csv
STKL,4,policies/clusters/cluster_4/cluster_policy.csv,policies/clusters/cluster_4/limit_buy_improvement_distribution.csv,policies/clusters/cluster_4/limit_sell_improvement_distribution.csv
STLD,9,policies/clusters/cluster_9/cluster_policy.csv,policies/clusters/cluster_9/limit_buy_improvement_distribution.csv,policies/clusters/cluster_9/limit_sell_improvement_distribution.csv
STML,1,policies/clusters/cluster_1/cluster_policy.csv,policies/clusters/cluster_1/limit_buy_improvement_distribution.csv,policies/clusters/cluster_1/limit_sell_improvement_distribution.csv
STMP,2,policies/clusters/cluster_2/cluster_policy.csv,policies/clusters/cluster_2/limit_buy_improvement_distribution.csv,policies/clusters/cluster_2/limit_sell_improvement_distribution.csv
STNE,5,policies/clusters/cluster_5/cluster_policy.csv,policies/clusters/cluster_5/limit_buy_improvement_distribution.csv,policies/clusters/cluster_5/limit_sell_improvement_distribution.csv
STRA,2,policies/clusters/cluster_2/cluster_policy.csv,policies/clusters/cluster_2/limit_buy_improvement_distribution.csv,policies/clusters/cluster_2/limit_sell_improvement_distribution.csv
STRL,3,policies/clusters/cluster_3/cluster_policy.csv,policies/clusters/cluster_3/limit_buy_improvement_distribution.csv,policies/clusters/cluster_3/limit_sell_improvement_distribution.csv
STRO,1,policies/clusters/cluster_1/cluster_policy.csv,policies/clusters/cluster_1/limit_buy_improvement_distribution.csv,policies/clusters/cluster_1/limit_sell_improvement_distribution.csv
STX,9,policies/clusters/cluster_9/cluster_policy.csv,policies/clusters/cluster_9/limit_buy_improvement_distribution.csv,policies/clusters/cluster_9/limit_sell_improvement_distribution.csv
STXB,3,policies/clusters/cluster_3/cluster_policy.csv,policies/clusters/cluster_3/limit_buy_improvement_distribution.csv,policies/clusters/cluster_3/limit_sell_improvement_distribution.csv
SUNS,6,policies/clusters/cluster_6/cluster_policy.csv,policies/clusters/cluster_6/limit_buy_improvement_distribution.csv,policies/clusters/cluster_6/limit_sell_improvement_distribution.csv
SUPN,3,policies/clusters/cluster_3/cluster_policy.csv,policies/clusters/cluster_3/limit_buy_improvement_distribution.csv,policies/clusters/cluster_3/limit_sell_improvement_distribution.csv
SURF,4,policies/clusters/cluster_4/cluster_policy.csv,policies/clusters/cluster_4/limit_buy_improvement_distribution.csv,policies/clusters/cluster_4/limit_sell_improvement_distribution.csv
SVMK,5,policies/clusters/cluster_5/cluster_policy.csv,policies/clusters/cluster_5/limit_buy_improvement_distribution.csv,policies/clusters/cluster_5/limit_sell_improvement_distribution.csv
SWIR,6,policies/clusters/cluster_6/cluster_policy.csv,policies/clusters/cluster_6/limit_buy_improvement_distribution.csv,policies/clusters/cluster_6/limit_sell_improvement_distribution.csv
SWKS,7,policies/clusters/cluster_7/cluster_policy.csv,policies/clusters/cluster_7/limit_buy_improvement_distribution.csv,policies/clusters/cluster_7/limit_sell_improvement_distribution.csv
SYBT,0,policies/clusters/cluster_0/cluster_policy.csv,policies/clusters/cluster_0/limit_buy_improvement_distribution.csv,policies/clusters/cluster_0/limit_sell_improvement_distribution.csv
SYBX,4,policies/clusters/cluster_4/cluster_policy.csv,policies/clusters/cluster_4/limit_buy_improvement_distribution.csv,policies/clusters/cluster_4/limit_sell_improvement_distribution.csv
SYKE,3,policies/clusters/cluster_3/cluster_policy.csv,policies/clusters/cluster_3/limit_buy_improvement_distribution.csv,policies/clusters/cluster_3/limit_sell_improvement_distribution.csv
SYNA,5,policies/clusters/cluster_5/cluster_policy.csv,policies/clusters/cluster_5/limit_buy_improvement_distribution.csv,policies/clusters/cluster_5/limit_sell_improvement_distribution.csv
SYNH,5,policies/clusters/cluster_5/cluster_policy.csv,policies/clusters/cluster_5/limit_buy_improvement_distribution.csv,policies/clusters/cluster_5/limit_sell_improvement_distribution.csv
SYRS,1,policies/clusters/cluster_1/cluster_policy.csv,policies/clusters/cluster_1/limit_buy_improvement_distribution.csv,policies/clusters/cluster_1/limit_sell_improvement_distribution.csv
TA,3,policies/clusters/cluster_3/cluster_policy.csv,policies/clusters/cluster_3/limit_buy_improvement_distribution.csv,policies/clusters/cluster_3/limit_sell_improvement_distribution.csv
TACO,4,policies/clusters/cluster_4/cluster_policy.csv,policies/clusters/cluster_4/limit_buy_improvement_distribution.csv,policies/clusters/cluster_4/limit_sell_improvement_distribution.csv
TACT,0,policies/clusters/cluster_0/cluster_policy.csv,policies/clusters/cluster_0/limit_buy_improvement_distribution.csv,policies/clusters/cluster_0/limit_sell_improvement_distribution.csv
TAIT,4,policies/clusters/cluster_4/cluster_policy.csv,policies/clusters/cluster_4/limit_buy_improvement_distribution.csv,policies/clusters/cluster_4/limit_sell_improvement_distribution.csv
TANH,4,policies/clusters/cluster_4/cluster_policy.csv,policies/clusters/cluster_4/limit_buy_improvement_distribution.csv,policies/clusters/cluster_4/limit_sell_improvement_distribution.csv
TAST,6,policies/clusters/cluster_6/cluster_policy.csv,policies/clusters/cluster_6/limit_buy_improvement_distribution.csv,policies/clusters/cluster_6/limit_sell_improvement_distribution.csv
TBBK,6,policies/clusters/cluster_6/cluster_policy.csv,policies/clusters/cluster_6/limit_buy_improvement_distribution.csv,policies/clusters/cluster_6/limit_sell_improvement_distribution.csv
TBIO,1,policies/clusters/cluster_1/cluster_policy.csv,policies/clusters/cluster_1/limit_buy_improvement_distribution.csv,policies/clusters/cluster_1/limit_sell_improvement_distribution.csv
TBK,3,policies/clusters/cluster_3/cluster_policy.csv,policies/clusters/cluster_3/limit_buy_improvement_distribution.csv,policies/clusters/cluster_3/limit_sell_improvement_distribution.csv
TBNK,0,policies/clusters/cluster_0/cluster_policy.csv,policies/clusters/cluster_0/limit_buy_improvement_distribution.csv,policies/clusters/cluster_0/limit_sell_improvement_distribution.csv
TCBI,5,policies/clusters/cluster_5/cluster_policy.csv,policies/clusters/cluster_5/limit_buy_improvement_distribution.csv,policies/clusters/cluster_5/limit_sell_improvement_distribution.csv
TCBK,3,policies/clusters/cluster_3/cluster_policy.csv,policies/clusters/cluster_3/limit_buy_improvement_distribution.csv,policies/clusters/cluster_3/limit_sell_improvement_distribution.csv
TCDA,0,policies/clusters/cluster_0/cluster_policy.csv,policies/clusters/cluster_0/limit_buy_improvement_distribution.csv,policies/clusters/cluster_0/limit_sell_improvement_distribution.csv
TCMD,2,policies/clusters/cluster_2/cluster_policy.csv,policies/clusters/cluster_2/limit_buy_improvement_distribution.csv,policies/clusters/cluster_2/limit_sell_improvement_distribution.csv
TCPC,6,policies/clusters/cluster_6/cluster_policy.csv,policies/clusters/cluster_6/limit_buy_improvement_distribution.csv,policies/clusters/cluster_6/limit_sell_improvement_distribution.csv
TCRD,6,policies/clusters/cluster_6/cluster_policy.csv,policies/clusters/cluster_6/limit_buy_improvement_distribution.csv,policies/clusters/cluster_6/limit_sell_improvement_distribution.csv
TCX,0,policies/clusters/cluster_0/cluster_policy.csv,policies/clusters/cluster_0/limit_buy_improvement_distribution.csv,policies/clusters/cluster_0/limit_sell_improvement_distribution.csv
TECD,2,policies/clusters/cluster_2/cluster_policy.csv,policies/clusters/cluster_2/limit_buy_improvement_distribution.csv,policies/clusters/cluster_2/limit_sell_improvement_distribution.csv
TECH,2,policies/clusters/cluster_2/cluster_policy.csv,policies/clusters/cluster_2/limit_buy_improvement_distribution.csv,policies/clusters/cluster_2/limit_sell_improvement_distribution.csv
TELL,8,policies/clusters/cluster_8/cluster_policy.csv,policies/clusters/cluster_8/limit_buy_improvement_distribution.csv,policies/clusters/cluster_8/limit_sell_improvement_distribution.csv
TENB,3,policies/clusters/cluster_3/cluster_policy.csv,policies/clusters/cluster_3/limit_buy_improvement_distribution.csv,policies/clusters/cluster_3/limit_sell_improvement_distribution.csv
TENX,4,policies/clusters/cluster_4/cluster_policy.csv,policies/clusters/cluster_4/limit_buy_improvement_distribution.csv,policies/clusters/cluster_4/limit_sell_improvement_distribution.csv
TER,9,policies/clusters/cluster_9/cluster_policy.csv,policies/clusters/cluster_9/limit_buy_improvement_distribution.csv,policies/clusters/cluster_9/limit_sell_improvement_distribution.csv
TERP,6,policies/clusters/cluster_6/cluster_policy.csv,policies/clusters/cluster_6/limit_buy_improvement_distribution.csv,policies/clusters/cluster_6/limit_sell_improvement_distribution.csv
TFSL,6,policies/clusters/cluster_6/cluster_policy.csv,policies/clusters/cluster_6/limit_buy_improvement_distribution.csv,policies/clusters/cluster_6/limit_sell_improvement_distribution.csv
TGTX,8,policies/clusters/cluster_8/cluster_policy.csv,policies/clusters/cluster_8/limit_buy_improvement_distribution.csv,policies/clusters/cluster_8/limit_sell_improvement_distribution.csv
THFF,0,policies/clusters/cluster_0/cluster_policy.csv,policies/clusters/cluster_0/limit_buy_improvement_distribution.csv,policies/clusters/cluster_0/limit_sell_improvement_distribution.csv
THRM,3,policies/clusters/cluster_3/cluster_policy.csv,policies/clusters/cluster_3/limit_buy_improvement_distribution.csv,policies/clusters/cluster_3/limit_sell_improvement_distribution.csv
TIGO,2,policies/clusters/cluster_2/cluster_policy.csv,policies/clusters/cluster_2/limit_buy_improvement_distribution.csv,policies/clusters/cluster_2/limit_sell_improvement_distribution.csv
TILE,6,policies/clusters/cluster_6/cluster_policy.csv,policies/clusters/cluster_6/limit_buy_improvement_distribution.csv,policies/clusters/cluster_6/limit_sell_improvement_distribution.csv
TIPT,6,policies/clusters/cluster_6/cluster_policy.csv,policies/clusters/cluster_6/limit_buy_improvement_distribution.csv,policies/clusters/cluster_6/limit_sell_improvement_distribution.csv
TITN,1,policies/clusters/cluster_1/cluster_policy.csv,policies/clusters/cluster_1/limit_buy_improvement_distribution.csv,policies/clusters/cluster_1/limit_sell_improvement_distribution.csv
TIVO,6,policies/clusters/cluster_6/cluster_policy.csv,policies/clusters/cluster_6/limit_buy_improvement_distribution.csv,policies/clusters/cluster_6/limit_sell_improvement_distribution.csv
TLRY,3,policies/clusters/cluster_3/cluster_policy.csv,policies/clusters/cluster_3/limit_buy_improvement_distribution.csv,policies/clusters/cluster_3/limit_sell_improvement_distribution.csv
TMUS,9,policies/clusters/cluster_9/cluster_policy.csv,policies/clusters/cluster_9/limit_buy_improvement_distribution.csv,policies/clusters/cluster_9/limit_sell_improvement_distribution.csv
TNAV,4,policies/clusters/cluster_4/cluster_policy.csv,policies/clusters/cluster_4/limit_buy_improvement_distribution.csv,policies/clusters/cluster_4/limit_sell_improvement_distribution.csv
TNDM,2,policies/clusters/cluster_2/cluster_policy.csv,policies/clusters/cluster_2/limit_buy_improvement_distribution.csv,policies/clusters/cluster_2/limit_sell_improvement_distribution.csv
TORC,4,policies/clusters/cluster_4/cluster_policy.csv,policies/clusters/cluster_4/limit_buy_improvement_distribution.csv,policies/clusters/cluster_4/limit_sell_improvement_distribution.csv
TOWN,3,policies/clusters/cluster_3/cluster_policy.csv,policies/clusters/cluster_3/limit_buy_improvement_distribution.csv,policies/clusters/cluster_3/limit_sell_improvement_distribution.csv
TPCO,1,policies/clusters/cluster_1/cluster_policy.csv,policies/clusters/cluster_1/limit_buy_improvement_distribution.csv,policies/clusters/cluster_1/limit_sell_improvement_distribution.csv
TPIC,3,policies/clusters/cluster_3/cluster_policy.csv,policies/clusters/cluster_3/limit_buy_improvement_distribution.csv,policies/clusters/cluster_3/limit_sell_improvement_distribution.csv
TREE,2,policies/clusters/cluster_2/cluster_policy.csv,policies/clusters/cluster_2/limit_buy_improvement_distribution.csv,policies/clusters/cluster_2/limit_sell_improvement_distribution.csv
TRHC,2,policies/clusters/cluster_2/cluster_policy.csv,policies/clusters/cluster_2/limit_buy_improvement_distribution.csv,policies/clusters/cluster_2/limit_sell_improvement_distribution.csv
TRIP,9,policies/clusters/cluster_9/cluster_policy.csv,policies/clusters/cluster_9/limit_buy_improvement_distribution.csv,policies/clusters/cluster_9/limit_sell_improvement_distribution.csv
TRMB,5,policies/clusters/cluster_5/cluster_policy.csv,policies/clusters/cluster_5/limit_buy_improvement_distribution.csv,policies/clusters/cluster_5/limit_sell_improvement_distribution.csv
TRMK,5,policies/clusters/cluster_5/cluster_policy.csv,policies/clusters/cluster_5/limit_buy_improvement_distribution.csv,policies/clusters/cluster_5/limit_sell_improvement_distribution.csv
TROW,7,policies/clusters/cluster_7/cluster_policy.csv,policies/clusters/cluster_7/limit_buy_improvement_distribution.csv,policies/clusters/cluster_7/limit_sell_improvement_distribution.csv
TRS,3,policies/clusters/cluster_3/cluster_policy.csv,policies/clusters/cluster_3/limit_buy_improvement_distribution.csv,policies/clusters/cluster_3/limit_sell_improvement_distribution.csv
TRST,6,policies/clusters/cluster_6/cluster_policy.csv,policies/clusters/cluster_6/limit_buy_improvement_distribution.csv,policies/clusters/cluster_6/limit_sell_improvement_distribution.csv
TRUE,8,policies/clusters/cluster_8/cluster_policy.csv,policies/clusters/cluster_8/limit_buy_improvement_distribution.csv,policies/clusters/cluster_8/limit_sell_improvement_distribution.csv
TRUP,3,policies/clusters/cluster_3/cluster_policy.csv,policies/clusters/cluster_3/limit_buy_improvement_distribution.csv,policies/clusters/cluster_3/limit_sell_improvement_distribution.csv
TSBK,0,policies/clusters/cluster_0/cluster_policy.csv,policies/clusters/cluster_0/limit_buy_improvement_distribution.csv,policies/clusters/cluster_0/limit_sell_improvement_distribution.csv
TSC,3,policies/clusters/cluster_3/cluster_policy.csv,policies/clusters/cluster_3/limit_buy_improvement_distribution.csv,policies/clusters/cluster_3/limit_sell_improvement_distribution.csv
TSCO,7,policies/clusters/cluster_7/cluster_policy.csv,policies/clusters/cluster_7/limit_buy_improvement_distribution.csv,policies/clusters/cluster_7/limit_sell_improvement_distribution.csv
TSG,9,policies/clusters/cluster_9/cluster_policy.csv,policies/clusters/cluster_9/limit_buy_improvement_distribution.csv,policies/clusters/cluster_9/limit_sell_improvement_distribution.csv
TSLA,7,policies/clusters/cluster_7/cluster_policy.csv,policies/clusters/cluster_7/limit_buy_improvement_distribution.csv,policies/clusters/cluster_7/limit_sell_improvement_distribution.csv
TTD,2,policies/clusters/cluster_2/cluster_policy.csv,policies/clusters/cluster_2/limit_buy_improvement_distribution.csv,policies/clusters/cluster_2/limit_sell_improvement_distribution.csv
TTEC,0,policies/clusters/cluster_0/cluster_policy.csv,policies/clusters/cluster_0/limit_buy_improvement_distribution.csv,policies/clusters/cluster_0/limit_sell_improvement_distribution.csv
TTEK,2,policies/clusters/cluster_2/cluster_policy.csv,policies/clusters/cluster_2/limit_buy_improvement_distribution.csv,policies/clusters/cluster_2/limit_sell_improvement_distribution.csv
TTGT,3,policies/clusters/cluster_3/cluster_policy.csv,policies/clusters/cluster_3/limit_buy_improvement_distribution.csv,policies/clusters/cluster_3/limit_sell_improvement_distribution.csv
TTMI,6,policies/clusters/cluster_6/cluster_policy.csv,policies/clusters/cluster_6/limit_buy_improvement_distribution.csv,policies/clusters/cluster_6/limit_sell_improvement_distribution.csv
TTOO,4,policies/clusters/cluster_4/cluster_policy.csv,policies/clusters/cluster_4/limit_buy_improvement_distribution.csv,policies/clusters/cluster_4/limit_sell_improvement_distribution.csv
TTWO,7,policies/clusters/cluster_7/cluster_policy.csv,policies/clusters/cluster_7/limit_buy_improvement_distribution.csv,policies/clusters/cluster_7/limit_sell_improvement_distribution.csv
TUES,4,policies/clusters/cluster_4/cluster_policy.csv,policies/clusters/cluster_4/limit_buy_improvement_distribution.csv,policies/clusters/cluster_4/limit_sell_improvement_distribution.csv
TUSK,4,policies/clusters/cluster_4/cluster_policy.csv,policies/clusters/cluster_4/limit_buy_improvement_distribution.csv,policies/clusters/cluster_4/limit_sell_improvement_distribution.csv
TVTY,5,policies/clusters/cluster_5/cluster_policy.csv,policies/clusters/cluster_5/limit_buy_improvement_distribution.csv,policies/clusters/cluster_5/limit_sell_improvement_distribution.csv
TWIN,1,policies/clusters/cluster_1/cluster_policy.csv,policies/clusters/cluster_1/limit_buy_improvement_distribution.csv,policies/clusters/cluster_1/limit_sell_improvement_distribution.csv
TWNK,6,policies/clusters/cluster_6/cluster_policy.csv,policies/clusters/cluster_6/limit_buy_improvement_distribution.csv,policies/clusters/cluster_6/limit_sell_improvement_distribution.csv
TWOU,5,policies/clusters/cluster_5/cluster_policy.csv,policies/clusters/cluster_5/limit_buy_improvement_distribution.csv,policies/clusters/cluster_5/limit_sell_improvement_distribution.csv
TWST,0,policies/clusters/cluster_0/cluster_policy.csv,policies/clusters/cluster_0/limit_buy_improvement_distribution.csv,policies/clusters/cluster_0/limit_sell_improvement_distribution.csv
TXMD,8,policies/clusters/cluster_8/cluster_policy.csv,policies/clusters/cluster_8/limit_buy_improvement_distribution.csv,policies/clusters/cluster_8/limit_sell_improvement_distribution.csv
TXN,9,policies/clusters/cluster_9/cluster_policy.csv,policies/clusters/cluster_9/limit_buy_improvement_distribution.csv,policies/clusters/cluster_9/limit_sell_improvement_distribution.csv
TXRH,5,policies/clusters/cluster_5/cluster_policy.csv,policies/clusters/cluster_5/limit_buy_improvement_distribution.csv,policies/clusters/cluster_5/limit_sell_improvement_distribution.csv
TYME,4,policies/clusters/cluster_4/cluster_policy.csv,policies/clusters/cluster_4/limit_buy_improvement_distribution.csv,policies/clusters/cluster_4/limit_sell_improvement_distribution.csv
TZOO,1,policies/clusters/cluster_1/cluster_policy.csv,policies/clusters/cluster_1/limit_buy_improvement_distribution.csv,policies/clusters/cluster_1/limit_sell_improvement_distribution.csv
UAL,7,policies/clusters/cluster_7/cluster_policy.csv,policies/clusters/cluster_7/limit_buy_improvement_distribution.csv,policies/clusters/cluster_7/limit_sell_improvement_distribution.csv
UBSI,5,policies/clusters/cluster_5/cluster_policy.csv,policies/clusters/cluster_5/limit_buy_improvement_distribution.csv,policies/clusters/cluster_5/limit_sell_improvement_distribution.csv
UBX,1,policies/clusters/cluster_1/cluster_policy.csv,policies/clusters/cluster_1/limit_buy_improvement_distribution.csv,policies/clusters/cluster_1/limit_sell_improvement_distribution.csv
UCBI,5,policies/clusters/cluster_5/cluster_policy.csv,policies/clusters/cluster_5/limit_buy_improvement_distribution.csv,policies/clusters/cluster_5/limit_sell_improvement_distribution.csv
UCFC,6,policies/clusters/cluster_6/cluster_policy.csv,policies/clusters/cluster_6/limit_buy_improvement_distribution.csv,policies/clusters/cluster_6/limit_sell_improvement_distribution.csv
UCTT,5,policies/clusters/cluster_5/cluster_policy.csv,policies/clusters/cluster_5/limit_buy_improvement_distribution.csv,policies/clusters/cluster_5/limit_sell_improvement_distribution.csv
UEIC,0,policies/clusters/cluster_0/cluster_policy.csv,policies/clusters/cluster_0/limit_buy_improvement_distribution.csv,policies/clusters/cluster_0/limit_sell_improvement_distribution.csv
UEPS,6,policies/clusters/cluster_6/cluster_policy.csv,policies/clusters/cluster_6/limit_buy_improvement_distribution.csv,policies/clusters/cluster_6/limit_sell_improvement_distribution.csv
UFCS,0,policies/clusters/cluster_0/cluster_policy.csv,policies/clusters/cluster_0/limit_buy_improvement_distribution.csv,policies/clusters/cluster_0/limit_sell_improvement_distribution.csv
UFPI,5,policies/clusters/cluster_5/cluster_policy.csv,policies/clusters/cluster_5/limit_buy_improvement_distribution.csv,policies/clusters/cluster_5/limit_sell_improvement_distribution.csv
UFPT,0,policies/clusters/cluster_0/cluster_policy.csv,policies/clusters/cluster_0/limit_buy_improvement_distribution.csv,policies/clusters/cluster_0/limit_sell_improvement_distribution.csv
UHAL,2,policies/clusters/cluster_2/cluster_policy.csv,policies/clusters/cluster_2/limit_buy_improvement_distribution.csv,policies/clusters/cluster_2/limit_sell_improvement_distribution.csv
UIHC,3,policies/clusters/cluster_3/cluster_policy.csv,policies/clusters/cluster_3/limit_buy_improvement_distribution.csv,policies/clusters/cluster_3/limit_sell_improvement_distribution.csv
ULBI,1,policies/clusters/cluster_1/cluster_policy.csv,policies/clusters/cluster_1/limit_buy_improvement_distribution.csv,policies/clusters/cluster_1/limit_sell_improvement_distribution.csv
ULH,3,policies/clusters/cluster_3/cluster_policy.csv,policies/clusters/cluster_3/limit_buy_improvement_distribution.csv,policies/clusters/cluster_3/limit_sell_improvement_distribution.csv
ULTA,7,policies/clusters/cluster_7/cluster_policy.csv,policies/clusters/cluster_7/limit_buy_improvement_distribution.csv,policies/clusters/cluster_7/limit_sell_improvement_distribution.csv
UMBF,2,policies/clusters/cluster_2/cluster_policy.csv,policies/clusters/cluster_2/limit_buy_improvement_distribution.csv,policies/clusters/cluster_2/limit_sell_improvement_distribution.csv
UMPQ,6,policies/clusters/cluster_6/cluster_policy.csv,policies/clusters/cluster_6/limit_buy_improvement_distribution.csv,policies/clusters/cluster_6/limit_sell_improvement_distribution.csv
UNIT,8,policies/clusters/cluster_8/cluster_policy.csv,policies/clusters/cluster_8/limit_buy_improvement_distribution.csv,policies/clusters/cluster_8/limit_sell_improvement_distribution.csv
UPLD,3,policies/clusters/cluster_3/cluster_policy.csv,policies/clusters/cluster_3/limit_buy_improvement_distribution.csv,policies/clusters/cluster_3/limit_sell_improvement_distribution.csv
UPWK,6,policies/clusters/cluster_6/cluster_policy.csv,policies/clusters/cluster_6/limit_buy_improvement_distribution.csv,policies/clusters/cluster_6/limit_sell_improvement_distribution.csv
URBN,9,policies/clusters/cluster_9/cluster_policy.csv,policies/clusters/cluster_9/limit_buy_improvement_distribution.csv,policies/clusters/cluster_9/limit_sell_improvement_distribution.csv
USAK,1,policies/clusters/cluster_1/cluster_policy.csv,policies/clusters/cluster_1/limit_buy_improvement_distribution.csv,policies/clusters/cluster_1/limit_sell_improvement_distribution.csv
USAP,1,policies/clusters/cluster_1/cluster_policy.csv,policies/clusters/cluster_1/limit_buy_improvement_distribution.csv,policies/clusters/cluster_1/limit_sell_improvement_distribution.csv
USCR,2,policies/clusters/cluster_2/cluster_policy.csv,policies/clusters/cluster_2/limit_buy_improvement_distribution.csv,policies/clusters/cluster_2/limit_sell_improvement_distribution.csv
UTHR,2,policies/clusters/cluster_2/cluster_policy.csv,policies/clusters/cluster_2/limit_buy_improvement_distribution.csv,policies/clusters/cluster_2/limit_sell_improvement_distribution.csv
UTMD,0,policies/clusters/cluster_0/cluster_policy.csv,policies/clusters/cluster_0/limit_buy_improvement_distribution.csv,policies/clusters/cluster_0/limit_sell_improvement_distribution.csv
UVSP,3,policies/clusters/cluster_3/cluster_policy.csv,policies/clusters/cluster_3/limit_buy_improvement_distribution.csv,policies/clusters/cluster_3/limit_sell_improvement_distribution.csv
VBTX,5,policies/clusters/cluster_5/cluster_policy.csv,policies/clusters/cluster_5/limit_buy_improvement_distribution.csv,policies/clusters/cluster_5/limit_sell_improvement_distribution.csv
VC,2,policies/clusters/cluster_2/cluster_policy.csv,policies/clusters/cluster_2/limit_buy_improvement_distribution.csv,policies/clusters/cluster_2/limit_sell_improvement_distribution.csv
VCEL,3,policies/clusters/cluster_3/cluster_policy.csv,policies/clusters/cluster_3/limit_buy_improvement_distribution.csv,policies/clusters/cluster_3/limit_sell_improvement_distribution.csv
VCTR,3,policies/clusters/cluster_3/cluster_policy.csv,policies/clusters/cluster_3/limit_buy_improvement_distribution.csv,policies/clusters/cluster_3/limit_sell_improvement_distribution.csv
VCYT,3,policies/clusters/cluster_3/cluster_policy.csv,policies/clusters/cluster_3/limit_buy_improvement_distribution.csv,policies/clusters/cluster_3/limit_sell_improvement_distribution.csv
VECO,5,policies/clusters/cluster_5/cluster_policy.csv,policies/clusters/cluster_5/limit_buy_improvement_distribution.csv,policies/clusters/cluster_5/limit_sell_improvement_distribution.csv
VERI,4,policies/clusters/cluster_4/cluster_policy.csv,policies/clusters/cluster_4/limit_buy_improvement_distribution.csv,policies/clusters/cluster_4/limit_sell_improvement_distribution.csv
VERU,4,policies/clusters/cluster_4/cluster_policy.csv,policies/clusters/cluster_4/limit_buy_improvement_distribution.csv,policies/clusters/cluster_4/limit_sell_improvement_distribution.csv
VIAV,6,policies/clusters/cluster_6/cluster_policy.csv,policies/clusters/cluster_6/limit_buy_improvement_distribution.csv,policies/clusters/cluster_6/limit_sell_improvement_distribution.csv
VICR,3,policies/clusters/cluster_3/cluster_policy.csv,policies/clusters/cluster_3/limit_buy_improvement_distribution.csv,policies/clusters/cluster_3/limit_sell_improvement_distribution.csv
VIRT,6,policies/clusters/cluster_6/cluster_policy.csv,policies/clusters/cluster_6/limit_buy_improvement_distribution.csv,policies/clusters/cluster_6/limit_sell_improvement_distribution.csv
VIVO,6,policies/clusters/cluster_6/cluster_policy.csv,policies/clusters/cluster_6/limit_buy_improvement_distribution.csv,policies/clusters/cluster_6/limit_sell_improvement_distribution.csv
VKTX,8,policies/clusters/cluster_8/cluster_policy.csv,policies/clusters/cluster_8/limit_buy_improvement_distribution.csv,policies/clusters/cluster_8/limit_sell_improvement_distribution.csv
VLGEA,3,policies/clusters/cluster_3/cluster_policy.csv,policies/clusters/cluster_3/limit_buy_improvement_distribution.csv,policies/clusters/cluster_3/limit_sell_improvement_distribution.csv
VLY,8,policies/clusters/cluster_8/cluster_policy.csv,policies/clusters/cluster_8/limit_buy_improvement_distribution.csv,policies/clusters/cluster_8/limit_sell_improvement_distribution.csv
VNDA,5,policies/clusters/cluster_5/cluster_policy.csv,policies/clusters/cluster_5/limit_buy_improvement_distribution.csv,policies/clusters/cluster_5/limit_sell_improvement_distribution.csv
VOXX,1,policies/clusters/cluster_1/cluster_policy.csv,policies/clusters/cluster_1/limit_buy_improvement_distribution.csv,policies/clusters/cluster_1/limit_sell_improvement_distribution.csv
VRA,3,policies/clusters/cluster_3/cluster_policy.csv,policies/clusters/cluster_3/limit_buy_improvement_distribution.csv,policies/clusters/cluster_3/limit_sell_improvement_distribution.csv
VRAY,8,policies/clusters/cluster_8/cluster_policy.csv,policies/clusters/cluster_8/limit_buy_improvement_distribution.csv,policies/clusters/cluster_8/limit_sell_improvement_distribution.csv
VREX,3,policies/clusters/cluster_3/cluster_policy.csv,policies/clusters/cluster_3/limit_buy_improvement_distribution.csv,policies/clusters/cluster_3/limit_sell_improvement_distribution.csv
VRNS,2,policies/clusters/cluster_2/cluster_policy.csv,policies/clusters/cluster_2/limit_buy_improvement_distribution.csv,policies/clusters/cluster_2/limit_sell_improvement_distribution.csv
VRNT,5,policies/clusters/cluster_5/cluster_policy.csv,policies/clusters/cluster_5/limit_buy_improvement_distribution.csv,policies/clusters/cluster_5/limit_sell_improvement_distribution.csv
VRRM,6,policies/clusters/cluster_6/cluster_policy.csv,policies/clusters/cluster_6/limit_buy_improvement_distribution.csv,policies/clusters/cluster_6/limit_sell_improvement_distribution.csv
VRSK,7,policies/clusters/cluster_7/cluster_policy.csv,policies/clusters/cluster_7/limit_buy_improvement_distribution.csv,policies/clusters/cluster_7/limit_sell_improvement_distribution.csv
VRSN,7,policies/clusters/cluster_7/cluster_policy.csv,policies/clusters/cluster_7/limit_buy_improvement_distribution.csv,policies/clusters/cluster_7/limit_sell_improvement_distribution.csv
VRTS,0,policies/clusters/cluster_0/cluster_policy.csv,policies/clusters/cluster_0/limit_buy_improvement_distribution.csv,policies/clusters/cluster_0/limit_sell_improvement_distribution.csv
VRTU,3,policies/clusters/cluster_3/cluster_policy.csv,policies/clusters/cluster_3/limit_buy_improvement_distribution.csv,policies/clusters/cluster_3/limit_sell_improvement_distribution.csv
VRTX,7,policies/clusters/cluster_7/cluster_policy.csv,policies/clusters/cluster_7/limit_buy_improvement_distribution.csv,policies/clusters/cluster_7/limit_sell_improvement_distribution.csv
VSAT,5,policies/clusters/cluster_5/cluster_policy.csv,policies/clusters/cluster_5/limit_buy_improvement_distribution.csv,policies/clusters/cluster_5/limit_sell_improvement_distribution.csv
VSTM,8,policies/clusters/cluster_8/cluster_policy.csv,policies/clusters/cluster_8/limit_buy_improvement_distribution.csv,policies/clusters/cluster_8/limit_sell_improvement_distribution.csv
VTNR,4,policies/clusters/cluster_4/cluster_policy.csv,policies/clusters/cluster_4/limit_buy_improvement_distribution.csv,policies/clusters/cluster_4/limit_sell_improvement_distribution.csv
VTSI,1,policies/clusters/cluster_1/cluster_policy.csv,policies/clusters/cluster_1/limit_buy_improvement_distribution.csv,policies/clusters/cluster_1/limit_sell_improvement_distribution.csv
VTVT,4,policies/clusters/cluster_4/cluster_policy.csv,policies/clusters/cluster_4/limit_buy_improvement_distribution.csv,policies/clusters/cluster_4/limit_sell_improvement_distribution.csv
VUZI,4,policies/clusters/cluster_4/cluster_policy.csv,policies/clusters/cluster_4/limit_buy_improvement_distribution.csv,policies/clusters/cluster_4/limit_sell_improvement_distribution.csv
VVUS,4,policies/clusters/cluster_4/cluster_policy.csv,policies/clusters/cluster_4/limit_buy_improvement_distribution.csv,policies/clusters/cluster_4/limit_sell_improvement_distribution.csv
VYGR,1,policies/clusters/cluster_1/cluster_policy.csv,policies/clusters/cluster_1/limit_buy_improvement_distribution.csv,policies/clusters/cluster_1/limit_sell_improvement_distribution.csv
WABC,2,policies/clusters/cluster_2/cluster_policy.csv,policies/clusters/cluster_2/limit_buy_improvement_distribution.csv,policies/clusters/cluster_2/limit_sell_improvement_distribution.csv
WAFD,5,policies/clusters/cluster_5/cluster_policy.csv,policies/clusters/cluster_5/limit_buy_improvement_distribution.csv,policies/clusters/cluster_5/limit_sell_improvement_distribution.csv
WASH,0,policies/clusters/cluster_0/cluster_policy.csv,policies/clusters/cluster_0/limit_buy_improvement_distribution.csv,policies/clusters/cluster_0/limit_sell_improvement_distribution.csv
WATT,4,policies/clusters/cluster_4/cluster_policy.csv,policies/clusters/cluster_4/limit_buy_improvement_distribution.csv,policies/clusters/cluster_4/limit_sell_improvement_distribution.csv
WBA,9,policies/clusters/cluster_9/cluster_policy.csv,policies/clusters/cluster_9/limit_buy_improvement_distribution.csv,policies/clusters/cluster_9/limit_sell_improvement_distribution.csv
WDAY,7,policies/clusters/cluster_7/cluster_policy.csv,policies/clusters/cluster_7/limit_buy_improvement_distribution.csv,policies/clusters/cluster_7/limit_sell_improvement_distribution.csv
WDC,9,policies/clusters/cluster_9/cluster_policy.csv,policies/clusters/cluster_9/limit_buy_improvement_distribution.csv,policies/clusters/cluster_9/limit_sell_improvement_distribution.csv
WDFC,2,policies/clusters/cluster_2/cluster_policy.csv,policies/clusters/cluster_2/limit_buy_improvement_distribution.csv,policies/clusters/cluster_2/limit_sell_improvement_distribution.csv
WEN,9,policies/clusters/cluster_9/cluster_policy.csv,policies/clusters/cluster_9/limit_buy_improvement_distribution.csv,policies/clusters/cluster_9/limit_sell_improvement_distribution.csv
WERN,5,policies/clusters/cluster_5/cluster_policy.csv,policies/clusters/cluster_5/limit_buy_improvement_distribution.csv,policies/clusters/cluster_5/limit_sell_improvement_distribution.csv
WETF,8,policies/clusters/cluster_8/cluster_policy.csv,policies/clusters/cluster_8/limit_buy_improvement_distribution.csv,policies/clusters/cluster_8/limit_sell_improvement_distribution.csv
WEYS,0,policies/clusters/cluster_0/cluster_policy.csv,policies/clusters/cluster_0/limit_buy_improvement_distribution.csv,policies/clusters/cluster_0/limit_sell_improvement_distribution.csv
WHF,6,policies/clusters/cluster_6/cluster_policy.csv,policies/clusters/cluster_6/limit_buy_improvement_distribution.csv,policies/clusters/cluster_6/limit_sell_improvement_distribution.csv
WHLR,4,policies/clusters/cluster_4/cluster_policy.csv,policies/clusters/cluster_4/limit_buy_improvement_distribution.csv,policies/clusters/cluster_4/limit_sell_improvement_distribution.csv
WIFI,5,policies/clusters/cluster_5/cluster_policy.csv,policies/clusters/cluster_5/limit_buy_improvement_distribution.csv,policies/clusters/cluster_5/limit_sell_improvement_distribution.csv
WING,2,policies/clusters/cluster_2/cluster_policy.csv,policies/clusters/cluster_2/limit_buy_improvement_distribution.csv,policies/clusters/cluster_2/limit_sell_improvement_distribution.csv
WIRE,2,policies/clusters/cluster_2/cluster_policy.csv,policies/clusters/cluster_2/limit_buy_improvement_distribution.csv,policies/clusters/cluster_2/limit_sell_improvement_distribution.csv
WLDN,3,policies/clusters/cluster_3/cluster_policy.csv,policies/clusters/cluster_3/limit_buy_improvement_distribution.csv,policies/clusters/cluster_3/limit_sell_improvement_distribution.csv
WNEB,3,policies/clusters/cluster_3/cluster_policy.csv,policies/clusters/cluster_3/limit_buy_improvement_distribution.csv,policies/clusters/cluster_3/limit_sell_improvement_distribution.csv
WPRT,4,policies/clusters/cluster_4/cluster_policy.csv,policies/clusters/cluster_4/limit_buy_improvement_distribution.csv,policies/clusters/cluster_4/limit_sell_improvement_distribution.csv
WRLD,0,policies/clusters/cluster_0/cluster_policy.csv,policies/clusters/cluster_0/limit_buy_improvement_distribution.csv,policies/clusters/cluster_0/limit_sell_improvement_distribution.csv
WRTC,1,policies/clusters/cluster_1/cluster_policy.csv,policies/clusters/cluster_1/limit_buy_improvement_distribution.csv,policies/clusters/cluster_1/limit_sell_improvement_distribution.csv
WSBC,3,policies/clusters/cluster_3/cluster_policy.csv,policies/clusters/cluster_3/limit_buy_improvement_distribution.csv,policies/clusters/cluster_3/limit_sell_improvement_distribution.csv
WSBF,6,policies/clusters/cluster_6/cluster_policy.csv,policies/clusters/cluster_6/limit_buy_improvement_distribution.csv,policies/clusters/cluster_6/limit_sell_improvement_distribution.csv
WSC,6,policies/clusters/cluster_6/cluster_policy.csv,policies/clusters/cluster_6/limit_buy_improvement_distribution.csv,policies/clusters/cluster_6/limit_sell_improvement_distribution.csv
WSFS,5,policies/clusters/cluster_5/cluster_policy.csv,policies/clusters/cluster_5/limit_buy_improvement_distribution.csv,policies/clusters/cluster_5/limit_sell_improvement_distribution.csv
WTBA,3,policies/clusters/cluster_3/cluster_policy.csv,policies/clusters/cluster_3/limit_buy_improvement_distribution.csv,policies/clusters/cluster_3/limit_sell_improvement_distribution.csv
WTER,4,policies/clusters/cluster_4/cluster_policy.csv,policies/clusters/cluster_4/limit_buy_improvement_distribution.csv,policies/clusters/cluster_4/limit_sell_improvement_distribution.csv
WTFC,5,policies/clusters/cluster_5/cluster_policy.csv,policies/clusters/cluster_5/limit_buy_improvement_distribution.csv,policies/clusters/cluster_5/limit_sell_improvement_distribution.csv
WWD,2,policies/clusters/cluster_2/cluster_policy.csv,policies/clusters/cluster_2/limit_buy_improvement_distribution.csv,policies/clusters/cluster_2/limit_sell_improvement_distribution.csv
WYNN,7,policies/clusters/cluster_7/cluster_policy.csv,policies/clusters/cluster_7/limit_buy_improvement_distribution.csv,policies/clusters/cluster_7/limit_sell_improvement_distribution.csv
XBIO,4,policies/clusters/cluster_4/cluster_policy.csv,policies/clusters/cluster_4/limit_buy_improvement_distribution.csv,policies/clusters/cluster_4/limit_sell_improvement_distribution.csv
XBIT,1,policies/clusters/cluster_1/cluster_policy.csv,policies/clusters/cluster_1/limit_buy_improvement_distribution.csv,policies/clusters/cluster_1/limit_sell_improvement_distribution.csv
XEL,9,policies/clusters/cluster_9/cluster_policy.csv,policies/clusters/cluster_9/limit_buy_improvement_distribution.csv,policies/clusters/cluster_9/limit_sell_improvement_distribution.csv
XELB,4,policies/clusters/cluster_4/cluster_policy.csv,policies/clusters/cluster_4/limit_buy_improvement_distribution.csv,policies/clusters/cluster_4/limit_sell_improvement_distribution.csv
XENE,1,policies/clusters/cluster_1/cluster_policy.csv,policies/clusters/cluster_1/limit_buy_improvement_distribution.csv,policies/clusters/cluster_1/limit_sell_improvement_distribution.csv
XENT,3,policies/clusters/cluster_3/cluster_policy.csv,policies/clusters/cluster_3/limit_buy_improvement_distribution.csv,policies/clusters/cluster_3/limit_sell_improvement_distribution.csv
XERS,1,policies/clusters/cluster_1/cluster_policy.csv,policies/clusters/cluster_1/limit_buy_improvement_distribution.csv,policies/clusters/cluster_1/limit_sell_improvement_distribution.csv
XLNX,7,policies/clusters/cluster_7/cluster_policy.csv,policies/clusters/cluster_7/limit_buy_improvement_distribution.csv,policies/clusters/cluster_7/limit_sell_improvement_distribution.csv
XLRN,2,policies/clusters/cluster_2/cluster_policy.csv,policies/clusters/cluster_2/limit_buy_improvement_distribution.csv,policies/clusters/cluster_2/limit_sell_improvement_distribution.csv
XNCR,3,policies/clusters/cluster_3/cluster_policy.csv,policies/clusters/cluster_3/limit_buy_improvement_distribution.csv,policies/clusters/cluster_3/limit_sell_improvement_distribution.csv
XOG,8,policies/clusters/cluster_8/cluster_policy.csv,policies/clusters/cluster_8/limit_buy_improvement_distribution.csv,policies/clusters/cluster_8/limit_sell_improvement_distribution.csv
XOMA,0,policies/clusters/cluster_0/cluster_policy.csv,policies/clusters/cluster_0/limit_buy_improvement_distribution.csv,policies/clusters/cluster_0/limit_sell_improvement_distribution.csv
XON,4,policies/clusters/cluster_4/cluster_policy.csv,policies/clusters/cluster_4/limit_buy_improvement_distribution.csv,policies/clusters/cluster_4/limit_sell_improvement_distribution.csv
XONE,1,policies/clusters/cluster_1/cluster_policy.csv,policies/clusters/cluster_1/limit_buy_improvement_distribution.csv,policies/clusters/cluster_1/limit_sell_improvement_distribution.csv
XPER,5,policies/clusters/cluster_5/cluster_policy.csv,policies/clusters/cluster_5/limit_buy_improvement_distribution.csv,policies/clusters/cluster_5/limit_sell_improvement_distribution.csv
XRAY,5,policies/clusters/cluster_5/cluster_policy.csv,policies/clusters/cluster_5/limit_buy_improvement_distribution.csv,policies/clusters/cluster_5/limit_sell_improvement_distribution.csv
YGYI,1,policies/clusters/cluster_1/cluster_policy.csv,policies/clusters/cluster_1/limit_buy_improvement_distribution.csv,policies/clusters/cluster_1/limit_sell_improvement_distribution.csv
YMAB,0,policies/clusters/cluster_0/cluster_policy.csv,policies/clusters/cluster_0/limit_buy_improvement_distribution.csv,policies/clusters/cluster_0/limit_sell_improvement_distribution.csv
YORW,0,policies/clusters/cluster_0/cluster_policy.csv,policies/clusters/cluster_0/limit_buy_improvement_distribution.csv,policies/clusters/cluster_0/limit_sell_improvement_distribution.csv
YRCW,4,policies/clusters/cluster_4/cluster_policy.csv,policies/clusters/cluster_4/limit_buy_improvement_distribution.csv,policies/clusters/cluster_4/limit_sell_improvement_distribution.csv
Z,9,policies/clusters/cluster_9/cluster_policy.csv,policies/clusters/cluster_9/limit_buy_improvement_distribution.csv,policies/clusters/cluster_9/limit_sell_improvement_distribution.csv
ZAGG,6,policies/clusters/cluster_6/cluster_policy.csv,policies/clusters/cluster_6/limit_buy_improvement_distribution.csv,policies/clusters/cluster_6/limit_sell_improvement_distribution.csv
ZBRA,2,policies/clusters/cluster_2/cluster_policy.csv,policies/clusters/cluster_2/limit_buy_improvement_distribution.csv,policies/clusters/cluster_2/limit_sell_improvement_distribution.csv
ZEUS,1,policies/clusters/cluster_1/cluster_policy.csv,policies/clusters/cluster_1/limit_buy_improvement_distribution.csv,policies/clusters/cluster_1/limit_sell_improvement_distribution.csv
ZG,5,policies/clusters/cluster_5/cluster_policy.csv,policies/clusters/cluster_5/limit_buy_improvement_distribution.csv,policies/clusters/cluster_5/limit_sell_improvement_distribution.csv
ZGNX,2,policies/clusters/cluster_2/cluster_policy.csv,policies/clusters/cluster_2/limit_buy_improvement_distribution.csv,policies/clusters/cluster_2/limit_sell_improvement_distribution.csv
ZION,9,policies/clusters/cluster_9/cluster_policy.csv,policies/clusters/cluster_9/limit_buy_improvement_distribution.csv,policies/clusters/cluster_9/limit_sell_improvement_distribution.csv
ZIOP,8,policies/clusters/cluster_8/cluster_policy.csv,policies/clusters/cluster_8/limit_buy_improvement_distribution.csv,policies/clusters/cluster_8/limit_sell_improvement_distribution.csv
ZIXI,6,policies/clusters/cluster_6/cluster_policy.csv,policies/clusters/cluster_6/limit_buy_improvement_distribution.csv,policies/clusters/cluster_6/limit_sell_improvement_distribution.csv
ZNGA,8,policies/clusters/cluster_8/cluster_policy.csv,policies/clusters/cluster_8/limit_buy_improvement_distribution.csv,policies/clusters/cluster_8/limit_sell_improvement_distribution.csv
ZS,5,policies/clusters/cluster_5/cluster_policy.csv,policies/clusters/cluster_5/limit_buy_improvement_distribution.csv,policies/clusters/cluster_5/limit_sell_improvement_distribution.csv
ZSAN,4,policies/clusters/cluster_4/cluster_policy.csv,policies/clusters/cluster_4/limit_buy_improvement_distribution.csv,policies/clusters/cluster_4/limit_sell_improvement_distribution.csv
ZUMZ,5,policies/clusters/cluster_5/cluster_policy.csv,policies/clusters/cluster_5/limit_buy_improvement_distribution.csv,policies/clusters/cluster_5/limit_sell_improvement_distribution.csv
ZYNE,4,policies/clusters/cluster_4/cluster_policy.csv,policies/clusters/cluster_4/limit_buy_improvement_distribution.csv,policies/clusters/cluster_4/limit_sell_improvement_distribution.csv
