book_id,symbol,data_dir,hawkes_rates_file,fundamental_price_ticks,fundamental_volatility_bps_sqrt_second,fundamental_move_probability_per_second,fundamental_conditional_kurtosis,initial_best_bid_ticks,initial_best_ask_ticks,initial_best_bid_depth,initial_best_ask_depth,beta,basket_weight,market_maker_quote_quantity,target_spread_ticks,quote_improvement_probability,target_mean_bid_depth,target_mean_ask_depth,fundamental_log_variance_persistence,fundamental_log_variance_std,fundamental_order_flow_coupling
0,QQQ,data/empirical/pooled/pooled_five_2019_sessions_qqq,data/empirical/pooled/pooled_five_2019_sessions_qqq/hawkes_rates_qqq_pooled_five_2019_sessions.csv,2203550.0,0.65823299189022122,0.47830249155946836,44.63247706159023,2203400,2203700,1623,823,8.5853333333333328,0.0,50,1,0.069695065702234132,1855.3316410256411,1797.4285213675212,0.94999999999999996,0.25,0.40263407090880049
1,AAL,data/empirical/pooled/pooled_five_2019_sessions_aal,data/empirical/pooled/pooled_five_2019_sessions_aal/hawkes_rates_aal_pooled_five_2019_sessions.csv,263300.0,1.5192979213511639,0.11048335398948672,14.35854500116972,262600,264000,77,50,1.3591111111111112,0.0,50,1,0.04534392369330037,969.58796581196589,920.11569230769237,0.94999999999999996,0.25,0.40263407090880049
2,AAOI,data/empirical/pooled/pooled_five_2019_sessions_aaoi,data/empirical/pooled/pooled_five_2019_sessions_aaoi/hawkes_rates_aaoi_pooled_five_2019_sessions.csv,115800.0,2.8572087157588228,0.050822684730116661,17.27834626428854,113100,118500,1300,53,0.52666666666666662,0.0,50,3,0.25120830456417703,366.6341623931624,279.18535042735044,0.94999999999999996,0.25,0.31472892968491073
3,AAON,data/empirical/pooled/pooled_five_2019_sessions_aaon,data/empirical/pooled/pooled_five_2019_sessions_aaon/hawkes_rates_aaon_pooled_five_2019_sessions.csv,523500.0,2.2064168621178042,0.047685798538399077,114.06526782622812,498900,548100,2,1,2.2273333333333332,0.0,50,15,0.60700371878873738,149.30047863247864,131.44880341880341,0.94999999999999996,0.25,0.54198644623863046
4,AAPL,data/empirical/pooled/pooled_five_2019_sessions_aapl,data/empirical/pooled/pooled_five_2019_sessions_aapl/hawkes_rates_aapl_pooled_five_2019_sessions.csv,3206150.0,1.0293570331317317,0.60647890935510063,33.043733728647432,3204500,3207800,11,10,9.2788888888888881,0.0,50,2,0.26420854146244704,296.09341025641027,320.7084017094017,0.94999999999999996,0.25,0.40263407090880049
5,AAWW,data/empirical/pooled/pooled_five_2019_sessions_aaww,data/empirical/pooled/pooled_five_2019_sessions_aaww/hawkes_rates_aaww_pooled_five_2019_sessions.csv,236550.0,3.0197111243213164,0.066131031240651311,159.05106725966087,221800,251300,100,100,1.9506666666666668,0.0,50,11,0.47584147665580889,157.74250427350427,156.83283760683759,0.94999999999999996,0.25,0.42535994603367877
6,AAXN,data/empirical/pooled/pooled_five_2019_sessions_aaxn,data/empirical/pooled/pooled_five_2019_sessions_aaxn/hawkes_rates_aaxn_pooled_five_2019_sessions.csv,770850.0,1.8124757768725299,0.078234112568913203,54.474905587945784,746700,795000,700,52,2.3957777777777776,0.0,50,9,0.4493998371549392,133.1906923076923,173.46642735042735,0.94999999999999996,0.25,0.31472892968491073
7,ABCB,data/empirical/pooled/pooled_five_2019_sessions_abcb,data/empirical/pooled/pooled_five_2019_sessions_abcb/hawkes_rates_abcb_pooled_five_2019_sessions.csv,390900.0,1.7720881191388014,0.085687422539424768,316.05736133857721,368800,413000,100,100,1.6862222222222223,0.0,50,5,0.43348842423902684,149.73121367521367,125.84171794871796,0.94999999999999996,0.25,0.31472892968491073
8,ABEO,data/empirical/pooled/pooled_five_2019_sessions_abeo,data/empirical/pooled/pooled_five_2019_sessions_abeo/hawkes_rates_abeo_pooled_five_2019_sessions.csv,23700.0,3.7342860592803686,0.024026667806316508,44.162970549491028,23400,24000,100,41,0.15333333333333332,0.0,50,2,0.14565298046005443,836.00986324786322,692.41655555555553,0.94999999999999996,0.25,0.36419212403997098
9,ABMD,data/empirical/pooled/pooled_five_2019_sessions_abmd,data/empirical/pooled/pooled_five_2019_sessions_abmd/hawkes_rates_abmd_pooled_five_2019_sessions.csv,1865000.0,1.799461672715152,0.16239155519466644,51.249234722524335,1830000,1900000,1,20,12.308222222222222,0.0,50,35,0.582556160877996,87.806880341880344,94.711777777777769,0.94999999999999996,0.25,0.54198644623863046
10,ABTX,data/empirical/pooled/pooled_five_2019_sessions_abtx,data/empirical/pooled/pooled_five_2019_sessions_abtx/hawkes_rates_abtx_pooled_five_2019_sessions.csv,381250.0,2.0099059770849834,0.044617291337236631,80.785700443898591,346900,415600,100,100,1.5295555555555556,0.0,50,10,0.50051645933444111,161.10690598290597,193.32104273504274,0.94999999999999996,0.25,0.42535994603367877
11,ACAD,data/empirical/pooled/pooled_five_2019_sessions_acad,data/empirical/pooled/pooled_five_2019_sessions_acad/hawkes_rates_acad_pooled_five_2019_sessions.csv,401000.0,2.0519323190199223,0.096534039916235742,40.833840117249153,393000,409000,1000,200,1.1837777777777778,0.0,50,4,0.26038012461385412,239.08038461538462,264.7846581196581,0.94999999999999996,0.25,0.31472892968491073
12,ACBI,data/empirical/pooled/pooled_five_2019_sessions_acbi,data/empirical/pooled/pooled_five_2019_sessions_acbi/hawkes_rates_acbi_pooled_five_2019_sessions.csv,175350.0,2.1124431424276859,0.024736099833326211,62.800970631044279,157300,193400,100,100,0.80911111111111111,0.0,50,4,0.43128249566724436,189.31789743589746,147.64596581196582,0.94999999999999996,0.25,0.42535994603367877
13,ACER,data/empirical/pooled/pooled_five_2019_sessions_acer,data/empirical/pooled/pooled_five_2019_sessions_acer/hawkes_rates_acer_pooled_five_2019_sessions.csv,41950.0,4.6068472077371387,0.0089149108936279319,35.278100821689392,40100,43800,3,5,0.17177777777777778,0.0,50,19,0.47355672184093661,222.07411965811966,227.89817948717945,0.94999999999999996,0.25,0.054854410483294959
14,ACGL,data/empirical/pooled/pooled_five_2019_sessions_acgl,data/empirical/pooled/pooled_five_2019_sessions_acgl/hawkes_rates_acgl_pooled_five_2019_sessions.csv,436300.0,1.2542449377606362,0.05825889995298944,241.36525783160619,411800,460800,1400,100,1.7093333333333334,0.0,50,2,0.15205010214399209,378.34147863247864,457.02235042735049,0.94999999999999996,0.25,0.31472892968491073
15,ACHC,data/empirical/pooled/pooled_five_2019_sessions_achc,data/empirical/pooled/pooled_five_2019_sessions_achc/hawkes_rates_achc_pooled_five_2019_sessions.csv,323300.0,1.9360760694271555,0.086371212444976281,66.767056884277153,291000,355600,200,200,1.4128888888888889,0.0,50,3,0.27113932261502111,251.50118803418803,212.71566666666666,0.94999999999999996,0.25,0.31472892968491073
16,ACIA,data/empirical/pooled/pooled_five_2019_sessions_acia,data/empirical/pooled/pooled_five_2019_sessions_acia/hawkes_rates_acia_pooled_five_2019_sessions.csv,687050.0,1.509708524918403,0.050190179067481522,46.156732335364929,685600,688500,500,100,2.911111111111111,0.0,50,6,0.39847655320161868,242.54928205128203,193.91964957264958,0.94999999999999996,0.25,0.31472892968491073
17,ACIU,data/empirical/pooled/pooled_five_2019_sessions_aciu,data/empirical/pooled/pooled_five_2019_sessions_aciu/hawkes_rates_aciu_pooled_five_2019_sessions.csv,81550.0,8.3483778108240276,0.032385999401683838,74.961423239383052,75200,87900,900,16,0.23400000000000001,0.0,50,4,0.49105880395907842,460.12926495726498,602.58648717948722,0.94999999999999996,0.25,0.36419212403997098
18,ACIW,data/empirical/pooled/pooled_five_2019_sessions_aciw,data/empirical/pooled/pooled_five_2019_sessions_aciw/hawkes_rates_aciw_pooled_five_2019_sessions.csv,355300.0,1.6826185227114145,0.070746613103124065,63.670852054951681,330600,380000,151,14,1.5108888888888889,0.0,50,3,0.22049932016084706,235.60648717948715,232.51382051282053,0.94999999999999996,0.25,0.31472892968491073
19,ACLS,data/empirical/pooled/pooled_five_2019_sessions_acls,data/empirical/pooled/pooled_five_2019_sessions_acls/hawkes_rates_acls_pooled_five_2019_sessions.csv,227350.0,2.141801644981614,0.040890636351980855,50.046530717635484,216000,238700,100,84,0.87777777777777777,0.0,50,5,0.35884725256259453,214.72702564102565,161.7493846153846,0.94999999999999996,0.25,0.42535994603367877
20,ACMR,data/empirical/pooled/pooled_five_2019_sessions_acmr,data/empirical/pooled/pooled_five_2019_sessions_acmr/hawkes_rates_acmr_pooled_five_2019_sessions.csv,366700.0,3.0327149944761493,0.018368306337877689,40.903710162763943,364400,369000,1036,40,0.69777777777777783,0.0,50,11,0.48127453941407428,295.45083760683758,236.27921367521367,0.94999999999999996,0.25,0.42535994603367877
21,ACNB,data/empirical/pooled/pooled_five_2019_sessions_acnb,data/empirical/pooled/pooled_five_2019_sessions_acnb/hawkes_rates_acnb_pooled_five_2019_sessions.csv,320650.0,1.6052113255764859,0.0027351596222060771,12.485841531070463,285500,355800,100,100,1.6055555555555556,0.0,50,64,0.23102866779089376,170.39813675213674,119.852,0.94999999999999996,0.25,0.0096468091552598823
22,ACOR,data/empirical/pooled/pooled_five_2019_sessions_acor,data/empirical/pooled/pooled_five_2019_sessions_acor/hawkes_rates_acor_pooled_five_2019_sessions.csv,21100.0,3.6009092525097448,0.029112355228855934,58.982483888128769,20800,21400,1,100,0.29577777777777775,0.0,50,3,0.164449697000176,1412.4434017094015,2314.0252905982907,0.94999999999999996,0.25,0.36419212403997098
23,ACRS,data/empirical/pooled/pooled_five_2019_sessions_acrs,data/empirical/pooled/pooled_five_2019_sessions_acrs/hawkes_rates_acrs_pooled_five_2019_sessions.csv,14150.0,3.6435236969513056,0.01554767297747767,40.347735292590386,13600,14700,80,100,0.084222222222222226,0.0,50,2,0.17545399681790749,1056.5526410256412,809.03116239316239,0.94999999999999996,0.25,0.36419212403997098
24,ACRX,data/empirical/pooled/pooled_five_2019_sessions_acrx,data/empirical/pooled/pooled_five_2019_sessions_acrx/hawkes_rates_acrx_pooled_five_2019_sessions.csv,17450.0,2.805302250680799,0.0059404248044788244,5.7110830350014803,17200,17700,250,300,0.10533333333333333,0.0,100,1,0.042727991475026643,3838.5148034188037,3192.5785726495728,0.94999999999999996,0.25,0.14684855564149249
25,ACTG,data/empirical/pooled/pooled_five_2019_sessions_actg,data/empirical/pooled/pooled_five_2019_sessions_actg/hawkes_rates_actg_pooled_five_2019_sessions.csv,23550.0,1.5926822980188695,0.0025129279029018335,21.27157610636279,20900,26200,100,100,0.12577777777777777,0.0,50,1,0.13718868720979316,419.5716666666666,1599.1371196581197,0.94999999999999996,0.1222182091484173,0
26,ADBE,data/empirical/pooled/pooled_five_2019_sessions_adbe,data/empirical/pooled/pooled_five_2019_sessions_adbe/hawkes_rates_adbe_pooled_five_2019_sessions.csv,3503450.0,1.0296586979666753,0.31280823966836191,87.085533067837829,3496900,3510000,12,87,12.122222222222222,0.0,50,11,0.52092952774856038,139.21961538461537,140.94636752136753,0.94999999999999996,0.11621735476962097,0
27,ADES,data/empirical/pooled/pooled_five_2019_sessions_ades,data/empirical/pooled/pooled_five_2019_sessions_ades/hawkes_rates_ades_pooled_five_2019_sessions.csv,109100.0,1.7610648238490523,0.021941108594384376,23.60826713593887,106800,111400,100,151,0.52911111111111109,0.0,50,4,0.35333163135052337,598.70447863247864,333.02205982905986,0.94999999999999996,0.1222182091484173,0
28,ADI,data/empirical/pooled/pooled_five_2019_sessions_adi,data/empirical/pooled/pooled_five_2019_sessions_adi/hawkes_rates_adi_pooled_five_2019_sessions.csv,1133950.0,1.1817263433639229,0.2922945425018163,143.70116024020621,1105600,1162300,110,110,4.9124444444444446,0.0,50,4,0.29498199224458327,173.31829059829062,172.48795726495729,0.94999999999999996,0.11621735476962097,0
29,ADIL,data/empirical/pooled/pooled_five_2019_sessions_adil,data/empirical/pooled/pooled_five_2019_sessions_adil/hawkes_rates_adil_pooled_five_2019_sessions.csv,18200.0,6.2167145544198563,0.006675498952946707,25.831795139724999,15300,21100,100,100,0.10822222222222222,0.0,50,7,0.56784968684759918,425.9725299145299,1267.8767094017094,0.94999999999999996,0.25,0.36419212403997098
30,ADMA,data/empirical/pooled/pooled_five_2019_sessions_adma,data/empirical/pooled/pooled_five_2019_sessions_adma/hawkes_rates_adma_pooled_five_2019_sessions.csv,41050.0,4.3399511293555051,0.016137441771015858,12.125698863635209,40100,42000,100,1,0.15688888888888888,0.0,50,2,0.39197705041384501,633.43801709401703,598.19483760683761,0.94999999999999996,0.25,0.36419212403997098
31,ADMS,data/empirical/pooled/pooled_five_2019_sessions_adms,data/empirical/pooled/pooled_five_2019_sessions_adms/hawkes_rates_adms_pooled_five_2019_sessions.csv,50550.0,2.6958205564912383,0.02184708748237104,19.634706038654379,48800,52300,500,4,0.25466666666666665,0.0,50,2,0.2048269447300142,382.64519658119656,481.25663247863247,0.94999999999999996,0.25,0.36419212403997098
32,ADP,data/empirical/pooled/pooled_five_2019_sessions_adp,data/empirical/pooled/pooled_five_2019_sessions_adp/hawkes_rates_adp_pooled_five_2019_sessions.csv,1693050.0,1.1110003377607012,0.21800076926364373,155.64130162340965,1687900,1698200,159,52,7.0377777777777775,0.0,50,6,0.42912605974170032,157.02007692307694,166.75256410256412,0.94999999999999996,0.11621735476962097,0
33,ADSK,data/empirical/pooled/pooled_five_2019_sessions_adsk,data/empirical/pooled/pooled_five_2019_sessions_adsk/hawkes_rates_adsk_pooled_five_2019_sessions.csv,1985600.0,1.2169860792734128,0.23082182999273476,101.15716507415839,1985000,1986200,78,14,7.0137777777777774,0.0,50,9,0.45754443112327609,127.44697435897436,125.80815384615384,0.94999999999999996,0.11621735476962097,0
34,ADTN,data/empirical/pooled/pooled_five_2019_sessions_adtn,data/empirical/pooled/pooled_five_2019_sessions_adtn/hawkes_rates_adtn_pooled_five_2019_sessions.csv,96900.0,1.2820762386425606,0.021949655968203769,24.39795922688263,92000,101800,100,100,0.51533333333333331,0.0,50,2,0.20226678291194419,336.85158974358973,311.52838461538465,0.94999999999999996,0.1222182091484173,0
35,ADUS,data/empirical/pooled/pooled_five_2019_sessions_adus,data/empirical/pooled/pooled_five_2019_sessions_adus/hawkes_rates_adus_pooled_five_2019_sessions.csv,963600.0,2.4308375741425428,0.077934954485234409,75.326593172354706,884300,1042900,100,100,3.7682222222222221,0.0,50,27,0.67835499140712152,125.07889743589742,108.92833333333333,0.94999999999999996,0.25,0.54198644623863046
36,ADVM,data/empirical/pooled/pooled_five_2019_sessions_advm,data/empirical/pooled/pooled_five_2019_sessions_advm/hawkes_rates_advm_pooled_five_2019_sessions.csv,106050.0,3.5958288820237838,0.037676823795888714,29.272536455590714,104600,107500,500,826,0.308,0.0,50,3,0.25730004231908593,265.3995384615385,359.99056410256406,0.94999999999999996,0.25,0.42535994603367877
37,AEGN,data/empirical/pooled/pooled_five_2019_sessions_aegn,data/empirical/pooled/pooled_five_2019_sessions_aegn/hawkes_rates_aegn_pooled_five_2019_sessions.csv,226600.0,2.742711888753544,0.041275268173853588,88.649307561746255,215300,237900,9,100,0.82311111111111113,0.0,50,7,0.47512321051396383,161.04637606837608,152.12597435897436,0.94999999999999996,0.25,0.42535994603367877
38,AEIS,data/empirical/pooled/pooled_five_2019_sessions_aeis,data/empirical/pooled/pooled_five_2019_sessions_aeis/hawkes_rates_aeis_pooled_five_2019_sessions.csv,755400.0,2.8043406243541735,0.091508184110432073,672.65278693647895,720000,790800,8,500,2.4762222222222223,0.0,50,13,0.58881954641866541,121.67222222222222,109.24382905982907,0.94999999999999996,0.25,0.54198644623863046
39,AERI,data/empirical/pooled/pooled_five_2019_sessions_aeri,data/empirical/pooled/pooled_five_2019_sessions_aeri/hawkes_rates_aeri_pooled_five_2019_sessions.csv,214300.0,2.7157836220322729,0.072131287661865898,83.078298741214056,205100,223500,500,4500,1.0840000000000001,0.0,50,9,0.44062961141170681,160.50788034188037,163.29005128205128,0.94999999999999996,0.25,0.42535994603367877
40,AFIN,data/empirical/pooled/pooled_five_2019_sessions_afin,data/empirical/pooled/pooled_five_2019_sessions_afin/hawkes_rates_afin_pooled_five_2019_sessions.csv,131450.0,1.3972576281124223,0.015821188939698277,23.502654379313171,124300,138600,100,100,0.52022222222222225,0.0,50,4,0.18249090681048538,577.25600854700849,703.99050427350426,0.94999999999999996,0.1222182091484173,0
41,AFMD,data/empirical/pooled/pooled_five_2019_sessions_afmd,data/empirical/pooled/pooled_five_2019_sessions_afmd/hawkes_rates_afmd_pooled_five_2019_sessions.csv,27500.0,4.1440169760062675,0.018111885123295868,27.813171136691984,25500,29500,100,5500,0.13244444444444445,0.0,50,2,0.14636835576790555,1278.8912393162393,847.37900000000013,0.94999999999999996,0.25,0.36419212403997098
42,AGEN,data/empirical/pooled/pooled_five_2019_sessions_agen,data/empirical/pooled/pooled_five_2019_sessions_agen/hawkes_rates_agen_pooled_five_2019_sessions.csv,37650.0,2.5858816313550874,0.0063763408692679175,12.656070698779827,36800,38500,400,500,0.12933333333333333,0.0,50,1,0.028855275640349953,2644.0376923076924,2099.6610000000001,0.94999999999999996,0.25,0.14684855564149249
43,AGFS,data/empirical/pooled/pooled_five_2019_sessions_agfs,data/empirical/pooled/pooled_five_2019_sessions_agfs/hawkes_rates_agfs_pooled_five_2019_sessions.csv,23650.0,3.6513356717137722,0.0082311209880764138,54.373817550220352,21100,26200,1000,100,0.126,0.0,50,2,0.26428998207528381,318.1265299145299,654.39205128205128,0.94999999999999996,0.25,0.36419212403997098
44,AGIO,data/empirical/pooled/pooled_five_2019_sessions_agio,data/empirical/pooled/pooled_five_2019_sessions_agio/hawkes_rates_agio_pooled_five_2019_sessions.csv,509850.0,2.6350461951272743,0.11046625924184794,66.915781122104192,469700,550000,800,8,2.1455555555555557,0.0,50,12,0.49873678300739216,131.83328205128205,135.85964102564103,0.94999999999999996,0.25,0.54198644623863046
45,AGLE,data/empirical/pooled/pooled_five_2019_sessions_agle,data/empirical/pooled/pooled_five_2019_sessions_agle/hawkes_rates_agle_pooled_five_2019_sessions.csv,74450.0,3.5307431887229357,0.025120731655198941,32.723806835434296,66700,82200,100,100,0.35222222222222221,0.0,50,6,0.43112338858195209,177.98185470085471,173.78341880341881,0.94999999999999996,0.25,0.054854410483294959
46,AGNC,data/empirical/pooled/pooled_five_2019_sessions_agnc,data/empirical/pooled/pooled_five_2019_sessions_agnc/hawkes_rates_agnc_pooled_five_2019_sessions.csv,186950.0,0.50665555162489451,0.0082567631095345952,3.4718674402299032,186500,187400,120,500,0.79866666666666664,0.0,100,1,0.01075155016560002,8524.6420769230772,8299.5136324786326,0.94999999999999996,0.25,0.14684855564149249
47,AGTC,data/empirical/pooled/pooled_five_2019_sessions_agtc,data/empirical/pooled/pooled_five_2019_sessions_agtc/hawkes_rates_agtc_pooled_five_2019_sessions.csv,72850.0,5.8991423085260664,0.0078379417923842894,23.950997862087998,71200,74500,2216,500,0.14999999999999999,0.0,50,6,0.49667931688804556,358.18399145299145,914.44858119658124,0.94999999999999996,0.25,0.36419212403997098
48,AGYS,data/empirical/pooled/pooled_five_2019_sessions_agys,data/empirical/pooled/pooled_five_2019_sessions_agys/hawkes_rates_agys_pooled_five_2019_sessions.csv,331300.0,2.3414258440399851,0.027018248643104405,63.623062724126036,327600,335000,100,200,1.002,0.0,50,7,0.38054565055145534,136.48992307692308,153.96437606837608,0.94999999999999996,0.25,0.42535994603367877
49,AIMC,data/empirical/pooled/pooled_five_2019_sessions_aimc,data/empirical/pooled/pooled_five_2019_sessions_aimc/hawkes_rates_aimc_pooled_five_2019_sessions.csv,355000.0,2.4292775286038331,0.061652207359288856,520.63941387343152,337700,372300,67,100,1.3124444444444445,0.0,50,5,0.33485131941709334,173.69563247863249,162.58170940170939,0.94999999999999996,0.25,0.42535994603367877
50,AIMT,data/empirical/pooled/pooled_five_2019_sessions_aimt,data/empirical/pooled/pooled_five_2019_sessions_aimt/hawkes_rates_aimt_pooled_five_2019_sessions.csv,324500.0,2.600749233899061,0.06988332834736527,22.538910451061,319000,330000,10,678,1.0071111111111111,0.0,50,5,0.31229207172175416,198.17945299145299,181.44120512820513,0.94999999999999996,0.25,0.31472892968491073
51,AINV,data/empirical/pooled/pooled_five_2019_sessions_ainv,data/empirical/pooled/pooled_five_2019_sessions_ainv/hawkes_rates_ainv_pooled_five_2019_sessions.csv,176550.0,0.696685607977788,0.013333903158254626,23.729229206855269,175100,178000,100,29,0.70199999999999996,0.0,50,2,0.14343356710538957,408.35138461538463,472.0543076923077,0.94999999999999996,0.1222182091484173,0
52,AIRG,data/empirical/pooled/pooled_five_2019_sessions_airg,data/empirical/pooled/pooled_five_2019_sessions_airg/hawkes_rates_airg_pooled_five_2019_sessions.csv,96950.0,2.4742928235665698,0.011496217787084918,30.595825246179601,87400,106500,100,100,0.52044444444444449,0.0,50,12,0.50148456057007129,168.7945299145299,243.2052222222222,0.94999999999999996,0.25,0.42535994603367877
53,AKAM,data/empirical/pooled/pooled_five_2019_sessions_akam,data/empirical/pooled/pooled_five_2019_sessions_akam/hawkes_rates_akam_pooled_five_2019_sessions.csv,948600.0,1.1396721343338612,0.16284456600709432,88.86431014360609,935000,962200,1340,348,3.7191111111111113,0.0,50,3,0.3174609974041106,190.94292307692308,182.56127350427352,0.94999999999999996,0.11621735476962097,0
54,AKBA,data/empirical/pooled/pooled_five_2019_sessions_akba,data/empirical/pooled/pooled_five_2019_sessions_akba/hawkes_rates_akba_pooled_five_2019_sessions.csv,74250.0,2.6049280020304786,0.022924056583614686,35.897162862197256,72300,76200,100,247,0.24311111111111111,0.0,50,1,0.14354430379746835,961.47294017094009,902.25224786324782,0.94999999999999996,0.25,0.36419212403997098
55,AKCA,data/empirical/pooled/pooled_five_2019_sessions_akca,data/empirical/pooled/pooled_five_2019_sessions_akca/hawkes_rates_akca_pooled_five_2019_sessions.csv,176350.0,3.6798450548870525,0.039882046241292365,284.31875416641509,167500,185200,1,96,1.0093333333333334,0.0,50,16,0.46749777382012464,125.09732478632479,152.39268376068375,0.94999999999999996,0.25,0.054854410483294959
56,AKRX,data/empirical/pooled/pooled_five_2019_sessions_akrx,data/empirical/pooled/pooled_five_2019_sessions_akrx/hawkes_rates_akrx_pooled_five_2019_sessions.csv,15200.0,2.7454774494406071,0.0096670797897346044,10.276214471582383,14800,15600,1399,500,0.15555555555555556,0.0,50,1,0.030945092787449779,3370.6126153846153,2874.0074700854702,0.94999999999999996,0.25,0.14684855564149249
57,AKTS,data/empirical/pooled/pooled_five_2019_sessions_akts,data/empirical/pooled/pooled_five_2019_sessions_akts/hawkes_rates_akts_pooled_five_2019_sessions.csv,78150.0,2.6960502689624124,0.017616137441771016,18.29482718967332,77800,78500,4,1069,0.32244444444444442,0.0,50,3,0.32479485473497449,531.1463504273504,682.07076068376068,0.94999999999999996,0.25,0.36419212403997098
58,ALBO,data/empirical/pooled/pooled_five_2019_sessions_albo,data/empirical/pooled/pooled_five_2019_sessions_albo/hawkes_rates_albo_pooled_five_2019_sessions.csv,213700.0,3.9958157823624023,0.022710372238129835,16.585443795960288,213000,214400,200,100,1.213111111111111,0.0,50,29,0.62180327868852459,184.08824786324789,112.90357264957265,0.94999999999999996,0.25,0.0096468091552598823
59,ALDX,data/empirical/pooled/pooled_five_2019_sessions_aldx,data/empirical/pooled/pooled_five_2019_sessions_aldx/hawkes_rates_aldx_pooled_five_2019_sessions.csv,55600.0,4.3736940495306236,0.030095303218086244,25.848151880392393,50200,61000,1100,100,0.29688888888888887,0.0,50,4,0.67280947090149801,302.72856410256406,248.0636581196581,0.94999999999999996,0.25,0.054854410483294959
60,ALGN,data/empirical/pooled/pooled_five_2019_sessions_algn,data/empirical/pooled/pooled_five_2019_sessions_algn/hawkes_rates_algn_pooled_five_2019_sessions.csv,2485000.0,2.3261744590961841,0.21465019872644131,78.968588513694613,2480000,2490000,10,49,11.428222222222223,0.0,50,25,0.57039353264185477,129.6726153846154,111.24170085470084,0.94999999999999996,0.25,0.54198644623863046
61,ALGT,data/empirical/pooled/pooled_five_2019_sessions_algt,data/empirical/pooled/pooled_five_2019_sessions_algt/hawkes_rates_algt_pooled_five_2019_sessions.csv,1576050.0,2.6446649642691593,0.07518270011538955,401.03079546848579,1482100,1670000,300,10,6.3211111111111107,0.0,50,44,0.64047583643122674,102.12935042735043,105.16164957264957,0.94999999999999996,0.25,0.54198644623863046
62,ALLK,data/empirical/pooled/pooled_five_2019_sessions_allk,data/empirical/pooled/pooled_five_2019_sessions_allk/hawkes_rates_allk_pooled_five_2019_sessions.csv,745450.0,2.9635490501977833,0.06922518056327194,37.656148388753493,701100,789800,1,100,1.7262222222222223,0.0,50,28,0.51763277892595871,152.17866666666666,137.98481196581196,0.94999999999999996,0.25,0.0096468091552598823
63,ALLO,data/empirical/pooled/pooled_five_2019_sessions_allo,data/empirical/pooled/pooled_five_2019_sessions_allo/hawkes_rates_allo_pooled_five_2019_sessions.csv,221250.0,3.011103743253182,0.048626009658532414,48.140362982848785,201600,240900,1000,1000,1.2302222222222223,0.0,50,12,0.40232029855589813,267.52848717948717,179.48217948717948,0.94999999999999996,0.25,0.42535994603367877
64,ALNY,data/empirical/pooled/pooled_five_2019_sessions_alny,data/empirical/pooled/pooled_five_2019_sessions_alny/hawkes_rates_alny_pooled_five_2019_sessions.csv,1184400.0,2.0829227783697557,0.092362921492371464,120.83404289721538,1140000,1228800,30,600,3.8555555555555556,0.0,50,16,0.55727739196735837,111.00602564102564,129.24688034188034,0.94999999999999996,0.25,0.54198644623863046
65,ALRM,data/empirical/pooled/pooled_five_2019_sessions_alrm,data/empirical/pooled/pooled_five_2019_sessions_alrm/hawkes_rates_alrm_pooled_five_2019_sessions.csv,472750.0,1.781569586332425,0.080892345826744733,51.304469876140018,452000,493500,200,600,2.2922222222222222,0.0,50,9,0.52208796047160122,120.72452991452992,133.39744444444446,0.94999999999999996,0.25,0.31472892968491073
66,ALSK,data/empirical/pooled/pooled_five_2019_sessions_alsk,data/empirical/pooled/pooled_five_2019_sessions_alsk/hawkes_rates_alsk_pooled_five_2019_sessions.csv,20150.0,1.7861310796708179,0.0020941065857515281,9.9572277362850112,19000,21300,100,100,0.082444444444444445,0.0,50,2,0.26895306859205775,2506.634512820513,1625.0232051282051,0.94999999999999996,0.25,0.14684855564149249
67,ALT,data/empirical/pooled/pooled_five_2019_sessions_alt,data/empirical/pooled/pooled_five_2019_sessions_alt/hawkes_rates_alt_pooled_five_2019_sessions.csv,18650.0,6.6396200286444591,0.0093337322107782377,17.976056842382576,17200,20100,50,100,0.10377777777777777,0.0,50,2,0.35281443576622679,1047.3455555555556,1158.4278461538463,0.94999999999999996,0.25,0.36419212403997098
68,ALTM,data/empirical/pooled/pooled_five_2019_sessions_altm,data/empirical/pooled/pooled_five_2019_sessions_altm/hawkes_rates_altm_pooled_five_2019_sessions.csv,20400.0,3.7296592312896077,0.01139364930125219,20.51342313317684,18200,22600,100,100,0.14444444444444443,0.0,50,5,0.20126437972846928,1010.7059743589743,536.50516239316244,0.94999999999999996,0.25,0.36419212403997098
69,ALTR,data/empirical/pooled/pooled_five_2019_sessions_altr,data/empirical/pooled/pooled_five_2019_sessions_altr/hawkes_rates_altr_pooled_five_2019_sessions.csv,367900.0,2.7159477947629975,0.046907987520834228,491.78184733376196,328300,407500,100,100,1.5753333333333333,0.0,50,10,0.38787926989302901,153.76736752136753,114.52144444444443,0.94999999999999996,0.25,0.42535994603367877
70,ALXN,data/empirical/pooled/pooled_five_2019_sessions_alxn,data/empirical/pooled/pooled_five_2019_sessions_alxn/hawkes_rates_alxn_pooled_five_2019_sessions.csv,1058750.0,1.4403346891383748,0.18495662207786659,97.667961760443461,1050500,1067000,26,200,5.0057777777777774,0.0,50,8,0.44259452967611962,123.31549572649574,130.68688888888889,0.94999999999999996,0.11621735476962097,0
71,AMAG,data/empirical/pooled/pooled_five_2019_sessions_amag,data/empirical/pooled/pooled_five_2019_sessions_amag/hawkes_rates_amag_pooled_five_2019_sessions.csv,98200.0,4.1075213369901284,0.055754519423907009,47.049466326964691,95400,101000,956,2,0.54088888888888886,0.0,50,3,0.23341996852843933,307.43943589743589,350.84842735042736,0.94999999999999996,0.25,0.054854410483294959
72,AMAL,data/empirical/pooled/pooled_five_2019_sessions_amal,data/empirical/pooled/pooled_five_2019_sessions_amal/hawkes_rates_amal_pooled_five_2019_sessions.csv,172250.0,3.2040120658888478,0.02024018120432497,69.281142073183631,154000,190500,100,100,0.83377777777777773,0.0,50,24,0.50705954573357892,212.36146153846153,217.30622222222223,0.94999999999999996,0.25,0.0096468091552598823
73,AMAT,data/empirical/pooled/pooled_five_2019_sessions_amat,data/empirical/pooled/pooled_five_2019_sessions_amat/hawkes_rates_amat_pooled_five_2019_sessions.csv,615600.0,1.4227140155311737,0.18794820291465447,28.249889374512549,615400,615800,129,21,2.2388888888888889,0.0,50,1,0.052871797710310982,620.75419658119665,644.73211111111118,0.94999999999999996,0.25,0.40263407090880049
74,AMBC,data/empirical/pooled/pooled_five_2019_sessions_ambc,data/empirical/pooled/pooled_five_2019_sessions_ambc/hawkes_rates_ambc_pooled_five_2019_sessions.csv,215450.0,0.98274017765247335,0.027103722381298344,33.921036853841493,192300,238600,100,100,0.86399999999999999,0.0,50,3,0.24023166653071212,231.23846153846154,231.75679487179485,0.94999999999999996,0.1222182091484173,0
75,AMCX,data/empirical/pooled/pooled_five_2019_sessions_amcx,data/empirical/pooled/pooled_five_2019_sessions_amcx/hawkes_rates_amcx_pooled_five_2019_sessions.csv,381700.0,1.8137980333711452,0.093533911705628442,60.82960356375149,355100,408300,6,100,2.3648888888888888,0.0,50,6,0.38865834228759866,167.57968376068374,186.47912820512821,0.94999999999999996,0.25,0.31472892968491073
76,AMD,data/empirical/pooled/pooled_five_2019_sessions_amd,data/empirical/pooled/pooled_five_2019_sessions_amd/hawkes_rates_amd_pooled_five_2019_sessions.csv,464700.0,2.6798536084795894,0.19932475746826789,15.192954537477151,464400,465000,100,6190,1.4644444444444444,0.0,50,1,0.03181304651333676,3566.547914529915,4533.7435726495733,0.94999999999999996,0.25,0.40263407090880049
77,AMED,data/empirical/pooled/pooled_five_2019_sessions_amed,data/empirical/pooled/pooled_five_2019_sessions_amed/hawkes_rates_amed_pooled_five_2019_sessions.csv,1777250.0,2.5489369993589124,0.12785161759049532,61.283478316913026,1704500,1850000,100,45,5.8339999999999996,0.0,50,36,0.62086943531520766,94.189897435897436,86.844700854700847,0.94999999999999996,0.25,0.54198644623863046
78,AMEH,data/empirical/pooled/pooled_five_2019_sessions_ameh,data/empirical/pooled/pooled_five_2019_sessions_ameh/hawkes_rates_ameh_pooled_five_2019_sessions.csv,181200.0,3.4909100784044496,0.018513611692807387,53.12849131980721,168000,194400,100,100,0.81155555555555559,0.0,50,18,0.38520245919016322,182.60929914529916,164.36508547008549,0.94999999999999996,0.25,0.42535994603367877
79,AMGN,data/empirical/pooled/pooled_five_2019_sessions_amgn,data/empirical/pooled/pooled_five_2019_sessions_amgn/hawkes_rates_amgn_pooled_five_2019_sessions.csv,2265200.0,1.262819900655429,0.24972862088123424,125.90079022287834,2259400,2271000,119,100,8.3664444444444452,0.0,50,8,0.50282049040898791,186.90045299145299,142.81340170940172,0.94999999999999996,0.11621735476962097,0
80,AMKR,data/empirical/pooled/pooled_five_2019_sessions_amkr,data/empirical/pooled/pooled_five_2019_sessions_amkr/hawkes_rates_amkr_pooled_five_2019_sessions.csv,121850.0,2.375379961494378,0.045403649728620883,30.165460563346162,118300,125400,20,100,0.37622222222222224,0.0,50,1,0.087707768331031735,874.81026495726496,971.93414529914537,0.94999999999999996,0.25,0.14684855564149249
81,AMOT,data/empirical/pooled/pooled_five_2019_sessions_amot,data/empirical/pooled/pooled_five_2019_sessions_amot/hawkes_rates_amot_pooled_five_2019_sessions.csv,470400.0,3.5041932690430113,0.026659258942689855,21.004658254473604,433100,507700,2,100,1.6731111111111112,0.0,50,43,0.56899943788645302,152.84786324786324,105.29037606837608,0.94999999999999996,0.25,0.0096468091552598823
82,AMPH,data/empirical/pooled/pooled_five_2019_sessions_amph,data/empirical/pooled/pooled_five_2019_sessions_amph/hawkes_rates_amph_pooled_five_2019_sessions.csv,196900.0,2.2758846952963263,0.033215094662165053,56.547603071023936,176700,217100,100,900,0.87622222222222224,0.0,50,5,0.28711284383799002,222.94964957264955,175.11627350427352,0.94999999999999996,0.25,0.42535994603367877
83,AMSC,data/empirical/pooled/pooled_five_2019_sessions_amsc,data/empirical/pooled/pooled_five_2019_sessions_amsc/hawkes_rates_amsc_pooled_five_2019_sessions.csv,65700.0,2.7806016025461595,0.032044104448908074,36.964208666795024,63700,67700,100,149,0.36288888888888887,0.0,50,4,0.31630009890265154,245.98275213675214,215.88120512820515,0.94999999999999996,0.25,0.054854410483294959
84,AMSF,data/empirical/pooled/pooled_five_2019_sessions_amsf,data/empirical/pooled/pooled_five_2019_sessions_amsf/hawkes_rates_amsf_pooled_five_2019_sessions.csv,654600.0,1.7128779749301286,0.04368562759092269,80.159500806980773,588400,720800,100,100,2.8086666666666669,0.0,50,21,0.62204846727423369,132.05283760683761,101.96803418803418,0.94999999999999996,0.25,0.54198644623863046
85,AMSWA,data/empirical/pooled/pooled_five_2019_sessions_amswa,data/empirical/pooled/pooled_five_2019_sessions_amswa/hawkes_rates_amswa_pooled_five_2019_sessions.csv,144000.0,2.1647790418031168,0.017487926834480104,81.03839575620843,134100,153900,100,65,0.59933333333333338,0.0,50,5,0.42352150537634409,170.17642735042733,169.36719658119657,0.94999999999999996,0.25,0.42535994603367877
86,AMTB,data/empirical/pooled/pooled_five_2019_sessions_amtb,data/empirical/pooled/pooled_five_2019_sessions_amtb/hawkes_rates_amtb_pooled_five_2019_sessions.csv,196600.0,2.1626437833952568,0.0097354587802897553,45.928654470058014,175900,217300,100,100,0.78422222222222226,0.0,50,17,0.51562884568053158,474.16693162393165,278.40558974358976,0.94999999999999996,0.25,0.42535994603367877
87,AMTD,data/empirical/pooled/pooled_five_2019_sessions_amtd,data/empirical/pooled/pooled_five_2019_sessions_amtd/hawkes_rates_amtd_pooled_five_2019_sessions.csv,475500.0,1.2820274412557302,0.13831360314543356,40.903352827889599,454100,496900,100,1500,2.2155555555555555,0.0,50,2,0.12377158144523728,412.4325897435898,434.53064957264962,0.94999999999999996,0.25,0.40263407090880049
88,AMWD,data/empirical/pooled/pooled_five_2019_sessions_amwd,data/empirical/pooled/pooled_five_2019_sessions_amwd/hawkes_rates_amwd_pooled_five_2019_sessions.csv,1125150.0,2.3145678092815567,0.074336510107269535,109.86624687802878,1007800,1242500,100,100,3.7626666666666666,0.0,50,26,0.63652749460745206,110.16844444444443,145.48142735042737,0.94999999999999996,0.25,0.54198644623863046
89,AMZN,data/empirical/pooled/pooled_five_2019_sessions_amzn,data/empirical/pooled/pooled_five_2019_sessions_amzn/hawkes_rates_amzn_pooled_five_2019_sessions.csv,18594650.0,0.93353404387398387,0.45362622334287794,46.891566108359378,18589300,18600000,153,3,79.326666666666668,0.0,18,53,0.67725495399168023,66.582205128205132,70.276008547008544,0.94999999999999996,0.11621735476962097,0
90,ANAB,data/empirical/pooled/pooled_five_2019_sessions_anab,data/empirical/pooled/pooled_five_2019_sessions_anab/hawkes_rates_anab_pooled_five_2019_sessions.csv,142850.0,3.5458161658408702,0.067276379332450106,39.434442159624794,129600,156100,100,100,2.310888888888889,0.0,50,22,0.57361398339896319,156.66472649572648,152.2111623931624,0.94999999999999996,0.25,0.0096468091552598823
91,ANAT,data/empirical/pooled/pooled_five_2019_sessions_anat,data/empirical/pooled/pooled_five_2019_sessions_anat/hawkes_rates_anat_pooled_five_2019_sessions.csv,1085750.0,2.6142161170350873,0.022137698192230437,165.14968391961702,991400,1180100,100,68,5.4995555555555553,0.0,50,120,0.4861245173745174,137.53395726495725,101.04476923076922,0.94999999999999996,0.25,0.0096468091552598823
92,ANDE,data/empirical/pooled/pooled_five_2019_sessions_ande,data/empirical/pooled/pooled_five_2019_sessions_ande/hawkes_rates_ande_pooled_five_2019_sessions.csv,226000.0,2.7537875359038702,0.045523312962092402,104.75222770785717,208300,243700,600,500,1.1495555555555557,0.0,50,9,0.37331203279479142,162.16963247863248,137.05900854700855,0.94999999999999996,0.25,0.42535994603367877
93,ANGI,data/empirical/pooled/pooled_five_2019_sessions_angi,data/empirical/pooled/pooled_five_2019_sessions_angi/hawkes_rates_angi_pooled_five_2019_sessions.csv,85600.0,1.4778647362490906,0.026684901064148041,105.6065031239784,81300,89900,2900,100,0.58844444444444444,0.0,50,2,0.098456063610920616,606.69787179487173,824.12911965811963,0.94999999999999996,0.1222182091484173,0
94,ANGO,data/empirical/pooled/pooled_five_2019_sessions_ango,data/empirical/pooled/pooled_five_2019_sessions_ango/hawkes_rates_ango_pooled_five_2019_sessions.csv,138000.0,2.2414733746129847,0.034822000940211123,141.57063232315409,124700,151300,100,100,0.92200000000000004,0.0,50,4,0.3038417745540421,228.58082051282048,220.95152991452991,0.94999999999999996,0.25,0.42535994603367877
95,ANIK,data/empirical/pooled/pooled_five_2019_sessions_anik,data/empirical/pooled/pooled_five_2019_sessions_anik/hawkes_rates_anik_pooled_five_2019_sessions.csv,460300.0,2.5648583502980409,0.058156331467156722,37.949507511372232,446500,474100,109,400,2.3113333333333332,0.0,50,18,0.60176272287884325,101.9308376068376,101.08967521367522,0.94999999999999996,0.25,0.54198644623863046
96,ANIP,data/empirical/pooled/pooled_five_2019_sessions_anip,data/empirical/pooled/pooled_five_2019_sessions_anip/hawkes_rates_anip_pooled_five_2019_sessions.csv,624150.0,2.5864119403931953,0.058079405102782165,28.638124522219229,573600,674700,100,400,2.9604444444444447,0.0,50,32,0.65508516694528529,117.91536752136753,79.42064957264958,0.94999999999999996,0.25,0.0096468091552598823
97,ANIX,data/empirical/pooled/pooled_five_2019_sessions_anix,data/empirical/pooled/pooled_five_2019_sessions_anix/hawkes_rates_anix_pooled_five_2019_sessions.csv,38050.0,2.9154608547519656,0.0042993290311551776,19.541883989065582,36100,40000,100,100,0.20066666666666666,0.0,50,6,0.59477124183006536,277.65788034188034,303.94940170940174,0.94999999999999996,0.25,0.054854410483294959
98,ANSS,data/empirical/pooled/pooled_five_2019_sessions_anss,data/empirical/pooled/pooled_five_2019_sessions_anss/hawkes_rates_anss_pooled_five_2019_sessions.csv,2762650.0,1.3733592913530193,0.15492115047651608,595.88730720090507,2761600,2763700,29,45,9.6462222222222227,0.0,50,19,0.59537547730165463,97.686641025641023,85.55947863247863,0.94999999999999996,0.11621735476962097,0
99,AOBC,data/empirical/pooled/pooled_five_2019_sessions_aobc,data/empirical/pooled/pooled_five_2019_sessions_aobc/hawkes_rates_aobc_pooled_five_2019_sessions.csv,94600.0,1.3164650710726655,0.014376682764220694,27.666447670427633,92000,97200,19,5,0.40999999999999998,0.0,50,1,0.077355460385438973,618.82675213675213,642.99158119658125,0.94999999999999996,0.1222182091484173,0
100,AOSL,data/empirical/pooled/pooled_five_2019_sessions_aosl,data/empirical/pooled/pooled_five_2019_sessions_aosl/hawkes_rates_aosl_pooled_five_2019_sessions.csv,132950.0,2.9575825250331813,0.023659130732082569,46.308496894465634,123000,142900,100,100,0.52777777777777779,0.0,50,5,0.37993527508090613,204.3944188034188,194.16582051282052,0.94999999999999996,0.25,0.42535994603367877
101,APEI,data/empirical/pooled/pooled_five_2019_sessions_apei,data/empirical/pooled/pooled_five_2019_sessions_apei/hawkes_rates_apei_pooled_five_2019_sessions.csv,224250.0,3.4402099155188099,0.046446429334586946,177.67425098890723,211700,236800,100,42,1.3288888888888888,0.0,50,14,0.48692796146266698,159.40037606837606,123.61199145299145,0.94999999999999996,0.25,0.42535994603367877
102,APLS,data/empirical/pooled/pooled_five_2019_sessions_apls,data/empirical/pooled/pooled_five_2019_sessions_apls/hawkes_rates_apls_pooled_five_2019_sessions.csv,418950.0,3.3377181163934102,0.061053891191931275,167.83814387653527,390200,447700,900,100,1.3017777777777777,0.0,50,9,0.34885206020982212,202.05885470085471,153.10560683760684,0.94999999999999996,0.25,0.42535994603367877
103,APOG,data/empirical/pooled/pooled_five_2019_sessions_apog,data/empirical/pooled/pooled_five_2019_sessions_apog/hawkes_rates_apog_pooled_five_2019_sessions.csv,330050.0,2.7084113328603361,0.06758408478994829,66.885097318440643,310500,349600,600,600,1.6075555555555556,0.0,50,9,0.48943468715697036,148.89146153846156,138.03952136752136,0.94999999999999996,0.25,0.42535994603367877
104,APPF,data/empirical/pooled/pooled_five_2019_sessions_appf,data/empirical/pooled/pooled_five_2019_sessions_appf/hawkes_rates_appf_pooled_five_2019_sessions.csv,1252200.0,3.0218129315830922,0.080661566733621098,73.386881556202709,1222600,1281800,100,56,4.1308888888888893,0.0,50,28,0.59583539910758554,104.49936752136753,100.01391452991453,0.94999999999999996,0.25,0.54198644623863046
105,APPN,data/empirical/pooled/pooled_five_2019_sessions_appn,data/empirical/pooled/pooled_five_2019_sessions_appn/hawkes_rates_appn_pooled_five_2019_sessions.csv,512550.0,2.102617243572515,0.070353433907431942,30.470334736629177,500100,525000,1,30,1.7066666666666668,0.0,50,8,0.47212870760834896,117.54726495726496,137.99862393162394,0.94999999999999996,0.25,0.31472892968491073
106,APPS,data/empirical/pooled/pooled_five_2019_sessions_apps,data/empirical/pooled/pooled_five_2019_sessions_apps/hawkes_rates_apps_pooled_five_2019_sessions.csv,67750.0,3.3502959194563187,0.028069575622889871,21.530064007137451,67500,68000,25,100,0.23866666666666667,0.0,50,1,0.11035731875883764,1277.1753247863248,1035.9429829059829,0.94999999999999996,0.25,0.14684855564149249
107,APTO,data/empirical/pooled/pooled_five_2019_sessions_apto,data/empirical/pooled/pooled_five_2019_sessions_apto/hawkes_rates_apto_pooled_five_2019_sessions.csv,63400.0,3.2170953537753828,0.012462071028676438,17.490685052002025,62000,64800,3,1493,0.098444444444444446,0.0,50,2,0.23936743740265964,744.82960683760689,565.71560683760686,0.94999999999999996,0.25,0.36419212403997098
108,APTX,data/empirical/pooled/pooled_five_2019_sessions_aptx,data/empirical/pooled/pooled_five_2019_sessions_aptx/hawkes_rates_aptx_pooled_five_2019_sessions.csv,42700.0,4.3023807532362914,0.011761186375486132,35.813820274216113,40600,44800,8800,100,0.17399999999999999,0.0,50,4,0.25010963309457679,442.34082051282047,368.93790598290599,0.94999999999999996,0.25,0.36419212403997098
109,APYX,data/empirical/pooled/pooled_five_2019_sessions_apyx,data/empirical/pooled/pooled_five_2019_sessions_apyx/hawkes_rates_apyx_pooled_five_2019_sessions.csv,75000.0,3.2537696651917791,0.013718534980127355,156.64457730493351,66800,83200,100,100,0.29822222222222222,0.0,50,4,0.37981037367540438,293.75032478632477,346.56836752136752,0.94999999999999996,0.25,0.054854410483294959
110,AQST,data/empirical/pooled/pooled_five_2019_sessions_aqst,data/empirical/pooled/pooled_five_2019_sessions_aqst/hawkes_rates_aqst_pooled_five_2019_sessions.csv,41150.0,4.5947793066560374,0.01355613487755887,163.26685831736108,39200,43100,400,400,0.25,0.0,50,6,0.28625377643504529,462.87774358974355,307.30177777777777,0.94999999999999996,0.25,0.054854410483294959
111,ARAY,data/empirical/pooled/pooled_five_2019_sessions_aray,data/empirical/pooled/pooled_five_2019_sessions_aray/hawkes_rates_aray_pooled_five_2019_sessions.csv,43250.0,2.4258967038924069,0.0079234155305782303,11.583101897646165,42100,44400,1100,3000,0.17777777777777778,0.0,250,1,0.02071013237659285,1373.2285726495727,943.83111965811963,0.94999999999999996,0.25,0.14684855564149249
112,ARCB,data/empirical/pooled/pooled_five_2019_sessions_arcb,data/empirical/pooled/pooled_five_2019_sessions_arcb/hawkes_rates_arcb_pooled_five_2019_sessions.csv,244100.0,2.6040280095937098,0.081661609470490198,96.249961463571907,238700,249500,100,88,1.4237777777777778,0.0,50,9,0.51111249584579599,135.31154700854702,124.61791452991451,0.94999999999999996,0.25,0.42535994603367877
113,ARCC,data/empirical/pooled/pooled_five_2019_sessions_arcc,data/empirical/pooled/pooled_five_2019_sessions_arcc/hawkes_rates_arcc_pooled_five_2019_sessions.csv,192300.0,0.69408730739045343,0.014120261549638875,8.5033215751185232,188100,196500,1,3500,0.81511111111111112,0.0,50,1,0.031618216220865226,1737.2670341880344,2504.6513162393162,0.94999999999999996,0.25,0.14684855564149249
114,ARCE,data/empirical/pooled/pooled_five_2019_sessions_arce,data/empirical/pooled/pooled_five_2019_sessions_arce/hawkes_rates_arce_pooled_five_2019_sessions.csv,457900.0,3.9625986787660512,0.032326167784948075,41.099362548341148,405400,510400,100,39,1.806888888888889,0.0,50,44,0.65030094582975062,133.0017435897436,158.74972649572649,0.94999999999999996,0.25,0.0096468091552598823
115,ARDX,data/empirical/pooled/pooled_five_2019_sessions_ardx,data/empirical/pooled/pooled_five_2019_sessions_ardx/hawkes_rates_ardx_pooled_five_2019_sessions.csv,72150.0,3.5577413925098398,0.016735757938373435,25.834864238955312,72000,72300,50,5,0.13755555555555554,0.0,50,2,0.27523631695647099,420.75116239316242,516.30541025641025,0.94999999999999996,0.25,0.36419212403997098
116,ARNA,data/empirical/pooled/pooled_five_2019_sessions_arna,data/empirical/pooled/pooled_five_2019_sessions_arna/hawkes_rates_arna_pooled_five_2019_sessions.csv,456200.0,2.1891857493591225,0.083960853027907179,79.936147518506388,440000,472400,100,600,2.0962222222222224,0.0,50,10,0.5048406207554258,128.2105128205128,125.35703418803419,0.94999999999999996,0.25,0.54198644623863046
117,AROW,data/empirical/pooled/pooled_five_2019_sessions_arow,data/empirical/pooled/pooled_five_2019_sessions_arow/hawkes_rates_arow_pooled_five_2019_sessions.csv,370600.0,1.5054197865937182,0.011162870208128553,35.278692767312911,351700,389500,1,100,1.431111111111111,0.0,50,33,0.47634345794392524,140.6125982905983,116.52058974358974,0.94999999999999996,0.25,0.0096468091552598823
118,ARTNA,data/empirical/pooled/pooled_five_2019_sessions_artna,data/empirical/pooled/pooled_five_2019_sessions_artna/hawkes_rates_artna_pooled_five_2019_sessions.csv,412850.0,2.2114033734646981,0.0070857728962776187,27.857010677970159,351000,474700,100,100,1.6966666666666668,0.0,50,34,0.29164985881403793,189.25958974358974,166.97217948717949,0.94999999999999996,0.25,0.0096468091552598823
119,ARVN,data/empirical/pooled/pooled_five_2019_sessions_arvn,data/empirical/pooled/pooled_five_2019_sessions_arvn/hawkes_rates_arvn_pooled_five_2019_sessions.csv,491050.0,3.5990447658152069,0.030796187871276547,73.338368852698167,452100,530000,100,19,0.94333333333333336,0.0,50,20,0.46313309776207301,211.4759829059829,131.76782051282049,0.94999999999999996,0.25,0.0096468091552598823
120,ARWR,data/empirical/pooled/pooled_five_2019_sessions_arwr,data/empirical/pooled/pooled_five_2019_sessions_arwr/hawkes_rates_arwr_pooled_five_2019_sessions.csv,431600.0,2.7087855004950163,0.11244924996794733,44.333598669038395,423400,439800,73,1958,1.2824444444444445,0.0,50,5,0.25949541284403671,269.65598290598291,279.94523076923076,0.94999999999999996,0.25,0.31472892968491073
121,ASMB,data/empirical/pooled/pooled_five_2019_sessions_asmb,data/empirical/pooled/pooled_five_2019_sessions_asmb/hawkes_rates_asmb_pooled_five_2019_sessions.csv,177600.0,3.6832558169797007,0.050198726441300912,45.561048435097796,172000,183200,14,100,0.79355555555555557,0.0,50,11,0.44656537556173764,152.50247008547007,168.99730769230769,0.94999999999999996,0.25,0.054854410483294959
122,ASPS,data/empirical/pooled/pooled_five_2019_sessions_asps,data/empirical/pooled/pooled_five_2019_sessions_asps/hawkes_rates_asps_pooled_five_2019_sessions.csv,184150.0,3.3075393544443288,0.03448010598743536,84.812721606070667,169100,199200,100,100,0.95399999999999996,0.0,50,12,0.61861152141802067,161.44464102564103,188.19870940170941,0.94999999999999996,0.25,0.054854410483294959
123,ASTE,data/empirical/pooled/pooled_five_2019_sessions_aste,data/empirical/pooled/pooled_five_2019_sessions_aste/hawkes_rates_aste_pooled_five_2019_sessions.csv,401200.0,2.71574242719295,0.061019701696653703,62.907913291266389,367400,435000,100,25,1.6222222222222222,0.0,50,11,0.52127162225338941,124.88964957264957,131.5328547008547,0.94999999999999996,0.25,0.42535994603367877
124,ASUR,data/empirical/pooled/pooled_five_2019_sessions_asur,data/empirical/pooled/pooled_five_2019_sessions_asur/hawkes_rates_asur_pooled_five_2019_sessions.csv,87450.0,2.0544768120026169,0.016051968032821915,42.481861316935266,85100,89800,25,100,0.36577777777777776,0.0,50,3,0.248338081671415,318.53578632478633,255.1892905982906,0.94999999999999996,0.1222182091484173,0
125,ASYS,data/empirical/pooled/pooled_five_2019_sessions_asys,data/empirical/pooled/pooled_five_2019_sessions_asys/hawkes_rates_asys_pooled_five_2019_sessions.csv,61100.0,1.7593399258658649,0.0066327620838497374,81.864652155560734,58800,63400,900,837,0.25444444444444442,0.0,50,4,0.56116811365430153,187.48287179487178,937.01476923076916,0.94999999999999996,0.1222182091484173,0
126,ATEC,data/empirical/pooled/pooled_five_2019_sessions_atec,data/empirical/pooled/pooled_five_2019_sessions_atec/hawkes_rates_atec_pooled_five_2019_sessions.csv,64600.0,4.5999554661886357,0.016145989144835247,27.238052559905164,61200,68000,400,700,0.21955555555555556,0.0,50,3,0.30792812739504388,886.73163247863249,540.26166666666666,0.94999999999999996,0.25,0.36419212403997098
127,ATHX,data/empirical/pooled/pooled_five_2019_sessions_athx,data/empirical/pooled/pooled_five_2019_sessions_athx/hawkes_rates_athx_pooled_five_2019_sessions.csv,14150.0,2.8779419494259044,0.0026667806316509252,15.182482103664894,13800,14500,100,2,0.067777777777777784,0.0,100,1,0.04724175497672576,7105.8845897435895,2831.4823333333334,0.94999999999999996,0.25,0.14684855564149249
128,ATLC,data/empirical/pooled/pooled_five_2019_sessions_atlc,data/empirical/pooled/pooled_five_2019_sessions_atlc/hawkes_rates_atlc_pooled_five_2019_sessions.csv,174900.0,5.156788811160296,0.0033591179110218387,65.608377793693009,131300,218500,100,100,0.21333333333333335,0.0,50,22,0.30461811722912968,438.57803418803417,521.18381196581197,0.94999999999999996,0.25,0.054854410483294959
129,ATLO,data/empirical/pooled/pooled_five_2019_sessions_atlo,data/empirical/pooled/pooled_five_2019_sessions_atlo/hawkes_rates_atlo_pooled_five_2019_sessions.csv,258800.0,1.703001497816071,0.0023334330526945594,12.965558670249898,242600,275000,100,100,1.1913333333333334,0.0,50,52,0.29342723004694837,207.11590598290599,749.45946153846148,0.94999999999999996,0.25,0.0096468091552598823
130,ATNI,data/empirical/pooled/pooled_five_2019_sessions_atni,data/empirical/pooled/pooled_five_2019_sessions_atni/hawkes_rates_atni_pooled_five_2019_sessions.csv,540750.0,2.7076280317648056,0.041138510192743283,113.32348521605455,509700,571800,100,10,2.5666666666666669,0.0,50,38,0.62360744413677638,117.79382905982906,120.99999145299145,0.94999999999999996,0.25,0.0096468091552598823
131,ATNX,data/empirical/pooled/pooled_five_2019_sessions_atnx,data/empirical/pooled/pooled_five_2019_sessions_atnx/hawkes_rates_atnx_pooled_five_2019_sessions.csv,143300.0,3.1276388291930632,0.045677165690841487,40.598365239268588,135400,151200,100,800,0.56133333333333335,0.0,50,4,0.2632079350395724,311.46464102564107,319.51342735042738,0.94999999999999996,0.25,0.42535994603367877
132,ATOM,data/empirical/pooled/pooled_five_2019_sessions_atom,data/empirical/pooled/pooled_five_2019_sessions_atom/hawkes_rates_atom_pooled_five_2019_sessions.csv,46550.0,6.6059920778658219,0.0048805504508739692,15.486205482876914,41700,51400,100,100,0.15866666666666668,0.0,50,12,0.5971428571428572,276.7068888888889,519.71362393162394,0.94999999999999996,0.25,0.054854410483294959
133,ATOS,data/empirical/pooled/pooled_five_2019_sessions_atos,data/empirical/pooled/pooled_five_2019_sessions_atos/hawkes_rates_atos_pooled_five_2019_sessions.csv,14800.0,4.6857682933951601,0.0078464891662036844,37.700629755557536,14100,15500,100,6,0.07955555555555556,0.0,75,3,0.50287992910943735,495.5237350427351,689.13223076923077,0.94999999999999996,0.25,0.36419212403997098
134,ATRA,data/empirical/pooled/pooled_five_2019_sessions_atra,data/empirical/pooled/pooled_five_2019_sessions_atra/hawkes_rates_atra_pooled_five_2019_sessions.csv,143600.0,3.4139529341174737,0.061156459677764008,82.939372329175612,136400,150800,102,100,0.76555555555555554,0.0,50,8,0.35156660248555927,191.93020512820513,194.29813675213674,0.94999999999999996,0.25,0.42535994603367877
135,ATRC,data/empirical/pooled/pooled_five_2019_sessions_atrc,data/empirical/pooled/pooled_five_2019_sessions_atrc/hawkes_rates_atrc_pooled_five_2019_sessions.csv,397650.0,2.042751809972601,0.044856617804179669,68.950079049295795,356900,438400,100,100,1.27,0.0,50,8,0.46552666510502066,146.21007692307691,156.964,0.94999999999999996,0.25,0.42535994603367877
136,ATRI,data/empirical/pooled/pooled_five_2019_sessions_atri,data/empirical/pooled/pooled_five_2019_sessions_atri/hawkes_rates_atri_pooled_five_2019_sessions.csv,7078100.0,6.1279297328276883,0.024103594170691058,107.79567474062874,6292800,7863400,100,100,33.551333333333332,0.0,50,1409,0.6905571540674863,40.144794871794872,31.915709401709403,0.94999999999999996,0.25,0.0096468091552598823
137,ATRO,data/empirical/pooled/pooled_five_2019_sessions_atro,data/empirical/pooled/pooled_five_2019_sessions_atro/hawkes_rates_atro_pooled_five_2019_sessions.csv,276850.0,1.9464862704139634,0.037805034403179623,61.752686258639194,254600,299100,600,700,1.3677777777777778,0.0,50,8,0.46070791953144896,147.35348717948719,156.88601709401709,0.94999999999999996,0.25,0.42535994603367877
138,ATRS,data/empirical/pooled/pooled_five_2019_sessions_atrs,data/empirical/pooled/pooled_five_2019_sessions_atrs/hawkes_rates_atrs_pooled_five_2019_sessions.csv,39800.0,2.1297208064935438,0.00546177187059276,8.1257900692361584,38000,41600,100,100,0.14355555555555555,0.0,69,1,0.034427966101694914,2612.6008461538463,2052.6381367521367,0.94999999999999996,0.25,0.14684855564149249
139,ATSG,data/empirical/pooled/pooled_five_2019_sessions_atsg,data/empirical/pooled/pooled_five_2019_sessions_atsg/hawkes_rates_atsg_pooled_five_2019_sessions.csv,210050.0,2.5458188972847982,0.050420958160605156,564.04050615940173,210000,210100,1,381,1.0444444444444445,0.0,50,4,0.28645062515947944,204.48044444444446,201.50717948717949,0.94999999999999996,0.25,0.42535994603367877
140,ATVI,data/empirical/pooled/pooled_five_2019_sessions_atvi,data/empirical/pooled/pooled_five_2019_sessions_atvi/hawkes_rates_atvi_pooled_five_2019_sessions.csv,599350.0,1.3390440596228494,0.18296508397794778,21.646057772018317,597500,601200,600,25,2.1404444444444444,0.0,50,1,0.08640325032917949,510.7952735042735,535.04872649572644,0.94999999999999996,0.25,0.40263407090880049
141,AUPH,data/empirical/pooled/pooled_five_2019_sessions_auph,data/empirical/pooled/pooled_five_2019_sessions_auph/hawkes_rates_auph_pooled_five_2019_sessions.csv,182350.0,1.902889396924607,0.046010513269797854,29.836890985757154,177700,187000,100,1720,0.28222222222222221,0.0,50,2,0.24273029214397071,623.77837606837602,492.8389829059829,0.94999999999999996,0.1222182091484173,0
142,AUTO,data/empirical/pooled/pooled_five_2019_sessions_auto,data/empirical/pooled/pooled_five_2019_sessions_auto/hawkes_rates_auto_pooled_five_2019_sessions.csv,26050.0,5.7619193513230815,0.0039232445831018422,25.617716735840215,20700,31400,100,1591,0.14466666666666667,0.0,50,11,0.64511041009463721,470.12994017094013,975.6434786324786,0.94999999999999996,0.25,0.36419212403997098
143,AVAV,data/empirical/pooled/pooled_five_2019_sessions_avav,data/empirical/pooled/pooled_five_2019_sessions_avav/hawkes_rates_avav_pooled_five_2019_sessions.csv,646950.0,2.304307841030854,0.071156887046454981,53.656395233278779,631700,662200,100,8,2.8222222222222224,0.0,50,15,0.56832618025751069,97.937649572649576,115.13923931623931,0.94999999999999996,0.25,0.54198644623863046
144,AVCO,data/empirical/pooled/pooled_five_2019_sessions_avco,data/empirical/pooled/pooled_five_2019_sessions_avco/hawkes_rates_avco_pooled_five_2019_sessions.csv,17300.0,5.1398476556490333,0.0092909953416812682,22.326639497905997,16500,18100,100,2600,0.091555555555555557,0.0,50,5,0.49267192784667418,434.40270085470081,553.72182905982913,0.94999999999999996,0.25,0.36419212403997098
145,AVGO,data/empirical/pooled/pooled_five_2019_sessions_avgo,data/empirical/pooled/pooled_five_2019_sessions_avgo/hawkes_rates_avgo_pooled_five_2019_sessions.csv,3140050.0,1.0873075963294552,0.26549852557801612,84.771335954196942,3135100,3145000,40,7,13.242222222222223,0.0,50,14,0.56619032884188025,109.89013675213675,114.89993162393162,0.94999999999999996,0.11621735476962097,0
146,AVID,data/empirical/pooled/pooled_five_2019_sessions_avid,data/empirical/pooled/pooled_five_2019_sessions_avid/hawkes_rates_avid_pooled_five_2019_sessions.csv,84900.0,2.0122109267621711,0.019317064831830419,23.09905261251744,83100,86700,100,131,0.32400000000000001,0.0,50,2,0.26933587543692405,315.88703418803419,306.76262393162392,0.94999999999999996,0.1222182091484173,0
147,AVRO,data/empirical/pooled/pooled_five_2019_sessions_avro,data/empirical/pooled/pooled_five_2019_sessions_avro/hawkes_rates_avro_pooled_five_2019_sessions.csv,200900.0,3.3292660825920861,0.031351767169537158,33.387877307932634,189900,211900,100,99,0.82333333333333336,0.0,50,16,0.52964077154485933,180.45329914529913,132.51966666666667,0.94999999999999996,0.25,0.054854410483294959
148,AVT,data/empirical/pooled/pooled_five_2019_sessions_avt,data/empirical/pooled/pooled_five_2019_sessions_avt/hawkes_rates_avt_pooled_five_2019_sessions.csv,400850.0,3.1188776548997388,0.074849352536433184,901.57367960117313,380000,421700,60,100,1.8455555555555556,0.0,50,3,0.25735654732712115,204.80879487179487,203.15157264957264,0.94999999999999996,0.25,0.31472892968491073
149,AVXL,data/empirical/pooled/pooled_five_2019_sessions_avxl,data/empirical/pooled/pooled_five_2019_sessions_avxl/hawkes_rates_avxl_pooled_five_2019_sessions.csv,30250.0,4.0248259018907433,0.0094192059489721786,12.849223461016228,28500,32000,3100,3200,0.11311111111111111,0.0,50,2,0.20760642009769714,1033.0238974358974,840.91157264957258,0.94999999999999996,0.25,0.36419212403997098
150,AXDX,data/empirical/pooled/pooled_five_2019_sessions_axdx,data/empirical/pooled/pooled_five_2019_sessions_axdx/hawkes_rates_axdx_pooled_five_2019_sessions.csv,158600.0,2.9225688752205876,0.029975639984614728,58.258093102597428,155600,161600,800,102,0.80555555555555558,0.0,50,9,0.38845767991974234,201.99576068376069,241.45742735042737,0.94999999999999996,0.25,0.42535994603367877
151,AXGN,data/empirical/pooled/pooled_five_2019_sessions_axgn,data/empirical/pooled/pooled_five_2019_sessions_axgn/hawkes_rates_axgn_pooled_five_2019_sessions.csv,132400.0,3.2017548844234809,0.057395615197230652,41.905495846931075,123500,141300,500,100,0.75422222222222224,0.0,50,5,0.30587151987866967,238.06337606837604,191.75200854700856,0.94999999999999996,0.25,0.42535994603367877
152,AXNX,data/empirical/pooled/pooled_five_2019_sessions_axnx,data/empirical/pooled/pooled_five_2019_sessions_axnx/hawkes_rates_axnx_pooled_five_2019_sessions.csv,303950.0,3.5287724901447497,0.037471686824223256,151.45975387422922,288900,319000,800,1191,1.0904444444444445,0.0,50,18,0.49304847281120834,324.01415384615382,166.42611111111111,0.94999999999999996,0.25,0.0096468091552598823
153,AXSM,data/empirical/pooled/pooled_five_2019_sessions_axsm,data/empirical/pooled/pooled_five_2019_sessions_axsm/hawkes_rates_axsm_pooled_five_2019_sessions.csv,885000.0,4.6838610688192777,0.12203085601948802,30.178848533043602,875000,895000,10,1000,1.0604444444444445,0.0,50,9,0.49028553105277733,320.01374358974357,321.75240170940168,0.94999999999999996,0.25,0.54198644623863046
154,AXTI,data/empirical/pooled/pooled_five_2019_sessions_axti,data/empirical/pooled/pooled_five_2019_sessions_axti/hawkes_rates_axti_pooled_five_2019_sessions.csv,44450.0,1.8680285594739123,0.0095046796871661177,17.321149318957012,41300,47600,100,1500,0.18066666666666667,0.0,50,2,0.18995929443690637,460.2161282051282,537.73334188034187,0.94999999999999996,0.1222182091484173,0
155,AZPN,data/empirical/pooled/pooled_five_2019_sessions_azpn,data/empirical/pooled/pooled_five_2019_sessions_azpn/hawkes_rates_azpn_pooled_five_2019_sessions.csv,1300000.0,1.5364626505573711,0.13172357793068079,71.690272942929667,1240000,1360000,3,21,5.3920000000000003,0.0,50,14,0.57363760113794526,119.37053846153847,114.58935042735042,0.94999999999999996,0.25,0.54198644623863046
156,BAND,data/empirical/pooled/pooled_five_2019_sessions_band,data/empirical/pooled/pooled_five_2019_sessions_band/hawkes_rates_band_pooled_five_2019_sessions.csv,719250.0,2.4638873703914661,0.059934185221590663,67.187968940752825,643300,795200,100,100,2.8824444444444444,0.0,50,28,0.64581494093412373,91.424119658119665,106.61360683760684,0.94999999999999996,0.25,0.54198644623863046
157,BANF,data/empirical/pooled/pooled_five_2019_sessions_banf,data/empirical/pooled/pooled_five_2019_sessions_banf/hawkes_rates_banf_pooled_five_2019_sessions.csv,585350.0,2.7670967679555218,0.037582802683875378,130.3005256481969,521700,649000,100,100,2.6124444444444443,0.0,50,26,0.61819922352816037,163.78288034188034,132.6861111111111,0.94999999999999996,0.25,0.0096468091552598823
158,BANR,data/empirical/pooled/pooled_five_2019_sessions_banr,data/empirical/pooled/pooled_five_2019_sessions_banr/hawkes_rates_banr_pooled_five_2019_sessions.csv,488300.0,2.1945725312960707,0.086610538911919305,54.058396485367211,460800,515800,100,102,2.4495555555555555,0.0,50,12,0.64552065225375221,104.80761538461539,112.0526752136752,0.94999999999999996,0.25,0.54198644623863046
159,BATRA,data/empirical/pooled/pooled_five_2019_sessions_batra,data/empirical/pooled/pooled_five_2019_sessions_batra/hawkes_rates_batra_pooled_five_2019_sessions.csv,311950.0,1.5457798746557627,0.026488311466301977,91.042980165635527,290000,333900,1000,100,1.296,0.0,50,9,0.45694329565297309,305.19799145299146,156.24769230769232,0.94999999999999996,0.25,0.42535994603367877
160,BATRK,data/empirical/pooled/pooled_five_2019_sessions_batrk,data/empirical/pooled/pooled_five_2019_sessions_batrk/hawkes_rates_batrk_pooled_five_2019_sessions.csv,283900.0,1.4544504685612454,0.026428479849566221,89.51788949734383,267800,300000,100,1,1.3044444444444445,0.0,50,8,0.42269111034244206,159.47725641025642,144.29353846153847,0.94999999999999996,0.25,0.31472892968491073
161,BBBY,data/empirical/pooled/pooled_five_2019_sessions_bbby,data/empirical/pooled/pooled_five_2019_sessions_bbby/hawkes_rates_bbby_pooled_five_2019_sessions.csv,161100.0,2.5881250531204829,0.068755075003205268,11.249495345672424,160400,161800,50,49,0.66133333333333333,0.0,50,1,0.030910159895732689,1946.7700683760686,1818.2412136752137,0.94999999999999996,0.25,0.40263407090880049
162,BBGI,data/empirical/pooled/pooled_five_2019_sessions_bbgi,data/empirical/pooled/pooled_five_2019_sessions_bbgi/hawkes_rates_bbgi_pooled_five_2019_sessions.csv,37600.0,2.5212109987123466,0.0029232018462327452,28.943734258722852,35400,39800,100,1000,0.1448888888888889,0.0,50,5,0.26613488034807831,801.45407692307697,251.15158974358974,0.94999999999999996,0.25,0.36419212403997098
163,BBSI,data/empirical/pooled/pooled_five_2019_sessions_bbsi,data/empirical/pooled/pooled_five_2019_sessions_bbsi/hawkes_rates_bbsi_pooled_five_2019_sessions.csv,861350.0,3.2613380696729242,0.022684730116671652,253.49052692987846,793900,928800,100,100,4.0153333333333334,0.0,50,77,0.49791399229781774,188.49584615384614,111.80818803418803,0.94999999999999996,0.25,0.0096468091552598823
164,BCBP,data/empirical/pooled/pooled_five_2019_sessions_bcbp,data/empirical/pooled/pooled_five_2019_sessions_bcbp/hawkes_rates_bcbp_pooled_five_2019_sessions.csv,136050.0,2.4527284840695232,0.010521817171674002,26.58880571936858,122500,149600,100,4,0.57466666666666666,0.0,50,10,0.3102803738317757,273.9985811965812,523.91124786324792,0.94999999999999996,0.25,0.054854410483294959
165,BCLI,data/empirical/pooled/pooled_five_2019_sessions_bcli,data/empirical/pooled/pooled_five_2019_sessions_bcli/hawkes_rates_bcli_pooled_five_2019_sessions.csv,41050.0,1.8363249798642778,0.0041625710500448731,12.466499228344603,40100,42000,1200,500,0.17622222222222222,0.0,50,3,0.44584980237154148,410.10808547008548,427.87315384615385,0.94999999999999996,0.1222182091484173,0
166,BCML,data/empirical/pooled/pooled_five_2019_sessions_bcml,data/empirical/pooled/pooled_five_2019_sessions_bcml/hawkes_rates_bcml_pooled_five_2019_sessions.csv,217400.0,2.3887214536030252,0.0033505705372024442,38.991797173459027,196700,238100,100,700,0.99888888888888894,0.0,50,40,0.24815560026827632,250.52429914529912,202.79433333333333,0.94999999999999996,0.25,0.0096468091552598823
167,BCOR,data/empirical/pooled/pooled_five_2019_sessions_bcor,data/empirical/pooled/pooled_five_2019_sessions_bcor/hawkes_rates_bcor_pooled_five_2019_sessions.csv,222100.0,1.7857167765728512,0.047942219752980894,24.758981460174276,218100,226100,100,71,1.2751111111111111,0.0,50,6,0.35789907069756499,166.58480341880343,165.68091452991453,0.94999999999999996,0.25,0.31472892968491073
168,BCOV,data/empirical/pooled/pooled_five_2019_sessions_bcov,data/empirical/pooled/pooled_five_2019_sessions_bcov/hawkes_rates_bcov_pooled_five_2019_sessions.csv,85900.0,1.5664095715920572,0.014521988119150392,61.383045191302131,84200,87600,100,82,0.37577777777777777,0.0,50,3,0.2741902834008097,265.13948717948722,251.19309401709401,0.94999999999999996,0.1222182091484173,0
169,BCPC,data/empirical/pooled/pooled_five_2019_sessions_bcpc,data/empirical/pooled/pooled_five_2019_sessions_bcpc/hawkes_rates_bcpc_pooled_five_2019_sessions.csv,1068850.0,2.5309013657641,0.079584597632377449,139.93422509489292,965100,1172600,100,100,4.3733333333333331,0.0,50,36,0.68780487804878043,110.98558974358976,96.250461538461536,0.94999999999999996,0.25,0.54198644623863046
170,BCRX,data/empirical/pooled/pooled_five_2019_sessions_bcrx,data/empirical/pooled/pooled_five_2019_sessions_bcrx/hawkes_rates_bcrx_pooled_five_2019_sessions.csv,30250.0,2.7054011434830767,0.020146160092311637,32.57907223881729,29500,31000,700,7100,0.14133333333333334,0.0,50,2,0.10236847749486779,2229.5181367521368,2024.6231282051281,0.94999999999999996,0.25,0.14684855564149249
171,BDGE,data/empirical/pooled/pooled_five_2019_sessions_bdge,data/empirical/pooled/pooled_five_2019_sessions_bdge/hawkes_rates_bdge_pooled_five_2019_sessions.csv,297300.0,2.4569567385678659,0.019667507158425572,132.14386595547387,252600,342000,100,100,1.3653333333333333,0.0,50,22,0.52848272138228947,157.78629914529915,156.59013675213674,0.94999999999999996,0.25,0.0096468091552598823
172,BDSI,data/empirical/pooled/pooled_five_2019_sessions_bdsi,data/empirical/pooled/pooled_five_2019_sessions_bdsi/hawkes_rates_bdsi_pooled_five_2019_sessions.csv,54500.0,1.95572436724163,0.010957733236463096,6.1739583908475835,54000,55000,2,2804,0.22533333333333333,0.0,50,1,0.066001247660636309,1201.5490341880343,1243.3540598290597,0.94999999999999996,0.25,0.14684855564149249
173,BEAT,data/empirical/pooled/pooled_five_2019_sessions_beat,data/empirical/pooled/pooled_five_2019_sessions_beat/hawkes_rates_beat_pooled_five_2019_sessions.csv,491300.0,2.5210487175919365,0.10286764391640668,87.454346142363448,468100,514500,100,85,2.0806666666666667,0.0,50,11,0.5445653344823872,140.27921367521367,101.66297435897437,0.94999999999999996,0.25,0.54198644623863046
174,BECN,data/empirical/pooled/pooled_five_2019_sessions_becn,data/empirical/pooled/pooled_five_2019_sessions_becn/hawkes_rates_becn_pooled_five_2019_sessions.csv,328300.0,2.1250910785530071,0.073464677977691364,188.42586695037141,292700,363900,100,100,1.4633333333333334,0.0,50,4,0.26873740013439856,203.05553846153845,215.25535042735046,0.94999999999999996,0.25,0.31472892968491073
175,BELFB,data/empirical/pooled/pooled_five_2019_sessions_belfb,data/empirical/pooled/pooled_five_2019_sessions_belfb/hawkes_rates_belfb_pooled_five_2019_sessions.csv,179650.0,4.4807919014239257,0.017163126629343134,97.139753850134284,160700,198600,100,100,0.85422222222222222,0.0,50,30,0.55120807789397763,136.08183760683761,124.28409401709402,0.94999999999999996,0.25,0.0096468091552598823
176,BFIN,data/empirical/pooled/pooled_five_2019_sessions_bfin,data/empirical/pooled/pooled_five_2019_sessions_bfin/hawkes_rates_bfin_pooled_five_2019_sessions.csv,126100.0,2.1779943461448945,0.0061712038976024621,55.787913198335509,112700,139500,100,100,0.63355555555555554,0.0,50,12,0.27620274914089349,301.86519658119659,261.0082478632479,0.94999999999999996,0.25,0.42535994603367877
177,BFST,data/empirical/pooled/pooled_five_2019_sessions_bfst,data/empirical/pooled/pooled_five_2019_sessions_bfst/hawkes_rates_bfst_pooled_five_2019_sessions.csv,292000.0,2.9165058234014185,0.0041796657976836621,26.159668199823894,249700,334300,100,100,1.1124444444444443,0.0,50,54,0.29557640750670239,348.11404273504274,316.36953846153847,0.94999999999999996,0.25,0.0096468091552598823
178,BGCP,data/empirical/pooled/pooled_five_2019_sessions_bgcp,data/empirical/pooled/pooled_five_2019_sessions_bgcp/hawkes_rates_bgcp_pooled_five_2019_sessions.csv,58100.0,1.4743674687159241,0.0051540664130945765,33.59892399912242,55500,60700,100,100,0.25044444444444447,0.0,100,1,0.013910988578180386,4294.9498717948718,4443.3510683760687,0.94999999999999996,0.25,0.14684855564149249
179,BGFV,data/empirical/pooled/pooled_five_2019_sessions_bgfv,data/empirical/pooled/pooled_five_2019_sessions_bgfv/hawkes_rates_bgfv_pooled_five_2019_sessions.csv,39050.0,7.5541104676938131,0.030300440189751698,27.269919880353697,36900,41200,100,1300,0.14399999999999999,0.0,50,2,0.28463968707687681,600.55046153846149,1124.2029572649571,0.94999999999999996,0.25,0.36419212403997098
180,BHF,data/empirical/pooled/pooled_five_2019_sessions_bhf,data/empirical/pooled/pooled_five_2019_sessions_bhf/hawkes_rates_bhf_pooled_five_2019_sessions.csv,407800.0,1.5762299193168949,0.098756357109278173,75.591925264868323,383200,432400,200,200,1.7006666666666668,0.0,50,3,0.18644133947388963,262.68302564102567,237.94249572649574,0.94999999999999996,0.25,0.31472892968491073
181,BIIB,data/empirical/pooled/pooled_five_2019_sessions_biib,data/empirical/pooled/pooled_five_2019_sessions_biib/hawkes_rates_biib_pooled_five_2019_sessions.csv,2888550.0,1.5480173318321315,0.23261677849480744,127.80235767333174,2881500,2895600,66,70,13.275555555555556,0.0,50,18,0.54097105696589165,137.41279487179489,138.3421282051282,0.94999999999999996,0.11621735476962097,0
182,BIOS,data/empirical/pooled/pooled_five_2019_sessions_bios,data/empirical/pooled/pooled_five_2019_sessions_bios/hawkes_rates_bios_pooled_five_2019_sessions.csv,43350.0,2.4857741814365495,0.005299371768024275,7.0522276087937348,43100,43600,500,1,0.15355555555555556,0.0,50,1,0.038857563128217698,2781.7403247863249,2161.7386666666666,0.94999999999999996,0.25,0.14684855564149249
183,BJRI,data/empirical/pooled/pooled_five_2019_sessions_bjri,data/empirical/pooled/pooled_five_2019_sessions_bjri/hawkes_rates_bjri_pooled_five_2019_sessions.csv,401800.0,2.4666096379314992,0.082439420488055054,446.9897410508616,396000,407600,100,172,1.8071111111111111,0.0,50,8,0.47428393524283935,129.49519658119658,142.71941880341882,0.94999999999999996,0.25,0.31472892968491073
184,BKCC,data/empirical/pooled/pooled_five_2019_sessions_bkcc,data/empirical/pooled/pooled_five_2019_sessions_bkcc/hawkes_rates_bkcc_pooled_five_2019_sessions.csv,51300.0,0.77334358232597367,0.0036155391256036582,7.2857458231036922,50100,52500,249,7900,0.26600000000000001,0.0,75,1,0.056918452438669644,1225.5088974358973,1398.9639999999999,0.94999999999999996,0.1222182091484173,0
185,BKNG,data/empirical/pooled/pooled_five_2019_sessions_bkng,data/empirical/pooled/pooled_five_2019_sessions_bkng/hawkes_rates_bkng_pooled_five_2019_sessions.csv,18783800.0,1.027689330153482,0.14656181888114878,63.879106937928938,18717600,18850000,15,200,85.219111111111104,0.0,30,177,0.60935017001862513,39.408965811965814,43.160316239316238,0.94999999999999996,0.11621735476962097,0
186,BL,data/empirical/pooled/pooled_five_2019_sessions_bl,data/empirical/pooled/pooled_five_2019_sessions_bl/hawkes_rates_bl_pooled_five_2019_sessions.csv,592250.0,2.1447285264973202,0.068156758835847681,308.61424821840711,532900,651600,100,100,2.116888888888889,0.0,50,9,0.47273861139157808,136.24011965811965,142.53819658119659,0.94999999999999996,0.25,0.54198644623863046
187,BLBD,data/empirical/pooled/pooled_five_2019_sessions_blbd,data/empirical/pooled/pooled_five_2019_sessions_blbd/hawkes_rates_blbd_pooled_five_2019_sessions.csv,198050.0,2.1471651172590418,0.020453865549809821,35.81095052913372,197800,198300,10,41,0.89466666666666672,0.0,50,9,0.53917710196779967,183.30199145299144,130.78659829059831,0.94999999999999996,0.25,0.42535994603367877
188,BLDP,data/empirical/pooled/pooled_five_2019_sessions_bldp,data/empirical/pooled/pooled_five_2019_sessions_bldp/hawkes_rates_bldp_pooled_five_2019_sessions.csv,99550.0,2.0243769382442234,0.011282533441600068,11.930745325903647,99100,100000,334,2500,0.18955555555555556,0.0,50,1,0.046951246318195805,3437.9444871794867,1799.5882991452993,0.94999999999999996,0.25,0.14684855564149249
189,BLDR,data/empirical/pooled/pooled_five_2019_sessions_bldr,data/empirical/pooled/pooled_five_2019_sessions_bldr/hawkes_rates_bldr_pooled_five_2019_sessions.csv,269000.0,1.8988113053673072,0.054848497799051245,12.976139297241748,249200,288800,1500,1600,0.73199999999999998,0.0,50,2,0.10596861482357962,380.96445299145296,397.62335042735043,0.94999999999999996,0.25,0.31472892968491073
190,BLFS,data/empirical/pooled/pooled_five_2019_sessions_blfs,data/empirical/pooled/pooled_five_2019_sessions_blfs/hawkes_rates_blfs_pooled_five_2019_sessions.csv,146050.0,3.5856750518495906,0.029308944826701995,120.30400896863055,142200,149900,100,22,0.77466666666666661,0.0,50,10,0.45065398335315099,182.89317948717948,147.45060683760684,0.94999999999999996,0.25,0.42535994603367877
191,BLKB,data/empirical/pooled/pooled_five_2019_sessions_blkb,data/empirical/pooled/pooled_five_2019_sessions_blkb/hawkes_rates_blkb_pooled_five_2019_sessions.csv,791050.0,2.1451788840321497,0.10524381383819821,160.40529907966476,707700,874400,100,100,3.4620000000000002,0.0,50,17,0.62448217041670051,105.40152136752135,99.061222222222227,0.94999999999999996,0.25,0.54198644623863046
192,BLMN,data/empirical/pooled/pooled_five_2019_sessions_blmn,data/empirical/pooled/pooled_five_2019_sessions_blmn/hawkes_rates_blmn_pooled_five_2019_sessions.csv,211000.0,1.7054424691501477,0.044369417496474203,62.700223080607287,193600,228400,100,100,0.86733333333333329,0.0,50,2,0.089324334402267128,405.37600000000003,450.8701282051282,0.94999999999999996,0.25,0.31472892968491073
193,BLNK,data/empirical/pooled/pooled_five_2019_sessions_blnk,data/empirical/pooled/pooled_five_2019_sessions_blnk/hawkes_rates_blnk_pooled_five_2019_sessions.csv,19500.0,5.2781988847560068,0.011513312534723706,21.045313481459822,19400,19600,13,13,0.099111111111111108,0.0,50,2,0.41911764705882354,798.60011965811964,856.17549572649568,0.94999999999999996,0.25,0.36419212403997098
194,BLUE,data/empirical/pooled/pooled_five_2019_sessions_blue,data/empirical/pooled/pooled_five_2019_sessions_blue/hawkes_rates_blue_pooled_five_2019_sessions.csv,825400.0,2.1149517374950366,0.12595410060258985,77.799913872257122,810800,840000,20,35,5.4755555555555553,0.0,50,24,0.57562712295424412,111.51600000000001,101.62555555555556,0.94999999999999996,0.25,0.54198644623863046
195,BMCH,data/empirical/pooled/pooled_five_2019_sessions_bmch,data/empirical/pooled/pooled_five_2019_sessions_bmch/hawkes_rates_bmch_pooled_five_2019_sessions.csv,321650.0,2.0224373822196418,0.035975896405829308,106.90114405880786,306300,337000,20,100,0.95466666666666666,0.0,50,3,0.25058342173056525,269.11009401709401,191.4103846153846,0.94999999999999996,0.25,0.31472892968491073
196,BMRC,data/empirical/pooled/pooled_five_2019_sessions_bmrc,data/empirical/pooled/pooled_five_2019_sessions_bmrc/hawkes_rates_bmrc_pooled_five_2019_sessions.csv,426350.0,2.1497888060715127,0.012667208000341896,65.974782977463249,397700,455000,100,500,1.9644444444444444,0.0,50,41,0.35157468038665418,192.27174358974361,163.14246153846153,0.94999999999999996,0.25,0.0096468091552598823
197,BMRN,data/empirical/pooled/pooled_five_2019_sessions_bmrn,data/empirical/pooled/pooled_five_2019_sessions_bmrn/hawkes_rates_bmrn_pooled_five_2019_sessions.csv,836700.0,1.542719767597343,0.12919355528014018,91.457704537383208,813100,860300,700,22,3.903111111111111,0.0,50,9,0.46133897284697672,121.46505128205129,142.67513675213675,0.94999999999999996,0.11621735476962097,0
198,BMTC,data/empirical/pooled/pooled_five_2019_sessions_bmtc,data/empirical/pooled/pooled_five_2019_sessions_bmtc/hawkes_rates_bmtc_pooled_five_2019_sessions.csv,376850.0,1.6005170512237354,0.025625026710543185,60.319762026261863,336600,417100,100,100,1.6966666666666668,0.0,50,12,0.47914526402301211,145.7747264957265,140.30611111111111,0.94999999999999996,0.25,0.42535994603367877
199,BNFT,data/empirical/pooled/pooled_five_2019_sessions_bnft,data/empirical/pooled/pooled_five_2019_sessions_bnft/hawkes_rates_bnft_pooled_five_2019_sessions.csv,176700.0,2.6618034438890583,0.059643574511731266,204.94676925032502,169900,183500,1,75,1.1688888888888889,0.0,50,10,0.44955198232478211,154.4198717948718,147.49928205128205,0.94999999999999996,0.25,0.42535994603367877
200,BOCH,data/empirical/pooled/pooled_five_2019_sessions_boch,data/empirical/pooled/pooled_five_2019_sessions_boch/hawkes_rates_boch_pooled_five_2019_sessions.csv,110500.0,2.8567775883750417,0.0060258985426727644,20.320166490531602,109100,111900,100,100,0.47444444444444445,0.0,50,13,0.37119999999999997,207.59358119658117,221.62453846153844,0.94999999999999996,0.25,0.054854410483294959
201,BOKF,data/empirical/pooled/pooled_five_2019_sessions_bokf,data/empirical/pooled/pooled_five_2019_sessions_bokf/hawkes_rates_bokf_pooled_five_2019_sessions.csv,762500.0,2.6047044672127453,0.096038292234710887,94.565880712189099,729000,796000,300,2,3.5237777777777777,0.0,50,21,0.63980819857089133,113.96784615384615,107.2515811965812,0.94999999999999996,0.25,0.54198644623863046
202,BOMN,data/empirical/pooled/pooled_five_2019_sessions_bomn,data/empirical/pooled/pooled_five_2019_sessions_bomn/hawkes_rates_bomn_pooled_five_2019_sessions.csv,198050.0,2.3726270879997706,0.014898072567203727,82.626378031594115,193500,202600,100,183,0.96666666666666667,0.0,50,27,0.4192152767417574,139.56838461538462,143.31777777777776,0.94999999999999996,0.25,0.0096468091552598823
203,BOOM,data/empirical/pooled/pooled_five_2019_sessions_boom,data/empirical/pooled/pooled_five_2019_sessions_boom/hawkes_rates_boom_pooled_five_2019_sessions.csv,424200.0,2.549882545280775,0.063857429804692514,65.141701154854701,410000,438400,1,413,1.9908888888888889,0.0,50,17,0.59221886658376266,117.36392307692309,125.12164102564103,0.94999999999999996,0.25,0.54198644623863046
204,BOXL,data/empirical/pooled/pooled_five_2019_sessions_boxl,data/empirical/pooled/pooled_five_2019_sessions_boxl/hawkes_rates_boxl_pooled_five_2019_sessions.csv,12550.0,7.2281051200434341,0.010538911919312791,22.533482990947196,11800,13300,200,100,0.11888888888888889,0.0,50,5,0.58081334723670486,735.06891452991454,406.23592307692309,0.94999999999999996,0.25,0.36419212403997098
205,BPFH,data/empirical/pooled/pooled_five_2019_sessions_bpfh,data/empirical/pooled/pooled_five_2019_sessions_bpfh/hawkes_rates_bpfh_pooled_five_2019_sessions.csv,114000.0,1.3309316230152772,0.017616137441771016,86.580267378240521,109900,118100,100,6,0.51066666666666671,0.0,50,1,0.090952580278658129,505.64462393162393,502.37069230769231,0.94999999999999996,0.1222182091484173,0
206,BPMC,data/empirical/pooled/pooled_five_2019_sessions_bpmc,data/empirical/pooled/pooled_five_2019_sessions_bpmc/hawkes_rates_bpmc_pooled_five_2019_sessions.csv,657200.0,2.6210127956926437,0.07253301423137741,58.905607581212479,640000,674400,55,25,3.5733333333333333,0.0,50,24,0.54901240613777347,111.70055555555555,101.26051282051282,0.94999999999999996,0.25,0.54198644623863046
207,BPOP,data/empirical/pooled/pooled_five_2019_sessions_bpop,data/empirical/pooled/pooled_five_2019_sessions_bpop/hawkes_rates_bpop_pooled_five_2019_sessions.csv,551300.0,1.4208617079569452,0.091132099662378743,440.35586023251386,524100,578500,1200,45,2.4833333333333334,0.0,50,4,0.40282546293690552,173.73805982905984,161.49710256410259,0.94999999999999996,0.25,0.31472892968491073
208,BPR,data/empirical/pooled/pooled_five_2019_sessions_bpr,data/empirical/pooled/pooled_five_2019_sessions_bpr/hawkes_rates_bpr_pooled_five_2019_sessions.csv,185400.0,0.91873992509915725,0.017111842386426771,110.07625839601577,182500,188300,200,72,0.84888888888888892,0.0,50,1,0.054772516786293121,1413.4993076923079,964.78397435897443,0.94999999999999996,0.1222182091484173,0
209,BREW,data/empirical/pooled/pooled_five_2019_sessions_brew,data/empirical/pooled/pooled_five_2019_sessions_brew/hawkes_rates_brew_pooled_five_2019_sessions.csv,164050.0,2.1138378731497114,0.020949613231334673,43.380523615125604,164000,164100,2400,89,0.70422222222222219,0.0,50,5,0.34182151869694882,236.58835042735046,305.49752991452993,0.94999999999999996,0.25,0.42535994603367877
210,BRKL,data/empirical/pooled/pooled_five_2019_sessions_brkl,data/empirical/pooled/pooled_five_2019_sessions_brkl/hawkes_rates_brkl_pooled_five_2019_sessions.csv,151500.0,1.5264806338764789,0.031633830505577158,136.02282453420619,135900,167100,134,100,0.66200000000000003,0.0,50,2,0.26182432432432434,272.59374358974361,294.00600854700855,0.94999999999999996,0.1222182091484173,0
211,BRKR,data/empirical/pooled/pooled_five_2019_sessions_brkr,data/empirical/pooled/pooled_five_2019_sessions_brkr/hawkes_rates_brkr_pooled_five_2019_sessions.csv,516950.0,1.459056336685139,0.084097611009017484,55.590323169965536,488300,545600,100,700,1.9033333333333333,0.0,50,4,0.32730877073919956,195.5977435897436,166.22094871794872,0.94999999999999996,0.25,0.31472892968491073
212,BRKS,data/empirical/pooled/pooled_five_2019_sessions_brks,data/empirical/pooled/pooled_five_2019_sessions_brks/hawkes_rates_brks_pooled_five_2019_sessions.csv,400450.0,2.1934631568751373,0.094098038377708443,51.602502894359453,380000,420900,1,600,1.7702222222222221,0.0,50,6,0.40697445444943697,148.95981196581198,128.15117948717949,0.94999999999999996,0.25,0.31472892968491073
213,BRY,data/empirical/pooled/pooled_five_2019_sessions_bry,data/empirical/pooled/pooled_five_2019_sessions_bry/hawkes_rates_bry_pooled_five_2019_sessions.csv,67250.0,2.7286112308052006,0.032941578699944442,31.645435751513268,65900,68600,100,157,0.41933333333333334,0.0,50,4,0.20344924284913068,404.01800854700855,398.25743589743587,0.94999999999999996,0.25,0.054854410483294959
214,BSET,data/empirical/pooled/pooled_five_2019_sessions_bset,data/empirical/pooled/pooled_five_2019_sessions_bset/hawkes_rates_bset_pooled_five_2019_sessions.csv,122350.0,2.9567988231085112,0.016744305312192828,50.722506366606993,120300,124400,500,25,0.74911111111111106,0.0,50,21,0.39758179231863444,210.94729914529916,200.81583760683762,0.94999999999999996,0.25,0.42535994603367877
215,BSGM,data/empirical/pooled/pooled_five_2019_sessions_bsgm,data/empirical/pooled/pooled_five_2019_sessions_bsgm/hawkes_rates_bsgm_pooled_five_2019_sessions.csv,52450.0,3.4626356914787748,0.0059404248044788244,31.982017891408248,48300,56600,100,100,0.27133333333333332,0.0,50,10,0.41630367143746111,850.21657264957264,505.28912820512824,0.94999999999999996,0.25,0.054854410483294959
216,BSRR,data/empirical/pooled/pooled_five_2019_sessions_bsrr,data/empirical/pooled/pooled_five_2019_sessions_bsrr/hawkes_rates_bsrr_pooled_five_2019_sessions.csv,263750.0,2.0571013228604964,0.0094021112013333904,38.419611231056535,240500,287000,100,100,1.1995555555555555,0.0,50,22,0.3598984771573604,141.01388888888889,129.10824786324787,0.94999999999999996,0.25,0.42535994603367877
217,BUSE,data/empirical/pooled/pooled_five_2019_sessions_buse,data/empirical/pooled/pooled_five_2019_sessions_buse/hawkes_rates_buse_pooled_five_2019_sessions.csv,247900.0,1.6883307487334873,0.037018676011795378,67.234387329550117,229300,266500,100,100,1.1622222222222223,0.0,50,6,0.40763042978625602,168.37841025641026,137.04504273504273,0.94999999999999996,0.25,0.42535994603367877
218,BWB,data/empirical/pooled/pooled_five_2019_sessions_bwb,data/empirical/pooled/pooled_five_2019_sessions_bwb/hawkes_rates_bwb_pooled_five_2019_sessions.csv,136650.0,1.839027514580613,0.010974827984101885,68.713225594109389,126000,147300,1,100,0.50977777777777777,0.0,50,9,0.32066805845511481,228.32006837606838,492.1312136752137,0.94999999999999996,0.25,0.42535994603367877
219,BWEN,data/empirical/pooled/pooled_five_2019_sessions_bwen,data/empirical/pooled/pooled_five_2019_sessions_bwen/hawkes_rates_bwen_pooled_five_2019_sessions.csv,16250.0,5.3898324016091088,0.0022736014359588017,27.053188678206205,13700,18800,100,100,0.075555555555555556,0.0,50,5,0.40729927007299271,1451.1374358974358,655.71311111111106,0.94999999999999996,0.25,0.36419212403997098
220,CAAS,data/empirical/pooled/pooled_five_2019_sessions_caas,data/empirical/pooled/pooled_five_2019_sessions_caas/hawkes_rates_caas_pooled_five_2019_sessions.csv,29300.0,6.0130075103175686,0.0051797085345527587,37.690462712162713,25000,33600,1000,300,0.11888888888888889,0.0,50,9,0.60136986301369866,552.53835897435897,460.83827350427345,0.94999999999999996,0.25,0.36419212403997098
221,CAC,data/empirical/pooled/pooled_five_2019_sessions_cac,data/empirical/pooled/pooled_five_2019_sessions_cac/hawkes_rates_cac_pooled_five_2019_sessions.csv,459750.0,3.2320914621002443,0.02583016368220864,253.78194737400514,421700,497800,100,100,1.95,0.0,50,39,0.59737931887014029,193.07892307692308,121.71539316239316,0.94999999999999996,0.25,0.0096468091552598823
222,CACC,data/empirical/pooled/pooled_five_2019_sessions_cacc,data/empirical/pooled/pooled_five_2019_sessions_cacc/hawkes_rates_cacc_pooled_five_2019_sessions.csv,4508900.0,3.5232754452214379,0.08381554767297747,525.10481374083918,4120600,4897200,200,100,19.629555555555555,0.0,50,177,0.68352129079907964,91.805504273504283,77.578752136752129,0.94999999999999996,0.25,0.0096468091552598823
223,CAKE,data/empirical/pooled/pooled_five_2019_sessions_cake,data/empirical/pooled/pooled_five_2019_sessions_cake/hawkes_rates_cake_pooled_five_2019_sessions.csv,387500.0,1.9573924262544053,0.089439719646138727,42.785771605538741,376500,398500,20,15,1.9788888888888889,0.0,50,5,0.37340248521966934,185.89945299145299,186.10208547008546,0.94999999999999996,0.25,0.31472892968491073
224,CALA,data/empirical/pooled/pooled_five_2019_sessions_cala,data/empirical/pooled/pooled_five_2019_sessions_cala/hawkes_rates_cala_pooled_five_2019_sessions.csv,62650.0,3.9661704449816142,0.013658703363391598,84.754632653071354,60000,65300,1200,279,0.18888888888888888,0.0,50,3,0.29803646563814867,412.4527094017094,360.29673504273507,0.94999999999999996,0.25,0.36419212403997098
225,CALM,data/empirical/pooled/pooled_five_2019_sessions_calm,data/empirical/pooled/pooled_five_2019_sessions_calm/hawkes_rates_calm_pooled_five_2019_sessions.csv,375150.0,1.614989651507837,0.065994273259541006,35.720448175062558,358600,391700,34,700,1.8420000000000001,0.0,50,6,0.4945601406670696,138.04402564102563,324.04288034188033,0.94999999999999996,0.25,0.31472892968491073
226,CAMP,data/empirical/pooled/pooled_five_2019_sessions_camp,data/empirical/pooled/pooled_five_2019_sessions_camp/hawkes_rates_camp_pooled_five_2019_sessions.csv,97700.0,1.5696165941080549,0.026949869652549252,105.4992830262339,94400,101000,1,1,0.48977777777777776,0.0,50,2,0.21339151584519636,330.25890598290596,272.72357264957265,0.94999999999999996,0.1222182091484173,0
227,CAR,data/empirical/pooled/pooled_five_2019_sessions_car,data/empirical/pooled/pooled_five_2019_sessions_car/hawkes_rates_car_pooled_five_2019_sessions.csv,333400.0,1.9040314534125855,0.099269199538441807,79.801573542016655,316800,350000,100,100,1.458,0.0,50,4,0.27258917882107592,214.75760683760683,188.5281965811966,0.94999999999999996,0.25,0.31472892968491073
228,CARA,data/empirical/pooled/pooled_five_2019_sessions_cara,data/empirical/pooled/pooled_five_2019_sessions_cara/hawkes_rates_cara_pooled_five_2019_sessions.csv,161450.0,2.9196792910445653,0.068661053891191925,26.97686991082572,159500,163400,7,46,0.83244444444444443,0.0,50,5,0.30590368271954677,199.92572649572651,185.00111111111113,0.94999999999999996,0.25,0.42535994603367877
229,CARG,data/empirical/pooled/pooled_five_2019_sessions_carg,data/empirical/pooled/pooled_five_2019_sessions_carg/hawkes_rates_carg_pooled_five_2019_sessions.csv,360850.0,1.8501823074234287,0.063455703235180988,61.438792576452563,336700,385000,800,400,1.6304444444444444,0.0,50,6,0.36156643651504772,220.80018803418801,198.85463247863248,0.94999999999999996,0.25,0.31472892968491073
230,CARO,data/empirical/pooled/pooled_five_2019_sessions_caro,data/empirical/pooled/pooled_five_2019_sessions_caro/hawkes_rates_caro_pooled_five_2019_sessions.csv,391150.0,2.8235889763955209,0.034941664173682635,493.51312113525915,379000,403300,13,100,1.6011111111111112,0.0,50,13,0.49413180860668071,165.42870085470085,120.02005128205128,0.94999999999999996,0.25,0.42535994603367877
231,CASA,data/empirical/pooled/pooled_five_2019_sessions_casa,data/empirical/pooled/pooled_five_2019_sessions_casa/hawkes_rates_casa_pooled_five_2019_sessions.csv,40200.0,2.9057142779773528,0.023471088508055897,76.496248695190744,37000,43400,2600,2700,0.30399999999999999,0.0,50,3,0.19860386952212694,363.84750427350428,407.33084615384615,0.94999999999999996,0.25,0.36419212403997098
232,CASH,data/empirical/pooled/pooled_five_2019_sessions_cash,data/empirical/pooled/pooled_five_2019_sessions_cash/hawkes_rates_cash_pooled_five_2019_sessions.csv,360750.0,1.7599305396905633,0.041967605453224498,30.52142474821402,331900,389600,500,500,1.2268888888888889,0.0,50,5,0.38916631723401823,163.69891452991453,169.25786324786324,0.94999999999999996,0.25,0.31472892968491073
233,CASI,data/empirical/pooled/pooled_five_2019_sessions_casi,data/empirical/pooled/pooled_five_2019_sessions_casi/hawkes_rates_casi_pooled_five_2019_sessions.csv,30000.0,3.9398240425256397,0.013974956194709176,60.492452553890764,27500,32500,100,100,0.14177777777777778,0.0,50,2,0.31038913362701909,1189.419700854701,1933.4441452991455,0.94999999999999996,0.25,0.36419212403997098
234,CASS,data/empirical/pooled/pooled_five_2019_sessions_cass,data/empirical/pooled/pooled_five_2019_sessions_cass/hawkes_rates_cass_pooled_five_2019_sessions.csv,531900.0,1.9982937523800721,0.021599213641608616,37.603150795696244,493800,570000,100,1094,2.3691111111111112,0.0,50,33,0.56360708534621573,134.37555555555554,101.53673504273505,0.94999999999999996,0.25,0.0096468091552598823
235,CASY,data/empirical/pooled/pooled_five_2019_sessions_casy,data/empirical/pooled/pooled_five_2019_sessions_casy/hawkes_rates_casy_pooled_five_2019_sessions.csv,1625100.0,1.3592512890754189,0.10187614855335698,64.533205725598648,1548000,1702200,400,400,7.0004444444444447,0.0,50,17,0.61362732283912036,107.62840170940171,125.22917948717948,0.94999999999999996,0.25,0.54198644623863046
236,CATB,data/empirical/pooled/pooled_five_2019_sessions_catb,data/empirical/pooled/pooled_five_2019_sessions_catb/hawkes_rates_catb_pooled_five_2019_sessions.csv,54600.0,4.5116236633870868,0.0081285525022436848,41.055697692229316,54000,55200,766,50,0.27066666666666667,0.0,50,9,0.52094901564866225,384.06213675213678,221.89022222222221,0.94999999999999996,0.25,0.054854410483294959
237,CATS,data/empirical/pooled/pooled_five_2019_sessions_cats,data/empirical/pooled/pooled_five_2019_sessions_cats/hawkes_rates_cats_pooled_five_2019_sessions.csv,161000.0,5.9910765594075936,0.027719133296294711,326.07374935793717,152500,169500,100,141,0.66355555555555557,0.0,50,16,0.70807542824240677,235.76612820512818,415.66850427350425,0.94999999999999996,0.25,0.054854410483294959
238,CATY,data/empirical/pooled/pooled_five_2019_sessions_caty,data/empirical/pooled/pooled_five_2019_sessions_caty/hawkes_rates_caty_pooled_five_2019_sessions.csv,360250.0,1.7880448758888277,0.07684089063635198,129.95968838420521,321800,398700,100,100,1.5797777777777777,0.0,50,4,0.2808953078247497,184.93169230769232,158.56018803418803,0.94999999999999996,0.25,0.31472892968491073
239,CBAY,data/empirical/pooled/pooled_five_2019_sessions_cbay,data/empirical/pooled/pooled_five_2019_sessions_cbay/hawkes_rates_cbay_pooled_five_2019_sessions.csv,18250.0,2.9249070517764588,0.026274627120817129,56.930799120906855,18000,18500,594,4049,0.27044444444444443,0.0,50,2,0.15410889512837583,758.87138461538461,991.91189743589746,0.94999999999999996,0.25,0.36419212403997098
240,CBIO,data/empirical/pooled/pooled_five_2019_sessions_cbio,data/empirical/pooled/pooled_five_2019_sessions_cbio/hawkes_rates_cbio_pooled_five_2019_sessions.csv,73750.0,3.7887083169180662,0.021881276977648616,30.795192020850838,66400,81100,100,100,0.34711111111111109,0.0,50,5,0.470748783671532,271.80192307692306,209.1809316239316,0.94999999999999996,0.25,0.054854410483294959
241,CBMG,data/empirical/pooled/pooled_five_2019_sessions_cbmg,data/empirical/pooled/pooled_five_2019_sessions_cbmg/hawkes_rates_cbmg_pooled_five_2019_sessions.csv,166900.0,2.6498403024797206,0.011342365058335826,46.286656657007256,150900,182900,100,500,0.74133333333333329,0.0,50,19,0.51957406827435015,675.50583760683753,166.25095726495726,0.94999999999999996,0.25,0.42535994603367877
242,CBRL,data/empirical/pooled/pooled_five_2019_sessions_cbrl,data/empirical/pooled/pooled_five_2019_sessions_cbrl/hawkes_rates_cbrl_pooled_five_2019_sessions.csv,1545250.0,1.1990148612415701,0.095380144450617543,92.417247749018387,1490500,1600000,800,10,7.1235555555555559,0.0,50,17,0.5840443213296399,111.77750427350426,105.83692307692309,0.94999999999999996,0.11621735476962097,0
243,CBSH,data/empirical/pooled/pooled_five_2019_sessions_cbsh,data/empirical/pooled/pooled_five_2019_sessions_cbsh/hawkes_rates_cbsh_pooled_five_2019_sessions.csv,670150.0,1.3452534066389166,0.090200435916064789,32.569414866156592,625600,714700,600,600,2.681111111111111,0.0,50,5,0.47219970821851193,126.88495726495725,123.85305128205127,0.94999999999999996,0.25,0.31472892968491073
244,CBTX,data/empirical/pooled/pooled_five_2019_sessions_cbtx,data/empirical/pooled/pooled_five_2019_sessions_cbtx/hawkes_rates_cbtx_pooled_five_2019_sessions.csv,307450.0,2.5075871038868724,0.015462199239283731,38.502460899380708,275300,339600,100,100,1.3864444444444444,0.0,50,28,0.47323173114497852,204.09693162393162,180.11794871794871,0.94999999999999996,0.25,0.0096468091552598823
245,CCBG,data/empirical/pooled/pooled_five_2019_sessions_ccbg,data/empirical/pooled/pooled_five_2019_sessions_ccbg/hawkes_rates_ccbg_pooled_five_2019_sessions.csv,282100.0,1.5354282289627912,0.0069319201675285269,33.468072899586502,253400,310800,100,600,1.1135555555555556,0.0,50,27,0.37150209070440654,275.85846153846154,140.13736752136751,0.94999999999999996,0.25,0.42535994603367877
246,CCD,data/empirical/pooled/pooled_five_2019_sessions_ccd,data/empirical/pooled/pooled_five_2019_sessions_ccd/hawkes_rates_ccd_pooled_five_2019_sessions.csv,222550.0,1.279708946599738,0.0063336040001709479,26.014811425398872,210200,234900,1100,900,0.91933333333333334,0.0,75,6,0.52722222222222226,963.98021367521358,477.36694017094015,0.94999999999999996,0.1222182091484173,0
247,CCMP,data/empirical/pooled/pooled_five_2019_sessions_ccmp,data/empirical/pooled/pooled_five_2019_sessions_ccmp/hawkes_rates_ccmp_pooled_five_2019_sessions.csv,1522600.0,2.1911783463789591,0.10047437924697637,150.00389666093389,1495200,1550000,100,100,5.3591111111111109,0.0,50,31,0.66853144164407785,103.88113675213677,104.81157264957264,0.94999999999999996,0.25,0.54198644623863046
248,CCNE,data/empirical/pooled/pooled_five_2019_sessions_ccne,data/empirical/pooled/pooled_five_2019_sessions_ccne/hawkes_rates_ccne_pooled_five_2019_sessions.csv,287350.0,2.4761170842768134,0.0065130988503782211,20.179988936512018,266300,308400,100,200,1.2062222222222223,0.0,50,46,0.38847023360964583,218.85767521367521,154.55582905982905,0.94999999999999996,0.25,0.0096468091552598823
249,CCOI,data/empirical/pooled/pooled_five_2019_sessions_ccoi,data/empirical/pooled/pooled_five_2019_sessions_ccoi/hawkes_rates_ccoi_pooled_five_2019_sessions.csv,732900.0,1.7771638127147678,0.071968887559297395,45.893540375948426,673100,792700,500,100,2.5971111111111109,0.0,50,9,0.56295152645071078,111.90489743589744,108.29288888888888,0.94999999999999996,0.25,0.54198644623863046
250,CCRN,data/empirical/pooled/pooled_five_2019_sessions_ccrn,data/empirical/pooled/pooled_five_2019_sessions_ccrn/hawkes_rates_ccrn_pooled_five_2019_sessions.csv,98800.0,2.0138367265767441,0.025317321253044998,52.013038743289151,94600,103000,900,56,0.42622222222222222,0.0,50,3,0.26223639313083852,267.34659829059831,256.14201709401709,0.94999999999999996,0.1222182091484173,0
251,CCXI,data/empirical/pooled/pooled_five_2019_sessions_ccxi,data/empirical/pooled/pooled_five_2019_sessions_ccxi/hawkes_rates_ccxi_pooled_five_2019_sessions.csv,401850.0,4.5152545095456853,0.059404248044788235,36.851875427194074,380000,423700,400,1500,0.51200000000000001,0.0,50,5,0.40711717525583113,222.77158974358971,200.15864957264958,0.94999999999999996,0.25,0.42535994603367877
252,CDK,data/empirical/pooled/pooled_five_2019_sessions_cdk,data/empirical/pooled/pooled_five_2019_sessions_cdk/hawkes_rates_cdk_pooled_five_2019_sessions.csv,536000.0,1.4378085840179526,0.10364545493397152,150.42661205043441,480800,591200,100,100,2.2477777777777779,0.0,50,4,0.35527001970100824,201.01211965811964,176.28929914529914,0.94999999999999996,0.25,0.31472892968491073
253,CDLX,data/empirical/pooled/pooled_five_2019_sessions_cdlx,data/empirical/pooled/pooled_five_2019_sessions_cdlx/hawkes_rates_cdlx_pooled_five_2019_sessions.csv,835100.0,3.4764585425789956,0.061156459677764008,42.317089290816213,791000,879200,100,700,1.2584444444444445,0.0,50,15,0.56023767244911893,146.58066666666667,143.41857264957264,0.94999999999999996,0.25,0.54198644623863046
254,CDMO,data/empirical/pooled/pooled_five_2019_sessions_cdmo,data/empirical/pooled/pooled_five_2019_sessions_cdmo/hawkes_rates_cdmo_pooled_five_2019_sessions.csv,68350.0,2.7018521787951371,0.014103166802000086,27.488991901758752,65600,71100,762,100,0.23355555555555554,0.0,50,3,0.23680594843611089,341.55411111111113,573.83624786324776,0.94999999999999996,0.25,0.36419212403997098
255,CDNA,data/empirical/pooled/pooled_five_2019_sessions_cdna,data/empirical/pooled/pooled_five_2019_sessions_cdna/hawkes_rates_cdna_pooled_five_2019_sessions.csv,241450.0,3.3585582386430937,0.071071413308261028,66.995515457674898,232900,250000,100,500,1.205111111111111,0.0,50,9,0.41706236150680598,181.54797435897436,192.86659829059829,0.94999999999999996,0.25,0.42535994603367877
256,CDNS,data/empirical/pooled/pooled_five_2019_sessions_cdns,data/empirical/pooled/pooled_five_2019_sessions_cdns/hawkes_rates_cdns_pooled_five_2019_sessions.csv,721800.0,1.0776671656557415,0.1557587931108167,37.575865753651271,715800,727800,200,34,2.9746666666666668,0.0,50,2,0.2480714797258125,205.67214529914531,220.57440170940171,0.94999999999999996,0.11621735476962097,0
257,CDTX,data/empirical/pooled/pooled_five_2019_sessions_cdtx,data/empirical/pooled/pooled_five_2019_sessions_cdtx/hawkes_rates_cdtx_pooled_five_2019_sessions.csv,36450.0,6.0726228481153282,0.0097525535279285435,62.817472637626594,35000,37900,1400,1400,0.11644444444444445,0.0,50,4,0.75493728026390039,1333.7794957264955,647.23397435897436,0.94999999999999996,0.25,0.36419212403997098
258,CDW,data/empirical/pooled/pooled_five_2019_sessions_cdw,data/empirical/pooled/pooled_five_2019_sessions_cdw/hawkes_rates_cdw_pooled_five_2019_sessions.csv,1316700.0,1.0659412557603749,0.13753579212786871,78.407289814819876,1289500,1343900,500,17,4.9717777777777776,0.0,50,7,0.46319925579328824,158.80731623931624,143.98538461538459,0.94999999999999996,0.11621735476962097,0
259,CDXC,data/empirical/pooled/pooled_five_2019_sessions_cdxc,data/empirical/pooled/pooled_five_2019_sessions_cdxc/hawkes_rates_cdxc_pooled_five_2019_sessions.csv,41200.0,3.0773391832303116,0.0096072481729988467,29.312967036411262,38400,44000,100,600,0.17933333333333334,0.0,50,2,0.22259887005649717,508.09017948717946,363.10194871794869,0.94999999999999996,0.25,0.36419212403997098
260,CDXS,data/empirical/pooled/pooled_five_2019_sessions_cdxs,data/empirical/pooled/pooled_five_2019_sessions_cdxs/hawkes_rates_cdxs_pooled_five_2019_sessions.csv,167350.0,1.6885632510814319,0.044719859823069363,40.54899612597638,159500,175200,5,900,0.79222222222222227,0.0,50,4,0.24438040345821327,368.28355555555555,314.39309401709403,0.94999999999999996,0.1222182091484173,0
261,CDZI,data/empirical/pooled/pooled_five_2019_sessions_cdzi,data/empirical/pooled/pooled_five_2019_sessions_cdzi/hawkes_rates_cdzi_pooled_five_2019_sessions.csv,94950.0,2.7845466373371548,0.020453865549809821,109.43791026615786,91300,98600,161,100,0.46111111111111114,0.0,50,4,0.3554383769773885,200.52377777777778,200.28120512820513,0.94999999999999996,0.25,0.42535994603367877
262,CECE,data/empirical/pooled/pooled_five_2019_sessions_cece,data/empirical/pooled/pooled_five_2019_sessions_cece/hawkes_rates_cece_pooled_five_2019_sessions.csv,72950.0,1.5292134493052354,0.013000555579298263,18.711776157063159,65400,80500,100,100,0.32222222222222224,0.0,50,3,0.25862295081967213,250.35470085470087,325.99324786324786,0.94999999999999996,0.1222182091484173,0
263,CEMI,data/empirical/pooled/pooled_five_2019_sessions_cemi,data/empirical/pooled/pooled_five_2019_sessions_cemi/hawkes_rates_cemi_pooled_five_2019_sessions.csv,40850.0,2.8779384514974131,0.0056754562160776104,15.169092211754657,38200,43500,1,500,0.27466666666666667,0.0,50,9,0.55652808169219548,464.04459829059834,336.11911111111112,0.94999999999999996,0.25,0.054854410483294959
264,CENT,data/empirical/pooled/pooled_five_2019_sessions_cent,data/empirical/pooled/pooled_five_2019_sessions_cent/hawkes_rates_cent_pooled_five_2019_sessions.csv,319350.0,2.7846580881643237,0.040377793922817214,85.721775854251746,285200,353500,100,100,1.3560000000000001,0.0,50,12,0.53906420021762791,113.60798290598291,108.97324786324786,0.94999999999999996,0.25,0.42535994603367877
265,CENTA,data/empirical/pooled/pooled_five_2019_sessions_centa,data/empirical/pooled/pooled_five_2019_sessions_centa/hawkes_rates_centa_pooled_five_2019_sessions.csv,315050.0,1.9461121672514052,0.048335398948673017,156.768060727185,300600,329500,4,100,1.266,0.0,50,5,0.36990868241774172,160.95028205128204,135.03564102564104,0.94999999999999996,0.25,0.31472892968491073
266,CENX,data/empirical/pooled/pooled_five_2019_sessions_cenx,data/empirical/pooled/pooled_five_2019_sessions_cenx/hawkes_rates_cenx_pooled_five_2019_sessions.csv,52800.0,2.2661526525410505,0.035069874780973551,17.489188701933195,51600,54000,1000,5100,0.33466666666666667,0.0,50,1,0.05572737520594271,934.79476923076925,999.28384615384618,0.94999999999999996,0.25,0.14684855564149249
267,CERN,data/empirical/pooled/pooled_five_2019_sessions_cern,data/empirical/pooled/pooled_five_2019_sessions_cern/hawkes_rates_cern_pooled_five_2019_sessions.csv,707400.0,0.89853367720772248,0.11277405017308433,43.192911026961632,695100,719700,170,100,2.9642222222222223,0.0,50,2,0.17050342776022087,245.69500854700854,282.81085470085475,0.94999999999999996,0.25,0.40263407090880049
268,CERS,data/empirical/pooled/pooled_five_2019_sessions_cers,data/empirical/pooled/pooled_five_2019_sessions_cers/hawkes_rates_cers_pooled_five_2019_sessions.csv,41300.0,1.8383089627358289,0.010222659087995214,8.7232738919896349,40600,42000,4700,100,0.25022222222222223,0.0,50,1,0.036741473630996446,1279.2382478632478,1160.1388888888889,0.94999999999999996,0.25,0.14684855564149249
269,CETV,data/empirical/pooled/pooled_five_2019_sessions_cetv,data/empirical/pooled/pooled_five_2019_sessions_cetv/hawkes_rates_cetv_pooled_five_2019_sessions.csv,44800.0,1.6386752985616695,0.0023077909312363776,37.022079474989646,44600,45000,400,400,0.192,0.0,100,1,0.066925605019420381,13547.163529914531,4200.6062564102558,0.94999999999999996,0.25,0.14684855564149249
270,CEVA,data/empirical/pooled/pooled_five_2019_sessions_ceva,data/empirical/pooled/pooled_five_2019_sessions_ceva/hawkes_rates_ceva_pooled_five_2019_sessions.csv,284550.0,2.3334669405438131,0.037847771272276592,66.607425842543051,266800,302300,600,600,1.2106666666666666,0.0,50,11,0.48612212529738302,132.69794017094017,121.70036752136753,0.94999999999999996,0.25,0.42535994603367877
271,CFFN,data/empirical/pooled/pooled_five_2019_sessions_cffn,data/empirical/pooled/pooled_five_2019_sessions_cffn/hawkes_rates_cffn_pooled_five_2019_sessions.csv,135250.0,1.5516137302323887,0.017693063806145562,151.74685533053437,121400,149100,100,1500,0.62155555555555553,0.0,50,2,0.11579797477790893,480.49258974358975,536.97180341880335,0.94999999999999996,0.1222182091484173,0
272,CGBD,data/empirical/pooled/pooled_five_2019_sessions_cgbd,data/empirical/pooled/pooled_five_2019_sessions_cgbd/hawkes_rates_cgbd_pooled_five_2019_sessions.csv,141850.0,0.67891916516165873,0.0096756271635539976,13.632743575436828,138800,144900,85,2800,0.6584444444444445,0.0,50,1,0.14205716096994031,611.47769230769222,531.21742735042733,0.94999999999999996,0.1222182091484173,0
273,CGNX,data/empirical/pooled/pooled_five_2019_sessions_cgnx,data/empirical/pooled/pooled_five_2019_sessions_cgnx/hawkes_rates_cgnx_pooled_five_2019_sessions.csv,545250.0,2.2518445154779858,0.12084277105859224,353.4625336986889,532100,558400,175,100,2.2191111111111113,0.0,50,4,0.31700758148476144,216.33347008547008,198.12619658119655,0.94999999999999996,0.25,0.31472892968491073
274,CHCO,data/empirical/pooled/pooled_five_2019_sessions_chco,data/empirical/pooled/pooled_five_2019_sessions_chco/hawkes_rates_chco_pooled_five_2019_sessions.csv,727150.0,2.1109087872782752,0.045489123466814822,39.689292275821401,678200,776100,100,12,3.379777777777778,0.0,50,26,0.66321970028919464,128.1272222222222,145.20400000000001,0.94999999999999996,0.25,0.54198644623863046
275,CHDN,data/empirical/pooled/pooled_five_2019_sessions_chdn,data/empirical/pooled/pooled_five_2019_sessions_chdn/hawkes_rates_chdn_pooled_five_2019_sessions.csv,1486550.0,1.909602954047493,0.087337065686567808,753.10464770569286,1440000,1533100,5,300,5.5088888888888885,0.0,50,18,0.60976712638480668,126.58526495726497,94.999025641025639,0.94999999999999996,0.25,0.54198644623863046
276,CHEF,data/empirical/pooled/pooled_five_2019_sessions_chef,data/empirical/pooled/pooled_five_2019_sessions_chef/hawkes_rates_chef_pooled_five_2019_sessions.csv,362850.0,2.2120259599859153,0.045779734176674219,77.14701399195495,327600,398100,100,1,1.6022222222222222,0.0,50,9,0.45097748265756576,151.34466666666668,204.77629059829059,0.94999999999999996,0.25,0.42535994603367877
277,CHI,data/empirical/pooled/pooled_five_2019_sessions_chi,data/empirical/pooled/pooled_five_2019_sessions_chi/hawkes_rates_chi_pooled_five_2019_sessions.csv,112050.0,0.45393009474561519,0.0039488867045600244,38.085007856998807,108000,116100,2200,2200,0.47422222222222221,0.0,100,2,0.17157842157842157,784.80001709401711,892.18499145299154,0.94999999999999996,0.1222182091484173,0
278,CHMA,data/empirical/pooled/pooled_five_2019_sessions_chma,data/empirical/pooled/pooled_five_2019_sessions_chma/hawkes_rates_chma_pooled_five_2019_sessions.csv,48200.0,3.3505454237067829,0.011863754861318859,31.076010538761516,45600,50800,100,1600,0.23844444444444443,0.0,50,5,0.23381861105646271,685.00593162393159,332.10477777777777,0.94999999999999996,0.25,0.36419212403997098
279,CHRS,data/empirical/pooled/pooled_five_2019_sessions_chrs,data/empirical/pooled/pooled_five_2019_sessions_chrs/hawkes_rates_chrs_pooled_five_2019_sessions.csv,189300.0,3.0107888973064685,0.064541219710244027,44.190072012440616,176700,201900,50,1000,0.71977777777777774,0.0,50,4,0.32153890712492761,189.79856410256411,189.80943589743589,0.94999999999999996,0.25,0.42535994603367877
280,CHRW,data/empirical/pooled/pooled_five_2019_sessions_chrw,data/empirical/pooled/pooled_five_2019_sessions_chrw/hawkes_rates_chrw_pooled_five_2019_sessions.csv,724950.0,1.6912860065180413,0.16040856446856702,572.64879369610287,720000,729900,10,55,3.7682222222222221,0.0,50,5,0.35535345321174,207.81670940170937,231.49832478632479,0.94999999999999996,0.25,0.31472892968491073
281,CHTR,data/empirical/pooled/pooled_five_2019_sessions_chtr,data/empirical/pooled/pooled_five_2019_sessions_chtr/hawkes_rates_chtr_pooled_five_2019_sessions.csv,4873800.0,1.1030130583182107,0.17687935381853925,140.53569844626992,4868800,4878800,58,11,17.703111111111109,0.0,50,24,0.52220570921232945,103.90094017094017,116.80718803418804,0.94999999999999996,0.11621735476962097,0
282,CHUY,data/empirical/pooled/pooled_five_2019_sessions_chuy,data/empirical/pooled/pooled_five_2019_sessions_chuy/hawkes_rates_chuy_pooled_five_2019_sessions.csv,237750.0,2.6982842035340062,0.043984785674601477,41.12332898300933,225200,250300,100,43,1.0384444444444445,0.0,50,8,0.47439044346260839,141.95420512820513,135.75381196581196,0.94999999999999996,0.25,0.42535994603367877
283,CHW,data/empirical/pooled/pooled_five_2019_sessions_chw,data/empirical/pooled/pooled_five_2019_sessions_chw/hawkes_rates_chw_pooled_five_2019_sessions.csv,86350.0,0.60259252959141663,0.0031112440702594129,15.31857352668839,83400,89300,2900,2900,0.35999999999999999,0.0,50,2,0.22392086330935251,1538.3085897435897,669.73859829059825,0.94999999999999996,0.1222182091484173,0
284,CHY,data/empirical/pooled/pooled_five_2019_sessions_chy,data/empirical/pooled/pooled_five_2019_sessions_chy/hawkes_rates_chy_pooled_five_2019_sessions.csv,116850.0,0.55430534237785567,0.004940382067609727,13.319853834677591,116100,117600,100,100,0.49444444444444446,0.0,100,2,0.17521008403361343,702.96945299145295,932.007282051282,0.94999999999999996,0.1222182091484173,0
285,CIGI,data/empirical/pooled/pooled_five_2019_sessions_cigi,data/empirical/pooled/pooled_five_2019_sessions_cigi/hawkes_rates_cigi_pooled_five_2019_sessions.csv,755300.0,2.3401329310187489,0.091217573400572682,106.6774781089119,650200,860400,100,1,2.8151111111111109,0.0,50,16,0.6165830655786968,120.47201709401709,134.2732735042735,0.94999999999999996,0.25,0.54198644623863046
286,CINF,data/empirical/pooled/pooled_five_2019_sessions_cinf,data/empirical/pooled/pooled_five_2019_sessions_cinf/hawkes_rates_cinf_pooled_five_2019_sessions.csv,1058900.0,0.98173016797893975,0.12279157228941409,139.51396101248397,972800,1145000,600,100,4.5497777777777779,0.0,50,5,0.37651974096511387,135.44659829059827,148.75264102564103,0.94999999999999996,0.11621735476962097,0
287,CIVB,data/empirical/pooled/pooled_five_2019_sessions_civb,data/empirical/pooled/pooled_five_2019_sessions_civb/hawkes_rates_civb_pooled_five_2019_sessions.csv,223350.0,2.4836210044462042,0.008145647249882473,34.24086005777869,200400,246300,100,100,0.95533333333333337,0.0,50,15,0.35605006954102919,240.03849572649574,156.75448717948717,0.94999999999999996,0.25,0.42535994603367877
288,CJJD,data/empirical/pooled/pooled_five_2019_sessions_cjjd,data/empirical/pooled/pooled_five_2019_sessions_cjjd/hawkes_rates_cjjd_pooled_five_2019_sessions.csv,18900.0,2.5462071042483672,0.0044702765075430575,15.134620104649448,18000,19800,300,500,0.081777777777777783,0.0,50,1,0.19693464430306534,2696.1434273504274,2393.3319829059828,0.94999999999999996,0.25,0.14684855564149249
289,CKPT,data/empirical/pooled/pooled_five_2019_sessions_ckpt,data/empirical/pooled/pooled_five_2019_sessions_ckpt/hawkes_rates_ckpt_pooled_five_2019_sessions.csv,19150.0,6.0827779585561634,0.0040685499380315399,53.630419354637318,17500,20800,2100,100,0.11244444444444444,0.0,50,8,0.33060556464811786,362.06076068376069,518.44750427350425,0.94999999999999996,0.25,0.36419212403997098
290,CLAR,data/empirical/pooled/pooled_five_2019_sessions_clar,data/empirical/pooled/pooled_five_2019_sessions_clar/hawkes_rates_clar_pooled_five_2019_sessions.csv,138850.0,2.9742498245789846,0.027343048848241382,25.567505964961931,133200,144500,99,800,0.55200000000000005,0.0,50,5,0.33277182235834607,268.89378632478633,265.52163247863245,0.94999999999999996,0.25,0.42535994603367877
291,CLBK,data/empirical/pooled/pooled_five_2019_sessions_clbk,data/empirical/pooled/pooled_five_2019_sessions_clbk/hawkes_rates_clbk_pooled_five_2019_sessions.csv,167900.0,1.0187628717121959,0.01229112355228856,50.4435010233694,150500,185300,100,100,0.68888888888888888,0.0,50,4,0.23650674662668666,426.40351282051279,236.02874358974358,0.94999999999999996,0.1222182091484173,0
292,CLCT,data/empirical/pooled/pooled_five_2019_sessions_clct,data/empirical/pooled/pooled_five_2019_sessions_clct/hawkes_rates_clct_pooled_five_2019_sessions.csv,234550.0,2.8781177334353196,0.024001025684858325,123.00204110505614,226300,242800,100,24,1.0580000000000001,0.0,50,17,0.63958970965340389,167.74678632478634,163.8403076923077,0.94999999999999996,0.25,0.42535994603367877
293,CLNE,data/empirical/pooled/pooled_five_2019_sessions_clne,data/empirical/pooled/pooled_five_2019_sessions_clne/hawkes_rates_clne_pooled_five_2019_sessions.csv,24400.0,2.2063617586529878,0.0035557075088679,5.228752806448961,23400,25400,8100,2519,0.10088888888888889,0.0,100,1,0.024752475247524754,3353.3460427350428,3424.9755470085465,0.94999999999999996,0.25,0.14684855564149249
294,CLPS,data/empirical/pooled/pooled_five_2019_sessions_clps,data/empirical/pooled/pooled_five_2019_sessions_clps/hawkes_rates_clps_pooled_five_2019_sessions.csv,38400.0,12.001802067283363,0.0046925082268473011,39.978514274875643,31900,44900,100,1,0.2762222222222222,0.0,50,33,0.6330275229357798,1535.8671025641027,770.1413504273504,0.94999999999999996,0.25,0.054854410483294959
295,CLSN,data/empirical/pooled/pooled_five_2019_sessions_clsn,data/empirical/pooled/pooled_five_2019_sessions_clsn/hawkes_rates_clsn_pooled_five_2019_sessions.csv,14450.0,5.4797179393117528,0.0036753707423394164,12.127962560060004,13300,15600,100,100,0.081333333333333327,0.0,50,3,0.46546052631578949,1467.6280256410257,691.66486324786331,0.94999999999999996,0.25,0.36419212403997098
296,CLUB,data/empirical/pooled/pooled_five_2019_sessions_club,data/empirical/pooled/pooled_five_2019_sessions_club/hawkes_rates_club_pooled_five_2019_sessions.csv,23200.0,4.0766156832232685,0.007017393905722466,36.289378266151097,19800,26600,20,100,0.096444444444444444,0.0,50,3,0.38365758754863816,432.65892307692309,317.96982905982907,0.94999999999999996,0.25,0.36419212403997098
297,CLVS,data/empirical/pooled/pooled_five_2019_sessions_clvs,data/empirical/pooled/pooled_five_2019_sessions_clvs/hawkes_rates_clvs_pooled_five_2019_sessions.csv,88150.0,2.7656587756997895,0.081584683106115635,37.479900242630748,86800,89500,600,1,0.49666666666666665,0.0,50,3,0.2178599918073432,873.90170085470095,601.02944444444449,0.94999999999999996,0.25,0.14684855564149249
298,CLXT,data/empirical/pooled/pooled_five_2019_sessions_clxt,data/empirical/pooled/pooled_five_2019_sessions_clxt/hawkes_rates_clxt_pooled_five_2019_sessions.csv,61250.0,4.095681090233235,0.019693149279883755,31.786104264804365,55800,66700,800,100,0.40600000000000003,0.0,50,13,0.56148692457315752,398.6395555555556,149.33653846153845,0.94999999999999996,0.25,0.054854410483294959
299,CMCO,data/empirical/pooled/pooled_five_2019_sessions_cmco,data/empirical/pooled/pooled_five_2019_sessions_cmco/hawkes_rates_cmco_pooled_five_2019_sessions.csv,353750.0,3.0040751403709107,0.054694645070302153,343.55301034608772,353700,353800,100,127,1.6519999999999999,0.0,50,18,0.62904133161256159,139.37388888888887,123.853547008547,0.94999999999999996,0.25,0.0096468091552598823
300,CMCSA,data/empirical/pooled/pooled_five_2019_sessions_cmcsa,data/empirical/pooled/pooled_five_2019_sessions_cmcsa/hawkes_rates_cmcsa_pooled_five_2019_sessions.csv,429050.0,1.0079269945868248,0.07612291123552288,7.1016959128284594,428700,429400,1671,100,1.961111111111111,0.0,50,1,0.016629876317389783,2046.8940940170942,2073.4612991452991,0.94999999999999996,0.25,0.40263407090880049
301,CME,data/empirical/pooled/pooled_five_2019_sessions_cme,data/empirical/pooled/pooled_five_2019_sessions_cme/hawkes_rates_cme_pooled_five_2019_sessions.csv,2109700.0,1.1819667850172106,0.17679388008034533,88.69476126067967,2083600,2135800,20,61,8.8811111111111103,0.0,50,10,0.43513459729358128,135.20329914529913,144.31237606837607,0.94999999999999996,0.11621735476962097,0
302,CMRX,data/empirical/pooled/pooled_five_2019_sessions_cmrx,data/empirical/pooled/pooled_five_2019_sessions_cmrx/hawkes_rates_cmrx_pooled_five_2019_sessions.csv,17500.0,3.521413032774336,0.0068891832984315556,7.1185017349756512,16300,18700,200,100,0.095333333333333339,0.0,50,1,0.087901418969380141,1214.3259316239316,1561.1281196581197,0.94999999999999996,0.25,0.36419212403997098
303,CMTL,data/empirical/pooled/pooled_five_2019_sessions_cmtl,data/empirical/pooled/pooled_five_2019_sessions_cmtl/hawkes_rates_cmtl_pooled_five_2019_sessions.csv,282750.0,2.9312897405460485,0.045882302662506945,327.61585998724951,278000,287500,100,100,1.3300000000000001,0.0,50,9,0.46093582773235153,124.00351282051281,142.03542735042734,0.94999999999999996,0.25,0.42535994603367877
304,CNCE,data/empirical/pooled/pooled_five_2019_sessions_cnce,data/empirical/pooled/pooled_five_2019_sessions_cnce/hawkes_rates_cnce_pooled_five_2019_sessions.csv,111450.0,2.9811470722641773,0.027078080259840164,35.156736063850488,102300,120600,100,100,0.47644444444444445,0.0,50,6,0.40348226491114469,242.88198290598288,183.7309829059829,0.94999999999999996,0.25,0.054854410483294959
305,CNET,data/empirical/pooled/pooled_five_2019_sessions_cnet,data/empirical/pooled/pooled_five_2019_sessions_cnet/hawkes_rates_cnet_pooled_five_2019_sessions.csv,13200.0,6.6941273164523354,0.0045642976195563916,14.950039233157622,12400,14000,100,56,0.06222222222222222,0.0,50,3,0.55528103767757875,769.57112820512816,1668.0236837606838,0.94999999999999996,0.25,0.36419212403997098
306,CNMD,data/empirical/pooled/pooled_five_2019_sessions_cnmd,data/empirical/pooled/pooled_five_2019_sessions_cnmd/hawkes_rates_cnmd_pooled_five_2019_sessions.csv,1053050.0,1.6625421498855695,0.087610581648788405,50.278117336245593,942600,1163500,600,200,3.810888888888889,0.0,50,19,0.57151006631646506,104.19563247863248,108.76074358974358,0.94999999999999996,0.25,0.54198644623863046
307,CNOB,data/empirical/pooled/pooled_five_2019_sessions_cnob,data/empirical/pooled/pooled_five_2019_sessions_cnob/hawkes_rates_cnob_pooled_five_2019_sessions.csv,239800.0,2.8504614145818601,0.03577075943416385,138.53985704685283,214800,264800,100,100,0.98044444444444445,0.0,50,6,0.46774022108843538,156.69419658119659,153.21670940170941,0.94999999999999996,0.25,0.42535994603367877
308,CNSL,data/empirical/pooled/pooled_five_2019_sessions_cnsl,data/empirical/pooled/pooled_five_2019_sessions_cnsl/hawkes_rates_cnsl_pooled_five_2019_sessions.csv,50250.0,2.7254866943001614,0.014940809436300695,60.544374639267453,50000,50500,100,2219,0.21311111111111111,0.0,50,1,0.071519019399280764,1025.0739829059828,812.63227350427348,0.94999999999999996,0.25,0.36419212403997098
309,CNST,data/empirical/pooled/pooled_five_2019_sessions_cnst,data/empirical/pooled/pooled_five_2019_sessions_cnst/hawkes_rates_cnst_pooled_five_2019_sessions.csv,327700.0,4.8549326542474116,0.029385871191076541,56.96049162031985,301700,353700,100,100,0.53466666666666662,0.0,50,20,0.52589138249295642,156.39322222222222,291.17252991452989,0.94999999999999996,0.25,0.0096468091552598823
310,CNTY,data/empirical/pooled/pooled_five_2019_sessions_cnty,data/empirical/pooled/pooled_five_2019_sessions_cnty/hawkes_rates_cnty_pooled_five_2019_sessions.csv,83600.0,2.6731703492713899,0.028078122996709261,101.76791649330022,77800,89400,100,100,0.33511111111111114,0.0,50,4,0.40445016271853479,218.13386324786325,1071.1895726495727,0.94999999999999996,0.25,0.36419212403997098
311,CNXN,data/empirical/pooled/pooled_five_2019_sessions_cnxn,data/empirical/pooled/pooled_five_2019_sessions_cnxn/hawkes_rates_cnxn_pooled_five_2019_sessions.csv,514950.0,2.2237916964560487,0.036591307320825675,62.315777319675298,460800,569100,100,100,1.5431111111111111,0.0,50,21,0.63155960605615169,148.30834188034189,130.70591452991454,0.94999999999999996,0.25,0.0096468091552598823
312,CODA,data/empirical/pooled/pooled_five_2019_sessions_coda,data/empirical/pooled/pooled_five_2019_sessions_coda/hawkes_rates_coda_pooled_five_2019_sessions.csv,66400.0,2.9402145191782356,0.013188597803324927,37.265056552070142,62000,70800,100,1000,0.40200000000000002,0.0,50,12,0.60522312373225151,314.2649316239316,190.84182905982908,0.94999999999999996,0.25,0.054854410483294959
313,COHR,data/empirical/pooled/pooled_five_2019_sessions_cohr,data/empirical/pooled/pooled_five_2019_sessions_cohr/hawkes_rates_cohr_pooled_five_2019_sessions.csv,1506250.0,2.3069051901494921,0.13170648318304201,136.3591318098922,1492500,1520000,6,10,6.267555555555556,0.0,50,25,0.55010050634843899,100.3524358974359,101.65330769230769,0.94999999999999996,0.25,0.54198644623863046
314,COHU,data/empirical/pooled/pooled_five_2019_sessions_cohu,data/empirical/pooled/pooled_five_2019_sessions_cohu/hawkes_rates_cohu_pooled_five_2019_sessions.csv,235500.0,2.2341322506156143,0.038599940168383265,23.355936940076603,215200,255800,700,700,0.71399999999999997,0.0,50,4,0.28334285426257605,202.48418803418804,213.40747863247861,0.94999999999999996,0.25,0.42535994603367877
315,COKE,data/empirical/pooled/pooled_five_2019_sessions_coke,data/empirical/pooled/pooled_five_2019_sessions_coke/hawkes_rates_coke_pooled_five_2019_sessions.csv,2812450.0,2.3743201103739331,0.033539894867302023,48.854419467591093,2728900,2896000,43,100,12.427333333333333,0.0,50,200,0.61797918665584173,82.562735042735042,61.883606837606841,0.94999999999999996,0.25,0.0096468091552598823
316,COLB,data/empirical/pooled/pooled_five_2019_sessions_colb,data/empirical/pooled/pooled_five_2019_sessions_colb/hawkes_rates_colb_pooled_five_2019_sessions.csv,410950.0,1.8415970667456181,0.080302577033206549,86.612102949944486,390700,431200,35,100,1.6793333333333333,0.0,50,5,0.36232934851807314,162.2044358974359,161.19123076923077,0.94999999999999996,0.25,0.31472892968491073
317,COLL,data/empirical/pooled/pooled_five_2019_sessions_coll,data/empirical/pooled/pooled_five_2019_sessions_coll/hawkes_rates_coll_pooled_five_2019_sessions.csv,196050.0,3.8861817038872752,0.056498140946194285,169.22368197765726,192000,200100,100,131,0.66733333333333333,0.0,50,5,0.31728433509810028,198.60654700854701,171.7793846153846,0.94999999999999996,0.25,0.42535994603367877
318,COLM,data/empirical/pooled/pooled_five_2019_sessions_colm,data/empirical/pooled/pooled_five_2019_sessions_colm/hawkes_rates_colm_pooled_five_2019_sessions.csv,929350.0,2.1123449324806631,0.091533826231890256,684.94959249414694,863700,995000,100,5,4.3133333333333335,0.0,50,13,0.52187875523142579,118.42457264957265,139.13940170940171,0.94999999999999996,0.25,0.54198644623863046
319,COMM,data/empirical/pooled/pooled_five_2019_sessions_comm,data/empirical/pooled/pooled_five_2019_sessions_comm/hawkes_rates_comm_pooled_five_2019_sessions.csv,123000.0,2.0631495117894012,0.045531860335911792,67.502352868245083,120000,126000,301,6000,0.67933333333333334,0.0,50,1,0.050157133878064114,938.02953846153855,964.98846153846148,0.94999999999999996,0.25,0.40263407090880049
320,CONE,data/empirical/pooled/pooled_five_2019_sessions_cone,data/empirical/pooled/pooled_five_2019_sessions_cone/hawkes_rates_cone_pooled_five_2019_sessions.csv,616200.0,1.6198239301901494,0.08609769648275567,201.35552859658932,592400,640000,1,1,2.4644444444444447,0.0,50,6,0.34833905426443834,179.80753846153846,194.7107264957265,0.94999999999999996,0.25,0.31472892968491073
321,CONN,data/empirical/pooled/pooled_five_2019_sessions_conn,data/empirical/pooled/pooled_five_2019_sessions_conn/hawkes_rates_conn_pooled_five_2019_sessions.csv,92500.0,2.5930946763819271,0.07620838497371682,31.131971621090088,90000,95000,100,1,0.94533333333333336,0.0,50,3,0.29320499296765118,297.05979487179491,270.72950427350429,0.94999999999999996,0.25,0.31472892968491073
322,COOP,data/empirical/pooled/pooled_five_2019_sessions_coop,data/empirical/pooled/pooled_five_2019_sessions_coop/hawkes_rates_coop_pooled_five_2019_sessions.csv,128400.0,2.1165593328572396,0.027445617334074107,175.60281898803396,119200,137600,100,100,0.5397777777777778,0.0,50,2,0.15178305084745763,437.08262393162397,513.06451282051285,0.94999999999999996,0.1222182091484173,0
323,CORE,data/empirical/pooled/pooled_five_2019_sessions_core,data/empirical/pooled/pooled_five_2019_sessions_core/hawkes_rates_core_pooled_five_2019_sessions.csv,236100.0,1.8428844683830621,0.045189965383136035,55.64150597418913,229800,242400,700,59,1.3120000000000001,0.0,50,7,0.35898631840796019,151.59464102564101,159.10034188034189,0.94999999999999996,0.25,0.42535994603367877
324,CORT,data/empirical/pooled/pooled_five_2019_sessions_cort,data/empirical/pooled/pooled_five_2019_sessions_cort/hawkes_rates_cort_pooled_five_2019_sessions.csv,127650.0,1.6739063319354113,0.038317876832343264,68.637876498111794,115700,139600,100,1300,0.52155555555555555,0.0,50,2,0.16428558054187653,425.17194871794874,334.6914188034188,0.94999999999999996,0.1222182091484173,0
325,COST,data/empirical/pooled/pooled_five_2019_sessions_cost,data/empirical/pooled/pooled_five_2019_sessions_cost/hawkes_rates_cost_pooled_five_2019_sessions.csv,3087850.0,0.72572646238805583,0.22593273216804138,241.3837501715301,3080000,3095700,25,4,12.438444444444444,0.0,50,8,0.4941786074752243,116.48447863247864,126.68693162393163,0.94999999999999996,0.11621735476962097,0
326,COUP,data/empirical/pooled/pooled_five_2019_sessions_coup,data/empirical/pooled/pooled_five_2019_sessions_coup/hawkes_rates_coup_pooled_five_2019_sessions.csv,1625600.0,2.0131043575361822,0.15351083379631608,78.348231837171426,1603300,1647900,70,100,6.0695555555555556,0.0,50,15,0.4715378533729353,124.44370085470086,151.84652136752135,0.94999999999999996,0.11621735476962097,0
327,COWN,data/empirical/pooled/pooled_five_2019_sessions_cown,data/empirical/pooled/pooled_five_2019_sessions_cown/hawkes_rates_cown_pooled_five_2019_sessions.csv,162100.0,2.7600150608814769,0.032061199196546861,484.75815598672506,147400,176800,100,900,0.68466666666666665,0.0,50,4,0.28859819852441948,189.10678632478633,215.49920512820512,0.94999999999999996,0.25,0.42535994603367877
328,CPRT,data/empirical/pooled/pooled_five_2019_sessions_cprt,data/empirical/pooled/pooled_five_2019_sessions_cprt/hawkes_rates_cprt_pooled_five_2019_sessions.csv,1004300.0,1.0537553550497509,0.10956878499081157,108.38815190309687,1003600,1005000,47,1,3.4873333333333334,0.0,50,4,0.31228511067231879,166.22371794871793,190.80994871794871,0.94999999999999996,0.11621735476962097,0
329,CPRX,data/empirical/pooled/pooled_five_2019_sessions_cprx,data/empirical/pooled/pooled_five_2019_sessions_cprx/hawkes_rates_cprx_pooled_five_2019_sessions.csv,43950.0,3.3057945229579331,0.020872686866960127,20.688462778376369,42800,45100,51,100,0.21266666666666667,0.0,50,1,0.060551573935725682,1864.896282051282,1788.5696495726497,0.94999999999999996,0.25,0.14684855564149249
330,CPSI,data/empirical/pooled/pooled_five_2019_sessions_cpsi,data/empirical/pooled/pooled_five_2019_sessions_cpsi/hawkes_rates_cpsi_pooled_five_2019_sessions.csv,271950.0,2.9105831138212785,0.043070216675926323,70.860690024656364,257900,286000,31,200,1.189111111111111,0.0,50,10,0.46739776349197776,138.03834188034187,131.7436923076923,0.94999999999999996,0.25,0.42535994603367877
331,CPSS,data/empirical/pooled/pooled_five_2019_sessions_cpss,data/empirical/pooled/pooled_five_2019_sessions_cpss/hawkes_rates_cpss_pooled_five_2019_sessions.csv,45750.0,3.5553118225259799,0.0014701482969357665,28.225347356675027,34100,57400,100,100,0.14822222222222223,0.0,50,9,0.47826086956521741,782.94599145299139,1882.8478717948717,0.94999999999999996,0.25,0.36419212403997098
332,CPTA,data/empirical/pooled/pooled_five_2019_sessions_cpta,data/empirical/pooled/pooled_five_2019_sessions_cpta/hawkes_rates_cpta_pooled_five_2019_sessions.csv,85550.0,0.92769627998293391,0.0042480447882388139,13.927047154110612,82400,88700,1800,1700,0.36977777777777776,0.0,50,3,0.3927038626609442,270.46366666666665,467.06156410256409,0.94999999999999996,0.1222182091484173,0
333,CRAI,data/empirical/pooled/pooled_five_2019_sessions_crai,data/empirical/pooled/pooled_five_2019_sessions_crai/hawkes_rates_crai_pooled_five_2019_sessions.csv,550000.0,3.5251008216624196,0.023718962348818325,51.712831249613416,510000,590000,1,1,1.9824444444444445,0.0,50,46,0.57225359342915816,146.75710256410258,104.41235042735043,0.94999999999999996,0.25,0.0096468091552598823
334,CRBP,data/empirical/pooled/pooled_five_2019_sessions_crbp,data/empirical/pooled/pooled_five_2019_sessions_crbp/hawkes_rates_crbp_pooled_five_2019_sessions.csv,66050.0,3.1800159974330811,0.030565408778152912,24.954655534566054,65500,66600,1,8,0.2668888888888889,0.0,50,2,0.20503698912560134,502.54147008547005,566.11729914529917,0.94999999999999996,0.25,0.36419212403997098
335,CREE,data/empirical/pooled/pooled_five_2019_sessions_cree,data/empirical/pooled/pooled_five_2019_sessions_cree/hawkes_rates_cree_pooled_five_2019_sessions.csv,491900.0,2.0367775519590872,0.12862088123424079,463.87067807425626,484800,499000,50,100,2.1877777777777778,0.0,50,5,0.34662238260509803,189.10360683760683,206.48917094017094,0.94999999999999996,0.25,0.31472892968491073
336,CRMT,data/empirical/pooled/pooled_five_2019_sessions_crmt,data/empirical/pooled/pooled_five_2019_sessions_crmt/hawkes_rates_crmt_pooled_five_2019_sessions.csv,1136900.0,2.4938283082917199,0.052651822727466976,65.356330870903406,1048600,1225200,100,100,3.9277777777777776,0.0,50,43,0.63833189814245295,103.05489743589744,98.556017094017093,0.94999999999999996,0.25,0.54198644623863046
337,CRON,data/empirical/pooled/pooled_five_2019_sessions_cron,data/empirical/pooled/pooled_five_2019_sessions_cron/hawkes_rates_cron_pooled_five_2019_sessions.csv,74800.0,2.7114060692093416,0.13771528697807597,20.212084497572945,74200,75400,5000,130,0.61955555555555553,0.0,50,1,0.11927051420268722,1666.7716153846152,1239.7128205128206,0.94999999999999996,0.25,0.14684855564149249
338,CROX,data/empirical/pooled/pooled_five_2019_sessions_crox,data/empirical/pooled/pooled_five_2019_sessions_crox/hawkes_rates_crox_pooled_five_2019_sessions.csv,400650.0,2.4500748715614371,0.12266336168212318,18.344530282899072,393500,407800,100,30,1.2544444444444445,0.0,50,3,0.25823268953039946,271.83204273504276,250.10179487179485,0.94999999999999996,0.25,0.31472892968491073
339,CRSP,data/empirical/pooled/pooled_five_2019_sessions_crsp,data/empirical/pooled/pooled_five_2019_sessions_crsp/hawkes_rates_crsp_pooled_five_2019_sessions.csv,532300.0,3.3741718475735913,0.095286123338604214,67.818343539345193,520100,544500,80,50,2.1608888888888891,0.0,50,12,0.56470471167719782,147.87575213675214,159.26543589743591,0.94999999999999996,0.25,0.54198644623863046
340,CRUS,data/empirical/pooled/pooled_five_2019_sessions_crus,data/empirical/pooled/pooled_five_2019_sessions_crus/hawkes_rates_crus_pooled_five_2019_sessions.csv,871250.0,1.7648778804247951,0.10471387666139578,46.590638378207238,865000,877500,231,1000,2.1688888888888891,0.0,50,6,0.4241895136242298,190.82122222222222,157.22771794871795,0.94999999999999996,0.25,0.31472892968491073
341,CRVL,data/empirical/pooled/pooled_five_2019_sessions_crvl,data/empirical/pooled/pooled_five_2019_sessions_crvl/hawkes_rates_crvl_pooled_five_2019_sessions.csv,878700.0,3.8748051762251863,0.040403436044275397,110.77460099822433,827600,929800,100,8,3.6973333333333334,0.0,50,51,0.64244255386817206,109.66845299145299,113.98579487179487,0.94999999999999996,0.25,0.0096468091552598823
342,CRVS,data/empirical/pooled/pooled_five_2019_sessions_crvs,data/empirical/pooled/pooled_five_2019_sessions_crvs/hawkes_rates_crvs_pooled_five_2019_sessions.csv,60100.0,4.0239229459514601,0.010906448993546734,16.577327005684783,53200,67000,100,100,0.17644444444444443,0.0,50,5,0.54001301236174371,351.58512820512817,271.5380341880342,0.94999999999999996,0.25,0.054854410483294959
343,CSBR,data/empirical/pooled/pooled_five_2019_sessions_csbr,data/empirical/pooled/pooled_five_2019_sessions_csbr/hawkes_rates_csbr_pooled_five_2019_sessions.csv,80450.0,4.9091383218134315,0.0088978161459891437,129.17929536549789,63600,97300,100,100,0.34511111111111109,0.0,50,12,0.508955223880597,287.32706837606838,271.37199999999996,0.94999999999999996,0.25,0.054854410483294959
344,CSCO,data/empirical/pooled/pooled_five_2019_sessions_csco,data/empirical/pooled/pooled_five_2019_sessions_csco/hawkes_rates_csco_pooled_five_2019_sessions.csv,466200.0,0.94126284626122292,0.10335484422411215,11.046832801898889,465000,467400,203,100,2.1253333333333333,0.0,50,1,0.018723291697796244,2399.6913675213677,2169.2701196581197,0.94999999999999996,0.25,0.40263407090880049
345,CSFL,data/empirical/pooled/pooled_five_2019_sessions_csfl,data/empirical/pooled/pooled_five_2019_sessions_csfl/hawkes_rates_csfl_pooled_five_2019_sessions.csv,225750.0,1.9633557874264578,0.055916919526475498,419.73303030042268,201700,249800,1100,100,1.0988888888888888,0.0,50,2,0.174201903993003,302.53188888888889,254.18593162393162,0.94999999999999996,0.25,0.31472892968491073
346,CSGP,data/empirical/pooled/pooled_five_2019_sessions_csgp,data/empirical/pooled/pooled_five_2019_sessions_csgp/hawkes_rates_csgp_pooled_five_2019_sessions.csv,6350050.0,1.880612106959842,0.10315825462626609,63.391473703797566,6152500,6547600,5,4,25.406444444444446,0.0,50,112,0.59203446826397643,77.649170940170933,82.378316239316234,0.94999999999999996,0.25,0.54198644623863046
347,CSGS,data/empirical/pooled/pooled_five_2019_sessions_csgs,data/empirical/pooled/pooled_five_2019_sessions_csgs/hawkes_rates_csgs_pooled_five_2019_sessions.csv,493600.0,1.5871491036018603,0.050865421599213645,130.64948343286207,457500,529700,100,28,2.3371111111111111,0.0,50,8,0.56400615279439414,92.646376068376071,105.96795726495728,0.94999999999999996,0.25,0.31472892968491073
348,CSII,data/empirical/pooled/pooled_five_2019_sessions_csii,data/empirical/pooled/pooled_five_2019_sessions_csii/hawkes_rates_csii_pooled_five_2019_sessions.csv,478850.0,3.5742056152871897,0.097747766998589697,59.071244383819149,430400,527300,100,2,1.9797777777777779,0.0,50,11,0.53342570765327235,128.95852991452992,140.75220512820513,0.94999999999999996,0.25,0.54198644623863046
349,CSIQ,data/empirical/pooled/pooled_five_2019_sessions_csiq,data/empirical/pooled/pooled_five_2019_sessions_csiq/hawkes_rates_csiq_pooled_five_2019_sessions.csv,201000.0,2.0810332447858353,0.056951151758622164,35.706290804807146,194500,207500,100,75,0.90422222222222226,0.0,50,3,0.25447652016237043,263.77938461538463,257.3395982905983,0.94999999999999996,0.25,0.31472892968491073
350,CSOD,data/empirical/pooled/pooled_five_2019_sessions_csod,data/empirical/pooled/pooled_five_2019_sessions_csod/hawkes_rates_csod_pooled_five_2019_sessions.csv,601200.0,1.7662328539081331,0.10507286636181032,97.534116566403242,548700,653700,100,100,2.5051111111111113,0.0,50,8,0.52003676830103074,110.97068376068376,114.31866666666667,0.94999999999999996,0.25,0.31472892968491073
351,CSQ,data/empirical/pooled/pooled_five_2019_sessions_csq,data/empirical/pooled/pooled_five_2019_sessions_csq/hawkes_rates_csq_pooled_five_2019_sessions.csv,139000.0,0.66824569636799969,0.010051711611607334,35.195751668127514,135700,142300,30,1800,0.58266666666666667,0.0,50,3,0.23542340012928248,623.89809401709397,434.40235042735037,0.94999999999999996,0.1222182091484173,0
352,CSTR,data/empirical/pooled/pooled_five_2019_sessions_cstr,data/empirical/pooled/pooled_five_2019_sessions_cstr/hawkes_rates_cstr_pooled_five_2019_sessions.csv,150750.0,2.7807332138562626,0.010718406769520065,136.62620465266946,134300,167200,100,100,0.73733333333333329,0.0,50,7,0.39842403348928834,229.71961538461537,1179.6053418803417,0.94999999999999996,0.25,0.054854410483294959
353,CSWC,data/empirical/pooled/pooled_five_2019_sessions_cswc,data/empirical/pooled/pooled_five_2019_sessions_cswc/hawkes_rates_cswc_pooled_five_2019_sessions.csv,212700.0,1.3115290704960807,0.013539040129920082,26.65127262741921,204800,220600,900,100,0.93933333333333335,0.0,50,8,0.40116878652457888,176.69641025641027,239.48889743589743,0.94999999999999996,0.25,0.42535994603367877
354,CSWI,data/empirical/pooled/pooled_five_2019_sessions_cswi,data/empirical/pooled/pooled_five_2019_sessions_cswi/hawkes_rates_cswi_pooled_five_2019_sessions.csv,816050.0,2.4920491717302902,0.033651010726954145,199.70033695559857,750000,882100,1,100,3.0524444444444443,0.0,50,30,0.54085798180906686,128.2839658119658,140.86811111111109,0.94999999999999996,0.25,0.0096468091552598823
355,CSX,data/empirical/pooled/pooled_five_2019_sessions_csx,data/empirical/pooled/pooled_five_2019_sessions_csx/hawkes_rates_csx_pooled_five_2019_sessions.csv,766550.0,0.91501677867057429,0.17757169109791016,40.132707920434122,761900,771200,286,94,3.1555555555555554,0.0,50,2,0.14412028874621602,296.03922222222224,320.86233333333337,0.94999999999999996,0.25,0.40263407090880049
356,CTAS,data/empirical/pooled/pooled_five_2019_sessions_ctas,data/empirical/pooled/pooled_five_2019_sessions_ctas/hawkes_rates_ctas_pooled_five_2019_sessions.csv,2766000.0,1.3218077969135127,0.14892089405530151,1727.5460216371137,2745200,2786800,31,12,11.687111111111111,0.0,50,17,0.54051919330209042,113.66777777777777,104.41024786324786,0.94999999999999996,0.11621735476962097,0
357,CTBI,data/empirical/pooled/pooled_five_2019_sessions_ctbi,data/empirical/pooled/pooled_five_2019_sessions_ctbi/hawkes_rates_ctbi_pooled_five_2019_sessions.csv,438550.0,1.7242502847990129,0.026300269242275309,70.506133195176105,393600,483500,100,100,1.9108888888888889,0.0,50,21,0.43628252788104088,197.60382905982905,109.26320512820512,0.94999999999999996,0.25,0.54198644623863046
358,CTG,data/empirical/pooled/pooled_five_2019_sessions_ctg,data/empirical/pooled/pooled_five_2019_sessions_ctg/hawkes_rates_ctg_pooled_five_2019_sessions.csv,46800.0,2.3969423203390572,0.0043506132740715412,24.289788327319545,28900,64700,100,100,0.19488888888888889,0.0,50,6,0.49149507609668758,185.56695726495727,207.66311111111108,0.94999999999999996,0.25,0.42535994603367877
359,CTMX,data/empirical/pooled/pooled_five_2019_sessions_ctmx,data/empirical/pooled/pooled_five_2019_sessions_ctmx/hawkes_rates_ctmx_pooled_five_2019_sessions.csv,77100.0,2.8879335205319783,0.03842044531817599,47.830915654551887,72500,81700,100,1300,0.4528888888888889,0.0,50,4,0.25569448116949345,302.66152991452992,273.09079487179486,0.94999999999999996,0.25,0.054854410483294959
360,CTRC,data/empirical/pooled/pooled_five_2019_sessions_ctrc,data/empirical/pooled/pooled_five_2019_sessions_ctrc/hawkes_rates_ctrc_pooled_five_2019_sessions.csv,19850.0,4.0620987382500573,0.004598487114833967,16.77887905528997,16900,22800,100,200,0.12822222222222221,0.0,50,11,0.43270099367660342,323.47632478632477,219.30554700854699,0.94999999999999996,0.25,0.054854410483294959
361,CTRE,data/empirical/pooled/pooled_five_2019_sessions_ctre,data/empirical/pooled/pooled_five_2019_sessions_ctre/hawkes_rates_ctre_pooled_five_2019_sessions.csv,214850.0,0.9045076262945948,0.032368904654045044,94.153728715789839,198900,230800,100,1700,1.0382222222222222,0.0,50,2,0.11002268727604265,405.10148717948715,357.72789743589743,0.94999999999999996,0.1222182091484173,0
362,CTRN,data/empirical/pooled/pooled_five_2019_sessions_ctrn,data/empirical/pooled/pooled_five_2019_sessions_ctrn/hawkes_rates_ctrn_pooled_five_2019_sessions.csv,244000.0,3.4241813335601869,0.041591521005171161,101.83298643191344,231900,256100,13,100,0.83888888888888891,0.0,50,9,0.572260569456428,134.74804273504273,119.97565811965811,0.94999999999999996,0.25,0.42535994603367877
363,CTSH,data/empirical/pooled/pooled_five_2019_sessions_ctsh,data/empirical/pooled/pooled_five_2019_sessions_ctsh/hawkes_rates_ctsh_pooled_five_2019_sessions.csv,622950.0,0.97358118440133201,0.16759690585067738,356.15429449176145,620400,625500,202,173,2.9153333333333333,0.0,50,2,0.1254574282331061,324.42411111111107,317.51199145299142,0.94999999999999996,0.25,0.40263407090880049
364,CTSO,data/empirical/pooled/pooled_five_2019_sessions_ctso,data/empirical/pooled/pooled_five_2019_sessions_ctso/hawkes_rates_ctso_pooled_five_2019_sessions.csv,48100.0,2.7908120648822403,0.019975212615923756,36.832861725739164,45800,50400,1100,2700,0.31488888888888888,0.0,50,3,0.37582328503394469,260.75358974358971,231.53171794871795,0.94999999999999996,0.25,0.054854410483294959
365,CTXS,data/empirical/pooled/pooled_five_2019_sessions_ctxs,data/empirical/pooled/pooled_five_2019_sessions_ctxs/hawkes_rates_ctxs_pooled_five_2019_sessions.csv,1212200.0,0.87559509847822503,0.15725458352921065,498.06151207393373,1197900,1226500,100,16,4.4973333333333336,0.0,50,3,0.27236382982052604,244.47858119658122,204.1526752136752,0.94999999999999996,0.11621735476962097,0
366,CUE,data/empirical/pooled/pooled_five_2019_sessions_cue,data/empirical/pooled/pooled_five_2019_sessions_cue/hawkes_rates_cue_pooled_five_2019_sessions.csv,164350.0,5.2323133651929563,0.017453737339202531,227.56656529104635,155400,173300,100,700,0.34377777777777779,0.0,50,9,0.37886626307099613,206.64546153846155,251.20118803418805,0.94999999999999996,0.25,0.054854410483294959
367,CUTR,data/empirical/pooled/pooled_five_2019_sessions_cutr,data/empirical/pooled/pooled_five_2019_sessions_cutr/hawkes_rates_cutr_pooled_five_2019_sessions.csv,277900.0,3.0325779518594187,0.043429206376340866,236.68346815336827,257800,298000,100,200,1.1244444444444444,0.0,50,9,0.47172002827997173,170.96263247863249,134.21347008547008,0.94999999999999996,0.25,0.42535994603367877
368,CVBF,data/empirical/pooled/pooled_five_2019_sessions_cvbf,data/empirical/pooled/pooled_five_2019_sessions_cvbf/hawkes_rates_cvbf_pooled_five_2019_sessions.csv,217700.0,0.84429612062488957,0.034206590025214756,29.604582361111152,207000,228400,187,1000,0.96533333333333338,0.0,50,1,0.097523977294969658,442.8743076923077,444.33454700854702,0.94999999999999996,0.1222182091484173,0
369,CVCO,data/empirical/pooled/pooled_five_2019_sessions_cvco,data/empirical/pooled/pooled_five_2019_sessions_cvco/hawkes_rates_cvco_pooled_five_2019_sessions.csv,2287400.0,4.2493622326360443,0.054156160519680328,139.7736442892496,2173800,2401000,4,100,8.2893333333333334,0.0,50,141,0.57243107769423562,100.29774358974359,104.12576068376067,0.94999999999999996,0.25,0.0096468091552598823
370,CVGI,data/empirical/pooled/pooled_five_2019_sessions_cvgi,data/empirical/pooled/pooled_five_2019_sessions_cvgi/hawkes_rates_cvgi_pooled_five_2019_sessions.csv,52250.0,1.728032605344394,0.015522030856019487,29.091741683596304,48800,55700,100,100,0.32288888888888889,0.0,50,3,0.26191487554158527,261.99997435897433,239.80433333333335,0.94999999999999996,0.1222182091484173,0
371,CVGW,data/empirical/pooled/pooled_five_2019_sessions_cvgw,data/empirical/pooled/pooled_five_2019_sessions_cvgw/hawkes_rates_cvgw_pooled_five_2019_sessions.csv,774950.0,2.7057227330094666,0.05962647976409248,834.53514237320007,716500,833400,300,300,3.8704444444444444,0.0,50,23,0.5934223525287613,124.85335897435898,122.13739316239317,0.94999999999999996,0.25,0.54198644623863046
372,CVLT,data/empirical/pooled/pooled_five_2019_sessions_cvlt,data/empirical/pooled/pooled_five_2019_sessions_cvlt/hawkes_rates_cvlt_pooled_five_2019_sessions.csv,441850.0,2.06781586334401,0.094619428180691495,133.3700660246401,410900,472800,100,100,2.2255555555555557,0.0,50,6,0.4186748520358845,179.9568717948718,185.59494017094016,0.94999999999999996,0.25,0.31472892968491073
373,CVTI,data/empirical/pooled/pooled_five_2019_sessions_cvti,data/empirical/pooled/pooled_five_2019_sessions_cvti/hawkes_rates_cvti_pooled_five_2019_sessions.csv,137200.0,2.9021131633468236,0.033343305269455961,71.429682270956135,122900,151500,100,100,0.73044444444444445,0.0,50,6,0.42624237666807557,163.35726495726496,175.66764102564102,0.94999999999999996,0.25,0.42535994603367877
374,CWST,data/empirical/pooled/pooled_five_2019_sessions_cwst,data/empirical/pooled/pooled_five_2019_sessions_cwst/hawkes_rates_cwst_pooled_five_2019_sessions.csv,528800.0,1.9396473343725076,0.047882388136245138,39.45674957520103,510800,546800,39,400,1.953111111111111,0.0,50,8,0.41467255485947074,142.05558974358974,156.49962393162394,0.94999999999999996,0.25,0.31472892968491073
375,CY,data/empirical/pooled/pooled_five_2019_sessions_cy,data/empirical/pooled/pooled_five_2019_sessions_cy/hawkes_rates_cy_pooled_five_2019_sessions.csv,233650.0,0.8176559097140994,0.01559040984657464,16.212402829610518,233300,234000,800,500,1.018888888888889,0.0,50,1,0.011709882256512269,5934.1914615384612,7596.6580170940169,0.94999999999999996,0.25,0.14684855564149249
376,CYBE,data/empirical/pooled/pooled_five_2019_sessions_cybe,data/empirical/pooled/pooled_five_2019_sessions_cybe/hawkes_rates_cybe_pooled_five_2019_sessions.csv,239550.0,2.64915250728657,0.011513312534723706,31.480751656311281,208700,270400,100,100,0.78333333333333333,0.0,50,19,0.5365575019040365,195.74621367521368,317.4810769230769,0.94999999999999996,0.25,0.42535994603367877
377,CYRX,data/empirical/pooled/pooled_five_2019_sessions_cyrx,data/empirical/pooled/pooled_five_2019_sessions_cyrx/hawkes_rates_cyrx_pooled_five_2019_sessions.csv,174750.0,2.7669269578179883,0.034992948416599001,31.085901358272388,157900,191600,800,100,0.67533333333333334,0.0,50,5,0.43613390219888415,184.094905982906,210.7871111111111,0.94999999999999996,0.25,0.42535994603367877
378,CYTK,data/empirical/pooled/pooled_five_2019_sessions_cytk,data/empirical/pooled/pooled_five_2019_sessions_cytk/hawkes_rates_cytk_pooled_five_2019_sessions.csv,131000.0,3.5784864435262409,0.04243771101329117,175.84083059639403,126800,135200,262,100,0.46377777777777779,0.0,50,3,0.29353055916775034,260.25049572649573,289.03217948717946,0.94999999999999996,0.25,0.054854410483294959
379,CZR,data/empirical/pooled/pooled_five_2019_sessions_czr,data/empirical/pooled/pooled_five_2019_sessions_czr/hawkes_rates_czr_pooled_five_2019_sessions.csv,137100.0,1.1375818142086107,0.012342407795204924,4.572315801272798,136100,138100,870,870,0.52577777777777779,0.0,150,1,0.013151046507305104,13820.002547008547,13563.940803418804,0.94999999999999996,0.25,0.14684855564149249
380,DAIO,data/empirical/pooled/pooled_five_2019_sessions_daio,data/empirical/pooled/pooled_five_2019_sessions_daio/hawkes_rates_daio_pooled_five_2019_sessions.csv,43050.0,4.2083577246617008,0.002948843967690927,18.873244069988424,41100,45000,1,300,0.19888888888888889,0.0,50,9,0.58909090909090911,560.51500854700851,455.99583760683765,0.94999999999999996,0.25,0.054854410483294959
381,DAKT,data/empirical/pooled/pooled_five_2019_sessions_dakt,data/empirical/pooled/pooled_five_2019_sessions_dakt/hawkes_rates_dakt_pooled_five_2019_sessions.csv,58500.0,1.7232884809880216,0.014017693063806144,53.84521929190857,55500,61500,1400,2,0.31755555555555554,0.0,50,2,0.29967544175982691,293.93253846153846,220.67686324786322,0.94999999999999996,0.1222182091484173,0
382,DBX,data/empirical/pooled/pooled_five_2019_sessions_dbx,data/empirical/pooled/pooled_five_2019_sessions_dbx/hawkes_rates_dbx_pooled_five_2019_sessions.csv,168000.0,1.482091998291281,0.048796957134920292,11.451278261132435,165000,171000,2,6972,0.97755555555555551,0.0,50,1,0.068330307935280513,652.57588034188041,658.78302564102569,0.94999999999999996,0.25,0.40263407090880049
383,DCOM,data/empirical/pooled/pooled_five_2019_sessions_dcom,data/empirical/pooled/pooled_five_2019_sessions_dcom/hawkes_rates_dcom_pooled_five_2019_sessions.csv,208900.0,2.4997055328101641,0.028659344416428052,191.06635452079851,194700,223100,119,800,0.88177777777777777,0.0,50,4,0.37273958416314823,196.46376923076923,160.63155555555556,0.94999999999999996,0.25,0.42535994603367877
384,DCPH,data/empirical/pooled/pooled_five_2019_sessions_dcph,data/empirical/pooled/pooled_five_2019_sessions_dcph/hawkes_rates_dcph_pooled_five_2019_sessions.csv,655050.0,3.9490805894439416,0.067344758323005266,27.282484037947864,609500,700600,600,100,1.1673333333333333,0.0,50,13,0.55143352236925014,145.20547863247864,113.65137606837607,0.94999999999999996,0.25,0.0096468091552598823
385,DENN,data/empirical/pooled/pooled_five_2019_sessions_denn,data/empirical/pooled/pooled_five_2019_sessions_denn/hawkes_rates_denn_pooled_five_2019_sessions.csv,203850.0,2.203378771435641,0.046087439634172403,303.05512602403684,202100,205600,100,226,0.87,0.0,50,3,0.17046909466734539,279.67258974358975,274.79731623931627,0.94999999999999996,0.25,0.31472892968491073
386,DERM,data/empirical/pooled/pooled_five_2019_sessions_derm,data/empirical/pooled/pooled_five_2019_sessions_derm/hawkes_rates_derm_pooled_five_2019_sessions.csv,187500.0,3.7442042867351772,0.052455233129620929,212.01979461780053,187100,187900,5500,2000,0.36511111111111111,0.0,50,2,0.19953128500284331,331.41050427350427,371.38257264957264,0.94999999999999996,0.25,0.42535994603367877
387,DGICA,data/empirical/pooled/pooled_five_2019_sessions_dgica,data/empirical/pooled/pooled_five_2019_sessions_dgica/hawkes_rates_dgica_pooled_five_2019_sessions.csv,134500.0,1.5235813541481107,0.0048463609555963929,20.382701920492607,114300,154700,100,100,0.59977777777777774,0.0,50,17,0.34576485461441214,247.04071794871797,182.58268376068378,0.94999999999999996,0.25,0.42535994603367877
388,DGII,data/empirical/pooled/pooled_five_2019_sessions_dgii,data/empirical/pooled/pooled_five_2019_sessions_dgii/hawkes_rates_dgii_pooled_five_2019_sessions.csv,148400.0,3.1926112710618089,0.031377409290995341,373.30700976049428,134300,162500,100,127,0.59244444444444444,0.0,50,5,0.34992588932806323,191.64581196581196,192.99885470085468,0.94999999999999996,0.25,0.42535994603367877
389,DHIL,data/empirical/pooled/pooled_five_2019_sessions_dhil,data/empirical/pooled/pooled_five_2019_sessions_dhil/hawkes_rates_dhil_pooled_five_2019_sessions.csv,1429100.0,2.7708145637087842,0.0066242147100303433,24.406094868024702,1279700,1578500,1,100,6.5326666666666666,0.0,50,172,0.41545454545454547,159.84558119658121,151.52581196581195,0.94999999999999996,0.25,0.0096468091552598823
390,DIOD,data/empirical/pooled/pooled_five_2019_sessions_diod,data/empirical/pooled/pooled_five_2019_sessions_diod/hawkes_rates_diod_pooled_five_2019_sessions.csv,541000.0,2.150591594054446,0.084336937475960522,60.931407632444419,493300,588700,100,100,1.8724444444444444,0.0,50,6,0.39022710349962769,164.73099999999999,187.44850427350428,0.94999999999999996,0.25,0.31472892968491073
391,DISCA,data/empirical/pooled/pooled_five_2019_sessions_disca,data/empirical/pooled/pooled_five_2019_sessions_disca/hawkes_rates_disca_pooled_five_2019_sessions.csv,304350.0,1.7223099742388428,0.095884439505961788,25.71214732644362,287700,321000,2500,2600,1.236,0.0,50,1,0.062337156880763703,706.87047008547006,764.26811111111112,0.94999999999999996,0.25,0.40263407090880049
392,DISCK,data/empirical/pooled/pooled_five_2019_sessions_disck,data/empirical/pooled/pooled_five_2019_sessions_disck/hawkes_rates_disck_pooled_five_2019_sessions.csv,287550.0,1.6507953405868498,0.082610367964442918,15.544640552771991,272800,302300,2600,100,1.1751111111111112,0.0,50,1,0.064972951144963764,670.70749572649572,716.91603418803413,0.94999999999999996,0.25,0.40263407090880049
393,DISH,data/empirical/pooled/pooled_five_2019_sessions_dish,data/empirical/pooled/pooled_five_2019_sessions_dish/hawkes_rates_dish_pooled_five_2019_sessions.csv,364800.0,2.0435943057244677,0.11714175819479464,62.771382373057875,349600,380000,1700,1,1.5351111111111111,0.0,50,2,0.1252260798077531,399.37101709401708,410.58670940170941,0.94999999999999996,0.25,0.40263407090880049
394,DLTH,data/empirical/pooled/pooled_five_2019_sessions_dlth,data/empirical/pooled/pooled_five_2019_sessions_dlth/hawkes_rates_dlth_pooled_five_2019_sessions.csv,83400.0,2.7951437509149044,0.029479892303089877,81.677358687588125,81300,85500,100,79,0.54666666666666663,0.0,50,6,0.32689662200030573,229.42728205128205,239.47497435897435,0.94999999999999996,0.25,0.42535994603367877
395,DLTR,data/empirical/pooled/pooled_five_2019_sessions_dltr,data/empirical/pooled/pooled_five_2019_sessions_dltr/hawkes_rates_dltr_pooled_five_2019_sessions.csv,857150.0,1.3053343695639836,0.17246890892773195,1701.4721790440658,855500,858800,2,21,4.4397777777777776,0.0,50,4,0.32936669988075595,196.07541025641027,184.94358119658119,0.94999999999999996,0.11621735476962097,0
396,DMAC,data/empirical/pooled/pooled_five_2019_sessions_dmac,data/empirical/pooled/pooled_five_2019_sessions_dmac/hawkes_rates_dmac_pooled_five_2019_sessions.csv,39300.0,6.4077217094415975,0.0067182358220436774,19.69096404343555,28600,50000,100,5,0.16200000000000001,0.0,50,13,0.88817097415506963,597.30152991452997,883.85805128205141,0.94999999999999996,0.25,0.054854410483294959
397,DMRC,data/empirical/pooled/pooled_five_2019_sessions_dmrc,data/empirical/pooled/pooled_five_2019_sessions_dmrc/hawkes_rates_dmrc_pooled_five_2019_sessions.csv,324350.0,4.154686979038531,0.049583315526304537,313.94381689871381,294400,354300,100,100,1.4526666666666668,0.0,50,25,0.66427655634170668,128.651547008547,111.14752136752136,0.94999999999999996,0.25,0.0096468091552598823
398,DNKN,data/empirical/pooled/pooled_five_2019_sessions_dnkn,data/empirical/pooled/pooled_five_2019_sessions_dnkn/hawkes_rates_dnkn_pooled_five_2019_sessions.csv,794850.0,1.053124542811078,0.095884439505961788,97.410806528493566,766000,823700,39,100,3.3128888888888888,0.0,50,5,0.39992492876763747,170.53429914529914,181.47441025641027,0.94999999999999996,0.25,0.31472892968491073
399,DNLI,data/empirical/pooled/pooled_five_2019_sessions_dnli,data/empirical/pooled/pooled_five_2019_sessions_dnli/hawkes_rates_dnli_pooled_five_2019_sessions.csv,247500.0,3.0795121905148632,0.050916705842130004,36.345121547448962,247200,247800,319,50,0.84866666666666668,0.0,50,6,0.34049345872228198,189.36171794871797,178.0685641025641,0.94999999999999996,0.25,0.42535994603367877
400,DOCU,data/empirical/pooled/pooled_five_2019_sessions_docu,data/empirical/pooled/pooled_five_2019_sessions_docu/hawkes_rates_docu_pooled_five_2019_sessions.csv,766900.0,1.5943942516032341,0.10721825719047821,37.927245572547619,763200,770600,100,160,2.4048888888888889,0.0,50,6,0.38678506137372681,219.1155299145299,249.79099145299142,0.94999999999999996,0.25,0.31472892968491073
401,DOMO,data/empirical/pooled/pooled_five_2019_sessions_domo,data/empirical/pooled/pooled_five_2019_sessions_domo/hawkes_rates_domo_pooled_five_2019_sessions.csv,243200.0,3.5107599242049461,0.084772853540749607,71.870693589603448,227200,259200,100,800,1.1395555555555557,0.0,50,10,0.43901219577522632,177.23889743589743,221.36670085470087,0.94999999999999996,0.25,0.42535994603367877
402,DOOO,data/empirical/pooled/pooled_five_2019_sessions_dooo,data/empirical/pooled/pooled_five_2019_sessions_dooo/hawkes_rates_dooo_pooled_five_2019_sessions.csv,479650.0,1.8355465015870285,0.089986751570579934,35.66962033894341,433300,526000,100,200,1.4948888888888889,0.0,50,8,0.54678975164768018,165.46925641025641,142.19328205128204,0.94999999999999996,0.25,0.31472892968491073
403,DORM,data/empirical/pooled/pooled_five_2019_sessions_dorm,data/empirical/pooled/pooled_five_2019_sessions_dorm/hawkes_rates_dorm_pooled_five_2019_sessions.csv,731150.0,3.5039007264944502,0.074533099705115596,121.71987672075788,662300,800000,100,1,3.4073333333333333,0.0,50,25,0.6026468969911094,114.47848717948719,130.83050427350426,0.94999999999999996,0.25,0.54198644623863046
404,DRNA,data/empirical/pooled/pooled_five_2019_sessions_drna,data/empirical/pooled/pooled_five_2019_sessions_drna/hawkes_rates_drna_pooled_five_2019_sessions.csv,195650.0,3.9470606625978264,0.061977007564425833,33.912913162104438,180300,211000,800,100,0.62955555555555553,0.0,50,4,0.27203169090514434,263.84623076923077,231.16464102564106,0.94999999999999996,0.25,0.42535994603367877
405,DSGX,data/empirical/pooled/pooled_five_2019_sessions_dsgx,data/empirical/pooled/pooled_five_2019_sessions_dsgx/hawkes_rates_dsgx_pooled_five_2019_sessions.csv,451600.0,1.5722900306269549,0.071823582204367714,200.23918792595865,414600,488600,100,400,1.6564444444444444,0.0,50,5,0.42801595717820534,157.6649487179487,154.1962905982906,0.94999999999999996,0.25,0.31472892968491073
406,DSKE,data/empirical/pooled/pooled_five_2019_sessions_dske,data/empirical/pooled/pooled_five_2019_sessions_dske/hawkes_rates_dske_pooled_five_2019_sessions.csv,30600.0,2.9477383945256674,0.014898072567203727,51.037864472210693,29000,32200,5,100,0.16688888888888889,0.0,50,2,0.1711448080163164,604.08657264957264,561.46588888888891,0.94999999999999996,0.25,0.36419212403997098
407,DSPG,data/empirical/pooled/pooled_five_2019_sessions_dspg,data/empirical/pooled/pooled_five_2019_sessions_dspg/hawkes_rates_dspg_pooled_five_2019_sessions.csv,157100.0,2.7797085397986554,0.021633403136886192,55.183118502238095,149000,165200,207,3,0.68355555555555558,0.0,50,5,0.40424170399488069,215.43469230769233,275.63029914529915,0.94999999999999996,0.25,0.42535994603367877
408,DTEA,data/empirical/pooled/pooled_five_2019_sessions_dtea,data/empirical/pooled/pooled_five_2019_sessions_dtea/hawkes_rates_dtea_pooled_five_2019_sessions.csv,14750.0,4.6428577246045988,0.0044360870122654812,12.393411111349925,13600,15900,18,100,0.067555555555555549,0.0,50,2,0.33101975440469833,595.82848717948718,566.45673504273498,0.94999999999999996,0.25,0.36419212403997098
409,DVAX,data/empirical/pooled/pooled_five_2019_sessions_dvax,data/empirical/pooled/pooled_five_2019_sessions_dvax/hawkes_rates_dvax_pooled_five_2019_sessions.csv,50550.0,3.8795234909541692,0.025975469037138339,28.254767839477385,49900,51200,885,2200,0.2708888888888889,0.0,50,2,0.15532429816069701,570.22506837606829,748.77568376068371,0.94999999999999996,0.25,0.36419212403997098
410,DWSN,data/empirical/pooled/pooled_five_2019_sessions_dwsn,data/empirical/pooled/pooled_five_2019_sessions_dwsn/hawkes_rates_dwsn_pooled_five_2019_sessions.csv,24800.0,3.9455110659362327,0.0059318774306594303,66.759568449380936,19200,30400,100,100,0.11377777777777778,0.0,50,3,0.32950631458094143,321.29208547008545,1571.6660512820513,0.94999999999999996,0.25,0.36419212403997098
411,DXCM,data/empirical/pooled/pooled_five_2019_sessions_dxcm,data/empirical/pooled/pooled_five_2019_sessions_dxcm/hawkes_rates_dxcm_pooled_five_2019_sessions.csv,2393250.0,1.9513769388793085,0.15340826531048335,169.39075350338067,2315200,2471300,300,300,6.764444444444444,0.0,50,19,0.52541999583980814,111.08284615384616,108.9175641025641,0.94999999999999996,0.11621735476962097,0
412,DXLG,data/empirical/pooled/pooled_five_2019_sessions_dxlg,data/empirical/pooled/pooled_five_2019_sessions_dxlg/hawkes_rates_dxlg_pooled_five_2019_sessions.csv,11250.0,3.6976774141022091,0.0037522971067139622,54.676496959682616,10600,11900,100,100,0.083111111111111108,0.0,50,4,0.45285215366705472,576.57488034188032,147.80953846153847,0.94999999999999996,0.25,0.36419212403997098
413,DXPE,data/empirical/pooled/pooled_five_2019_sessions_dxpe,data/empirical/pooled/pooled_five_2019_sessions_dxpe/hawkes_rates_dxpe_pooled_five_2019_sessions.csv,352400.0,3.2836126944317607,0.044813880935082692,74.019413675333567,319000,385800,100,100,1.5253333333333334,0.0,50,21,0.66496255437463558,151.36642735042736,108.20276923076922,0.94999999999999996,0.25,0.0096468091552598823
414,EA,data/empirical/pooled/pooled_five_2019_sessions_ea,data/empirical/pooled/pooled_five_2019_sessions_ea/hawkes_rates_ea_pooled_five_2019_sessions.csv,1114900.0,1.5107929993759874,0.22650540621394075,73.711171863631748,1114800,1115000,95,1,4.1844444444444449,0.0,50,4,0.3555685017962909,225.2627094017094,203.51370085470086,0.94999999999999996,0.11621735476962097,0
415,EBAY,data/empirical/pooled/pooled_five_2019_sessions_ebay,data/empirical/pooled/pooled_five_2019_sessions_ebay/hawkes_rates_ebay_pooled_five_2019_sessions.csv,347400.0,1.1905573286150473,0.074857899910252573,11.504027054683212,342300,352500,281,5000,1.6077777777777778,0.0,50,1,0.029679728745266983,1780.9863931623931,1516.3357692307693,0.94999999999999996,0.25,0.40263407090880049
416,EBIX,data/empirical/pooled/pooled_five_2019_sessions_ebix,data/empirical/pooled/pooled_five_2019_sessions_ebix/hawkes_rates_ebix_pooled_five_2019_sessions.csv,340400.0,2.2122137870417031,0.075456216077610147,47.993562323333116,320800,360000,100,83,1.973111111111111,0.0,50,10,0.50091592749710756,122.86147008547009,113.14825641025641,0.94999999999999996,0.25,0.42535994603367877
417,EBSB,data/empirical/pooled/pooled_five_2019_sessions_ebsb,data/empirical/pooled/pooled_five_2019_sessions_ebsb/hawkes_rates_ebsb_pooled_five_2019_sessions.csv,189600.0,1.9233392530858191,0.023701867601179538,58.652071918063477,179900,199300,75,900,0.84644444444444444,0.0,50,3,0.29608975635663548,221.98672649572649,196.17111965811966,0.94999999999999996,0.25,0.42535994603367877
418,EBTC,data/empirical/pooled/pooled_five_2019_sessions_ebtc,data/empirical/pooled/pooled_five_2019_sessions_ebtc/hawkes_rates_ebtc_pooled_five_2019_sessions.csv,327800.0,4.3642104784581255,0.0065216462241976152,28.760382544556929,288300,367300,100,100,1.3942222222222223,0.0,50,104,0.40861889927310491,157.06874358974358,112.75009401709401,0.94999999999999996,0.25,0.0096468091552598823
419,ECHO,data/empirical/pooled/pooled_five_2019_sessions_echo,data/empirical/pooled/pooled_five_2019_sessions_echo/hawkes_rates_echo_pooled_five_2019_sessions.csv,196800.0,2.3008420840025736,0.041976152827043887,108.73466321614193,186600,207000,100,51,1.0086666666666666,0.0,50,5,0.34206765126250593,156.92488034188034,191.2207264957265,0.94999999999999996,0.25,0.42535994603367877
420,ECOL,data/empirical/pooled/pooled_five_2019_sessions_ecol,data/empirical/pooled/pooled_five_2019_sessions_ecol/hawkes_rates_ecol_pooled_five_2019_sessions.csv,546400.0,2.6658520169032367,0.049745715628873026,40.589353726614014,489900,602900,100,100,2.7753333333333332,0.0,50,20,0.65730627159709254,127.70806837606838,116.00729914529913,0.94999999999999996,0.25,0.54198644623863046
421,ECOR,data/empirical/pooled/pooled_five_2019_sessions_ecor,data/empirical/pooled/pooled_five_2019_sessions_ecor/hawkes_rates_ecor_pooled_five_2019_sessions.csv,12600.0,5.7829771886648196,0.0081969314927988375,23.459303484387636,12400,12800,100,58,0.075999999999999998,0.0,50,6,0.26879010082493127,396.18014529914529,412.73647008547005,0.94999999999999996,0.25,0.36419212403997098
422,ECPG,data/empirical/pooled/pooled_five_2019_sessions_ecpg,data/empirical/pooled/pooled_five_2019_sessions_ecpg/hawkes_rates_ecpg_pooled_five_2019_sessions.csv,366350.0,2.2224665318945478,0.050506431898799095,163.7526740299698,342500,390200,50,100,1.4753333333333334,0.0,50,9,0.44098942412424019,129.75159829059831,127.38464102564103,0.94999999999999996,0.25,0.42535994603367877
423,EDIT,data/empirical/pooled/pooled_five_2019_sessions_edit,data/empirical/pooled/pooled_five_2019_sessions_edit/hawkes_rates_edit_pooled_five_2019_sessions.csv,284350.0,3.0934222265243623,0.085234411726996889,37.903521834886227,268700,300000,2500,100,1.0095555555555555,0.0,50,6,0.34647285522788202,170.75605982905981,162.57330769230771,0.94999999999999996,0.25,0.31472892968491073
424,EEFT,data/empirical/pooled/pooled_five_2019_sessions_eeft,data/empirical/pooled/pooled_five_2019_sessions_eeft/hawkes_rates_eeft_pooled_five_2019_sessions.csv,1611500.0,1.3644908266780038,0.10648318304201035,215.79032250245487,1509300,1713700,400,400,6.4466666666666663,0.0,50,17,0.59966411074167059,114.92469230769231,98.556692307692316,0.94999999999999996,0.25,0.54198644623863046
425,EFSC,data/empirical/pooled/pooled_five_2019_sessions_efsc,data/empirical/pooled/pooled_five_2019_sessions_efsc/hawkes_rates_efsc_pooled_five_2019_sessions.csv,467300.0,2.8949929909370375,0.056130603871960338,633.12111865154725,444000,490600,6,100,1.9764444444444444,0.0,50,11,0.5855855855855856,113.52944444444445,109.71033333333335,0.94999999999999996,0.25,0.42535994603367877
426,EGAN,data/empirical/pooled/pooled_five_2019_sessions_egan,data/empirical/pooled/pooled_five_2019_sessions_egan/hawkes_rates_egan_pooled_five_2019_sessions.csv,68200.0,2.6596969004215039,0.014462156502414633,23.39966889520246,64700,71700,100,14,0.34999999999999998,0.0,50,4,0.33378323660413012,290.56240170940174,236.93260683760681,0.94999999999999996,0.25,0.42535994603367877
427,EGBN,data/empirical/pooled/pooled_five_2019_sessions_egbn,data/empirical/pooled/pooled_five_2019_sessions_egbn/hawkes_rates_egbn_pooled_five_2019_sessions.csv,460150.0,1.951694340368296,0.08143083037736655,62.720938283533911,437800,482500,52,100,2.1622222222222223,0.0,50,9,0.57877044557247603,121.92135897435898,98.699965811965811,0.94999999999999996,0.25,0.54198644623863046
428,EGLE,data/empirical/pooled/pooled_five_2019_sessions_egle,data/empirical/pooled/pooled_five_2019_sessions_egle/hawkes_rates_egle_pooled_five_2019_sessions.csv,37100.0,3.0678802698354173,0.01824864310440617,16.775343175421536,35000,39200,300,2300,0.19933333333333333,0.0,50,2,0.14425271615082627,547.30751282051278,504.70329059829055,0.94999999999999996,0.25,0.36419212403997098
429,EGOV,data/empirical/pooled/pooled_five_2019_sessions_egov,data/empirical/pooled/pooled_five_2019_sessions_egov/hawkes_rates_egov_pooled_five_2019_sessions.csv,221650.0,0.92493064784525147,0.022898414462156503,33.272478068726301,203300,240000,100,1,0.7911111111111111,0.0,50,2,0.22173561801096986,251.89061538461539,388.3285128205128,0.94999999999999996,0.1222182091484173,0
430,EGRX,data/empirical/pooled/pooled_five_2019_sessions_egrx,data/empirical/pooled/pooled_five_2019_sessions_egrx/hawkes_rates_egrx_pooled_five_2019_sessions.csv,542450.0,3.379210134988778,0.075362194965596818,135.40158239202577,528000,556900,100,206,2.5533333333333332,0.0,50,24,0.67038921164323773,110.8787094017094,76.475076923076927,0.94999999999999996,0.25,0.0096468091552598823
431,EHTH,data/empirical/pooled/pooled_five_2019_sessions_ehth,data/empirical/pooled/pooled_five_2019_sessions_ehth/hawkes_rates_ehth_pooled_five_2019_sessions.csv,1188650.0,2.9522335249643685,0.098799093978375135,323.46281492010104,1163500,1213800,140,600,2.9553333333333334,0.0,50,17,0.59212905264266535,122.96064102564102,124.39886324786326,0.94999999999999996,0.25,0.54198644623863046
432,EIDX,data/empirical/pooled/pooled_five_2019_sessions_eidx,data/empirical/pooled/pooled_five_2019_sessions_eidx/hawkes_rates_eidx_pooled_five_2019_sessions.csv,526000.0,3.0446614562861458,0.02615496388734561,54.241638538284462,480000,572000,100,100,1.5571111111111111,0.0,50,33,0.60188431200701142,191.90332478632479,134.078094017094,0.94999999999999996,0.25,0.0096468091552598823
433,EIGI,data/empirical/pooled/pooled_five_2019_sessions_eigi,data/empirical/pooled/pooled_five_2019_sessions_eigi/hawkes_rates_eigi_pooled_five_2019_sessions.csv,45900.0,2.5899702816436343,0.018214453609128593,31.317351198216713,42300,49500,100,100,0.21066666666666667,0.0,50,2,0.15450101146325018,529.38319658119667,501.86065811965807,0.94999999999999996,0.25,0.36419212403997098
434,EIGR,data/empirical/pooled/pooled_five_2019_sessions_eigr,data/empirical/pooled/pooled_five_2019_sessions_eigr/hawkes_rates_eigr_pooled_five_2019_sessions.csv,129600.0,3.0730164359602496,0.026060942775332281,46.054065008352659,122800,136400,34,100,0.60577777777777775,0.0,50,7,0.40926493108728945,371.19084615384611,216.97371794871796,0.94999999999999996,0.25,0.42535994603367877
435,ELOX,data/empirical/pooled/pooled_five_2019_sessions_elox,data/empirical/pooled/pooled_five_2019_sessions_elox/hawkes_rates_elox_pooled_five_2019_sessions.csv,37700.0,5.184526330848743,0.017470832086841317,48.938207427137883,35300,40100,200,11,0.35088888888888886,0.0,50,15,0.37750744143910964,232.61201709401706,371.66470940170939,0.94999999999999996,0.25,0.054854410483294959
436,EMKR,data/empirical/pooled/pooled_five_2019_sessions_emkr,data/empirical/pooled/pooled_five_2019_sessions_emkr/hawkes_rates_emkr_pooled_five_2019_sessions.csv,34000.0,1.7267287042097226,0.0040001709474763881,17.321338076865917,30000,38000,2,50,0.13755555555555554,0.0,50,2,0.32694475760992109,374.04846153846154,362.11482905982905,0.94999999999999996,0.1222182091484173,0
437,EML,data/empirical/pooled/pooled_five_2019_sessions_eml,data/empirical/pooled/pooled_five_2019_sessions_eml/hawkes_rates_eml_pooled_five_2019_sessions.csv,287100.0,4.4361011281965066,0.0058293089448267022,19.065765947404515,251800,322400,100,100,1.254,0.0,50,78,0.43657635467980294,234.92111111111112,244.68855555555555,0.94999999999999996,0.25,0.0096468091552598823
438,ENOB,data/empirical/pooled/pooled_five_2019_sessions_enob,data/empirical/pooled/pooled_five_2019_sessions_enob/hawkes_rates_enob_pooled_five_2019_sessions.csv,45000.0,4.2187932912407966,0.004940382067609727,51.89572357826291,41100,48900,100,100,0.23355555555555554,0.0,50,11,0.46491228070175439,368.64762393162391,321.7111452991453,0.94999999999999996,0.25,0.054854410483294959
439,ENPH,data/empirical/pooled/pooled_five_2019_sessions_enph,data/empirical/pooled/pooled_five_2019_sessions_enph/hawkes_rates_enph_pooled_five_2019_sessions.csv,319550.0,4.3776658200897796,0.10852600538484551,41.785750170901856,319100,320000,251,1748,0.93600000000000005,0.0,50,2,0.17120715867233974,604.35938461538467,824.16964957264952,0.94999999999999996,0.25,0.31472892968491073
440,ENSG,data/empirical/pooled/pooled_five_2019_sessions_ensg,data/empirical/pooled/pooled_five_2019_sessions_ensg/hawkes_rates_ensg_pooled_five_2019_sessions.csv,462550.0,1.9384071737443058,0.057267404589939744,108.20474926665183,424600,500500,100,400,1.9693333333333334,0.0,50,11,0.52454819852519774,112.67641025641026,124.05511111111112,0.94999999999999996,0.25,0.54198644623863046
441,ENTA,data/empirical/pooled/pooled_five_2019_sessions_enta,data/empirical/pooled/pooled_five_2019_sessions_enta/hawkes_rates_enta_pooled_five_2019_sessions.csv,533800.0,3.1632950693584432,0.086559254669002952,88.913665301452966,489900,577700,500,500,3.2964444444444445,0.0,50,38,0.63261605088645279,107.41443589743589,106.79323076923076,0.94999999999999996,0.25,0.0096468091552598823
442,ENTG,data/empirical/pooled/pooled_five_2019_sessions_entg,data/empirical/pooled/pooled_five_2019_sessions_entg/hawkes_rates_entg_pooled_five_2019_sessions.csv,534200.0,1.4560747633534488,0.1133980084619001,41.494437758906727,506200,562200,1000,900,1.9128888888888889,0.0,50,3,0.21749572768001477,230.17722222222218,251.36835042735044,0.94999999999999996,0.25,0.31472892968491073
443,EOLS,data/empirical/pooled/pooled_five_2019_sessions_eols,data/empirical/pooled/pooled_five_2019_sessions_eols/hawkes_rates_eols_pooled_five_2019_sessions.csv,96100.0,4.0003593477358628,0.048369588443950597,35.381153434943712,93100,99100,100,897,0.74155555555555552,0.0,50,11,0.45737180890659895,373.94194871794872,251.49970085470085,0.94999999999999996,0.25,0.054854410483294959
444,EPAY,data/empirical/pooled/pooled_five_2019_sessions_epay,data/empirical/pooled/pooled_five_2019_sessions_epay/hawkes_rates_epay_pooled_five_2019_sessions.csv,548650.0,2.0147015411528151,0.07117398179409376,57.860464010287799,517100,580200,400,18,2.1795555555555555,0.0,50,11,0.59580558007650541,129.7899829059829,126.15468376068377,0.94999999999999996,0.25,0.54198644623863046
445,EPZM,data/empirical/pooled/pooled_five_2019_sessions_epzm,data/empirical/pooled/pooled_five_2019_sessions_epzm/hawkes_rates_epzm_pooled_five_2019_sessions.csv,216800.0,4.1757469060818471,0.077516133168084103,60.591542861453448,210000,223600,50,135,0.5344444444444445,0.0,50,4,0.29409263378254613,231.87590598290598,259.01760683760682,0.94999999999999996,0.25,0.42535994603367877
446,EQ,data/empirical/pooled/pooled_five_2019_sessions_eq,data/empirical/pooled/pooled_five_2019_sessions_eq/hawkes_rates_eq_pooled_five_2019_sessions.csv,52450.0,6.1822636760074667,0.0042907816573357835,38.741142535568734,48800,56100,700,100,0.17244444444444446,0.0,50,30,0.56097560975609762,296.98200854700855,231.2113504273504,0.94999999999999996,0.25,0.054854410483294959
447,EQBK,data/empirical/pooled/pooled_five_2019_sessions_eqbk,data/empirical/pooled/pooled_five_2019_sessions_eqbk/hawkes_rates_eqbk_pooled_five_2019_sessions.csv,272400.0,2.3136799739067198,0.025667763579640158,48.049648386870032,246400,298400,100,100,1.306,0.0,50,16,0.57935843793584374,133.35960683760683,153.92064957264955,0.94999999999999996,0.25,0.42535994603367877
448,EQIX,data/empirical/pooled/pooled_five_2019_sessions_eqix,data/empirical/pooled/pooled_five_2019_sessions_eqix/hawkes_rates_eqix_pooled_five_2019_sessions.csv,6044050.0,1.2099639324294007,0.11745801102611222,323.19014470939658,6000000,6088100,10,20,22.088666666666665,0.0,50,45,0.42202401372212694,101.4897094017094,94.881974358974361,0.94999999999999996,0.11621735476962097,0
449,ERI,data/empirical/pooled/pooled_five_2019_sessions_eri,data/empirical/pooled/pooled_five_2019_sessions_eri/hawkes_rates_eri_pooled_five_2019_sessions.csv,603900.0,1.8048253941181873,0.097243471943245438,100.15313306794022,574800,633000,100,9,2.032888888888889,0.0,50,5,0.36127347763833911,220.29564957264955,164.56131623931623,0.94999999999999996,0.25,0.31472892968491073
450,ERIE,data/empirical/pooled/pooled_five_2019_sessions_erie,data/empirical/pooled/pooled_five_2019_sessions_erie/hawkes_rates_erie_pooled_five_2019_sessions.csv,1648650.0,1.6711971564611137,0.075080131629556818,75.498011495089344,1577300,1720000,100,5,7.6897777777777776,0.0,50,51,0.63908105151388395,99.246820512820506,82.822752136752143,0.94999999999999996,0.25,0.54198644623863046
451,ERII,data/empirical/pooled/pooled_five_2019_sessions_erii,data/empirical/pooled/pooled_five_2019_sessions_erii/hawkes_rates_erii_pooled_five_2019_sessions.csv,105300.0,1.3793301756594154,0.018146074618573444,23.733418089385982,100400,110200,100,1200,0.41799999999999998,0.0,50,2,0.27052489905787347,228.02772649572648,212.84357264957265,0.94999999999999996,0.1222182091484173,0
452,ESPR,data/empirical/pooled/pooled_five_2019_sessions_espr,data/empirical/pooled/pooled_five_2019_sessions_espr/hawkes_rates_espr_pooled_five_2019_sessions.csv,532900.0,3.4924815163002711,0.091038078550365401,50.985472280931113,508700,557100,700,80,1.806,0.0,50,15,0.58189620917110385,119.54022222222223,121.96304273504275,0.94999999999999996,0.25,0.54198644623863046
453,ESQ,data/empirical/pooled/pooled_five_2019_sessions_esq,data/empirical/pooled/pooled_five_2019_sessions_esq/hawkes_rates_esq_pooled_five_2019_sessions.csv,235250.0,4.4249520331155177,0.0045642976195563916,53.472006225742966,210100,260400,100,100,1.0602222222222222,0.0,50,89,0.29231658001155403,212.8672564102564,161.53249572649571,0.94999999999999996,0.25,0.0096468091552598823
454,ESTA,data/empirical/pooled/pooled_five_2019_sessions_esta,data/empirical/pooled/pooled_five_2019_sessions_esta/hawkes_rates_esta_pooled_five_2019_sessions.csv,275950.0,4.0629649782083748,0.024624983973674089,50.044184211730816,274500,277400,249,300,1.1853333333333333,0.0,50,33,0.57767040197388708,326.76931623931625,315.62516239316244,0.94999999999999996,0.25,0.0096468091552598823
455,ESXB,data/empirical/pooled/pooled_five_2019_sessions_esxb,data/empirical/pooled/pooled_five_2019_sessions_esxb/hawkes_rates_esxb_pooled_five_2019_sessions.csv,84150.0,0.99996234872523304,0.002769349117483653,35.974728503636619,72100,96200,100,100,0.35199999999999998,0.0,50,8,0.26909350463954318,252.18076923076924,206.46057264957267,0.94999999999999996,0.1222182091484173,0
456,ETFC,data/empirical/pooled/pooled_five_2019_sessions_etfc,data/empirical/pooled/pooled_five_2019_sessions_etfc/hawkes_rates_etfc_pooled_five_2019_sessions.csv,424650.0,1.244716571413945,0.14669857686225907,21.16837099718666,413300,436000,1500,90,2.0524444444444443,0.0,50,1,0.098363108597420479,375.270547008547,381.15534188034189,0.94999999999999996,0.25,0.40263407090880049
457,ETON,data/empirical/pooled/pooled_five_2019_sessions_eton,data/empirical/pooled/pooled_five_2019_sessions_eton/hawkes_rates_eton_pooled_five_2019_sessions.csv,73350.0,3.0158061535018605,0.0033249284157442624,13.877221859736361,69000,77700,100,100,0.26444444444444443,0.0,50,14,0.56680731364275672,494.50468376068375,499.28868376068374,0.94999999999999996,0.25,0.054854410483294959
458,ETSY,data/empirical/pooled/pooled_five_2019_sessions_etsy,data/empirical/pooled/pooled_five_2019_sessions_etsy/hawkes_rates_etsy_pooled_five_2019_sessions.csv,501500.0,1.9300587070245667,0.15982734304884824,157.17339691114933,493000,510000,240,5,2.4313333333333333,0.0,50,5,0.36800416084035331,196.4398888888889,241.00082905982904,0.94999999999999996,0.25,0.31472892968491073
459,EVBG,data/empirical/pooled/pooled_five_2019_sessions_evbg,data/empirical/pooled/pooled_five_2019_sessions_evbg/hawkes_rates_evbg_pooled_five_2019_sessions.csv,919450.0,2.4107272941947904,0.10533783495021154,406.84953003944133,880000,958900,11,700,3.4375555555555555,0.0,50,16,0.59375704073899593,117.684547008547,90.91429914529914,0.94999999999999996,0.25,0.54198644623863046
460,EVER,data/empirical/pooled/pooled_five_2019_sessions_ever,data/empirical/pooled/pooled_five_2019_sessions_ever/hawkes_rates_ever_pooled_five_2019_sessions.csv,380750.0,4.502640382543091,0.027548185819906833,54.23872159116673,366100,395400,200,200,0.66755555555555557,0.0,50,15,0.54801373222167726,406.65950427350424,193.31610256410255,0.94999999999999996,0.25,0.054854410483294959
461,EVFM,data/empirical/pooled/pooled_five_2019_sessions_evfm,data/empirical/pooled/pooled_five_2019_sessions_evfm/hawkes_rates_evfm_pooled_five_2019_sessions.csv,50300.0,3.8537501133737249,0.004854908329415787,17.869755012235043,48000,52600,100,25,0.22777777777777777,0.0,50,10,0.47346251053074978,264.32516239316237,291.89212820512819,0.94999999999999996,0.25,0.054854410483294959
462,EVLO,data/empirical/pooled/pooled_five_2019_sessions_evlo,data/empirical/pooled/pooled_five_2019_sessions_evlo/hawkes_rates_evlo_pooled_five_2019_sessions.csv,69350.0,3.3738360593048586,0.0057694773280909445,38.356358407934913,62700,76000,100,100,0.31977777777777777,0.0,50,15,0.43253968253968256,162.67491452991453,241.81940170940169,0.94999999999999996,0.25,0.054854410483294959
463,EVOP,data/empirical/pooled/pooled_five_2019_sessions_evop,data/empirical/pooled/pooled_five_2019_sessions_evop/hawkes_rates_evop_pooled_five_2019_sessions.csv,278700.0,2.6155342395893841,0.050155989572203942,168.48093047865547,246600,310800,100,100,1.2486666666666666,0.0,50,11,0.45423893774548996,172.14561538461538,213.87395726495726,0.94999999999999996,0.25,0.42535994603367877
464,EWBC,data/empirical/pooled/pooled_five_2019_sessions_ewbc,data/empirical/pooled/pooled_five_2019_sessions_ewbc/hawkes_rates_ewbc_pooled_five_2019_sessions.csv,486850.0,1.6393669680635627,0.11485960938501645,75.24582712431075,470000,503700,1,800,2.1706666666666665,0.0,50,4,0.36524608265853403,175.89023076923075,163.23658974358972,0.94999999999999996,0.25,0.31472892968491073
465,EXAS,data/empirical/pooled/pooled_five_2019_sessions_exas,data/empirical/pooled/pooled_five_2019_sessions_exas/hawkes_rates_exas_pooled_five_2019_sessions.csv,905500.0,2.9273502792911521,0.20704303602718066,126.99987469380019,891500,919500,130,50,3.9733333333333332,0.0,50,11,0.52001326761236977,161.63547863247862,197.02568376068376,0.94999999999999996,0.25,0.54198644623863046
466,EXEL,data/empirical/pooled/pooled_five_2019_sessions_exel,data/empirical/pooled/pooled_five_2019_sessions_exel/hawkes_rates_exel_pooled_five_2019_sessions.csv,177350.0,1.8896648910383436,0.084362579597418691,42.557263103535874,176700,178000,500,476,0.93000000000000005,0.0,50,1,0.068746112784074387,525.96381196581194,562.69098290598288,0.94999999999999996,0.25,0.40263407090880049
467,EXLS,data/empirical/pooled/pooled_five_2019_sessions_exls,data/empirical/pooled/pooled_five_2019_sessions_exls/hawkes_rates_exls_pooled_five_2019_sessions.csv,731850.0,1.8144326208460382,0.058079405102782165,71.169833645626269,654200,809500,100,100,2.9415555555555555,0.0,50,22,0.62870343446092214,125.06806837606837,132.50663247863247,0.94999999999999996,0.25,0.54198644623863046
468,EXPD,data/empirical/pooled/pooled_five_2019_sessions_expd,data/empirical/pooled/pooled_five_2019_sessions_expd/hawkes_rates_expd_pooled_five_2019_sessions.csv,742150.0,0.97470716132892199,0.13458694816017777,104.70366143465337,725600,758700,199,600,3.2522222222222221,0.0,50,4,0.28981088585048981,187.26643589743588,191.42734188034188,0.94999999999999996,0.11621735476962097,0
469,EXPI,data/empirical/pooled/pooled_five_2019_sessions_expi,data/empirical/pooled/pooled_five_2019_sessions_expi/hawkes_rates_expi_pooled_five_2019_sessions.csv,109000.0,2.5757161259438646,0.016419505107055858,29.456484303875765,102800,115200,100,403,0.46266666666666667,0.0,50,7,0.31681472760355345,320.83475213675217,271.03782051282053,0.94999999999999996,0.25,0.42535994603367877
470,EXPO,data/empirical/pooled/pooled_five_2019_sessions_expo,data/empirical/pooled/pooled_five_2019_sessions_expo/hawkes_rates_expo_pooled_five_2019_sessions.csv,722350.0,1.5848588310072058,0.061609470490191887,137.33596511366864,682300,762400,300,1,2.8764444444444446,0.0,50,12,0.60923568837237907,141.34161538461538,123.0795128205128,0.94999999999999996,0.25,0.54198644623863046
471,EXTR,data/empirical/pooled/pooled_five_2019_sessions_extr,data/empirical/pooled/pooled_five_2019_sessions_extr/hawkes_rates_extr_pooled_five_2019_sessions.csv,63500.0,2.4201490308111375,0.021727424248899528,16.439325665347027,62500,64500,100,100,0.33555555555555555,0.0,50,1,0.053913802208904502,1547.1032905982906,1820.5616239316237,0.94999999999999996,0.25,0.14684855564149249
472,EYE,data/empirical/pooled/pooled_five_2019_sessions_eye,data/empirical/pooled/pooled_five_2019_sessions_eye/hawkes_rates_eye_pooled_five_2019_sessions.csv,366550.0,2.0124957182188097,0.049215778452070605,67.018734102407606,353100,380000,50,1000,1.3735555555555556,0.0,50,6,0.27526740261968768,185.05592307692308,215.45647008547007,0.94999999999999996,0.25,0.31472892968491073
473,EYEN,data/empirical/pooled/pooled_five_2019_sessions_eyen,data/empirical/pooled/pooled_five_2019_sessions_eyen/hawkes_rates_eyen_pooled_five_2019_sessions.csv,42400.0,9.4526388976082565,0.020436770802171034,51.5181086531951,35800,49000,100,100,0.1708888888888889,0.0,50,8,0.66676522767593138,819.5296752136752,298.21940170940172,0.94999999999999996,0.25,0.36419212403997098
474,EYPT,data/empirical/pooled/pooled_five_2019_sessions_eypt,data/empirical/pooled/pooled_five_2019_sessions_eypt/hawkes_rates_eypt_pooled_five_2019_sessions.csv,19500.0,4.2205503400465565,0.0060429932903115517,12.893131764324776,18500,20500,5200,5200,0.098666666666666666,0.0,50,2,0.14200217627856365,1581.8836752136754,1838.1765897435896,0.94999999999999996,0.25,0.36419212403997098
475,FANG,data/empirical/pooled/pooled_five_2019_sessions_fang,data/empirical/pooled/pooled_five_2019_sessions_fang/hawkes_rates_fang_pooled_five_2019_sessions.csv,763900.0,1.7270896077708446,0.18616180178640113,64.47495630693841,758100,769700,250,150,4.4046666666666665,0.0,50,8,0.42753071653800151,145.98417948717949,135.25029914529915,0.94999999999999996,0.11621735476962097,0
476,FARM,data/empirical/pooled/pooled_five_2019_sessions_farm,data/empirical/pooled/pooled_five_2019_sessions_farm/hawkes_rates_farm_pooled_five_2019_sessions.csv,113150.0,3.2761395583965105,0.02355656224624984,140.17409533673427,106100,120200,100,100,0.72199999999999998,0.0,50,11,0.58054784602389287,164.16670085470088,137.8569829059829,0.94999999999999996,0.25,0.054854410483294959
477,FARO,data/empirical/pooled/pooled_five_2019_sessions_faro,data/empirical/pooled/pooled_five_2019_sessions_faro/hawkes_rates_faro_pooled_five_2019_sessions.csv,480500.0,3.3673151401833881,0.05664344630112398,51.856859149289804,452600,508400,100,74,2.0071111111111111,0.0,50,23,0.6717800107096733,118.87542735042734,111.48176923076923,0.94999999999999996,0.25,0.0096468091552598823
478,FAST,data/empirical/pooled/pooled_five_2019_sessions_fast,data/empirical/pooled/pooled_five_2019_sessions_fast/hawkes_rates_fast_pooled_five_2019_sessions.csv,358000.0,0.96043586737213549,0.10060258985426726,14.335886518221145,348000,368000,3,100,1.6264444444444444,0.0,50,1,0.079663554872117751,593.30367521367521,665.81893162393158,0.94999999999999996,0.25,0.40263407090880049
479,FATE,data/empirical/pooled/pooled_five_2019_sessions_fate,data/empirical/pooled/pooled_five_2019_sessions_fate/hawkes_rates_fate_pooled_five_2019_sessions.csv,255650.0,3.4613155951951593,0.067635369032864642,68.986223636248042,248800,262500,200,50,0.7486666666666667,0.0,50,5,0.29555509181969952,189.09136752136752,234.4824017094017,0.94999999999999996,0.25,0.42535994603367877
480,FB,data/empirical/pooled/pooled_five_2019_sessions_fb,data/empirical/pooled/pooled_five_2019_sessions_fb/hawkes_rates_fb_pooled_five_2019_sessions.csv,2065600.0,1.1056704930450152,0.51236377622975338,56.947661016633816,2065300,2065900,519,500,8.4297777777777778,0.0,50,3,0.38648419203747075,241.08807692307693,227.03544444444441,0.94999999999999996,0.25,0.40263407090880049
481,FBIO,data/empirical/pooled/pooled_five_2019_sessions_fbio,data/empirical/pooled/pooled_five_2019_sessions_fbio/hawkes_rates_fbio_pooled_five_2019_sessions.csv,24100.0,5.4666814276489895,0.0073934783537758023,10.185803339609965,22500,25700,10000,500,0.063333333333333339,0.0,50,2,0.23282584478277016,785.27369230769227,761.34061538461538,0.94999999999999996,0.25,0.36419212403997098
482,FBMS,data/empirical/pooled/pooled_five_2019_sessions_fbms,data/empirical/pooled/pooled_five_2019_sessions_fbms/hawkes_rates_fbms_pooled_five_2019_sessions.csv,320700.0,3.1841977227026295,0.01160733364673704,92.669766389802874,301500,339900,100,2,1.4188888888888889,0.0,50,22,0.46317103620474409,196.7948376068376,147.37184615384615,0.94999999999999996,0.25,0.0096468091552598823
483,FBNC,data/empirical/pooled/pooled_five_2019_sessions_fbnc,data/empirical/pooled/pooled_five_2019_sessions_fbnc/hawkes_rates_fbnc_pooled_five_2019_sessions.csv,358750.0,2.0016113151326369,0.036309243984785675,88.667394775602332,325500,392000,100,100,1.6815555555555555,0.0,50,13,0.58735998242916754,153.62810256410256,123.37235897435899,0.94999999999999996,0.25,0.42535994603367877
484,FCBC,data/empirical/pooled/pooled_five_2019_sessions_fcbc,data/empirical/pooled/pooled_five_2019_sessions_fcbc/hawkes_rates_fcbc_pooled_five_2019_sessions.csv,281500.0,1.4561544664098842,0.0086328475575879297,24.061650782526129,261100,301900,100,100,1.5002222222222221,0.0,50,28,0.30090955027791816,164.99009401709401,158.87789743589744,0.94999999999999996,0.25,0.42535994603367877
485,FCFS,data/empirical/pooled/pooled_five_2019_sessions_fcfs,data/empirical/pooled/pooled_five_2019_sessions_fcfs/hawkes_rates_fcfs_pooled_five_2019_sessions.csv,850250.0,2.3369152037328691,0.094687807171246627,120.49879588260093,761900,938600,100,200,3.8577777777777778,0.0,50,20,0.60277945619335349,106.59255555555555,122.05997435897436,0.94999999999999996,0.25,0.54198644623863046
486,FCNCA,data/empirical/pooled/pooled_five_2019_sessions_fcnca,data/empirical/pooled/pooled_five_2019_sessions_fcnca/hawkes_rates_fcnca_pooled_five_2019_sessions.csv,5205600.0,3.1002497654455352,0.038035813496303264,185.99679860031767,4644800,5766400,100,100,20.279333333333334,0.0,50,297,0.68387535025897939,84.10779487179488,57.586239316239315,0.94999999999999996,0.25,0.0096468091552598823
487,FDEF,data/empirical/pooled/pooled_five_2019_sessions_fdef,data/empirical/pooled/pooled_five_2019_sessions_fdef/hawkes_rates_fdef_pooled_five_2019_sessions.csv,298000.0,1.5709467759352449,0.026984059147826828,191.9820843357025,265800,330200,100,100,1.2862222222222222,0.0,50,10,0.46080652469415495,162.58050427350426,160.8975982905983,0.94999999999999996,0.25,0.42535994603367877
488,FDUS,data/empirical/pooled/pooled_five_2019_sessions_fdus,data/empirical/pooled/pooled_five_2019_sessions_fdus/hawkes_rates_fdus_pooled_five_2019_sessions.csv,152000.0,0.54886671927104236,0.0065900252147527679,12.908809847869033,148000,156000,61,100,0.6677777777777778,0.0,50,4,0.21138996138996138,307.84946153846153,291.54985470085472,0.94999999999999996,0.1222182091484173,0
489,FELE,data/empirical/pooled/pooled_five_2019_sessions_fele,data/empirical/pooled/pooled_five_2019_sessions_fele/hawkes_rates_fele_pooled_five_2019_sessions.csv,599800.0,2.1717188728531625,0.05668618317022095,107.87721736193602,532200,667400,100,300,2.3266666666666667,0.0,50,13,0.5233534167567846,126.19655555555555,121.8484017094017,0.94999999999999996,0.25,0.54198644623863046
490,FENC,data/empirical/pooled/pooled_five_2019_sessions_fenc,data/empirical/pooled/pooled_five_2019_sessions_fenc/hawkes_rates_fenc_pooled_five_2019_sessions.csv,66850.0,3.3894008700313916,0.0048890978246933633,15.209568102906244,62300,71400,1,100,0.22800000000000001,0.0,50,9,0.27347468628299437,349.89304273504274,337.05957264957266,0.94999999999999996,0.25,0.054854410483294959
491,FEYE,data/empirical/pooled/pooled_five_2019_sessions_feye,data/empirical/pooled/pooled_five_2019_sessions_feye/hawkes_rates_feye_pooled_five_2019_sessions.csv,165700.0,1.7715720904367069,0.039317919569212365,8.9672989538434127,160200,171200,100,4500,0.73666666666666669,0.0,50,1,0.037850612483169656,1265.6931025641027,1276.3335384615384,0.94999999999999996,0.25,0.40263407090880049
492,FFBC,data/empirical/pooled/pooled_five_2019_sessions_ffbc,data/empirical/pooled/pooled_five_2019_sessions_ffbc/hawkes_rates_ffbc_pooled_five_2019_sessions.csv,242200.0,2.2921377546834822,0.06355827172101372,541.90653465916921,222400,262000,800,299,1.1093333333333333,0.0,50,3,0.24222354364452828,188.53713675213675,214.47205982905984,0.94999999999999996,0.25,0.31472892968491073
493,FFIC,data/empirical/pooled/pooled_five_2019_sessions_ffic,data/empirical/pooled/pooled_five_2019_sessions_ffic/hawkes_rates_ffic_pooled_five_2019_sessions.csv,205300.0,3.253237186598275,0.023146288302918927,127.60204493072412,195600,215000,4,100,0.98555555555555552,0.0,50,10,0.50361208406304725,167.67170940170939,147.99744444444445,0.94999999999999996,0.25,0.42535994603367877
494,FFIN,data/empirical/pooled/pooled_five_2019_sessions_ffin,data/empirical/pooled/pooled_five_2019_sessions_ffin/hawkes_rates_ffin_pooled_five_2019_sessions.csv,344350.0,1.749587047686092,0.078900807726825936,68.570241264846501,317700,371000,100,100,1.5884444444444445,0.0,50,7,0.40014257306869772,154.77935897435898,165.13299145299146,0.94999999999999996,0.25,0.31472892968491073
495,FFIV,data/empirical/pooled/pooled_five_2019_sessions_ffiv,data/empirical/pooled/pooled_five_2019_sessions_ffiv/hawkes_rates_ffiv_pooled_five_2019_sessions.csv,1259100.0,1.3030610850473148,0.1251506474635668,260.79382804323507,1233700,1284500,50,10,6.7148888888888889,0.0,50,12,0.47872641509433961,99.865111111111119,139.04053846153846,0.94999999999999996,0.11621735476962097,0
496,FFWM,data/empirical/pooled/pooled_five_2019_sessions_ffwm,data/empirical/pooled/pooled_five_2019_sessions_ffwm/hawkes_rates_ffwm_pooled_five_2019_sessions.csv,175100.0,3.3053300654201774,0.029787597760588057,456.71638536695673,165500,184700,347,100,0.65088888888888885,0.0,50,5,0.41055517477724468,190.85184615384614,204.47197435897436,0.94999999999999996,0.25,0.42535994603367877
497,FGEN,data/empirical/pooled/pooled_five_2019_sessions_fgen,data/empirical/pooled/pooled_five_2019_sessions_fgen/hawkes_rates_fgen_pooled_five_2019_sessions.csv,423600.0,2.4609346368240743,0.086969528612333868,45.814740294158497,399400,447800,100,100,2.089777777777778,0.0,50,11,0.47324018565074455,135.43925641025641,126.98883760683762,0.94999999999999996,0.25,0.54198644623863046
498,FHB,data/empirical/pooled/pooled_five_2019_sessions_fhb,data/empirical/pooled/pooled_five_2019_sessions_fhb/hawkes_rates_fhb_pooled_five_2019_sessions.csv,281850.0,1.3490740596478186,0.048574725415616048,77.942193133236998,263700,300000,1000,5,1.1924444444444444,0.0,50,2,0.14320830525816675,384.16970940170938,450.26016239316243,0.94999999999999996,0.25,0.31472892968491073
499,FIBK,data/empirical/pooled/pooled_five_2019_sessions_fibk,data/empirical/pooled/pooled_five_2019_sessions_fibk/hawkes_rates_fibk_pooled_five_2019_sessions.csv,383150.0,2.0341717751886761,0.05926749006367793,644.2720657778541,348500,417800,500,500,1.8022222222222222,0.0,50,8,0.49689337159733638,124.9421452991453,130.94902564102566,0.94999999999999996,0.25,0.42535994603367877
500,FISI,data/empirical/pooled/pooled_five_2019_sessions_fisi,data/empirical/pooled/pooled_five_2019_sessions_fisi/hawkes_rates_fisi_pooled_five_2019_sessions.csv,300600.0,1.9056231635343355,0.012846702850549169,43.491369605452952,267500,333700,100,100,1.3364444444444445,0.0,50,28,0.44813456976493421,209.85280341880343,148.24312820512822,0.94999999999999996,0.25,0.0096468091552598823
501,FISV,data/empirical/pooled/pooled_five_2019_sessions_fisv,data/empirical/pooled/pooled_five_2019_sessions_fisv/hawkes_rates_fisv_pooled_five_2019_sessions.csv,1186000.0,1.0038355733129163,0.22511218428137955,54.189401049206765,1180700,1191300,100,100,4.5839999999999996,0.0,50,3,0.22855352113214325,261.31806837606837,254.87261538461539,0.94999999999999996,0.25,0.40263407090880049
502,FITB,data/empirical/pooled/pooled_five_2019_sessions_fitb,data/empirical/pooled/pooled_five_2019_sessions_fitb/hawkes_rates_fitb_pooled_five_2019_sessions.csv,278600.0,1.1298523836075252,0.053053549296978496,8.4948615842537514,270700,286500,100,420,1.2953333333333332,0.0,50,1,0.014022517911975434,2562.9555384615387,2536.7813418803421,0.94999999999999996,0.25,0.40263407090880049
503,FIVE,data/empirical/pooled/pooled_five_2019_sessions_five,data/empirical/pooled/pooled_five_2019_sessions_five/hawkes_rates_five_pooled_five_2019_sessions.csv,1162500.0,1.7011585916719389,0.15223727509722637,94.604490820239064,1150000,1175000,100,4,5.5502222222222226,0.0,50,13,0.5054549132144166,131.67601709401708,133.84038461538461,0.94999999999999996,0.11621735476962097,0
504,FIVN,data/empirical/pooled/pooled_five_2019_sessions_fivn,data/empirical/pooled/pooled_five_2019_sessions_fivn/hawkes_rates_fivn_pooled_five_2019_sessions.csv,712150.0,2.0212126283650265,0.10510705585708791,35.911011963679094,676000,748300,1,600,2.3919999999999999,0.0,50,9,0.56126545402870542,155.0413076923077,136.13655555555556,0.94999999999999996,0.25,0.54198644623863046
505,FIXX,data/empirical/pooled/pooled_five_2019_sessions_fixx,data/empirical/pooled/pooled_five_2019_sessions_fixx/hawkes_rates_fixx_pooled_five_2019_sessions.csv,146900.0,3.9946247384480489,0.044933544168554211,63.554666732110633,141100,152700,100,338,0.82288888888888889,0.0,50,17,0.46225036531904529,171.01929914529916,135.9251452991453,0.94999999999999996,0.25,0.054854410483294959
506,FIZZ,data/empirical/pooled/pooled_five_2019_sessions_fizz,data/empirical/pooled/pooled_five_2019_sessions_fizz/hawkes_rates_fizz_pooled_five_2019_sessions.csv,452500.0,1.9569682641617316,0.078507628531133813,126.62553810034704,426900,478100,100,600,2.3537777777777777,0.0,50,11,0.53808038172141681,146.73267521367521,127.76000854700855,0.94999999999999996,0.25,0.54198644623863046
507,FLDM,data/empirical/pooled/pooled_five_2019_sessions_fldm,data/empirical/pooled/pooled_five_2019_sessions_fldm/hawkes_rates_fldm_pooled_five_2019_sessions.csv,41900.0,2.5023595885539311,0.031086798581135944,42.427324472978988,38800,45000,3300,8,0.38111111111111112,0.0,50,2,0.1902024405727587,449.20081196581197,399.43605982905984,0.94999999999999996,0.25,0.36419212403997098
508,FLGT,data/empirical/pooled/pooled_five_2019_sessions_flgt,data/empirical/pooled/pooled_five_2019_sessions_flgt/hawkes_rates_flgt_pooled_five_2019_sessions.csv,126950.0,5.9107660655376586,0.012333860421385529,228.37805431780296,122300,131600,500,57,0.2911111111111111,0.0,50,12,0.64128553770086527,259.51711111111115,215.54644444444443,0.94999999999999996,0.25,0.054854410483294959
509,FLIC,data/empirical/pooled/pooled_five_2019_sessions_flic,data/empirical/pooled/pooled_five_2019_sessions_flic/hawkes_rates_flic_pooled_five_2019_sessions.csv,235100.0,3.2899297661414599,0.027291764605325015,190.13363233057959,226000,244200,100,850,1.0346666666666666,0.0,50,18,0.51948174768299604,161.38072649572649,300.73688034188035,0.94999999999999996,0.25,0.42535994603367877
510,FLIR,data/empirical/pooled/pooled_five_2019_sessions_flir,data/empirical/pooled/pooled_five_2019_sessions_flir/hawkes_rates_flir_pooled_five_2019_sessions.csv,524300.0,1.0593896506890819,0.089926919953844178,80.067738100628688,479100,569500,900,100,2.2635555555555555,0.0,50,3,0.2400118898031427,212.73952991452992,254.80799145299142,0.94999999999999996,0.25,0.31472892968491073
511,FLL,data/empirical/pooled/pooled_five_2019_sessions_fll,data/empirical/pooled/pooled_five_2019_sessions_fll/hawkes_rates_fll_pooled_five_2019_sessions.csv,31550.0,3.9947610054588125,0.0035471601350485064,31.927444528968397,25000,38100,100,100,0.10111111111111111,0.0,50,5,0.44225352112676058,607.76854700854699,579.60089743589742,0.94999999999999996,0.25,0.36419212403997098
512,FLMN,data/empirical/pooled/pooled_five_2019_sessions_flmn,data/empirical/pooled/pooled_five_2019_sessions_flmn/hawkes_rates_flmn_pooled_five_2019_sessions.csv,54400.0,2.3647978409630235,0.018111885123295868,34.82794881254889,52800,56000,100,317,0.32466666666666666,0.0,50,4,0.31833740831295843,284.01314529914532,274.67481196581195,0.94999999999999996,0.25,0.054854410483294959
513,FLNT,data/empirical/pooled/pooled_five_2019_sessions_flnt,data/empirical/pooled/pooled_five_2019_sessions_flnt/hawkes_rates_flnt_pooled_five_2019_sessions.csv,27000.0,2.8442566076398421,0.011179964955767341,14.485129731729364,26000,28000,43,71,0.20000000000000001,0.0,50,2,0.172597682288996,438.7732905982906,439.56363247863248,0.94999999999999996,0.25,0.36419212403997098
514,FLWS,data/empirical/pooled/pooled_five_2019_sessions_flws,data/empirical/pooled/pooled_five_2019_sessions_flws/hawkes_rates_flws_pooled_five_2019_sessions.csv,150250.0,1.2898232089417736,0.025710500448737128,29.640234943277779,141100,159400,1200,100,0.65155555555555555,0.0,50,3,0.24641663232128955,280.56123931623932,231.43009401709401,0.94999999999999996,0.1222182091484173,0
515,FLXN,data/empirical/pooled/pooled_five_2019_sessions_flxn,data/empirical/pooled/pooled_five_2019_sessions_flxn/hawkes_rates_flxn_pooled_five_2019_sessions.csv,177450.0,3.5688573525937466,0.070396170776528905,35.113548572519662,167700,187200,900,900,0.59733333333333338,0.0,50,4,0.32539214530015331,243.55431623931622,230.19066666666669,0.94999999999999996,0.25,0.42535994603367877
516,FLXS,data/empirical/pooled/pooled_five_2019_sessions_flxs,data/empirical/pooled/pooled_five_2019_sessions_flxs/hawkes_rates_flxs_pooled_five_2019_sessions.csv,176250.0,2.5405979455219905,0.0095217744348049076,23.416630182583926,150600,201900,100,100,0.89288888888888884,0.0,50,27,0.43709290366815223,216.89048717948717,493.36267521367517,0.94999999999999996,0.25,0.0096468091552598823
517,FMBH,data/empirical/pooled/pooled_five_2019_sessions_fmbh,data/empirical/pooled/pooled_five_2019_sessions_fmbh/hawkes_rates_fmbh_pooled_five_2019_sessions.csv,328000.0,2.3734330734613174,0.014445061754775845,79.04438916790086,296000,360000,100,1422,1.4715555555555555,0.0,50,35,0.37322864802757566,213.16904273504275,154.91071794871795,0.94999999999999996,0.25,0.0096468091552598823
518,FMBI,data/empirical/pooled/pooled_five_2019_sessions_fmbi,data/empirical/pooled/pooled_five_2019_sessions_fmbi/hawkes_rates_fmbi_pooled_five_2019_sessions.csv,201550.0,1.4511849007325297,0.052472327877259715,45.543036252938364,182900,220200,100,100,0.94644444444444442,0.0,50,2,0.13407760529139334,321.85194017094017,387.06543589743586,0.94999999999999996,0.25,0.31472892968491073
519,FMNB,data/empirical/pooled/pooled_five_2019_sessions_fmnb,data/empirical/pooled/pooled_five_2019_sessions_fmnb/hawkes_rates_fmnb_pooled_five_2019_sessions.csv,155700.0,1.5795648206353563,0.0058805931877430658,18.941012808870695,139900,171500,100,100,0.64000000000000001,0.0,50,12,0.34291010194624655,186.51639316239317,295.31794017094018,0.94999999999999996,0.25,0.42535994603367877
520,FNHC,data/empirical/pooled/pooled_five_2019_sessions_fnhc,data/empirical/pooled/pooled_five_2019_sessions_fnhc/hawkes_rates_fnhc_pooled_five_2019_sessions.csv,152250.0,2.7413354456357091,0.017496474208299501,43.949931154697964,135700,168800,100,100,0.75488888888888894,0.0,50,9,0.46314871347579589,215.61283760683759,130.20447008547006,0.94999999999999996,0.25,0.42535994603367877
521,FNJN,data/empirical/pooled/pooled_five_2019_sessions_fnjn,data/empirical/pooled/pooled_five_2019_sessions_fnjn/hawkes_rates_fnjn_pooled_five_2019_sessions.csv,20800.0,2.1332296511745681,0.0037864866019915377,12.234984500034649,18900,22700,100,100,0.093555555555555558,0.0,50,2,0.38392857142857145,297.14610256410253,1094.0608974358975,0.94999999999999996,0.25,0.36419212403997098
522,FNKO,data/empirical/pooled/pooled_five_2019_sessions_fnko,data/empirical/pooled/pooled_five_2019_sessions_fnko/hawkes_rates_fnko_pooled_five_2019_sessions.csv,157200.0,2.6926715085367374,0.061558186247275527,15.635172863437903,154000,160400,1,1100,0.78844444444444439,0.0,50,4,0.29888251870566512,269.63703418803419,251.30088034188034,0.94999999999999996,0.25,0.31472892968491073
523,FOCS,data/empirical/pooled/pooled_five_2019_sessions_focs,data/empirical/pooled/pooled_five_2019_sessions_focs/hawkes_rates_focs_pooled_five_2019_sessions.csv,286400.0,3.0023779748803423,0.038958929868797815,50.535987492384315,267800,305000,100,4601,1.2977777777777777,0.0,50,16,0.44901128481209235,162.01947863247864,175.03764957264957,0.94999999999999996,0.25,0.42535994603367877
524,FOLD,data/empirical/pooled/pooled_five_2019_sessions_fold,data/empirical/pooled/pooled_five_2019_sessions_fold/hawkes_rates_fold_pooled_five_2019_sessions.csv,92850.0,1.8816114988850237,0.044130091029531179,22.050514290889573,88000,97700,550,4900,0.51866666666666672,0.0,50,1,0.054195625883347177,1071.5128803418804,1218.4988717948718,0.94999999999999996,0.25,0.14684855564149249
525,FORM,data/empirical/pooled/pooled_five_2019_sessions_form,data/empirical/pooled/pooled_five_2019_sessions_form/hawkes_rates_form_pooled_five_2019_sessions.csv,264750.0,2.5762789010315053,0.048608914910893627,385.94262746588544,247200,282300,100,100,0.72177777777777774,0.0,50,3,0.30514694048347119,226.51194871794874,177.27108547008547,0.94999999999999996,0.25,0.42535994603367877
526,FORR,data/empirical/pooled/pooled_five_2019_sessions_forr,data/empirical/pooled/pooled_five_2019_sessions_forr/hawkes_rates_forr_pooled_five_2019_sessions.csv,421150.0,2.4747556788743452,0.030360271806487461,148.87974383704633,376600,465700,100,100,1.9415555555555555,0.0,50,29,0.56406622911694515,154.0585042735043,121.21878632478634,0.94999999999999996,0.25,0.0096468091552598823
527,FOSL,data/empirical/pooled/pooled_five_2019_sessions_fosl,data/empirical/pooled/pooled_five_2019_sessions_fosl/hawkes_rates_fosl_pooled_five_2019_sessions.csv,73250.0,2.0628856424452588,0.056942604384802774,52.149906062818403,73200,73300,400,1063,0.51422222222222225,0.0,50,2,0.12512547511363251,553.26877777777781,436.5365384615385,0.94999999999999996,0.1222182091484173,0
528,FOX,data/empirical/pooled/pooled_five_2019_sessions_fox,data/empirical/pooled/pooled_five_2019_sessions_fox/hawkes_rates_fox_pooled_five_2019_sessions.csv,354100.0,1.2167584719143167,0.094234796358818748,21.385610416014014,350700,357500,200,13,1.6482222222222223,0.0,50,1,0.092798038103500055,747.17056410256407,766.09161538461535,0.94999999999999996,0.25,0.40263407090880049
529,FOXA,data/empirical/pooled/pooled_five_2019_sessions_foxa,data/empirical/pooled/pooled_five_2019_sessions_foxa/hawkes_rates_foxa_pooled_five_2019_sessions.csv,361300.0,1.1709578320768061,0.074353604854908328,20.891667106293578,359200,363400,330,51,1.6757777777777778,0.0,50,1,0.067271262393213613,752.75386324786325,829.24517094017096,0.94999999999999996,0.25,0.40263407090880049
530,FOXF,data/empirical/pooled/pooled_five_2019_sessions_foxf,data/empirical/pooled/pooled_five_2019_sessions_foxf/hawkes_rates_foxf_pooled_five_2019_sessions.csv,725050.0,1.9833225172192217,0.074849352536433184,68.28004926348882,689300,760800,18,100,3.2491111111111111,0.0,50,17,0.59305808421918127,104.64020512820511,122.99949572649572,0.94999999999999996,0.25,0.54198644623863046
531,FPRX,data/empirical/pooled/pooled_five_2019_sessions_fprx,data/empirical/pooled/pooled_five_2019_sessions_fprx/hawkes_rates_fprx_pooled_five_2019_sessions.csv,54000.0,3.3187971783914851,0.028385828454207444,26.674099307064427,51900,56100,16,100,0.22,0.0,50,3,0.22027032446957848,401.41229059829061,376.22811965811968,0.94999999999999996,0.25,0.36419212403997098
532,FRBA,data/empirical/pooled/pooled_five_2019_sessions_frba,data/empirical/pooled/pooled_five_2019_sessions_frba/hawkes_rates_frba_pooled_five_2019_sessions.csv,98450.0,2.0767068856246569,0.004324971152613359,46.546872096165075,84900,112000,100,100,0.49488888888888888,0.0,50,17,0.24525316455696203,300.77996581196578,381.70607692307692,0.94999999999999996,0.25,0.42535994603367877
533,FRBK,data/empirical/pooled/pooled_five_2019_sessions_frbk,data/empirical/pooled/pooled_five_2019_sessions_frbk/hawkes_rates_frbk_pooled_five_2019_sessions.csv,35550.0,1.7785953265969858,0.0055301508611479127,27.568567259976568,33700,37400,100,100,0.19666666666666666,0.0,50,2,0.1631728045325779,558.76633333333325,312.63653846153846,0.94999999999999996,0.1222182091484173,0
534,FRGI,data/empirical/pooled/pooled_five_2019_sessions_frgi,data/empirical/pooled/pooled_five_2019_sessions_frgi/hawkes_rates_frgi_pooled_five_2019_sessions.csv,101600.0,1.5307863780519244,0.024787384076242574,29.683129239168824,99500,103700,100,263,0.44133333333333336,0.0,50,3,0.27584409567382867,218.55092307692308,239.67805982905983,0.94999999999999996,0.1222182091484173,0
535,FRME,data/empirical/pooled/pooled_five_2019_sessions_frme,data/empirical/pooled/pooled_five_2019_sessions_frme/hawkes_rates_frme_pooled_five_2019_sessions.csv,397900.0,1.9095715714908574,0.060113680071797938,27.862284294679057,361500,434300,500,100,1.709111111111111,0.0,50,8,0.49804320359927273,134.83414529914529,136.52376068376068,0.94999999999999996,0.25,0.31472892968491073
536,FRPH,data/empirical/pooled/pooled_five_2019_sessions_frph,data/empirical/pooled/pooled_five_2019_sessions_frph/hawkes_rates_frph_pooled_five_2019_sessions.csv,495200.0,5.6961318083346146,0.0078635839138424708,23.081998553683459,442100,548300,100,100,2.2486666666666668,0.0,50,136,0.29398826979472142,250.78129914529913,150.6648888888889,0.94999999999999996,0.25,0.0096468091552598823
537,FRPT,data/empirical/pooled/pooled_five_2019_sessions_frpt,data/empirical/pooled/pooled_five_2019_sessions_frpt/hawkes_rates_frpt_pooled_five_2019_sessions.csv,664600.0,1.960895628908889,0.073498867472968937,55.952406703116274,622400,706800,500,500,1.9166666666666667,0.0,50,11,0.5339803125521384,123.60323931623932,139.31567521367521,0.94999999999999996,0.25,0.54198644623863046
538,FRTA,data/empirical/pooled/pooled_five_2019_sessions_frta,data/empirical/pooled/pooled_five_2019_sessions_frta/hawkes_rates_frta_pooled_five_2019_sessions.csv,139300.0,2.9985261260099572,0.021915466472926193,66.559388972134002,128100,150500,800,800,0.28466666666666668,0.0,50,4,0.31396924057693842,265.9548205128205,233.61324786324786,0.94999999999999996,0.25,0.054854410483294959
539,FSBW,data/empirical/pooled/pooled_five_2019_sessions_fsbw,data/empirical/pooled/pooled_five_2019_sessions_fsbw/hawkes_rates_fsbw_pooled_five_2019_sessions.csv,610350.0,3.8252227718135074,0.011726996880208555,17.690014795854918,580700,640000,37,100,2.2877777777777779,0.0,50,84,0.43859071452090881,182.7444188034188,142.4844358974359,0.94999999999999996,0.25,0.0096468091552598823
540,FSCT,data/empirical/pooled/pooled_five_2019_sessions_fsct,data/empirical/pooled/pooled_five_2019_sessions_fsct/hawkes_rates_fsct_pooled_five_2019_sessions.csv,296050.0,1.9071047630689073,0.05866062652250096,56.01167065434214,280100,312000,100,100,1.5175555555555555,0.0,50,7,0.36626738028488093,149.25117948717948,171.54842735042735,0.94999999999999996,0.25,0.31472892968491073
541,FSLR,data/empirical/pooled/pooled_five_2019_sessions_fslr,data/empirical/pooled/pooled_five_2019_sessions_fslr/hawkes_rates_fslr_pooled_five_2019_sessions.csv,512500.0,1.6409933303499316,0.12800547031924442,37.561596217759721,505000,520000,4,3000,2.386222222222222,0.0,50,5,0.37295178555923542,167.82188034188033,149.94796581196582,0.94999999999999996,0.25,0.31472892968491073
542,FSTR,data/empirical/pooled/pooled_five_2019_sessions_fstr,data/empirical/pooled/pooled_five_2019_sessions_fstr/hawkes_rates_fstr_pooled_five_2019_sessions.csv,179250.0,3.2139557707413045,0.012915081841104323,55.395002461370694,159900,198600,100,100,0.80977777777777782,0.0,50,29,0.50334738408132906,172.37805128205127,144.85553846153846,0.94999999999999996,0.25,0.0096468091552598823
543,FSV,data/empirical/pooled/pooled_five_2019_sessions_fsv,data/empirical/pooled/pooled_five_2019_sessions_fsv/hawkes_rates_fsv_pooled_five_2019_sessions.csv,897650.0,2.9101398447955771,0.083576221206034446,107.32358833697701,755300,1040000,30,100,3.9700000000000002,0.0,50,27,0.63556066584785842,117.4170170940171,114.66025641025639,0.94999999999999996,0.25,0.54198644623863046
544,FTDR,data/empirical/pooled/pooled_five_2019_sessions_ftdr,data/empirical/pooled/pooled_five_2019_sessions_ftdr/hawkes_rates_ftdr_pooled_five_2019_sessions.csv,429250.0,2.0458340661108596,0.054609171332108207,92.474998792012599,384000,474500,100,100,2.0195555555555558,0.0,50,10,0.4676397157672364,148.76373504273505,167.07939316239316,0.94999999999999996,0.25,0.42535994603367877
545,FTNT,data/empirical/pooled/pooled_five_2019_sessions_ftnt,data/empirical/pooled/pooled_five_2019_sessions_ftnt/hawkes_rates_ftnt_pooled_five_2019_sessions.csv,1175250.0,1.2816868023693075,0.17540065814778411,74.571592218759605,1162500,1188000,50,5,3.6284444444444444,0.0,50,5,0.35294327125102382,150.09100000000001,162.24099145299147,0.94999999999999996,0.11621735476962097,0
546,FTSV,data/empirical/pooled/pooled_five_2019_sessions_ftsv,data/empirical/pooled/pooled_five_2019_sessions_ftsv/hawkes_rates_ftsv_pooled_five_2019_sessions.csv,381950.0,4.2274513761495349,0.043489037993076629,53.848209825125046,365000,398900,10,800,0.68044444444444441,0.0,50,15,0.40459815287875811,208.79978632478634,181.54620512820512,0.94999999999999996,0.25,0.0096468091552598823
547,FULT,data/empirical/pooled/pooled_five_2019_sessions_fult,data/empirical/pooled/pooled_five_2019_sessions_fult/hawkes_rates_fult_pooled_five_2019_sessions.csv,171650.0,0.99104215219036695,0.026915680157271676,35.993298665938205,166100,177200,100,100,0.75177777777777777,0.0,50,1,0.03331254206129048,818.91211111111113,838.64480341880335,0.94999999999999996,0.1222182091484173,0
548,FUND,data/empirical/pooled/pooled_five_2019_sessions_fund,data/empirical/pooled/pooled_five_2019_sessions_fund/hawkes_rates_fund_pooled_five_2019_sessions.csv,74450.0,1.6370279813230397,0.0021539382024872858,28.93110913960659,71500,77400,8,3400,0.308,0.0,200,3,0.2039151712887439,1002.8823504273505,765.37749572649568,0.94999999999999996,0.1222182091484173,0
549,FWONA,data/empirical/pooled/pooled_five_2019_sessions_fwona,data/empirical/pooled/pooled_five_2019_sessions_fwona/hawkes_rates_fwona_pooled_five_2019_sessions.csv,447200.0,1.6631790735542846,0.04473695457070815,64.082939879762606,431100,463300,100,100,1.5940000000000001,0.0,50,11,0.48395618556701031,261.18099999999998,194.00652136752137,0.94999999999999996,0.25,0.31472892968491073
550,FWONK,data/empirical/pooled/pooled_five_2019_sessions_fwonk,data/empirical/pooled/pooled_five_2019_sessions_fwonk/hawkes_rates_fwonk_pooled_five_2019_sessions.csv,460350.0,2.1552292555741279,0.059421342792427022,83.814112216709063,435400,485300,200,2,1.7982222222222222,0.0,50,6,0.31850047367708756,194.98424786324784,177.20603418803418,0.94999999999999996,0.25,0.31472892968491073
551,FWRD,data/empirical/pooled/pooled_five_2019_sessions_fwrd,data/empirical/pooled/pooled_five_2019_sessions_fwrd/hawkes_rates_fwrd_pooled_five_2019_sessions.csv,635450.0,2.1153183072660116,0.058934142484721577,291.33950475402486,601800,669100,100,45,2.7148888888888889,0.0,50,14,0.57765977621847142,131.95819658119657,111.4704017094017,0.94999999999999996,0.25,0.54198644623863046
552,GABC,data/empirical/pooled/pooled_five_2019_sessions_gabc,data/empirical/pooled/pooled_five_2019_sessions_gabc/hawkes_rates_gabc_pooled_five_2019_sessions.csv,364250.0,2.5217770266012152,0.029753408265310484,179.02259543508919,345800,382700,117,100,1.3528888888888888,0.0,50,20,0.56937471474212686,285.90776923076925,144.07523931623933,0.94999999999999996,0.25,0.42535994603367877
553,GAIA,data/empirical/pooled/pooled_five_2019_sessions_gaia,data/empirical/pooled/pooled_five_2019_sessions_gaia/hawkes_rates_gaia_pooled_five_2019_sessions.csv,84300.0,2.8493370397705933,0.01257318688832856,58.224956404593868,75100,93500,13,100,0.37066666666666664,0.0,50,5,0.37990850171559282,192.28468376068378,171.28366666666665,0.94999999999999996,0.25,0.42535994603367877
554,GAIN,data/empirical/pooled/pooled_five_2019_sessions_gain,data/empirical/pooled/pooled_five_2019_sessions_gain/hawkes_rates_gain_pooled_five_2019_sessions.csv,133850.0,0.85200985410603236,0.010350869695286122,23.588319943150459,133800,133900,1,97,0.52133333333333332,0.0,50,2,0.34041233917222136,337.49311111111109,430.68652136752132,0.94999999999999996,0.1222182091484173,0
555,GALT,data/empirical/pooled/pooled_five_2019_sessions_galt,data/empirical/pooled/pooled_five_2019_sessions_galt/hawkes_rates_galt_pooled_five_2019_sessions.csv,27800.0,2.9758728789487008,0.01257318688832856,19.735343329165762,26500,29100,400,2600,0.18222222222222223,0.0,50,2,0.30793692858089305,514.21869230769232,686.00406837606829,0.94999999999999996,0.25,0.36419212403997098
556,GARS,data/empirical/pooled/pooled_five_2019_sessions_gars,data/empirical/pooled/pooled_five_2019_sessions_gars/hawkes_rates_gars_pooled_five_2019_sessions.csv,59700.0,0.83661463492967558,0.0019317064831830418,10.654154824952149,54800,64600,100,100,0.31266666666666665,0.0,50,3,0.34049079754601225,450.55330769230767,375.8881367521368,0.94999999999999996,0.1222182091484173,0
557,GASS,data/empirical/pooled/pooled_five_2019_sessions_gass,data/empirical/pooled/pooled_five_2019_sessions_gass/hawkes_rates_gass_pooled_five_2019_sessions.csv,34800.0,1.7213911978272287,0.0033933074062994146,11.654649062400901,31100,38500,4506,100,0.15444444444444444,0.0,50,3,0.37848605577689243,531.96935897435901,355.82380341880338,0.94999999999999996,0.1222182091484173,0
558,GBCI,data/empirical/pooled/pooled_five_2019_sessions_gbci,data/empirical/pooled/pooled_five_2019_sessions_gbci/hawkes_rates_gbci_pooled_five_2019_sessions.csv,429300.0,1.7589365551937084,0.073310825248942252,40.909276960860147,400100,458500,500,1,1.8691111111111112,0.0,50,5,0.46095863935059916,167.84161538461541,140.72576923076923,0.94999999999999996,0.25,0.31472892968491073
559,GBDC,data/empirical/pooled/pooled_five_2019_sessions_gbdc,data/empirical/pooled/pooled_five_2019_sessions_gbdc/hawkes_rates_gbdc_pooled_five_2019_sessions.csv,186000.0,0.58123898570407229,0.0098123851446643012,17.003374733426242,180100,191900,100,1200,0.81511111111111112,0.0,50,2,0.11517473586439103,412.46914529914528,429.13494017094018,0.94999999999999996,0.1222182091484173,0
560,GBLI,data/empirical/pooled/pooled_five_2019_sessions_gbli,data/empirical/pooled/pooled_five_2019_sessions_gbli/hawkes_rates_gbli_pooled_five_2019_sessions.csv,336000.0,5.3603346855196756,0.0086072054361297484,21.392348020553516,275700,396300,100,100,1.3522222222222222,0.0,50,88,0.38501459617255918,287.92133333333334,159.54220512820513,0.94999999999999996,0.25,0.0096468091552598823
561,GBT,data/empirical/pooled/pooled_five_2019_sessions_gbt,data/empirical/pooled/pooled_five_2019_sessions_gbt/hawkes_rates_gbt_pooled_five_2019_sessions.csv,688450.0,2.7016962968764271,0.1122184708748237,57.833165156798273,662500,714400,600,100,2.2371111111111111,0.0,50,13,0.56688909472410731,126.19820512820513,116.86236752136752,0.94999999999999996,0.25,0.54198644623863046
562,GDEN,data/empirical/pooled/pooled_five_2019_sessions_gden,data/empirical/pooled/pooled_five_2019_sessions_gden/hawkes_rates_gden_pooled_five_2019_sessions.csv,180050.0,2.6235705264203659,0.027402880464977138,97.183835071334869,161100,199000,100,100,0.6764444444444444,0.0,50,6,0.42000151871820185,206.9631965811966,130.23988888888888,0.94999999999999996,0.25,0.42535994603367877
563,GECC,data/empirical/pooled/pooled_five_2019_sessions_gecc,data/empirical/pooled/pooled_five_2019_sessions_gecc/hawkes_rates_gecc_pooled_five_2019_sessions.csv,80700.0,1.1279025839698618,0.0031112440702594129,14.645364253408808,77300,84100,1800,100,0.36822222222222223,0.0,50,4,0.54765751211631664,362.85353846153845,677.48176068376074,0.94999999999999996,0.1222182091484173,0
564,GENC,data/empirical/pooled/pooled_five_2019_sessions_genc,data/empirical/pooled/pooled_five_2019_sessions_genc/hawkes_rates_genc_pooled_five_2019_sessions.csv,99750.0,4.1584200223005281,0.0071456045130133764,38.584016415990625,85500,114000,100,700,0.58044444444444443,0.0,50,29,0.3444639718804921,260.29361538461541,364.94166666666672,0.94999999999999996,0.25,0.054854410483294959
565,GEOS,data/empirical/pooled/pooled_five_2019_sessions_geos,data/empirical/pooled/pooled_five_2019_sessions_geos/hawkes_rates_geos_pooled_five_2019_sessions.csv,145250.0,3.2733264529508959,0.026283174494636526,58.9847000896239,130000,160500,100,100,0.64733333333333332,0.0,50,14,0.50671863780900606,161.37728205128207,142.92339316239315,0.94999999999999996,0.25,0.42535994603367877
566,GERN,data/empirical/pooled/pooled_five_2019_sessions_gern,data/empirical/pooled/pooled_five_2019_sessions_gern/hawkes_rates_gern_pooled_five_2019_sessions.csv,13400.0,2.2259092689181719,0.0011197059703406129,2.3601640428134565,13200,13600,5000,3898,0.061777777777777779,0.0,150,1,0.010610487467322774,14573.395606837608,13802.078119658119,0.94999999999999996,0.25,0.14684855564149249
567,GEVO,data/empirical/pooled/pooled_five_2019_sessions_gevo,data/empirical/pooled/pooled_five_2019_sessions_gevo/hawkes_rates_gevo_pooled_five_2019_sessions.csv,20650.0,4.2128093792792214,0.0060857301594085212,29.738384893260914,19800,21500,503,100,0.11244444444444444,0.0,50,3,0.45420054200542004,681.78353846153846,659.37622222222228,0.94999999999999996,0.25,0.36419212403997098
568,GFN,data/empirical/pooled/pooled_five_2019_sessions_gfn,data/empirical/pooled/pooled_five_2019_sessions_gfn/hawkes_rates_gfn_pooled_five_2019_sessions.csv,110350.0,3.3421894893950439,0.0086072054361297484,79.000488635592362,97500,123200,100,100,0.42177777777777775,0.0,50,22,0.37681728880157173,131.89584615384615,716.12912820512815,0.94999999999999996,0.25,0.054854410483294959
569,GH,data/empirical/pooled/pooled_five_2019_sessions_gh,data/empirical/pooled/pooled_five_2019_sessions_gh/hawkes_rates_gh_pooled_five_2019_sessions.csv,775000.0,2.8629070513100436,0.091320141886405401,34.34439904104002,750000,800000,1100,10,3.4908888888888887,0.0,50,20,0.49233656553018457,131.56417094017095,164.0836324786325,0.94999999999999996,0.25,0.54198644623863046
570,GIFI,data/empirical/pooled/pooled_five_2019_sessions_gifi,data/empirical/pooled/pooled_five_2019_sessions_gifi/hawkes_rates_gifi_pooled_five_2019_sessions.csv,51850.0,3.2349302192138145,0.0068549938031539802,116.11975195895542,46100,57600,100,100,0.30155555555555558,0.0,50,14,0.57942787583688371,256.86203418803422,252.47421367521366,0.94999999999999996,0.25,0.054854410483294959
571,GIII,data/empirical/pooled/pooled_five_2019_sessions_giii,data/empirical/pooled/pooled_five_2019_sessions_giii/hawkes_rates_giii_pooled_five_2019_sessions.csv,280700.0,2.4981002241306611,0.090379930766272071,76.123309253980878,252100,309300,100,100,1.4584444444444444,0.0,50,5,0.36876666249172468,153.35629914529915,167.32026495726495,0.94999999999999996,0.25,0.31472892968491073
572,GILD,data/empirical/pooled/pooled_five_2019_sessions_gild,data/empirical/pooled/pooled_five_2019_sessions_gild/hawkes_rates_gild_pooled_five_2019_sessions.csv,639450.0,1.0516900391231472,0.20477798196504127,22.045323743836381,638900,640000,466,100,2.9213333333333331,0.0,50,1,0.11319366499041088,424.21535042735042,409.15401709401715,0.94999999999999996,0.25,0.40263407090880049
573,GLAD,data/empirical/pooled/pooled_five_2019_sessions_glad,data/empirical/pooled/pooled_five_2019_sessions_glad/hawkes_rates_glad_pooled_five_2019_sessions.csv,101100.0,1.0314736037709418,0.0068293516816957988,20.322568996741715,98200,104000,1500,1500,0.42244444444444446,0.0,50,2,0.31171019376579612,518.77438461538463,491.54373504273508,0.94999999999999996,0.1222182091484173,0
574,GLDD,data/empirical/pooled/pooled_five_2019_sessions_gldd,data/empirical/pooled/pooled_five_2019_sessions_gldd/hawkes_rates_gldd_pooled_five_2019_sessions.csv,107200.0,1.5200391107780742,0.018676011795375872,81.429266425781108,100000,114400,50,1500,0.44955555555555554,0.0,50,2,0.15569661009153213,419.04441025641029,371.70989743589746,0.94999999999999996,0.1222182091484173,0
575,GLIBA,data/empirical/pooled/pooled_five_2019_sessions_gliba,data/empirical/pooled/pooled_five_2019_sessions_gliba/hawkes_rates_gliba_pooled_five_2019_sessions.csv,707500.0,1.409171167946683,0.085046369502970204,110.62915793583423,655200,759800,100,700,2.5573333333333332,0.0,50,8,0.47758056361265599,200.83031623931623,188.07028205128205,0.94999999999999996,0.25,0.31472892968491073
576,GLNG,data/empirical/pooled/pooled_five_2019_sessions_glng,data/empirical/pooled/pooled_five_2019_sessions_glng/hawkes_rates_glng_pooled_five_2019_sessions.csv,107800.0,1.931912252146567,0.055600666695157917,18.503974521742443,102200,113400,40,1800,0.75777777777777777,0.0,50,2,0.0902086917495699,375.45458974358974,403.81636752136751,0.94999999999999996,0.25,0.31472892968491073
577,GLPI,data/empirical/pooled/pooled_five_2019_sessions_glpi,data/empirical/pooled/pooled_five_2019_sessions_glpi/hawkes_rates_glpi_pooled_five_2019_sessions.csv,481600.0,0.70798994270479665,0.043112953545023293,34.894330769098545,468700,494500,12,2000,1.699111111111111,0.0,50,2,0.14272108363610708,291.43688034188034,666.30062393162393,0.94999999999999996,0.1222182091484173,0
578,GLUU,data/empirical/pooled/pooled_five_2019_sessions_gluu,data/empirical/pooled/pooled_five_2019_sessions_gluu/hawkes_rates_gluu_pooled_five_2019_sessions.csv,63200.0,1.866117014212999,0.024958331552630456,16.378713128533697,61400,65000,5600,16,0.32444444444444442,0.0,50,1,0.045081247863721606,1849.013017094017,1763.531905982906,0.94999999999999996,0.25,0.14684855564149249
579,GLYC,data/empirical/pooled/pooled_five_2019_sessions_glyc,data/empirical/pooled/pooled_five_2019_sessions_glyc/hawkes_rates_glyc_pooled_five_2019_sessions.csv,43750.0,3.2607414105972161,0.029180734219411086,20.350887576608951,40800,46700,100,1100,0.4002222222222222,0.0,50,4,0.30772171253822628,276.42817948717948,293.20097435897435,0.94999999999999996,0.25,0.054854410483294959
580,GNMK,data/empirical/pooled/pooled_five_2019_sessions_gnmk,data/empirical/pooled/pooled_five_2019_sessions_gnmk/hawkes_rates_gnmk_pooled_five_2019_sessions.csv,51050.0,2.5785743629479314,0.020941065857515279,31.935326134414737,48300,53800,100,67,0.26777777777777778,0.0,50,2,0.21682897139379184,380.43961538461537,282.15779487179486,0.94999999999999996,0.25,0.36419212403997098
581,GNTX,data/empirical/pooled/pooled_five_2019_sessions_gntx,data/empirical/pooled/pooled_five_2019_sessions_gntx/hawkes_rates_gntx_pooled_five_2019_sessions.csv,302800.0,1.9050165137475343,0.058105047224240348,25.292971537416999,287700,317900,2100,2100,1.1846666666666668,0.0,50,1,0.073380189511424748,737.15005982905984,704.42677777777783,0.94999999999999996,0.25,0.40263407090880049
582,GNTY,data/empirical/pooled/pooled_five_2019_sessions_gnty,data/empirical/pooled/pooled_five_2019_sessions_gnty/hawkes_rates_gnty_pooled_five_2019_sessions.csv,287400.0,5.3866385452439438,0.0072139835035685291,138.76789481801512,244800,330000,100,100,1.268,0.0,50,69,0.34031250000000002,243.92343589743592,172.15918803418805,0.94999999999999996,0.25,0.0096468091552598823
583,GOGL,data/empirical/pooled/pooled_five_2019_sessions_gogl,data/empirical/pooled/pooled_five_2019_sessions_gogl/hawkes_rates_gogl_pooled_five_2019_sessions.csv,46350.0,1.2619352489071889,0.0073250993632206513,5.3707252787309514,46200,46500,2500,2500,0.25822222222222224,0.0,100,1,0.10665114048907459,830.55862393162386,886.14506837606837,0.94999999999999996,0.1222182091484173,0
584,GOGO,data/empirical/pooled/pooled_five_2019_sessions_gogo,data/empirical/pooled/pooled_five_2019_sessions_gogo/hawkes_rates_gogo_pooled_five_2019_sessions.csv,51700.0,2.5420301790361526,0.017898200777811017,17.706150878152638,49700,53700,3800,445,0.20511111111111111,0.0,50,1,0.060086853533359651,1141.7000170940171,956.21222222222218,0.94999999999999996,0.25,0.14684855564149249
585,GOOD,data/empirical/pooled/pooled_five_2019_sessions_good,data/empirical/pooled/pooled_five_2019_sessions_good/hawkes_rates_good_pooled_five_2019_sessions.csv,223350.0,0.86432050306460484,0.019624770289328606,20.845313962707834,217700,229000,615,100,0.95244444444444443,0.0,50,4,0.31733418097054461,142.90609401709403,195.02988034188033,0.94999999999999996,0.1222182091484173,0
586,GOOG,data/empirical/pooled/pooled_five_2019_sessions_goog,data/empirical/pooled/pooled_five_2019_sessions_goog/hawkes_rates_goog_pooled_five_2019_sessions.csv,14416350.0,0.92088968097205104,0.37218684559169196,72.443614892007261,14402700,14430000,1,109,54.521111111111111,0.0,11,55,0.66496553666301483,73.947820512820513,61.555717948717948,0.94999999999999996,0.11621735476962097,0
587,GOOGL,data/empirical/pooled/pooled_five_2019_sessions_googl,data/empirical/pooled/pooled_five_2019_sessions_googl/hawkes_rates_googl_pooled_five_2019_sessions.csv,14407350.0,0.89154803723310139,0.3674174110004701,73.29808267532313,14397200,14417500,56,1,54.588444444444441,0.0,12,52,0.66189187067084976,57.51969230769231,59.574974358974359,0.94999999999999996,0.11621735476962097,0
588,GPOR,data/empirical/pooled/pooled_five_2019_sessions_gpor,data/empirical/pooled/pooled_five_2019_sessions_gpor/hawkes_rates_gpor_pooled_five_2019_sessions.csv,15150.0,3.2158877685333653,0.01718022137698192,55.074867950712274,15000,15300,2,4000,0.14244444444444446,0.0,50,1,0.017022748436876414,5717.2428803418798,4403.2075811965815,0.94999999999999996,0.25,0.14684855564149249
589,GPRE,data/empirical/pooled/pooled_five_2019_sessions_gpre,data/empirical/pooled/pooled_five_2019_sessions_gpre/hawkes_rates_gpre_pooled_five_2019_sessions.csv,116100.0,1.4700221117473935,0.036899012778323859,21.969007159500229,109400,122800,100,10,0.64311111111111108,0.0,50,3,0.19916866852006801,284.30139316239314,277.09990598290597,0.94999999999999996,0.1222182091484173,0
590,GPRO,data/empirical/pooled/pooled_five_2019_sessions_gpro,data/empirical/pooled/pooled_five_2019_sessions_gpro/hawkes_rates_gpro_pooled_five_2019_sessions.csv,41900.0,1.9069392163067194,0.0082567631095345952,5.6177518389772985,41500,42300,300,7476,0.21955555555555556,0.0,100,1,0.015844509149646128,4277.9557606837607,6212.4776923076915,0.94999999999999996,0.25,0.14684855564149249
591,GRBK,data/empirical/pooled/pooled_five_2019_sessions_grbk,data/empirical/pooled/pooled_five_2019_sessions_grbk/hawkes_rates_grbk_pooled_five_2019_sessions.csv,120800.0,2.6372834536816283,0.023308688405487415,56.096824063521872,107900,133700,100,100,0.40444444444444444,0.0,50,6,0.37530402245088867,233.95334188034184,509.87534188034186,0.94999999999999996,0.25,0.42535994603367877
592,GRMN,data/empirical/pooled/pooled_five_2019_sessions_grmn,data/empirical/pooled/pooled_five_2019_sessions_grmn/hawkes_rates_grmn_pooled_five_2019_sessions.csv,994750.0,1.5177337049803805,0.12992862942860806,87.143945456197031,969500,1020000,1,100,3.8666666666666667,0.0,50,5,0.34865514037751238,191.07956410256412,219.36852136752137,0.94999999999999996,0.25,0.31472892968491073
593,GROW,data/empirical/pooled/pooled_five_2019_sessions_grow,data/empirical/pooled/pooled_five_2019_sessions_grow/hawkes_rates_grow_pooled_five_2019_sessions.csv,13700.0,4.7786417920115412,0.0026924227531091071,9.8373768698128199,11900,15500,100,100,0.059777777777777777,0.0,50,3,0.31351351351351353,714.01367521367524,2171.5330170940169,0.94999999999999996,0.25,0.36419212403997098
594,GRPN,data/empirical/pooled/pooled_five_2019_sessions_grpn,data/empirical/pooled/pooled_five_2019_sessions_grpn/hawkes_rates_grpn_pooled_five_2019_sessions.csv,28300.0,1.9426902678551432,0.0032223599299115351,3.4494181494932206,28200,28400,10,10,0.15177777777777779,0.0,100,1,0.0090790058797371419,23937.896427350428,19412.026128205129,0.94999999999999996,0.25,0.14684855564149249
595,GRTS,data/empirical/pooled/pooled_five_2019_sessions_grts,data/empirical/pooled/pooled_five_2019_sessions_grts/hawkes_rates_grts_pooled_five_2019_sessions.csv,94350.0,4.1996886294058564,0.020975255352792856,44.002040110244295,94000,94700,75,129,0.45066666666666666,0.0,50,14,0.49981628903857928,264.20806837606835,193.54509401709402,0.94999999999999996,0.25,0.054854410483294959
596,GSBC,data/empirical/pooled/pooled_five_2019_sessions_gsbc,data/empirical/pooled/pooled_five_2019_sessions_gsbc/hawkes_rates_gsbc_pooled_five_2019_sessions.csv,563750.0,2.0735968264630076,0.02284713021924014,33.263996598719139,511800,615700,100,100,2.4940000000000002,0.0,50,34,0.49894054593044995,192.49352136752137,107.54253846153847,0.94999999999999996,0.25,0.0096468091552598823
597,GSHD,data/empirical/pooled/pooled_five_2019_sessions_gshd,data/empirical/pooled/pooled_five_2019_sessions_gshd/hawkes_rates_gshd_pooled_five_2019_sessions.csv,545100.0,3.8146639042381425,0.049608957647762728,47.517233356579958,515800,574400,186,100,1.8171111111111111,0.0,50,31,0.6272004412373029,159.85182051282052,148.08927350427351,0.94999999999999996,0.25,0.0096468091552598823
598,GSIT,data/empirical/pooled/pooled_five_2019_sessions_gsit,data/empirical/pooled/pooled_five_2019_sessions_gsit/hawkes_rates_gsit_pooled_five_2019_sessions.csv,85550.0,2.4241319078692549,0.0081712893713406544,23.953092838816165,78500,92600,100,700,0.34222222222222221,0.0,50,6,0.51673151750972768,253.70364102564105,210.49530769230768,0.94999999999999996,0.25,0.054854410483294959
599,GSKY,data/empirical/pooled/pooled_five_2019_sessions_gsky,data/empirical/pooled/pooled_five_2019_sessions_gsky/hawkes_rates_gsky_pooled_five_2019_sessions.csv,90100.0,1.6728693637452503,0.025667763579640158,33.664726850476058,87700,92500,100,356,0.48466666666666669,0.0,50,2,0.16885780885780885,386.48723076923079,341.99215384615383,0.94999999999999996,0.1222182091484173,0
600,GT,data/empirical/pooled/pooled_five_2019_sessions_gt,data/empirical/pooled/pooled_five_2019_sessions_gt/hawkes_rates_gt_pooled_five_2019_sessions.csv,139600.0,1.7396471298918237,0.038864908756784479,12.910911607780625,136600,142600,100,4300,0.73044444444444445,0.0,50,1,0.027147447290949814,1599.1347179487179,3731.7184871794875,0.94999999999999996,0.25,0.40263407090880049
601,GTHX,data/empirical/pooled/pooled_five_2019_sessions_gthx,data/empirical/pooled/pooled_five_2019_sessions_gthx/hawkes_rates_gthx_pooled_five_2019_sessions.csv,216250.0,3.7375390949180805,0.04968588401213727,103.91919690672644,200000,232500,50,100,0.97777777777777775,0.0,50,10,0.45157885074352855,151.89857264957263,129.66044444444444,0.94999999999999996,0.25,0.42535994603367877
602,GTIM,data/empirical/pooled/pooled_five_2019_sessions_gtim,data/empirical/pooled/pooled_five_2019_sessions_gtim/hawkes_rates_gtim_pooled_five_2019_sessions.csv,17000.0,4.6732123972432236,0.0033163810419248687,29.693354737116607,13100,20900,100,100,0.082888888888888887,0.0,50,8,0.66604127579737338,416.39602564102563,729.19264102564102,0.94999999999999996,0.25,0.36419212403997098
603,GTLS,data/empirical/pooled/pooled_five_2019_sessions_gtls,data/empirical/pooled/pooled_five_2019_sessions_gtls/hawkes_rates_gtls_pooled_five_2019_sessions.csv,667450.0,1.8129457102142479,0.085525022436856266,186.50163654200409,604600,730300,100,100,3.302,0.0,50,16,0.57236555558402291,131.24017948717949,136.04800854700855,0.94999999999999996,0.25,0.54198644623863046
604,GWRS,data/empirical/pooled/pooled_five_2019_sessions_gwrs,data/empirical/pooled/pooled_five_2019_sessions_gwrs/hawkes_rates_gwrs_pooled_five_2019_sessions.csv,126850.0,2.6044274485059802,0.0070259412795418601,23.880898617141732,114700,139000,100,800,0.55266666666666664,0.0,50,11,0.32389937106918237,201.41490598290596,304.21721367521366,0.94999999999999996,0.25,0.42535994603367877
605,HA,data/empirical/pooled/pooled_five_2019_sessions_ha,data/empirical/pooled/pooled_five_2019_sessions_ha/hawkes_rates_ha_pooled_five_2019_sessions.csv,271450.0,2.6508581189770073,0.073994615154493779,101.05497874401178,270000,272900,10,10,1.2317777777777779,0.0,50,3,0.29643867798601098,228.07670085470085,224.02811111111114,0.94999999999999996,0.25,0.31472892968491073
606,HABT,data/empirical/pooled/pooled_five_2019_sessions_habt,data/empirical/pooled/pooled_five_2019_sessions_habt/hawkes_rates_habt_pooled_five_2019_sessions.csv,139250.0,1.7719638783100229,0.025377152869780761,48.653417574570838,139200,139300,416,657,0.46488888888888891,0.0,50,3,0.24696633955893216,391.55135042735043,308.71367521367517,0.94999999999999996,0.1222182091484173,0
607,HAFC,data/empirical/pooled/pooled_five_2019_sessions_hafc,data/empirical/pooled/pooled_five_2019_sessions_hafc/hawkes_rates_hafc_pooled_five_2019_sessions.csv,177100.0,2.3273495305009475,0.041865036967391765,58.511435854751873,168100,186100,122,100,0.95177777777777772,0.0,50,4,0.39553068027490845,155.90596581196581,150.37353846153846,0.94999999999999996,0.25,0.42535994603367877
608,HAIN,data/empirical/pooled/pooled_five_2019_sessions_hain,data/empirical/pooled/pooled_five_2019_sessions_hain/hawkes_rates_hain_pooled_five_2019_sessions.csv,248400.0,1.5288985623247813,0.050455147655882729,30.334996107945742,232000,264800,400,1000,0.99955555555555553,0.0,50,2,0.11025277262889747,354.21583760683762,363.45932478632483,0.94999999999999996,0.25,0.31472892968491073
609,HALL,data/empirical/pooled/pooled_five_2019_sessions_hall,data/empirical/pooled/pooled_five_2019_sessions_hall/hawkes_rates_hall_pooled_five_2019_sessions.csv,176200.0,2.0241093891703499,0.011991965468609769,70.053991532805867,158900,193500,100,100,0.69888888888888889,0.0,50,10,0.37168266516092602,239.23480341880341,185.92994871794872,0.94999999999999996,0.25,0.42535994603367877
610,HALO,data/empirical/pooled/pooled_five_2019_sessions_halo,data/empirical/pooled/pooled_five_2019_sessions_halo/hawkes_rates_halo_pooled_five_2019_sessions.csv,193950.0,2.4511055701612907,0.042651395358776018,154.76649190158886,181100,206800,1700,100,0.72466666666666668,0.0,50,2,0.1515442778418557,373.59347863247865,317.51178632478633,0.94999999999999996,0.25,0.31472892968491073
611,HAS,data/empirical/pooled/pooled_five_2019_sessions_has,data/empirical/pooled/pooled_five_2019_sessions_has/hawkes_rates_has_pooled_five_2019_sessions.csv,1012600.0,1.1006897487385363,0.1249027736228044,76.795390590859839,985200,1040000,600,10,4.4422222222222221,0.0,50,6,0.40881529522657251,169.09458974358975,162.42035897435898,0.94999999999999996,0.11621735476962097,0
612,HAYN,data/empirical/pooled/pooled_five_2019_sessions_hayn,data/empirical/pooled/pooled_five_2019_sessions_hayn/hawkes_rates_hayn_pooled_five_2019_sessions.csv,268200.0,2.8238570211254213,0.051147484935253638,40.726931489053541,266900,269500,34,50,1.4266666666666667,0.0,50,20,0.66537521158548052,122.26293162393162,108.82085470085471,0.94999999999999996,0.25,0.0096468091552598823
613,HBAN,data/empirical/pooled/pooled_five_2019_sessions_hban,data/empirical/pooled/pooled_five_2019_sessions_hban/hawkes_rates_hban_pooled_five_2019_sessions.csv,136900.0,0.96551577207745576,0.018445232702252234,3.7670629399147613,132800,141000,100,2,0.63422222222222224,0.0,150,1,0.0081967893143070486,13322.300957264957,14131.712,0.94999999999999996,0.25,0.14684855564149249
614,HBCP,data/empirical/pooled/pooled_five_2019_sessions_hbcp,data/empirical/pooled/pooled_five_2019_sessions_hbcp/hawkes_rates_hbcp_pooled_five_2019_sessions.csv,350450.0,3.082380344177289,0.0086413949314073264,27.569085984303442,297600,403300,100,100,1.72,0.0,50,80,0.39330682571239234,177.94024786324786,510.77843589743588,0.94999999999999996,0.25,0.0096468091552598823
615,HBIO,data/empirical/pooled/pooled_five_2019_sessions_hbio,data/empirical/pooled/pooled_five_2019_sessions_hbio/hawkes_rates_hbio_pooled_five_2019_sessions.csv,30350.0,4.5216006922908765,0.007470404718150349,15.002517199586048,28500,32200,1000,100,0.13311111111111112,0.0,50,3,0.1641644908616188,309.22639316239315,506.69833333333338,0.94999999999999996,0.25,0.36419212403997098
616,HBMD,data/empirical/pooled/pooled_five_2019_sessions_hbmd,data/empirical/pooled/pooled_five_2019_sessions_hbmd/hawkes_rates_hbmd_pooled_five_2019_sessions.csv,169350.0,3.4916116371037162,0.012274028804649771,122.19020412300443,158700,180000,100,100,0.74511111111111106,0.0,50,20,0.37015635622025833,178.8587264957265,469.05936752136751,0.94999999999999996,0.25,0.054854410483294959
617,HBNC,data/empirical/pooled/pooled_five_2019_sessions_hbnc,data/empirical/pooled/pooled_five_2019_sessions_hbnc/hawkes_rates_hbnc_pooled_five_2019_sessions.csv,165250.0,1.9044975029710645,0.024342920637634088,37.28516247233626,143000,187500,100,1431,0.74644444444444447,0.0,50,5,0.45583218407490744,189.70322222222222,173.93908547008547,0.94999999999999996,0.25,0.42535994603367877
618,HCCI,data/empirical/pooled/pooled_five_2019_sessions_hcci,data/empirical/pooled/pooled_five_2019_sessions_hcci/hawkes_rates_hcci_pooled_five_2019_sessions.csv,289400.0,2.7845317859297025,0.027488354203171077,49.416806428520452,268800,310000,100,55,1.1686666666666667,0.0,50,19,0.52655913978494628,158.61022222222223,108.58477777777777,0.94999999999999996,0.25,0.0096468091552598823
619,HCKT,data/empirical/pooled/pooled_five_2019_sessions_hckt,data/empirical/pooled/pooled_five_2019_sessions_hckt/hawkes_rates_hckt_pooled_five_2019_sessions.csv,159300.0,2.020839665346394,0.019539296551134663,37.2666442037956,142000,176600,100,100,0.7426666666666667,0.0,50,5,0.39763050721954829,193.29665811965813,142.95929914529916,0.94999999999999996,0.25,0.42535994603367877
620,HCSG,data/empirical/pooled/pooled_five_2019_sessions_hcsg,data/empirical/pooled/pooled_five_2019_sessions_hcsg/hawkes_rates_hcsg_pooled_five_2019_sessions.csv,262400.0,1.8804462765543746,0.059421342792427022,68.469676003060087,242900,281900,1000,1000,1.0840000000000001,0.0,50,4,0.24139831364696807,226.05003418803418,228.38707692307693,0.94999999999999996,0.25,0.31472892968491073
621,HDS,data/empirical/pooled/pooled_five_2019_sessions_hds,data/empirical/pooled/pooled_five_2019_sessions_hds/hawkes_rates_hds_pooled_five_2019_sessions.csv,401850.0,1.5035679898701584,0.069285012180007682,768.57139095362254,371000,432700,100,100,1.7795555555555556,0.0,50,2,0.13160227655538023,313.92677777777777,382.71230769230772,0.94999999999999996,0.25,0.31472892968491073
622,HEAR,data/empirical/pooled/pooled_five_2019_sessions_hear,data/empirical/pooled/pooled_five_2019_sessions_hear/hawkes_rates_hear_pooled_five_2019_sessions.csv,83900.0,3.1574451036600615,0.054472413350997909,29.600723318384318,79000,88800,2,36,0.48755555555555558,0.0,50,4,0.36806961852115372,317.90708547008546,377.92779487179484,0.94999999999999996,0.25,0.054854410483294959
623,HEES,data/empirical/pooled/pooled_five_2019_sessions_hees,data/empirical/pooled/pooled_five_2019_sessions_hees/hawkes_rates_hees_pooled_five_2019_sessions.csv,274750.0,2.54898616572097,0.065028420017949479,118.17124960058209,268800,280700,100,3,1.3720000000000001,0.0,50,7,0.40552670719933198,143.42311111111113,146.86638461538462,0.94999999999999996,0.25,0.42535994603367877
624,HELE,data/empirical/pooled/pooled_five_2019_sessions_hele,data/empirical/pooled/pooled_five_2019_sessions_hele/hawkes_rates_hele_pooled_five_2019_sessions.csv,1836550.0,1.6362801068318391,0.096636608402068475,202.66324516592383,1697400,1975700,100,300,6.6531111111111114,0.0,50,28,0.65343360014763208,85.913358974358971,93.579914529914532,0.94999999999999996,0.25,0.54198644623863046
625,HFWA,data/empirical/pooled/pooled_five_2019_sessions_hfwa,data/empirical/pooled/pooled_five_2019_sessions_hfwa/hawkes_rates_hfwa_pooled_five_2019_sessions.csv,256500.0,1.9171180119292246,0.039916235736569938,178.10157748579664,230200,282800,100,100,1.302888888888889,0.0,50,6,0.43897103858605302,170.21033333333332,121.31625641025641,0.94999999999999996,0.25,0.42535994603367877
626,HIBB,data/empirical/pooled/pooled_five_2019_sessions_hibb,data/empirical/pooled/pooled_five_2019_sessions_hibb/hawkes_rates_hibb_pooled_five_2019_sessions.csv,262200.0,2.1085896705385418,0.055335698106756703,54.565957652155682,240700,283700,900,100,0.96177777777777773,0.0,50,3,0.23151922328506175,218.25552136752134,240.5402564102564,0.94999999999999996,0.25,0.31472892968491073
627,HIFS,data/empirical/pooled/pooled_five_2019_sessions_hifs,data/empirical/pooled/pooled_five_2019_sessions_hifs/hawkes_rates_hifs_pooled_five_2019_sessions.csv,2033050.0,3.5168294520514554,0.0037352023590751736,13.654013763284102,1809400,2256700,100,100,8.4766666666666666,0.0,50,507,0.50645994832041341,88.520367521367518,97.892564102564094,0.94999999999999996,0.25,0.0096468091552598823
628,HIIQ,data/empirical/pooled/pooled_five_2019_sessions_hiiq,data/empirical/pooled/pooled_five_2019_sessions_hiiq/hawkes_rates_hiiq_pooled_five_2019_sessions.csv,226850.0,3.3337809197197608,0.071114150177358004,54.300748645254892,216500,237200,900,100,1.1575555555555554,0.0,50,10,0.50474766769094481,174.52600854700853,167.70459829059831,0.94999999999999996,0.25,0.42535994603367877
629,HLIT,data/empirical/pooled/pooled_five_2019_sessions_hlit,data/empirical/pooled/pooled_five_2019_sessions_hlit/hawkes_rates_hlit_pooled_five_2019_sessions.csv,80050.0,2.2368993411579039,0.017248600367537077,67.98343676455525,74400,85700,200,100,0.34733333333333333,0.0,50,1,0.13783128032848077,876.7094615384616,698.41847008547006,0.94999999999999996,0.1222182091484173,0
630,HLNE,data/empirical/pooled/pooled_five_2019_sessions_hlne,data/empirical/pooled/pooled_five_2019_sessions_hlne/hawkes_rates_hlne_pooled_five_2019_sessions.csv,687500.0,2.4030383259658126,0.045121586392580883,80.792483836955384,653700,721300,113,100,2.5511111111111111,0.0,50,19,0.60210676301460486,128.03344444444446,92.976854700854702,0.94999999999999996,0.25,0.54198644623863046
631,HMHC,data/empirical/pooled/pooled_five_2019_sessions_hmhc,data/empirical/pooled/pooled_five_2019_sessions_hmhc/hawkes_rates_hmhc_pooled_five_2019_sessions.csv,55600.0,1.5127087934515815,0.01376981922304372,20.763674961505888,54500,56700,100,22,0.29266666666666669,0.0,50,2,0.1182824427480916,668.76629914529917,516.37252136752136,0.94999999999999996,0.1222182091484173,0
632,HMST,data/empirical/pooled/pooled_five_2019_sessions_hmst,data/empirical/pooled/pooled_five_2019_sessions_hmst/hawkes_rates_hmst_pooled_five_2019_sessions.csv,298700.0,2.1282343800328927,0.04143766827642207,66.728162363815798,281500,315900,100,43,1.1835555555555555,0.0,50,7,0.43718770504214405,151.99441025641025,133.22319658119659,0.94999999999999996,0.25,0.42535994603367877
633,HMSY,data/empirical/pooled/pooled_five_2019_sessions_hmsy,data/empirical/pooled/pooled_five_2019_sessions_hmsy/hawkes_rates_hmsy_pooled_five_2019_sessions.csv,278300.0,1.9005927006695262,0.076883627505448943,51.408732713541596,253600,303000,800,900,1.2937777777777777,0.0,50,4,0.29080065940459643,213.67811965811967,191.05088034188034,0.94999999999999996,0.25,0.31472892968491073
634,HMTV,data/empirical/pooled/pooled_five_2019_sessions_hmtv,data/empirical/pooled/pooled_five_2019_sessions_hmtv/hawkes_rates_hmtv_pooled_five_2019_sessions.csv,137600.0,2.5256745567875729,0.010444890807299458,17.779908611675481,123100,152100,100,100,0.58022222222222219,0.0,50,13,0.34452736318407962,165.52579487179486,124.24219658119657,0.94999999999999996,0.25,0.42535994603367877
635,HNRG,data/empirical/pooled/pooled_five_2019_sessions_hnrg,data/empirical/pooled/pooled_five_2019_sessions_hnrg/hawkes_rates_hnrg_pooled_five_2019_sessions.csv,18500.0,2.6190379356039082,0.0072567203726654986,49.794341057702127,17500,19500,5,100,0.23533333333333334,0.0,50,4,0.33035048471290079,298.45339316239313,198.98862393162395,0.94999999999999996,0.25,0.054854410483294959
636,HOFT,data/empirical/pooled/pooled_five_2019_sessions_hoft,data/empirical/pooled/pooled_five_2019_sessions_hoft/hawkes_rates_hoft_pooled_five_2019_sessions.csv,245700.0,2.5901870179591775,0.023787341339373477,43.016092418606853,219800,271600,100,100,1.1724444444444444,0.0,50,19,0.47333589104162671,205.53991452991454,160.39586324786325,0.94999999999999996,0.25,0.42535994603367877
637,HOLX,data/empirical/pooled/pooled_five_2019_sessions_holx,data/empirical/pooled/pooled_five_2019_sessions_holx/hawkes_rates_holx_pooled_five_2019_sessions.csv,546000.0,1.0037473643089376,0.099876063079618785,51.655383429854517,517200,574800,400,1100,2.0924444444444443,0.0,50,2,0.14578632609695721,341.3226153846154,282.66274358974363,0.94999999999999996,0.25,0.40263407090880049
638,HOMB,data/empirical/pooled/pooled_five_2019_sessions_homb,data/empirical/pooled/pooled_five_2019_sessions_homb/hawkes_rates_homb_pooled_five_2019_sessions.csv,195500.0,1.5051757086861046,0.045446386597717853,22.569596466227072,180600,210400,1400,100,0.80666666666666664,0.0,50,1,0.10781402142161636,355.10329059829058,356.24763247863245,0.94999999999999996,0.25,0.31472892968491073
639,HONE,data/empirical/pooled/pooled_five_2019_sessions_hone,data/empirical/pooled/pooled_five_2019_sessions_hone/hawkes_rates_hone_pooled_five_2019_sessions.csv,113750.0,0.77047581479394367,0.0061370144023248857,43.813325533540066,110600,116900,81,3600,0.75155555555555553,0.0,50,4,0.13505473584007616,593.7647435897436,574.65308547008544,0.94999999999999996,0.1222182091484173,0
640,HOPE,data/empirical/pooled/pooled_five_2019_sessions_hope,data/empirical/pooled/pooled_five_2019_sessions_hope/hawkes_rates_hope_pooled_five_2019_sessions.csv,134350.0,1.1674410299875264,0.026479764092482583,35.630541636173973,124400,144300,1500,100,0.63844444444444448,0.0,50,1,0.054294579784775865,541.65590598290601,603.61691452991454,0.94999999999999996,0.1222182091484173,0
641,HQY,data/empirical/pooled/pooled_five_2019_sessions_hqy,data/empirical/pooled/pooled_five_2019_sessions_hqy/hawkes_rates_hqy_pooled_five_2019_sessions.csv,713400.0,1.9837011157717543,0.12299670926107953,67.485962433953446,696800,730000,100,200,3.2186666666666666,0.0,50,10,0.50827577218819231,127.55641880341882,135.56272649572651,0.94999999999999996,0.25,0.54198644623863046
642,HROW,data/empirical/pooled/pooled_five_2019_sessions_hrow,data/empirical/pooled/pooled_five_2019_sessions_hrow/hawkes_rates_hrow_pooled_five_2019_sessions.csv,69050.0,3.9517078013874354,0.014752767212274028,19.103667687494919,60400,77700,100,900,0.26977777777777778,0.0,50,5,0.40287039721658452,360.8290512820513,325.12051282051283,0.94999999999999996,0.25,0.054854410483294959
643,HRZN,data/empirical/pooled/pooled_five_2019_sessions_hrzn,data/empirical/pooled/pooled_five_2019_sessions_hrzn/hawkes_rates_hrzn_pooled_five_2019_sessions.csv,131300.0,0.93360574918552164,0.0082054788666182325,20.183827778981726,126800,135800,349,100,0.53844444444444439,0.0,50,4,0.47499171911228882,328.4448717948718,713.73577777777768,0.94999999999999996,0.1222182091484173,0
644,HSIC,data/empirical/pooled/pooled_five_2019_sessions_hsic,data/empirical/pooled/pooled_five_2019_sessions_hsic/hawkes_rates_hsic_pooled_five_2019_sessions.csv,685550.0,1.0214756545630597,0.10565408778152911,49.892156280858011,660000,711100,10,2,2.9159999999999999,0.0,50,3,0.284109642627623,190.56754700854702,210.30926495726493,0.94999999999999996,0.11621735476962097,0
645,HSII,data/empirical/pooled/pooled_five_2019_sessions_hsii,data/empirical/pooled/pooled_five_2019_sessions_hsii/hawkes_rates_hsii_pooled_five_2019_sessions.csv,278050.0,3.5013052437589463,0.039958972605666908,464.39420326115538,261600,294500,100,80,1.449111111111111,0.0,50,13,0.51247534516765281,147.43186324786325,149.23909401709403,0.94999999999999996,0.25,0.42535994603367877
646,HSKA,data/empirical/pooled/pooled_five_2019_sessions_hska,data/empirical/pooled/pooled_five_2019_sessions_hska/hawkes_rates_hska_pooled_five_2019_sessions.csv,1009200.0,3.6483458744682196,0.052318475148510624,59.729245404595183,995000,1023400,100,4,3.6997777777777778,0.0,50,63,0.59557791296209639,121.25076068376067,87.575948717948719,0.94999999999999996,0.25,0.0096468091552598823
647,HSTM,data/empirical/pooled/pooled_five_2019_sessions_hstm,data/empirical/pooled/pooled_five_2019_sessions_hstm/hawkes_rates_hstm_pooled_five_2019_sessions.csv,253400.0,2.2247543230931046,0.039694004017265694,121.84274378705632,227300,279500,100,100,1.2453333333333334,0.0,50,7,0.45921889191643961,131.8986752136752,137.62282051282051,0.94999999999999996,0.25,0.42535994603367877
648,HTBI,data/empirical/pooled/pooled_five_2019_sessions_htbi,data/empirical/pooled/pooled_five_2019_sessions_htbi/hawkes_rates_htbi_pooled_five_2019_sessions.csv,263000.0,2.0517535731756604,0.014735672464635242,85.573880378570138,234900,291100,100,100,1.1406666666666667,0.0,50,20,0.48034569277948147,166.89182051282052,114.76968376068376,0.94999999999999996,0.25,0.42535994603367877
649,HTBK,data/empirical/pooled/pooled_five_2019_sessions_htbk,data/empirical/pooled/pooled_five_2019_sessions_htbk/hawkes_rates_htbk_pooled_five_2019_sessions.csv,117500.0,1.0026702946043071,0.019308517458011026,19.444548249062791,109100,125900,100,1500,0.55800000000000005,0.0,50,2,0.21442807836274366,337.05220512820517,227.50504273504276,0.94999999999999996,0.1222182091484173,0
650,HTLD,data/empirical/pooled/pooled_five_2019_sessions_htld,data/empirical/pooled/pooled_five_2019_sessions_htld/hawkes_rates_htld_pooled_five_2019_sessions.csv,194600.0,1.8324691971325717,0.040300867558442671,141.24047320976709,180900,208300,900,100,0.92222222222222228,0.0,50,3,0.24300232288037166,248.03963247863248,202.71277777777777,0.94999999999999996,0.25,0.31472892968491073
651,HTLF,data/empirical/pooled/pooled_five_2019_sessions_htlf,data/empirical/pooled/pooled_five_2019_sessions_htlf/hawkes_rates_htlf_pooled_five_2019_sessions.csv,514600.0,2.4629636595519977,0.053959570921834267,170.11143680303644,471300,557900,100,100,2.0502222222222222,0.0,50,17,0.6491740499139973,158.40315384615386,126.01608547008547,0.94999999999999996,0.25,0.54198644623863046
652,HUBG,data/empirical/pooled/pooled_five_2019_sessions_hubg,data/empirical/pooled/pooled_five_2019_sessions_hubg/hawkes_rates_hubg_pooled_five_2019_sessions.csv,530500.0,2.3337954590212497,0.074960468396085306,486.47130536109796,484100,576900,100,100,2.0393333333333334,0.0,50,9,0.5337901981725407,118.3725641025641,109.86752136752136,0.94999999999999996,0.25,0.54198644623863046
653,HURC,data/empirical/pooled/pooled_five_2019_sessions_hurc,data/empirical/pooled/pooled_five_2019_sessions_hurc/hawkes_rates_hurc_pooled_five_2019_sessions.csv,311900.0,2.0002132692112515,0.01012863797598188,102.7506760516638,281700,342100,100,100,1.7008888888888889,0.0,50,43,0.46883468834688347,162.58870085470085,174.63396581196582,0.94999999999999996,0.25,0.0096468091552598823
654,HURN,data/empirical/pooled/pooled_five_2019_sessions_hurn,data/empirical/pooled/pooled_five_2019_sessions_hurn/hawkes_rates_hurn_pooled_five_2019_sessions.csv,665250.0,2.4343195204129318,0.034531390230351719,174.99218358452117,596700,733800,100,100,2.5175555555555555,0.0,50,30,0.57756709228534286,140.01402564102563,129.39492307692308,0.94999999999999996,0.25,0.54198644623863046
655,HWC,data/empirical/pooled/pooled_five_2019_sessions_hwc,data/empirical/pooled/pooled_five_2019_sessions_hwc/hawkes_rates_hwc_pooled_five_2019_sessions.csv,394300.0,1.7310983405413238,0.070780802598401638,112.818516086627,357600,431000,100,700,1.8351111111111111,0.0,50,6,0.39655978038665968,154.22435042735043,131.77600000000001,0.94999999999999996,0.25,0.31472892968491073
656,HWCC,data/empirical/pooled/pooled_five_2019_sessions_hwcc,data/empirical/pooled/pooled_five_2019_sessions_hwcc/hawkes_rates_hwcc_pooled_five_2019_sessions.csv,42000.0,3.4380545557967084,0.0048292662079576056,62.857782295556738,36300,47700,1,85,0.19177777777777777,0.0,50,7,0.50512581547064306,279.18759829059832,276.91093162393162,0.94999999999999996,0.25,0.054854410483294959
657,HWKN,data/empirical/pooled/pooled_five_2019_sessions_hwkn,data/empirical/pooled/pooled_five_2019_sessions_hwkn/hawkes_rates_hwkn_pooled_five_2019_sessions.csv,443500.0,2.1139937507027096,0.014026240437625539,77.641570939711457,376700,510300,100,100,1.8391111111111111,0.0,50,43,0.32683846637335007,193.48055555555555,145.0822735042735,0.94999999999999996,0.25,0.0096468091552598823
658,HYRE,data/empirical/pooled/pooled_five_2019_sessions_hyre,data/empirical/pooled/pooled_five_2019_sessions_hyre/hawkes_rates_hyre_pooled_five_2019_sessions.csv,30550.0,7.5383363105170273,0.019103380486345571,39.902715275104143,28100,33000,100,100,0.14044444444444446,0.0,50,5,0.44508301404853129,910.69243589743598,595.28223076923075,0.94999999999999996,0.25,0.36419212403997098
659,HZNP,data/empirical/pooled/pooled_five_2019_sessions_hznp,data/empirical/pooled/pooled_five_2019_sessions_hznp/hawkes_rates_hznp_pooled_five_2019_sessions.csv,357350.0,1.7540425412503495,0.07390059404248045,33.220128704271289,340500,374200,1200,100,1.2006666666666668,0.0,50,2,0.15863970588235293,330.35443589743591,294.13311111111113,0.94999999999999996,0.25,0.31472892968491073
660,IAC,data/empirical/pooled/pooled_five_2019_sessions_iac,data/empirical/pooled/pooled_five_2019_sessions_iac/hawkes_rates_iac_pooled_five_2019_sessions.csv,2542000.0,1.7438151623075979,0.14417710158553784,128.75451819426351,2499000,2585000,50,50,10.125555555555556,0.0,50,27,0.56599303496756992,121.85834188034187,109.69958974358974,0.94999999999999996,0.11621735476962097,0
661,IART,data/empirical/pooled/pooled_five_2019_sessions_iart,data/empirical/pooled/pooled_five_2019_sessions_iart/hawkes_rates_iart_pooled_five_2019_sessions.csv,548300.0,1.8939776386022471,0.10233770673960425,115.07348872726621,487700,608900,100,100,2.6077777777777778,0.0,50,7,0.50162122816304922,134.12170085470086,132.15559829059831,0.94999999999999996,0.25,0.31472892968491073
662,IBCP,data/empirical/pooled/pooled_five_2019_sessions_ibcp,data/empirical/pooled/pooled_five_2019_sessions_ibcp/hawkes_rates_ibcp_pooled_five_2019_sessions.csv,227100.0,2.1712065590239629,0.032061199196546861,108.02591659415495,215400,238800,71,100,0.99133333333333329,0.0,50,6,0.45211154393124342,176.04568376068374,139.04988888888889,0.94999999999999996,0.25,0.42535994603367877
663,IBKC,data/empirical/pooled/pooled_five_2019_sessions_ibkc,data/empirical/pooled/pooled_five_2019_sessions_ibkc/hawkes_rates_ibkc_pooled_five_2019_sessions.csv,740300.0,2.2375195061770747,0.097918714474977561,711.09284277163829,670900,809700,100,100,3.3342222222222224,0.0,50,11,0.56408062196165543,139.39976923076924,133.46907692307693,0.94999999999999996,0.25,0.54198644623863046
664,IBOC,data/empirical/pooled/pooled_five_2019_sessions_iboc,data/empirical/pooled/pooled_five_2019_sessions_iboc/hawkes_rates_iboc_pooled_five_2019_sessions.csv,419400.0,2.1820331018577912,0.065156630625240394,128.48556063166583,398700,440100,3,100,1.7655555555555555,0.0,50,9,0.53088310362429814,131.61784615384616,118.77981196581194,0.94999999999999996,0.25,0.42535994603367877
665,IBTX,data/empirical/pooled/pooled_five_2019_sessions_ibtx,data/empirical/pooled/pooled_five_2019_sessions_ibtx/hawkes_rates_ibtx_pooled_five_2019_sessions.csv,530400.0,2.085238715849842,0.0847899482883884,135.78695803973841,489900,570900,700,700,2.3697777777777778,0.0,50,11,0.58792132279458531,135.46766666666667,135.04685470085468,0.94999999999999996,0.25,0.54198644623863046
666,ICAD,data/empirical/pooled/pooled_five_2019_sessions_icad,data/empirical/pooled/pooled_five_2019_sessions_icad/hawkes_rates_icad_pooled_five_2019_sessions.csv,91550.0,4.8868946450414734,0.017564853198854653,23.252868145996764,86100,97000,30,100,0.29688888888888887,0.0,50,6,0.66074685071402517,336.37812820512818,262.28211965811965,0.94999999999999996,0.25,0.054854410483294959
667,ICFI,data/empirical/pooled/pooled_five_2019_sessions_icfi,data/empirical/pooled/pooled_five_2019_sessions_icfi/hawkes_rates_icfi_pooled_five_2019_sessions.csv,845900.0,2.4313802358303618,0.049343989059361507,266.54794085446343,795400,896400,100,59,3.9140000000000001,0.0,50,31,0.63538585641301426,128.05957264957266,118.53158119658119,0.94999999999999996,0.25,0.0096468091552598823
668,ICPT,data/empirical/pooled/pooled_five_2019_sessions_icpt,data/empirical/pooled/pooled_five_2019_sessions_icpt/hawkes_rates_icpt_pooled_five_2019_sessions.csv,957550.0,2.5690449239113571,0.11012436428907217,33.023575466559137,929800,985300,5,100,4.974444444444444,0.0,50,27,0.56830428606858607,123.64160683760683,102.12642735042735,0.94999999999999996,0.25,0.54198644623863046
669,ICUI,data/empirical/pooled/pooled_five_2019_sessions_icui,data/empirical/pooled/pooled_five_2019_sessions_icui/hawkes_rates_icui_pooled_five_2019_sessions.csv,1857600.0,2.0246658624698504,0.087072097098166587,205.59237313636325,1685000,2030200,200,400,9.9788888888888891,0.0,50,69,0.6355272645896014,78.677666666666667,95.554965811965815,0.94999999999999996,0.25,0.54198644623863046
670,IDCC,data/empirical/pooled/pooled_five_2019_sessions_idcc,data/empirical/pooled/pooled_five_2019_sessions_idcc/hawkes_rates_idcc_pooled_five_2019_sessions.csv,589300.0,1.5575427267981983,0.074567289200393183,104.87436437403147,555000,623600,1800,400,2.8246666666666669,0.0,50,9,0.51132617249813894,139.08597435897437,106.37234188034188,0.94999999999999996,0.25,0.31472892968491073
671,IDRA,data/empirical/pooled/pooled_five_2019_sessions_idra,data/empirical/pooled/pooled_five_2019_sessions_idra/hawkes_rates_idra_pooled_five_2019_sessions.csv,18900.0,4.8204931526459536,0.0082824052309927766,19.158528517597436,17000,20800,2000,100,0.11688888888888889,0.0,50,3,0.18612137832359604,851.22637606837611,809.21272649572643,0.94999999999999996,0.25,0.36419212403997098
672,IDXX,data/empirical/pooled/pooled_five_2019_sessions_idxx,data/empirical/pooled/pooled_five_2019_sessions_idxx/hawkes_rates_idxx_pooled_five_2019_sessions.csv,2791300.0,1.2515168001399304,0.16642591563742043,106.26832852383322,2789400,2793200,21,10,11.869333333333334,0.0,50,24,0.58735393135779201,93.718658119658116,79.560863247863239,0.94999999999999996,0.11621735476962097,0
673,IESC,data/empirical/pooled/pooled_five_2019_sessions_iesc,data/empirical/pooled/pooled_five_2019_sessions_iesc/hawkes_rates_iesc_pooled_five_2019_sessions.csv,286700.0,2.5355943535563323,0.0055985298517030636,19.134241365260291,244000,329400,100,100,0.83844444444444444,0.0,50,25,0.39975399753997543,162.36945299145299,138.33404273504271,0.94999999999999996,0.25,0.0096468091552598823
674,IFRX,data/empirical/pooled/pooled_five_2019_sessions_ifrx,data/empirical/pooled/pooled_five_2019_sessions_ifrx/hawkes_rates_ifrx_pooled_five_2019_sessions.csv,35250.0,3.8338419205469343,0.017419547843924955,20.499403994824387,34500,36000,49,930,0.18844444444444444,0.0,100,26,0.12950146627565984,736.72757264957261,564.21573504273499,0.94999999999999996,0.25,0.054854410483294959
675,III,data/empirical/pooled/pooled_five_2019_sessions_iii,data/empirical/pooled/pooled_five_2019_sessions_iii/hawkes_rates_iii_pooled_five_2019_sessions.csv,27950.0,2.147068343244265,0.002598401641095773,33.183965805406437,25600,30300,100,100,0.11488888888888889,0.0,50,2,0.19364024679639297,508.59842735042741,359.80368376068378,0.94999999999999996,0.25,0.36419212403997098
676,IIIN,data/empirical/pooled/pooled_five_2019_sessions_iiin,data/empirical/pooled/pooled_five_2019_sessions_iiin/hawkes_rates_iiin_pooled_five_2019_sessions.csv,228650.0,3.3425876376041939,0.042181289798709345,37.322271708458814,208600,248700,600,600,0.90733333333333333,0.0,50,9,0.56451612903225812,117.77751282051281,123.72994871794872,0.94999999999999996,0.25,0.42535994603367877
677,IIIV,data/empirical/pooled/pooled_five_2019_sessions_iiiv,data/empirical/pooled/pooled_five_2019_sessions_iiiv/hawkes_rates_iiiv_pooled_five_2019_sessions.csv,313550.0,3.3177705092479974,0.036044275396384461,27.547151786701168,306200,320900,100,121,1.046,0.0,50,25,0.58749084127089857,158.45720512820512,176.93055555555557,0.94999999999999996,0.25,0.0096468091552598823
678,IIN,data/empirical/pooled/pooled_five_2019_sessions_iin,data/empirical/pooled/pooled_five_2019_sessions_iin/hawkes_rates_iin_pooled_five_2019_sessions.csv,171950.0,3.3659431618995121,0.041796657976836613,40.539823464722957,162900,181000,100,7,0.92222222222222228,0.0,50,11,0.46719392597279341,167.34642735042735,135.26249572649573,0.94999999999999996,0.25,0.42535994603367877
679,IIVI,data/empirical/pooled/pooled_five_2019_sessions_iivi,data/empirical/pooled/pooled_five_2019_sessions_iivi/hawkes_rates_iivi_pooled_five_2019_sessions.csv,347500.0,1.9007667639817238,0.11262874481815462,71.080355176788061,340000,355000,10,5,1.4986666666666666,0.0,50,4,0.30582529646894691,202.40783760683763,230.50831623931623,0.94999999999999996,0.25,0.31472892968491073
680,ILMN,data/empirical/pooled/pooled_five_2019_sessions_ilmn,data/empirical/pooled/pooled_five_2019_sessions_ilmn/hawkes_rates_ilmn_pooled_five_2019_sessions.csv,2975000.0,1.8798700174305192,0.23398435830591052,170.23384834944048,2970000,2980000,1,100,13.530444444444445,0.0,50,25,0.56405124411043184,106.86434188034188,98.932470085470086,0.94999999999999996,0.11621735476962097,0
681,IMGN,data/empirical/pooled/pooled_five_2019_sessions_imgn,data/empirical/pooled/pooled_five_2019_sessions_imgn/hawkes_rates_imgn_pooled_five_2019_sessions.csv,49150.0,2.8528989253031818,0.011573144151459465,9.1024062477196228,48500,49800,11,107,0.11533333333333333,0.0,50,1,0.032543385586250882,3052.3946923076924,2745.4281025641026,0.94999999999999996,0.25,0.14684855564149249
682,IMKTA,data/empirical/pooled/pooled_five_2019_sessions_imkta,data/empirical/pooled/pooled_five_2019_sessions_imkta/hawkes_rates_imkta_pooled_five_2019_sessions.csv,452100.0,2.332427320046881,0.043548869609812385,67.066770426519057,430300,473900,2,100,1.4099999999999999,0.0,50,16,0.60918023170552871,126.79657264957265,122.99241880341881,0.94999999999999996,0.25,0.42535994603367877
683,IMMR,data/empirical/pooled/pooled_five_2019_sessions_immr,data/empirical/pooled/pooled_five_2019_sessions_immr/hawkes_rates_immr_pooled_five_2019_sessions.csv,72000.0,1.5300603246340103,0.015906662677892217,36.867069043711361,68500,75500,100,50,0.36244444444444446,0.0,50,2,0.20613388381008552,733.89262393162403,324.2438803418803,0.94999999999999996,0.1222182091484173,0
684,IMXI,data/empirical/pooled/pooled_five_2019_sessions_imxi,data/empirical/pooled/pooled_five_2019_sessions_imxi/hawkes_rates_imxi_pooled_five_2019_sessions.csv,108450.0,2.7272437974201633,0.013120218812769776,37.413397243341464,97600,119300,100,100,0.55822222222222218,0.0,50,13,0.31868407835258666,331.07851282051286,180.49305128205128,0.94999999999999996,0.25,0.42535994603367877
685,INBK,data/empirical/pooled/pooled_five_2019_sessions_inbk,data/empirical/pooled/pooled_five_2019_sessions_inbk/hawkes_rates_inbk_pooled_five_2019_sessions.csv,247250.0,3.1456373092689356,0.018761485533569811,89.343011852451994,233400,261100,100,17,0.92555555555555558,0.0,50,14,0.51742009789807086,206.98357264957264,164.15741880341881,0.94999999999999996,0.25,0.42535994603367877
686,INCY,data/empirical/pooled/pooled_five_2019_sessions_incy,data/empirical/pooled/pooled_five_2019_sessions_incy/hawkes_rates_incy_pooled_five_2019_sessions.csv,742000.0,1.7441260052554728,0.14348476430616691,66.747604327892219,738000,746000,100,44,3.7486666666666668,0.0,50,7,0.45770679035435524,146.48912820512822,149.44018803418803,0.94999999999999996,0.25,0.31472892968491073
687,INDB,data/empirical/pooled/pooled_five_2019_sessions_indb,data/empirical/pooled/pooled_five_2019_sessions_indb/hawkes_rates_indb_pooled_five_2019_sessions.csv,708400.0,2.1154437840778066,0.089132014188640543,51.711616119672009,645700,771100,100,100,3.556888888888889,0.0,50,16,0.63728320562634311,123.77963247863246,103.37382051282052,0.94999999999999996,0.25,0.54198644623863046
688,INFN,data/empirical/pooled/pooled_five_2019_sessions_infn,data/empirical/pooled/pooled_five_2019_sessions_infn/hawkes_rates_infn_pooled_five_2019_sessions.csv,76850.0,1.8836191031228231,0.0083422368477285343,4.851931957743445,73100,80600,100,3800,0.19533333333333333,0.0,100,1,0.016782341563317784,4020.1911452991453,2517.8302991452993,0.94999999999999996,0.25,0.14684855564149249
689,INGN,data/empirical/pooled/pooled_five_2019_sessions_ingn,data/empirical/pooled/pooled_five_2019_sessions_ingn/hawkes_rates_ingn_pooled_five_2019_sessions.csv,459900.0,2.427215203866437,0.11245779734176672,225.97098388831213,423000,496800,700,1400,3.1055555555555556,0.0,50,21,0.57252492938093458,127.75558974358974,102.70650427350427,0.94999999999999996,0.25,0.54198644623863046
690,INO,data/empirical/pooled/pooled_five_2019_sessions_ino,data/empirical/pooled/pooled_five_2019_sessions_ino/hawkes_rates_ino_pooled_five_2019_sessions.csv,48450.0,2.5224323853623694,0.0073080046155818632,9.5273889042698254,48400,48500,744,584,0.14888888888888888,0.0,50,1,0.033974129556725803,1355.6622735042733,1323.7288119658119,0.94999999999999996,0.25,0.14684855564149249
691,INOV,data/empirical/pooled/pooled_five_2019_sessions_inov,data/empirical/pooled/pooled_five_2019_sessions_inov/hawkes_rates_inov_pooled_five_2019_sessions.csv,194900.0,2.794134536095112,0.026385742980469251,445.27546845710845,186400,203400,900,77,0.62911111111111107,0.0,50,3,0.20351674238600034,292.02130769230769,320.31918803418802,0.94999999999999996,0.25,0.42535994603367877
692,INSG,data/empirical/pooled/pooled_five_2019_sessions_insg,data/empirical/pooled/pooled_five_2019_sessions_insg/hawkes_rates_insg_pooled_five_2019_sessions.csv,73450.0,2.5648441018612131,0.020265823325783153,10.611922335565168,72900,74000,210,21,0.22933333333333333,0.0,50,1,0.12739701167503478,723.85694017094011,1054.2769230769231,0.94999999999999996,0.25,0.36419212403997098
693,INSM,data/empirical/pooled/pooled_five_2019_sessions_insm,data/empirical/pooled/pooled_five_2019_sessions_insm/hawkes_rates_insm_pooled_five_2019_sessions.csv,210500.0,3.8154517944717714,0.08608914910893628,81.673874588712607,192000,229000,100,100,1.0620000000000001,0.0,50,5,0.35084602824280919,239.89591452991453,183.1810512820513,0.94999999999999996,0.25,0.42535994603367877
694,INTC,data/empirical/pooled/pooled_five_2019_sessions_intc,data/empirical/pooled/pooled_five_2019_sessions_intc/hawkes_rates_intc_pooled_five_2019_sessions.csv,657300.0,1.0678945979555179,0.13678362323176202,10.189625739077126,655900,658700,180,400,2.379777777777778,0.0,50,1,0.019394573803814649,1794.1678888888887,1813.7255042735044,0.94999999999999996,0.25,0.40263407090880049
695,INTL,data/empirical/pooled/pooled_five_2019_sessions_intl,data/empirical/pooled/pooled_five_2019_sessions_intl/hawkes_rates_intl_pooled_five_2019_sessions.csv,474700.0,1.7137260961184702,0.029949997863156545,47.894608388342498,430000,519400,100,400,1.8448888888888888,0.0,50,18,0.63865127481106221,163.55339316239315,123.42369230769232,0.94999999999999996,0.25,0.54198644623863046
696,INTU,data/empirical/pooled/pooled_five_2019_sessions_intu,data/empirical/pooled/pooled_five_2019_sessions_intu/hawkes_rates_intu_pooled_five_2019_sessions.csv,2838450.0,1.0245645064441262,0.22588999529894443,182.48466214568066,2831200,2845700,100,63,11.529555555555556,0.0,50,13,0.52066900993928789,93.555384615384611,118.48376923076924,0.94999999999999996,0.11621735476962097,0
697,INVA,data/empirical/pooled/pooled_five_2019_sessions_inva,data/empirical/pooled/pooled_five_2019_sessions_inva/hawkes_rates_inva_pooled_five_2019_sessions.csv,140450.0,2.5620538880282338,0.041198341809479039,128.6405110796758,127700,153200,100,2900,0.61288888888888893,0.0,50,2,0.19483705981960811,409.67263247863247,449.41747008547009,0.94999999999999996,0.1222182091484173,0
698,INWK,data/empirical/pooled/pooled_five_2019_sessions_inwk,data/empirical/pooled/pooled_five_2019_sessions_inwk/hawkes_rates_inwk_pooled_five_2019_sessions.csv,45000.0,2.7424542195338568,0.010154280097440061,100.60702750602843,40300,49700,1000,100,0.19888888888888889,0.0,50,2,0.17058110045208955,336.34704273504275,499.4844358974359,0.94999999999999996,0.25,0.36419212403997098
699,IONS,data/empirical/pooled/pooled_five_2019_sessions_ions,data/empirical/pooled/pooled_five_2019_sessions_ions/hawkes_rates_ions_pooled_five_2019_sessions.csv,604400.0,2.2127769999224722,0.11975725458352922,71.611075390019664,591100,617700,100,25,2.7428888888888889,0.0,50,7,0.42080246913580249,157.83788034188032,156.60814529914529,0.94999999999999996,0.25,0.31472892968491073
700,IOSP,data/empirical/pooled/pooled_five_2019_sessions_iosp,data/empirical/pooled/pooled_five_2019_sessions_iosp/hawkes_rates_iosp_pooled_five_2019_sessions.csv,982100.0,2.9718315420284149,0.060472669772212481,484.4861768671505,930500,1033700,100,43,4.0337777777777779,0.0,50,33,0.6225229730574483,129.33150427350427,95.145982905982905,0.94999999999999996,0.25,0.54198644623863046
701,IOTS,data/empirical/pooled/pooled_five_2019_sessions_iots,data/empirical/pooled/pooled_five_2019_sessions_iots/hawkes_rates_iots_pooled_five_2019_sessions.csv,78950.0,2.9947478377979717,0.02713791187657592,19.606596510162607,75000,82900,40,1263,0.35755555555555557,0.0,50,3,0.27912028237849579,300.41838461538464,205.07582051282051,0.94999999999999996,0.25,0.42535994603367877
702,IOVA,data/empirical/pooled/pooled_five_2019_sessions_iova,data/empirical/pooled/pooled_five_2019_sessions_iova/hawkes_rates_iova_pooled_five_2019_sessions.csv,225100.0,3.1308614678204019,0.06126757553741613,45.834875743475834,213900,236300,100,100,0.94799999999999995,0.0,50,4,0.23407117524764584,285.87426495726493,263.59236752136752,0.94999999999999996,0.25,0.31472892968491073
703,IPAR,data/empirical/pooled/pooled_five_2019_sessions_ipar,data/empirical/pooled/pooled_five_2019_sessions_ipar/hawkes_rates_ipar_pooled_five_2019_sessions.csv,736600.0,1.8652999037926572,0.035257917005000215,45.48794489041709,700400,772800,98,100,3.1657777777777776,0.0,50,27,0.52446183953033265,139.20075213675213,101.47592307692307,0.94999999999999996,0.25,0.54198644623863046
704,IPGP,data/empirical/pooled/pooled_five_2019_sessions_ipgp,data/empirical/pooled/pooled_five_2019_sessions_ipgp/hawkes_rates_ipgp_pooled_five_2019_sessions.csv,1321600.0,2.550598851707035,0.15717765716483609,602.21222793557263,1260000,1383200,1,400,5.9375555555555559,0.0,50,21,0.5740102306246655,130.56178632478631,110.7841794871795,0.94999999999999996,0.25,0.54198644623863046
705,IPHS,data/empirical/pooled/pooled_five_2019_sessions_iphs,data/empirical/pooled/pooled_five_2019_sessions_iphs/hawkes_rates_iphs_pooled_five_2019_sessions.csv,319550.0,2.2412389081734156,0.030308987563571095,284.6203832800299,319500,319600,100,144,1.4066666666666667,0.0,50,10,0.55217043554133649,17123.831111111111,340.73276068376066,0.94999999999999996,0.25,0.14684855564149249
706,IRBT,data/empirical/pooled/pooled_five_2019_sessions_irbt,data/empirical/pooled/pooled_five_2019_sessions_irbt/hawkes_rates_irbt_pooled_five_2019_sessions.csv,511250.0,2.1609039381156401,0.11903072780888073,53.794044688025984,502500,520000,100,100,3.2877777777777779,0.0,50,11,0.48361252731245447,170.18806837606837,157.47627350427351,0.94999999999999996,0.25,0.54198644623863046
707,IRDM,data/empirical/pooled/pooled_five_2019_sessions_irdm,data/empirical/pooled/pooled_five_2019_sessions_irdm/hawkes_rates_irdm_pooled_five_2019_sessions.csv,253400.0,2.0511089426471991,0.073840762425744694,82.161233574922363,243800,263000,900,5,1.1291111111111112,0.0,50,3,0.28161992639994199,257.74937606837608,246.64594017094018,0.94999999999999996,0.25,0.31472892968491073
708,IRMD,data/empirical/pooled/pooled_five_2019_sessions_irmd,data/empirical/pooled/pooled_five_2019_sessions_irmd/hawkes_rates_irmd_pooled_five_2019_sessions.csv,254000.0,4.1737863218644993,0.033582631736398992,22.637506865876482,231400,276600,100,100,1.1028888888888888,0.0,50,24,0.60097293251839845,137.63671794871794,178.61075213675213,0.94999999999999996,0.25,0.0096468091552598823
709,IRWD,data/empirical/pooled/pooled_five_2019_sessions_irwd,data/empirical/pooled/pooled_five_2019_sessions_irwd/hawkes_rates_irwd_pooled_five_2019_sessions.csv,119450.0,2.0235136958144073,0.037770844907902043,38.693000459309566,116400,122500,100,200,0.57088888888888889,0.0,50,2,0.11309566506467733,539.22204273504281,457.18767521367516,0.94999999999999996,0.1222182091484173,0
710,ISBC,data/empirical/pooled/pooled_five_2019_sessions_isbc,data/empirical/pooled/pooled_five_2019_sessions_isbc/hawkes_rates_isbc_pooled_five_2019_sessions.csv,115550.0,0.94396547829530175,0.013368092653532202,4.822282178918992,111200,119900,2900,1,0.52533333333333332,0.0,100,1,0.01518869432839556,2790.0466495726496,2381.2766666666666,0.94999999999999996,0.25,0.14684855564149249
711,ISRG,data/empirical/pooled/pooled_five_2019_sessions_isrg,data/empirical/pooled/pooled_five_2019_sessions_isrg/hawkes_rates_isrg_pooled_five_2019_sessions.csv,5683850.0,1.1730248444665246,0.20004273686909696,99.334246471277325,5657700,5710000,3,3,24.819111111111113,0.0,50,46,0.61812737251060323,60.990282051282051,70.925692307692302,0.94999999999999996,0.11621735476962097,0
712,ITCI,data/empirical/pooled/pooled_five_2019_sessions_itci,data/empirical/pooled/pooled_five_2019_sessions_itci/hawkes_rates_itci_pooled_five_2019_sessions.csv,232000.0,3.6373126844308383,0.057540920552160348,200.01783562392899,228000,236000,200,29,0.49399999999999999,0.0,50,4,0.28685241713753762,293.54317948717949,303.96499145299146,0.94999999999999996,0.25,0.42535994603367877
713,ITI,data/empirical/pooled/pooled_five_2019_sessions_iti,data/empirical/pooled/pooled_five_2019_sessions_iti/hawkes_rates_iti_pooled_five_2019_sessions.csv,50750.0,3.2807952533465712,0.0093850164536946022,132.37977486086041,47600,53900,1200,596,0.22533333333333333,0.0,50,3,0.26367435944030526,300.46433333333334,512.28302564102557,0.94999999999999996,0.25,0.36419212403997098
714,ITIC,data/empirical/pooled/pooled_five_2019_sessions_itic,data/empirical/pooled/pooled_five_2019_sessions_itic/hawkes_rates_itic_pooled_five_2019_sessions.csv,1622550.0,4.0194161864969766,0.0048292662079576056,19.251547939415868,1445100,1800000,100,100,7.4202222222222218,0.0,50,393,0.37891520244461419,127.45076923076924,198.07244444444444,0.94999999999999996,0.25,0.0096468091552598823
715,ITRI,data/empirical/pooled/pooled_five_2019_sessions_itri,data/empirical/pooled/pooled_five_2019_sessions_itri/hawkes_rates_itri_pooled_five_2019_sessions.csv,887350.0,1.7829292734072548,0.07260139322193257,76.915567343876432,845500,929200,100,100,2.6413333333333333,0.0,50,13,0.46946052326927529,110.40556410256411,117.22002564102563,0.94999999999999996,0.25,0.54198644623863046
716,IVAC,data/empirical/pooled/pooled_five_2019_sessions_ivac,data/empirical/pooled/pooled_five_2019_sessions_ivac/hawkes_rates_ivac_pooled_five_2019_sessions.csv,70850.0,2.2702686279216269,0.0061797512714218562,32.845647633968568,63200,78500,100,100,0.23933333333333334,0.0,50,6,0.50063291139240507,185.45876923076924,410.09688034188031,0.94999999999999996,0.25,0.054854410483294959
717,JACK,data/empirical/pooled/pooled_five_2019_sessions_jack,data/empirical/pooled/pooled_five_2019_sessions_jack/hawkes_rates_jack_pooled_five_2019_sessions.csv,819800.0,1.4604663334494377,0.072661224838668312,81.556379394221494,778600,861000,600,37,3.5444444444444443,0.0,50,12,0.47396857869751097,141.5020341880342,147.17895726495726,0.94999999999999996,0.25,0.54198644623863046
718,JBHT,data/empirical/pooled/pooled_five_2019_sessions_jbht,data/empirical/pooled/pooled_five_2019_sessions_jbht/hawkes_rates_jbht_pooled_five_2019_sessions.csv,1089300.0,1.2007326486674088,0.14252745843839482,314.60088617890432,1028100,1150500,600,100,4.5817777777777779,0.0,50,8,0.41322580260316627,147.97839316239316,140.59676068376069,0.94999999999999996,0.11621735476962097,0
719,JBLU,data/empirical/pooled/pooled_five_2019_sessions_jblu,data/empirical/pooled/pooled_five_2019_sessions_jblu/hawkes_rates_jblu_pooled_five_2019_sessions.csv,199850.0,1.2685012484311091,0.027360143595880165,5.1942427603263299,195600,204100,2000,3700,0.84133333333333338,0.0,50,1,0.01680848190167477,2311.5137264957266,2184.3419230769232,0.94999999999999996,0.25,0.40263407090880049
720,JBSS,data/empirical/pooled/pooled_five_2019_sessions_jbss,data/empirical/pooled/pooled_five_2019_sessions_jbss/hawkes_rates_jbss_pooled_five_2019_sessions.csv,833350.0,1.8535842406086549,0.044018975169879057,71.307463615334029,786400,880300,100,14,3.9962222222222223,0.0,50,59,0.56232183230118937,138.24708547008547,130.49988034188033,0.94999999999999996,0.25,0.0096468091552598823
721,JCOM,data/empirical/pooled/pooled_five_2019_sessions_jcom,data/empirical/pooled/pooled_five_2019_sessions_jcom/hawkes_rates_jcom_pooled_five_2019_sessions.csv,980050.0,1.3699317919746288,0.098038377708449073,105.22118527346872,879000,1081100,100,100,3.9055555555555554,0.0,50,12,0.5569180504146074,114.78522222222223,95.663735042735041,0.94999999999999996,0.25,0.54198644623863046
722,JJSF,data/empirical/pooled/pooled_five_2019_sessions_jjsf,data/empirical/pooled/pooled_five_2019_sessions_jjsf/hawkes_rates_jjsf_pooled_five_2019_sessions.csv,1655950.0,3.8616287566985883,0.084747211419291424,744.15883036896105,1525500,1786400,100,5,8.4855555555555551,0.0,50,76,0.61683931889332888,107.04438461538462,93.241444444444454,0.94999999999999996,0.25,0.0096468091552598823
723,JKHY,data/empirical/pooled/pooled_five_2019_sessions_jkhy,data/empirical/pooled/pooled_five_2019_sessions_jkhy/hawkes_rates_jkhy_pooled_five_2019_sessions.csv,1458400.0,1.3002694186791979,0.10868840548741399,1645.6628442672929,1427300,1489500,5,23,6.0115555555555558,0.0,50,12,0.48483543640244131,92.190068376068368,105.77117948717948,0.94999999999999996,0.11621735476962097,0
724,JNCE,data/empirical/pooled/pooled_five_2019_sessions_jnce,data/empirical/pooled/pooled_five_2019_sessions_jnce/hawkes_rates_jnce_pooled_five_2019_sessions.csv,66150.0,4.0685895276916932,0.02049660241890679,46.119104276152626,65000,67300,1,152,0.21511111111111111,0.0,50,4,0.33231323132313234,206.54733333333334,207.6535982905983,0.94999999999999996,0.25,0.054854410483294959
725,JOUT,data/empirical/pooled/pooled_five_2019_sessions_jout,data/empirical/pooled/pooled_five_2019_sessions_jout/hawkes_rates_jout_pooled_five_2019_sessions.csv,763000.0,2.3074568667631841,0.019547843924954057,21.962150575987152,719700,806300,100,100,2.9604444444444447,0.0,50,61,0.49532107131332687,114.96431623931623,147.18060683760683,0.94999999999999996,0.25,0.0096468091552598823
726,JRVR,data/empirical/pooled/pooled_five_2019_sessions_jrvr,data/empirical/pooled/pooled_five_2019_sessions_jrvr/hawkes_rates_jrvr_pooled_five_2019_sessions.csv,436400.0,2.1157468710942822,0.045788281550493609,320.43984234269061,390900,481900,100,100,1.7415555555555555,0.0,50,8,0.45212253279135062,137.5194358974359,115.06599999999999,0.94999999999999996,0.25,0.42535994603367877
727,JYNT,data/empirical/pooled/pooled_five_2019_sessions_jynt,data/empirical/pooled/pooled_five_2019_sessions_jynt/hawkes_rates_jynt_pooled_five_2019_sessions.csv,162600.0,3.0715334972902975,0.015197230650882517,170.12317162606047,154400,170800,100,77,0.76133333333333331,0.0,50,10,0.38795251355708632,198.67341025641025,219.75066666666666,0.94999999999999996,0.25,0.42535994603367877
728,KALA,data/empirical/pooled/pooled_five_2019_sessions_kala,data/empirical/pooled/pooled_five_2019_sessions_kala/hawkes_rates_kala_pooled_five_2019_sessions.csv,62750.0,2.81384159533774,0.014359588016581906,22.074267519518926,62700,62800,100,500,0.23644444444444446,0.0,50,3,0.20846806790622474,410.16285470085467,455.57088888888882,0.94999999999999996,0.25,0.36419212403997098
729,KALU,data/empirical/pooled/pooled_five_2019_sessions_kalu,data/empirical/pooled/pooled_five_2019_sessions_kalu/hawkes_rates_kalu_pooled_five_2019_sessions.csv,1028050.0,2.4499906211710498,0.097029787597760583,175.18500549404055,960300,1095800,200,100,4.6100000000000003,0.0,50,32,0.65434845699912936,88.616418803418796,90.414025641025631,0.94999999999999996,0.25,0.54198644623863046
730,KALV,data/empirical/pooled/pooled_five_2019_sessions_kalv,data/empirical/pooled/pooled_five_2019_sessions_kalv/hawkes_rates_kalv_pooled_five_2019_sessions.csv,168450.0,4.1166355479779524,0.021983845463481345,50.113987859989223,159700,177200,17,100,0.7837777777777778,0.0,50,18,0.46008766104396331,205.00453846153846,168.53987179487177,0.94999999999999996,0.25,0.054854410483294959
731,KBAL,data/empirical/pooled/pooled_five_2019_sessions_kbal,data/empirical/pooled/pooled_five_2019_sessions_kbal/hawkes_rates_kbal_pooled_five_2019_sessions.csv,198800.0,2.109733684126053,0.020864139493140733,83.322187067313521,178400,219200,100,100,0.77866666666666662,0.0,50,5,0.44852302345786271,174.2899829059829,188.99417094017093,0.94999999999999996,0.25,0.42535994603367877
732,KE,data/empirical/pooled/pooled_five_2019_sessions_ke,data/empirical/pooled/pooled_five_2019_sessions_ke/hawkes_rates_ke_pooled_five_2019_sessions.csv,157800.0,3.0998354880506995,0.019923928373007393,278.22884730113122,148500,167100,100,65,0.70222222222222219,0.0,50,7,0.4276959186334594,199.58630769230768,147.03180341880343,0.94999999999999996,0.25,0.42535994603367877
733,KELYA,data/empirical/pooled/pooled_five_2019_sessions_kelya,data/empirical/pooled/pooled_five_2019_sessions_kelya/hawkes_rates_kelya_pooled_five_2019_sessions.csv,187500.0,2.5993151885733612,0.030266250694474122,316.07715755652976,169600,205400,63,100,1.022888888888889,0.0,50,7,0.3934113300492611,189.39352991452992,168.62717948717949,0.94999999999999996,0.25,0.42535994603367877
734,KFRC,data/empirical/pooled/pooled_five_2019_sessions_kfrc,data/empirical/pooled/pooled_five_2019_sessions_kfrc/hawkes_rates_kfrc_pooled_five_2019_sessions.csv,383650.0,3.3724353805920257,0.039514509167058419,675.43427269432846,348500,418800,100,100,1.693111111111111,0.0,50,14,0.54043067457701599,131.62472649572649,128.27542735042735,0.94999999999999996,0.25,0.42535994603367877
735,KIDS,data/empirical/pooled/pooled_five_2019_sessions_kids,data/empirical/pooled/pooled_five_2019_sessions_kids/hawkes_rates_kids_pooled_five_2019_sessions.csv,459500.0,3.6876071852645724,0.029385871191076541,45.438218021164474,419300,499700,100,100,1.74,0.0,50,46,0.52697095435684649,145.91270940170941,124.15373504273505,0.94999999999999996,0.25,0.0096468091552598823
736,KIN,data/empirical/pooled/pooled_five_2019_sessions_kin,data/empirical/pooled/pooled_five_2019_sessions_kin/hawkes_rates_kin_pooled_five_2019_sessions.csv,88200.0,3.0132630929319277,0.016761400059831615,36.051196989602836,85800,90600,100,124,0.38555555555555554,0.0,50,5,0.36695194206714943,351.3766068376068,199.54720512820512,0.94999999999999996,0.25,0.054854410483294959
737,KINS,data/empirical/pooled/pooled_five_2019_sessions_kins,data/empirical/pooled/pooled_five_2019_sessions_kins/hawkes_rates_kins_pooled_five_2019_sessions.csv,65800.0,2.7200470446147289,0.0061284670285054917,92.180075437323083,49600,82000,100,170,0.39955555555555555,0.0,50,8,0.36781096745430225,175.22864102564102,151.84058119658121,0.94999999999999996,0.25,0.054854410483294959
738,KIRK,data/empirical/pooled/pooled_five_2019_sessions_kirk,data/empirical/pooled/pooled_five_2019_sessions_kirk/hawkes_rates_kirk_pooled_five_2019_sessions.csv,12550.0,3.5277235841005243,0.015906662677892217,39.86215854817307,12000,13100,14,100,0.078,0.0,50,2,0.27472527472527475,670.46735042735042,463.01888034188033,0.94999999999999996,0.25,0.36419212403997098
739,KLAC,data/empirical/pooled/pooled_five_2019_sessions_klac,data/empirical/pooled/pooled_five_2019_sessions_klac/hawkes_rates_klac_pooled_five_2019_sessions.csv,1733400.0,1.4428149530497747,0.20048720030770548,100.64663826636621,1730000,1736800,100,50,6.1762222222222221,0.0,50,9,0.46544144472820137,144.28773504273505,137.52676923076922,0.94999999999999996,0.11621735476962097,0
740,KLIC,data/empirical/pooled/pooled_five_2019_sessions_klic,data/empirical/pooled/pooled_five_2019_sessions_klic/hawkes_rates_klic_pooled_five_2019_sessions.csv,282450.0,1.8551666862768996,0.050318389674772424,49.549683819990534,255900,309000,100,700,0.97799999999999998,0.0,50,3,0.28333988727225062,225.01757264957263,214.00859829059829,0.94999999999999996,0.25,0.31472892968491073
741,KLXE,data/empirical/pooled/pooled_five_2019_sessions_klxe,data/empirical/pooled/pooled_five_2019_sessions_klxe/hawkes_rates_klxe_pooled_five_2019_sessions.csv,40800.0,3.672324575203421,0.044924996794734814,65.919442611071133,38300,43300,1100,1100,0.62955555555555553,0.0,50,17,0.42174601137773216,265.38842735042738,178.52239316239314,0.94999999999999996,0.25,0.054854410483294959
742,KNDI,data/empirical/pooled/pooled_five_2019_sessions_kndi,data/empirical/pooled/pooled_five_2019_sessions_kndi/hawkes_rates_kndi_pooled_five_2019_sessions.csv,40650.0,2.7280270394388864,0.016154536518654644,16.014301204459141,38400,42900,100,2000,0.23533333333333334,0.0,50,3,0.30457052797478329,498.92128205128211,609.34452991452986,0.94999999999999996,0.25,0.36419212403997098
743,KNSA,data/empirical/pooled/pooled_five_2019_sessions_knsa,data/empirical/pooled/pooled_five_2019_sessions_knsa/hawkes_rates_knsa_pooled_five_2019_sessions.csv,149850.0,4.9419068586145016,0.029317492200521388,62.780768255059655,149800,149900,15,223,0.55933333333333335,0.0,50,14,0.42323320850928214,297.96899145299142,189.1927264957265,0.94999999999999996,0.25,0.054854410483294959
744,KNSL,data/empirical/pooled/pooled_five_2019_sessions_knsl,data/empirical/pooled/pooled_five_2019_sessions_knsl/hawkes_rates_knsl_pooled_five_2019_sessions.csv,1129200.0,2.4628016188425628,0.057139193982648828,68.282371410605393,1013400,1245000,100,100,3.9944444444444445,0.0,50,32,0.65905165208669969,100.94305982905982,100.10637606837606,0.94999999999999996,0.25,0.54198644623863046
745,KPTI,data/empirical/pooled/pooled_five_2019_sessions_kpti,data/empirical/pooled/pooled_five_2019_sessions_kpti/hawkes_rates_kpti_pooled_five_2019_sessions.csv,166700.0,3.6689962388862631,0.049908115731441514,33.833110714323865,155300,178100,1200,100,0.38088888888888889,0.0,50,2,0.18733760961351087,366.01629914529912,396.60900854700856,0.94999999999999996,0.25,0.42535994603367877
746,KRNY,data/empirical/pooled/pooled_five_2019_sessions_krny,data/empirical/pooled/pooled_five_2019_sessions_krny/hawkes_rates_krny_pooled_five_2019_sessions.csv,129850.0,1.1251055048430365,0.014940809436300698,85.301029547373091,116700,143000,100,100,0.59111111111111114,0.0,50,2,0.16431397450300395,359.18882905982906,350.99776923076922,0.94999999999999996,0.1222182091484173,0
747,KRYS,data/empirical/pooled/pooled_five_2019_sessions_krys,data/empirical/pooled/pooled_five_2019_sessions_krys/hawkes_rates_krys_pooled_five_2019_sessions.csv,549200.0,5.8943710470187654,0.045181418009316639,44.580917444918846,487700,610700,100,100,1.7795555555555556,0.0,50,56,0.62337986041874371,147.94935897435897,178.89788034188035,0.94999999999999996,0.25,0.0096468091552598823
748,KTOS,data/empirical/pooled/pooled_five_2019_sessions_ktos,data/empirical/pooled/pooled_five_2019_sessions_ktos/hawkes_rates_ktos_pooled_five_2019_sessions.csv,188050.0,1.9394556968340955,0.061122270182486428,35.583825853283194,184100,192000,100,35,0.80911111111111111,0.0,50,2,0.16220175805776477,325.55721367521363,280.87441025641021,0.94999999999999996,0.25,0.31472892968491073
749,KURA,data/empirical/pooled/pooled_five_2019_sessions_kura,data/empirical/pooled/pooled_five_2019_sessions_kura/hawkes_rates_kura_pooled_five_2019_sessions.csv,122650.0,3.4930986916069515,0.045283986495149364,111.21086949685733,112000,133300,100,100,0.68733333333333335,0.0,50,6,0.41227004512322113,186.72445299145301,124.19857264957265,0.94999999999999996,0.25,0.42535994603367877
750,KVHI,data/empirical/pooled/pooled_five_2019_sessions_kvhi,data/empirical/pooled/pooled_five_2019_sessions_kvhi/hawkes_rates_kvhi_pooled_five_2019_sessions.csv,115500.0,2.679794836088377,0.0057352878328133673,34.093713765542304,104100,126900,700,100,0.47244444444444444,0.0,50,15,0.31829963711767756,168.74658119658119,156.5497435897436,0.94999999999999996,0.25,0.054854410483294959
751,KZR,data/empirical/pooled/pooled_five_2019_sessions_kzr,data/empirical/pooled/pooled_five_2019_sessions_kzr/hawkes_rates_kzr_pooled_five_2019_sessions.csv,30750.0,5.3047768246110634,0.014761314586093425,53.228718944148682,28700,32800,100,100,0.26466666666666666,0.0,50,18,0.39688379138714563,230.12485470085471,196.64824786324786,0.94999999999999996,0.25,0.054854410483294959
752,LAKE,data/empirical/pooled/pooled_five_2019_sessions_lake,data/empirical/pooled/pooled_five_2019_sessions_lake/hawkes_rates_lake_pooled_five_2019_sessions.csv,137400.0,2.2673001736905771,0.00385486559254669,56.117689592491722,134900,139900,90,500,0.49133333333333334,0.0,50,12,0.49766355140186919,188.53594871794871,435.5702307692307,0.94999999999999996,0.25,0.42535994603367877
753,LAMR,data/empirical/pooled/pooled_five_2019_sessions_lamr,data/empirical/pooled/pooled_five_2019_sessions_lamr/hawkes_rates_lamr_pooled_five_2019_sessions.csv,920550.0,1.2429571421398924,0.063985640411983416,69.031990555150273,891100,950000,100,1,3.5939999999999999,0.0,50,11,0.48723136236973702,122.37523931623932,133.24125641025643,0.94999999999999996,0.25,0.54198644623863046
754,LANC,data/empirical/pooled/pooled_five_2019_sessions_lanc,data/empirical/pooled/pooled_five_2019_sessions_lanc/hawkes_rates_lanc_pooled_five_2019_sessions.csv,1646950.0,2.2665827657780664,0.11585110474806615,131.99668864137863,1567100,1726800,53,100,6.7366666666666664,0.0,50,38,0.66625670641498669,93.80445299145299,76.727401709401718,0.94999999999999996,0.25,0.54198644623863046
755,LAND,data/empirical/pooled/pooled_five_2019_sessions_land,data/empirical/pooled/pooled_five_2019_sessions_land/hawkes_rates_land_pooled_five_2019_sessions.csv,138100.0,0.8775832632536108,0.0098465746399418776,16.715566910308667,134500,141700,198,100,0.53111111111111109,0.0,50,3,0.27807118254879448,264.60553846153846,241.50337606837607,0.94999999999999996,0.1222182091484173,0
756,LASR,data/empirical/pooled/pooled_five_2019_sessions_lasr,data/empirical/pooled/pooled_five_2019_sessions_lasr/hawkes_rates_lasr_pooled_five_2019_sessions.csv,176950.0,3.1254582680306786,0.046437881960767556,51.256405687998601,170000,183900,1,37,0.86155555555555552,0.0,50,7,0.34313231776406899,236.76499145299144,193.62483760683762,0.94999999999999996,0.25,0.42535994603367877
757,LAUR,data/empirical/pooled/pooled_five_2019_sessions_laur,data/empirical/pooled/pooled_five_2019_sessions_laur/hawkes_rates_laur_pooled_five_2019_sessions.csv,215000.0,1.2057733111617772,0.024599341852215906,72.353336269002895,203600,226400,3,2000,0.70422222222222219,0.0,50,2,0.07723193965797516,581.30315384615392,630.27794871794868,0.94999999999999996,0.1222182091484173,0
758,LAWS,data/empirical/pooled/pooled_five_2019_sessions_laws,data/empirical/pooled/pooled_five_2019_sessions_laws/hawkes_rates_laws_pooled_five_2019_sessions.csv,503950.0,3.3204813001241762,0.0048378135817769988,29.507388336396307,446400,561500,100,100,1.8077777777777777,0.0,50,86,0.40225988700564974,248.70065811965816,5524.4393931623936,0.94999999999999996,0.25,0.0096468091552598823
759,LBAI,data/empirical/pooled/pooled_five_2019_sessions_lbai,data/empirical/pooled/pooled_five_2019_sessions_lbai/hawkes_rates_lbai_pooled_five_2019_sessions.csv,165950.0,2.0306510974889664,0.026317363989914098,64.355723644889949,151500,180400,800,100,0.69488888888888889,0.0,50,3,0.31750485646449383,178.01073504273504,194.37935042735043,0.94999999999999996,0.25,0.42535994603367877
760,LBC,data/empirical/pooled/pooled_five_2019_sessions_lbc,data/empirical/pooled/pooled_five_2019_sessions_lbc/hawkes_rates_lbc_pooled_five_2019_sessions.csv,97950.0,1.96399192911869,0.006410530364545493,71.240207787816544,83800,112100,100,100,0.47733333333333333,0.0,50,8,0.39159503342884433,176.1017264957265,173.50644444444444,0.94999999999999996,0.25,0.42535994603367877
761,LBRDA,data/empirical/pooled/pooled_five_2019_sessions_lbrda,data/empirical/pooled/pooled_five_2019_sessions_lbrda/hawkes_rates_lbrda_pooled_five_2019_sessions.csv,1269050.0,1.7396006916540963,0.13482627462712082,1227.2006491621687,1230000,1308100,100,100,4.293333333333333,0.0,50,17,0.74320026393929395,139.07331623931626,114.81593162393162,0.94999999999999996,0.11621735476962097,0
762,LBRDK,data/empirical/pooled/pooled_five_2019_sessions_lbrdk,data/empirical/pooled/pooled_five_2019_sessions_lbrdk/hawkes_rates_lbrdk_pooled_five_2019_sessions.csv,1267500.0,1.5069823470439179,0.13598871746655841,1642.9942468331933,1197600,1337400,100,500,4.644222222222222,0.0,50,7,0.5049362006379936,151.26579487179487,181.89194017094016,0.94999999999999996,0.11621735476962097,0
763,LCNB,data/empirical/pooled/pooled_five_2019_sessions_lcnb,data/empirical/pooled/pooled_five_2019_sessions_lcnb/hawkes_rates_lcnb_pooled_five_2019_sessions.csv,164850.0,1.4781012740913413,0.0034274969015769901,30.527885996507131,143100,186600,100,100,0.77333333333333332,0.0,50,23,0.29595015576323985,196.15292307692306,1043.772905982906,0.94999999999999996,0.25,0.42535994603367877
764,LE,data/empirical/pooled/pooled_five_2019_sessions_le,data/empirical/pooled/pooled_five_2019_sessions_le/hawkes_rates_le_pooled_five_2019_sessions.csv,127700.0,3.1058988713815201,0.034001453053549298,317.49999757359024,118100,137300,100,100,0.67600000000000005,0.0,50,5,0.38076816800221058,194.20888888888891,172.81263247863248,0.94999999999999996,0.25,0.42535994603367877
765,LECO,data/empirical/pooled/pooled_five_2019_sessions_leco,data/empirical/pooled/pooled_five_2019_sessions_leco/hawkes_rates_leco_pooled_five_2019_sessions.csv,926400.0,2.4699935287191503,0.098876020342749699,825.26632017526219,836500,1016300,400,100,3.9100000000000001,0.0,50,15,0.54169801280757446,121.33778632478634,132.27664102564103,0.94999999999999996,0.25,0.54198644623863046
766,LEGH,data/empirical/pooled/pooled_five_2019_sessions_legh,data/empirical/pooled/pooled_five_2019_sessions_legh/hawkes_rates_legh_pooled_five_2019_sessions.csv,155300.0,4.4006670683354363,0.021975298089661952,73.806062537779397,144200,166400,20,100,0.62622222222222224,0.0,50,23,0.42992946948788713,208.46867521367523,201.52956410256411,0.94999999999999996,0.25,0.054854410483294959
767,LFUS,data/empirical/pooled/pooled_five_2019_sessions_lfus,data/empirical/pooled/pooled_five_2019_sessions_lfus/hawkes_rates_lfus_pooled_five_2019_sessions.csv,1904800.0,3.1796225341672848,0.10309842300953032,91.794620453955901,1770100,2039500,10,100,7.8791111111111114,0.0,50,56,0.61523797002366554,103.76661538461538,96.771777777777771,0.94999999999999996,0.25,0.54198644623863046
768,LFVN,data/empirical/pooled/pooled_five_2019_sessions_lfvn,data/empirical/pooled/pooled_five_2019_sessions_lfvn/hawkes_rates_lfvn_pooled_five_2019_sessions.csv,172350.0,2.9201147841627342,0.022077866575494678,36.860931570491147,167900,176800,351,100,0.65244444444444449,0.0,50,10,0.54713169943441964,212.58321367521367,169.87205128205127,0.94999999999999996,0.25,0.42535994603367877
769,LGIH,data/empirical/pooled/pooled_five_2019_sessions_lgih,data/empirical/pooled/pooled_five_2019_sessions_lgih/hawkes_rates_lgih_pooled_five_2019_sessions.csv,796100.0,2.8466939248994749,0.12163767682379589,65.457150549888468,762200,830000,100,30,3.0262222222222221,0.0,50,19,0.61362130005334714,123.03345299145299,110.4725299145299,0.94999999999999996,0.25,0.54198644623863046
770,LGND,data/empirical/pooled/pooled_five_2019_sessions_lgnd,data/empirical/pooled/pooled_five_2019_sessions_lgnd/hawkes_rates_lgnd_pooled_five_2019_sessions.csv,915650.0,3.0959593495468183,0.1160904312150092,49.915280195988153,885000,946300,1,500,4.9279999999999999,0.0,50,28,0.62567074479502038,101.32274358974358,97.967581196581193,0.94999999999999996,0.25,0.54198644623863046
771,LHCG,data/empirical/pooled/pooled_five_2019_sessions_lhcg,data/empirical/pooled/pooled_five_2019_sessions_lhcg/hawkes_rates_lhcg_pooled_five_2019_sessions.csv,1473400.0,1.8606023151080227,0.084054874139920507,66.240883059289089,1430800,1516000,500,43,5.3111111111111109,0.0,50,27,0.58078199926226481,103.77723076923078,111.0798888888889,0.94999999999999996,0.25,0.54198644623863046
772,LILA,data/empirical/pooled/pooled_five_2019_sessions_lila,data/empirical/pooled/pooled_five_2019_sessions_lila/hawkes_rates_lila_pooled_five_2019_sessions.csv,174050.0,1.3966052237356643,0.034206590025214756,126.00982303746741,159600,188500,1000,1000,0.82733333333333337,0.0,50,3,0.28615198034021638,452.09041025641028,301.64570085470086,0.94999999999999996,0.1222182091484173,0
773,LILAK,data/empirical/pooled/pooled_five_2019_sessions_lilak,data/empirical/pooled/pooled_five_2019_sessions_lilak/hawkes_rates_lilak_pooled_five_2019_sessions.csv,175000.0,1.7716169771867625,0.038249497841788112,42.288633702033287,159400,190600,1100,100,0.82133333333333336,0.0,50,2,0.22786182308730005,323.40737606837604,340.02781196581196,0.94999999999999996,0.25,0.31472892968491073
774,LIND,data/empirical/pooled/pooled_five_2019_sessions_lind,data/empirical/pooled/pooled_five_2019_sessions_lind/hawkes_rates_lind_pooled_five_2019_sessions.csv,183100.0,3.8362510958935312,0.02421471003034318,245.88660618344872,173400,192800,199,100,0.67888888888888888,0.0,50,6,0.33733343723213588,234.50077777777778,266.57697435897433,0.94999999999999996,0.25,0.054854410483294959
775,LITE,data/empirical/pooled/pooled_five_2019_sessions_lite,data/empirical/pooled/pooled_five_2019_sessions_lite/hawkes_rates_lite_pooled_five_2019_sessions.csv,768500.0,1.9910105211761657,0.13787768708064446,58.934845182141437,766200,770800,861,8,2.5411111111111113,0.0,50,5,0.4024444031756349,182.52488034188033,170.10226495726496,0.94999999999999996,0.25,0.31472892968491073
776,LIVX,data/empirical/pooled/pooled_five_2019_sessions_livx,data/empirical/pooled/pooled_five_2019_sessions_livx/hawkes_rates_livx_pooled_five_2019_sessions.csv,14350.0,5.7613016321556216,0.0081285525022436848,54.09731193266316,13400,15300,1,100,0.11777777777777777,0.0,50,7,0.31523425380080672,302.16417948717947,508.88618803418802,0.94999999999999996,0.25,0.36419212403997098
777,LJPC,data/empirical/pooled/pooled_five_2019_sessions_ljpc,data/empirical/pooled/pooled_five_2019_sessions_ljpc/hawkes_rates_ljpc_pooled_five_2019_sessions.csv,68400.0,3.8798866010640287,0.026137869139706827,42.483665010706225,68000,68800,134,800,0.29444444444444445,0.0,50,3,0.20544811067815394,453.21957264957263,540.79971794871801,0.94999999999999996,0.25,0.36419212403997098
778,LKFN,data/empirical/pooled/pooled_five_2019_sessions_lkfn,data/empirical/pooled/pooled_five_2019_sessions_lkfn/hawkes_rates_lkfn_pooled_five_2019_sessions.csv,480150.0,2.7006062235168748,0.041454763024060856,366.47162616447946,480100,480200,4,75,2.0453333333333332,0.0,50,14,0.63309648851817524,145.51284615384617,128.36262393162392,0.94999999999999996,0.25,0.54198644623863046
779,LKQ,data/empirical/pooled/pooled_five_2019_sessions_lkq,data/empirical/pooled/pooled_five_2019_sessions_lkq/hawkes_rates_lkq_pooled_five_2019_sessions.csv,338850.0,1.2090804288340109,0.049087567844779689,46.413442255857625,311200,366500,100,100,1.2635555555555555,0.0,50,1,0.049843668445349834,704.47630769230773,721.8056923076922,0.94999999999999996,0.25,0.40263407090880049
780,LLNW,data/empirical/pooled/pooled_five_2019_sessions_llnw,data/empirical/pooled/pooled_five_2019_sessions_llnw/hawkes_rates_llnw_pooled_five_2019_sessions.csv,56000.0,2.2012062114504483,0.0056156245993418518,4.8478433946270538,55000,57000,3,100,0.13577777777777778,0.0,50,1,0.036364266648178323,1636.3902991452992,1767.9157435897437,0.94999999999999996,0.25,0.14684855564149249
781,LMAT,data/empirical/pooled/pooled_five_2019_sessions_lmat,data/empirical/pooled/pooled_five_2019_sessions_lmat/hawkes_rates_lmat_pooled_five_2019_sessions.csv,342800.0,2.1447385297080812,0.030078208470447454,74.034204605541859,330200,355400,50,42,1.4662222222222223,0.0,50,13,0.52367950287166931,130.9717264957265,144.43342735042734,0.94999999999999996,0.25,0.42535994603367877
782,LMNR,data/empirical/pooled/pooled_five_2019_sessions_lmnr,data/empirical/pooled/pooled_five_2019_sessions_lmnr/hawkes_rates_lmnr_pooled_five_2019_sessions.csv,199100.0,2.6393711847770893,0.019436728065301938,243.35462785693196,178100,220100,100,100,0.87777777777777777,0.0,50,11,0.47069669432371919,163.25817948717949,120.1257094017094,0.94999999999999996,0.25,0.42535994603367877
783,LMNX,data/empirical/pooled/pooled_five_2019_sessions_lmnx,data/empirical/pooled/pooled_five_2019_sessions_lmnx/hawkes_rates_lmnx_pooled_five_2019_sessions.csv,222300.0,2.0236108784962878,0.05366896021197487,54.600288630861925,204600,240000,100,1,0.96666666666666667,0.0,50,5,0.38223245420997393,148.65551282051283,155.00764102564102,0.94999999999999996,0.25,0.42535994603367877
784,LNDC,data/empirical/pooled/pooled_five_2019_sessions_lndc,data/empirical/pooled/pooled_five_2019_sessions_lndc/hawkes_rates_lndc_pooled_five_2019_sessions.csv,116500.0,2.2087239342758522,0.020676097269114065,55.787264884811961,113000,120000,38,1,0.52533333333333332,0.0,50,5,0.34412914870149403,236.02505128205127,191.0674188034188,0.94999999999999996,0.25,0.42535994603367877
785,LNT,data/empirical/pooled/pooled_five_2019_sessions_lnt,data/empirical/pooled/pooled_five_2019_sessions_lnt/hawkes_rates_lnt_pooled_five_2019_sessions.csv,596500.0,0.89562586540812583,0.099046967819137577,21.700494616978908,580000,613000,40,1200,2.1564444444444444,0.0,50,1,0.10758294410852433,348.313547008547,370.38745299145296,0.94999999999999996,0.25,0.40263407090880049
786,LNTH,data/empirical/pooled/pooled_five_2019_sessions_lnth,data/empirical/pooled/pooled_five_2019_sessions_lnth/hawkes_rates_lnth_pooled_five_2019_sessions.csv,181500.0,2.4584292168340092,0.058404205307919142,51.92537211436585,168000,195000,800,2,0.91222222222222227,0.0,50,5,0.38108281857059007,181.1815641025641,187.00857264957264,0.94999999999999996,0.25,0.42535994603367877
787,LOB,data/empirical/pooled/pooled_five_2019_sessions_lob,data/empirical/pooled/pooled_five_2019_sessions_lob/hawkes_rates_lob_pooled_five_2019_sessions.csv,181400.0,2.4376452662119488,0.043634343348006324,26.221128263053565,167800,195000,100,700,0.82488888888888889,0.0,50,4,0.404483146535561,161.72764957264957,160.99293162393161,0.94999999999999996,0.25,0.42535994603367877
788,LOCO,data/empirical/pooled/pooled_five_2019_sessions_loco,data/empirical/pooled/pooled_five_2019_sessions_loco/hawkes_rates_loco_pooled_five_2019_sessions.csv,133600.0,1.1124662521282602,0.022180435061327407,27.594430320473457,129700,137500,1200,312,0.57133333333333336,0.0,50,2,0.16309916206663755,400.45433333333335,443.87623931623932,0.94999999999999996,0.1222182091484173,0
789,LOGI,data/empirical/pooled/pooled_five_2019_sessions_logi,data/empirical/pooled/pooled_five_2019_sessions_logi/hawkes_rates_logi_pooled_five_2019_sessions.csv,457600.0,1.0505170308726648,0.059489721782982175,20.282772809765408,457300,457900,500,300,1.8220000000000001,0.0,50,4,0.30500167841557568,263.02023076923081,213.49094871794873,0.94999999999999996,0.25,0.31472892968491073
790,LOGM,data/empirical/pooled/pooled_five_2019_sessions_logm,data/empirical/pooled/pooled_five_2019_sessions_logm/hawkes_rates_logm_pooled_five_2019_sessions.csv,861350.0,1.3144522368855833,0.087704602760801748,104.44583939859473,860000,862700,200,200,3.5664444444444445,0.0,50,7,0.45318113215568734,176.24317094017096,150.89522222222223,0.94999999999999996,0.25,0.31472892968491073
791,LONE,data/empirical/pooled/pooled_five_2019_sessions_lone,data/empirical/pooled/pooled_five_2019_sessions_lone/hawkes_rates_lone_pooled_five_2019_sessions.csv,19450.0,3.8684506642626397,0.010838070002991581,23.446923189664048,18300,20600,1500,100,0.108,0.0,50,3,0.51664984863773966,241.8537435897436,244.09411965811964,0.94999999999999996,0.25,0.36419212403997098
792,LOOP,data/empirical/pooled/pooled_five_2019_sessions_loop,data/empirical/pooled/pooled_five_2019_sessions_loop/hawkes_rates_loop_pooled_five_2019_sessions.csv,94850.0,3.8988258516124383,0.010855164750630369,112.48616584751417,82600,107100,100,100,0.44155555555555553,0.0,50,19,0.69490999379267537,404.53651282051283,545.88345299145305,0.94999999999999996,0.25,0.054854410483294959
793,LOPE,data/empirical/pooled/pooled_five_2019_sessions_lope,data/empirical/pooled/pooled_five_2019_sessions_lope/hawkes_rates_lope_pooled_five_2019_sessions.csv,814050.0,2.0825973239350679,0.083584768579853835,694.11125467599049,788100,840000,1400,100,4.2666666666666666,0.0,50,17,0.54401748500559111,105.25116239316239,117.72158974358975,0.94999999999999996,0.25,0.54198644623863046
794,LORL,data/empirical/pooled/pooled_five_2019_sessions_lorl,data/empirical/pooled/pooled_five_2019_sessions_lorl/hawkes_rates_lorl_pooled_five_2019_sessions.csv,316450.0,1.9338400214285745,0.014898072567203727,145.01869040937973,305000,327900,1,14,1.6217777777777778,0.0,50,20,0.49545379401553974,182.35679487179488,124.00005982905982,0.94999999999999996,0.25,0.42535994603367877
795,LOVE,data/empirical/pooled/pooled_five_2019_sessions_love,data/empirical/pooled/pooled_five_2019_sessions_love/hawkes_rates_love_pooled_five_2019_sessions.csv,120550.0,3.3099108229782734,0.037565707936236592,65.389592619955536,118700,122400,100,28,1.0331111111111111,0.0,50,19,0.45818082491122641,167.34281196581196,268.74575213675217,0.94999999999999996,0.25,0.054854410483294959
796,LPLA,data/empirical/pooled/pooled_five_2019_sessions_lpla,data/empirical/pooled/pooled_five_2019_sessions_lpla/hawkes_rates_lpla_pooled_five_2019_sessions.csv,943150.0,1.4013791254139421,0.11661182101799221,226.07693022364535,895400,990900,100,100,3.6693333333333333,0.0,50,7,0.46812045355570253,157.88899145299146,140.76265811965811,0.94999999999999996,0.25,0.31472892968491073
797,LPSN,data/empirical/pooled/pooled_five_2019_sessions_lpsn,data/empirical/pooled/pooled_five_2019_sessions_lpsn/hawkes_rates_lpsn_pooled_five_2019_sessions.csv,417450.0,1.814965271589194,0.077909312363776226,42.969169342171888,411100,423800,800,332,1.4319999999999999,0.0,50,4,0.35096517351520667,185.449452991453,184.53890598290599,0.94999999999999996,0.25,0.31472892968491073
798,LQDA,data/empirical/pooled/pooled_five_2019_sessions_lqda,data/empirical/pooled/pooled_five_2019_sessions_lqda/hawkes_rates_lqda_pooled_five_2019_sessions.csv,61100.0,5.5169595748084506,0.0069832044104448905,22.886120405447194,58600,63600,19,100,0.30044444444444446,0.0,50,20,0.39831401475237094,388.69300854700856,260.61610256410256,0.94999999999999996,0.25,0.054854410483294959
799,LQDT,data/empirical/pooled/pooled_five_2019_sessions_lqdt,data/empirical/pooled/pooled_five_2019_sessions_lqdt/hawkes_rates_lqdt_pooled_five_2019_sessions.csv,55050.0,2.5014884533832054,0.018274285225864353,29.209338439735546,49300,60800,100,100,0.28355555555555556,0.0,50,4,0.39059304703476483,199.62941880341879,161.73323931623932,0.94999999999999996,0.25,0.054854410483294959
800,LRCX,data/empirical/pooled/pooled_five_2019_sessions_lrcx,data/empirical/pooled/pooled_five_2019_sessions_lrcx/hawkes_rates_lrcx_pooled_five_2019_sessions.csv,3190650.0,1.3460043934209487,0.27191760331638104,83.629002490249107,3182200,3199100,53,10,9.2944444444444443,0.0,50,12,0.48945997365725158,116.61859829059829,118.02820512820513,0.94999999999999996,0.11621735476962097,0
801,LSCC,data/empirical/pooled/pooled_five_2019_sessions_lscc,data/empirical/pooled/pooled_five_2019_sessions_lscc/hawkes_rates_lscc_pooled_five_2019_sessions.csv,212300.0,3.3752421983742522,0.065036967391768868,58.776232764677893,203200,221400,50,1400,0.72044444444444444,0.0,50,2,0.19083278658853872,467.14669230769232,376.12028205128206,0.94999999999999996,0.25,0.31472892968491073
802,LSTR,data/empirical/pooled/pooled_five_2019_sessions_lstr,data/empirical/pooled/pooled_five_2019_sessions_lstr/hawkes_rates_lstr_pooled_five_2019_sessions.csv,1038200.0,2.1569789448132899,0.10456857130646609,1046.0864449786691,962700,1113700,100,54,4.7548888888888889,0.0,50,19,0.55342980820879017,108.98912820512821,113.9391111111111,0.94999999999999996,0.25,0.54198644623863046
803,LSXMA,data/empirical/pooled/pooled_five_2019_sessions_lsxma,data/empirical/pooled/pooled_five_2019_sessions_lsxma/hawkes_rates_lsxma_pooled_five_2019_sessions.csv,483100.0,1.3597193674860082,0.054848497799051245,138.66051870686189,456600,509600,800,800,1.7515555555555555,0.0,50,4,0.26666015004520904,229.49592307692311,209.20458974358976,0.94999999999999996,0.25,0.31472892968491073
804,LSXMK,data/empirical/pooled/pooled_five_2019_sessions_lsxmk,data/empirical/pooled/pooled_five_2019_sessions_lsxmk/hawkes_rates_lsxmk_pooled_five_2019_sessions.csv,494200.0,1.2867825042675118,0.059395700670968846,101.07077337400642,467100,521300,800,900,1.8226666666666667,0.0,50,3,0.2993178087812885,234.52732478632478,188.99454700854702,0.94999999999999996,0.25,0.31472892968491073
805,LTRPA,data/empirical/pooled/pooled_five_2019_sessions_ltrpa,data/empirical/pooled/pooled_five_2019_sessions_ltrpa/hawkes_rates_ltrpa_pooled_five_2019_sessions.csv,59600.0,1.3942702413991734,0.03142014616009231,21.023694869666251,58400,60800,2900,258,0.48933333333333334,0.0,100,2,0.14669975469222432,615.67082905982909,822.73594017094024,0.94999999999999996,0.1222182091484173,0
806,LTRX,data/empirical/pooled/pooled_five_2019_sessions_ltrx,data/empirical/pooled/pooled_five_2019_sessions_ltrx/hawkes_rates_ltrx_pooled_five_2019_sessions.csv,41700.0,3.8137410337131752,0.0054361297491345778,35.280385783164782,39100,44300,100,100,0.14266666666666666,0.0,50,4,0.50852079072937972,405.92143589743591,422.18670085470086,0.94999999999999996,0.25,0.36419212403997098
807,LULU,data/empirical/pooled/pooled_five_2019_sessions_lulu,data/empirical/pooled/pooled_five_2019_sessions_lulu/hawkes_rates_lulu_pooled_five_2019_sessions.csv,2412500.0,1.1343053788087467,0.18299072609940598,64.670661804999924,2405200,2419800,2,44,8.4700000000000006,0.0,50,11,0.51238057490925781,132.5049658119658,169.16337606837607,0.94999999999999996,0.11621735476962097,0
808,LUNA,data/empirical/pooled/pooled_five_2019_sessions_luna,data/empirical/pooled/pooled_five_2019_sessions_luna/hawkes_rates_luna_pooled_five_2019_sessions.csv,82450.0,2.8428926765230962,0.008248215735715202,18.732207752796178,80600,84300,100,178,0.22155555555555556,0.0,50,4,0.38538718806277333,331.98120512820515,336.05647863247862,0.94999999999999996,0.25,0.054854410483294959
809,LXRX,data/empirical/pooled/pooled_five_2019_sessions_lxrx,data/empirical/pooled/pooled_five_2019_sessions_lxrx/hawkes_rates_lxrx_pooled_five_2019_sessions.csv,32600.0,3.7471959734727811,0.017778537544339501,25.318503438368605,30800,34400,100,4000,0.19488888888888889,0.0,50,1,0.089543007673805977,2520.0006666666663,2144.2524017094015,0.94999999999999996,0.25,0.14684855564149249
810,LYTS,data/empirical/pooled/pooled_five_2019_sessions_lyts,data/empirical/pooled/pooled_five_2019_sessions_lyts/hawkes_rates_lyts_pooled_five_2019_sessions.csv,69500.0,1.5725626119010367,0.0043078764049745717,11.016935161614814,65500,73500,440,100,0.16755555555555557,0.0,50,3,0.34237074401008827,383.69647863247866,579.72417094017089,0.94999999999999996,0.1222182091484173,0
811,MACK,data/empirical/pooled/pooled_five_2019_sessions_mack,data/empirical/pooled/pooled_five_2019_sessions_mack/hawkes_rates_mack_pooled_five_2019_sessions.csv,32700.0,2.7117331170912853,0.0060258985426727635,20.579872104911161,32400,33000,50,215,0.22711111111111112,0.0,50,6,0.52195121951219514,571.92205128205137,374.898811965812,0.94999999999999996,0.25,0.36419212403997098
812,MANH,data/empirical/pooled/pooled_five_2019_sessions_manh,data/empirical/pooled/pooled_five_2019_sessions_manh/hawkes_rates_manh_pooled_five_2019_sessions.csv,861800.0,2.041747879807263,0.099593999743578784,105.14348612327338,770900,952700,100,100,3.5635555555555554,0.0,50,9,0.51097254089260602,133.51986324786324,122.49812820512821,0.94999999999999996,0.25,0.54198644623863046
813,MANT,data/empirical/pooled/pooled_five_2019_sessions_mant,data/empirical/pooled/pooled_five_2019_sessions_mant/hawkes_rates_mant_pooled_five_2019_sessions.csv,864000.0,2.2262749815785465,0.077516133168084117,65.98607551986214,821700,906300,52,100,3.1115555555555554,0.0,50,20,0.65353397713134664,152.74289743589742,119.85717948717948,0.94999999999999996,0.25,0.54198644623863046
814,MAR,data/empirical/pooled/pooled_five_2019_sessions_mar,data/empirical/pooled/pooled_five_2019_sessions_mar/hawkes_rates_mar_pooled_five_2019_sessions.csv,1405350.0,0.94570746047926912,0.19088849950852599,100.65569409589412,1403200,1407500,100,9,5.568888888888889,0.0,50,5,0.38218999180720153,141.89201709401709,159.6465641025641,0.94999999999999996,0.11621735476962097,0
815,MASI,data/empirical/pooled/pooled_five_2019_sessions_masi,data/empirical/pooled/pooled_five_2019_sessions_masi/hawkes_rates_masi_pooled_five_2019_sessions.csv,1715700.0,1.5286387965380877,0.13203983076199838,151.53669873341212,1575800,1855600,400,100,6.7402222222222221,0.0,50,21,0.61615182591295647,94.976495726495727,97.790324786324788,0.94999999999999996,0.25,0.54198644623863046
816,MAT,data/empirical/pooled/pooled_five_2019_sessions_mat,data/empirical/pooled/pooled_five_2019_sessions_mat/hawkes_rates_mat_pooled_five_2019_sessions.csv,141500.0,2.7320107285956481,0.051352621906919103,117.76533095995163,137500,145500,100,1609,0.60911111111111116,0.0,50,1,0.048399989222492661,1750.3451196581198,1616.9856837606837,0.94999999999999996,0.25,0.14684855564149249
817,MATW,data/empirical/pooled/pooled_five_2019_sessions_matw,data/empirical/pooled/pooled_five_2019_sessions_matw/hawkes_rates_matw_pooled_five_2019_sessions.csv,401950.0,3.1284236046619438,0.050916705842130004,399.23373434347769,382000,421900,13,100,1.6748888888888889,0.0,50,13,0.54882154882154888,136.70302564102565,121.03670940170939,0.94999999999999996,0.25,0.42535994603367877
818,MBII,data/empirical/pooled/pooled_five_2019_sessions_mbii,data/empirical/pooled/pooled_five_2019_sessions_mbii/hawkes_rates_mbii_pooled_five_2019_sessions.csv,11900.0,2.5970196362512739,0.0017009273900594041,9.0212834770154746,11100,12700,1000,100,0.059999999999999998,0.0,50,2,0.12178279974890144,526.81435897435904,1192.4412307692307,0.94999999999999996,0.25,0.36419212403997098
819,MBIN,data/empirical/pooled/pooled_five_2019_sessions_mbin,data/empirical/pooled/pooled_five_2019_sessions_mbin/hawkes_rates_mbin_pooled_five_2019_sessions.csv,179100.0,3.0752210585086259,0.011991965468609769,123.44343084983146,158500,199700,100,100,0.89155555555555555,0.0,50,18,0.47465531224655311,197.96811965811966,244.09499145299145,0.94999999999999996,0.25,0.42535994603367877
820,MBIO,data/empirical/pooled/pooled_five_2019_sessions_mbio,data/empirical/pooled/pooled_five_2019_sessions_mbio/hawkes_rates_mbio_pooled_five_2019_sessions.csv,39950.0,4.2009614851552852,0.0082054788666182307,64.481011959249955,38000,41900,1715,100,0.14666666666666667,0.0,50,4,0.2480465200799564,518.66261538461538,737.76963247863239,0.94999999999999996,0.25,0.36419212403997098
821,MBOT,data/empirical/pooled/pooled_five_2019_sessions_mbot,data/empirical/pooled/pooled_five_2019_sessions_mbot/hawkes_rates_mbot_pooled_five_2019_sessions.csv,91450.0,6.6784869444864379,0.03875025538928728,55.438301514305515,89700,93200,100,164,0.33666666666666667,0.0,50,11,0.67229763700351941,285.97647485847489,257.7174223554224,0.94999999999999996,0.25,0.054854410483294959
822,MBUU,data/empirical/pooled/pooled_five_2019_sessions_mbuu,data/empirical/pooled/pooled_five_2019_sessions_mbuu/hawkes_rates_mbuu_pooled_five_2019_sessions.csv,441250.0,2.3950601353494774,0.052403948886704563,84.106066036384348,396600,485900,100,100,1.7548888888888889,0.0,50,12,0.4897152736125322,123.38704273504273,124.37961538461539,0.94999999999999996,0.25,0.42535994603367877
823,MBWM,data/empirical/pooled/pooled_five_2019_sessions_mbwm,data/empirical/pooled/pooled_five_2019_sessions_mbwm/hawkes_rates_mbwm_pooled_five_2019_sessions.csv,329800.0,1.9833278038917015,0.01824864310440617,51.08460205200371,294300,365300,100,100,1.518888888888889,0.0,50,20,0.50750946846023248,157.93280341880342,152.76358119658121,0.94999999999999996,0.25,0.42535994603367877
824,MCBC,data/empirical/pooled/pooled_five_2019_sessions_mcbc,data/empirical/pooled/pooled_five_2019_sessions_mcbc/hawkes_rates_mcbc_pooled_five_2019_sessions.csv,96350.0,1.2892755333706294,0.0072738151203042859,63.061930960325306,82600,110100,100,100,0.43133333333333335,0.0,50,9,0.25381194409148666,209.68299999999999,1346.4615726495726,0.94999999999999996,0.1222182091484173,0
825,MCFT,data/empirical/pooled/pooled_five_2019_sessions_mcft,data/empirical/pooled/pooled_five_2019_sessions_mcft/hawkes_rates_mcft_pooled_five_2019_sessions.csv,174150.0,2.2507069597782814,0.040702594127954191,45.934225538281893,167400,180900,100,251,0.73666666666666669,0.0,50,6,0.34054011245743249,182.60773504273504,197.15300854700854,0.94999999999999996,0.25,0.42535994603367877
826,MCHP,data/empirical/pooled/pooled_five_2019_sessions_mchp,data/empirical/pooled/pooled_five_2019_sessions_mchp/hawkes_rates_mchp_pooled_five_2019_sessions.csv,1016750.0,1.360941070965203,0.19976067353305699,183.2343080679471,1013500,1020000,17,17,4.2742222222222219,0.0,50,5,0.35831262706121525,181.38988034188031,191.01190598290597,0.94999999999999996,0.11621735476962097,0
827,MCHX,data/empirical/pooled/pooled_five_2019_sessions_mchx,data/empirical/pooled/pooled_five_2019_sessions_mchx/hawkes_rates_mchx_pooled_five_2019_sessions.csv,33950.0,1.6941755434175501,0.0048463609555963929,33.86285429134827,31700,36200,1200,1,0.18155555555555555,0.0,50,3,0.19930997876857751,328.53201709401708,321.68786324786322,0.94999999999999996,0.1222182091484173,0
828,MCRB,data/empirical/pooled/pooled_five_2019_sessions_mcrb,data/empirical/pooled/pooled_five_2019_sessions_mcrb/hawkes_rates_mcrb_pooled_five_2019_sessions.csv,31850.0,4.1859899898770143,0.017940937646907986,46.195477279426591,29300,34400,100,100,0.18666666666666668,0.0,50,4,0.36694819110046639,353.0255299145299,249.18109401709404,0.94999999999999996,0.25,0.36419212403997098
829,MCRI,data/empirical/pooled/pooled_five_2019_sessions_mcri,data/empirical/pooled/pooled_five_2019_sessions_mcri/hawkes_rates_mcri_pooled_five_2019_sessions.csv,493200.0,2.0216225954735183,0.017154579255523737,83.166733870625123,466600,519800,100,30,1.9257777777777778,0.0,50,45,0.46369985382491474,156.99351282051282,237.9465042735043,0.94999999999999996,0.25,0.0096468091552598823
830,MDB,data/empirical/pooled/pooled_five_2019_sessions_mdb,data/empirical/pooled/pooled_five_2019_sessions_mdb/hawkes_rates_mdb_pooled_five_2019_sessions.csv,1582500.0,2.1266081406054322,0.1432625325868627,66.581779638333089,1565000,1600000,50,100,5.9442222222222219,0.0,50,20,0.5450240657954174,132.43226495726498,148.1808547008547,0.94999999999999996,0.25,0.54198644623863046
831,MDCA,data/empirical/pooled/pooled_five_2019_sessions_mdca,data/empirical/pooled/pooled_five_2019_sessions_mdca/hawkes_rates_mdca_pooled_five_2019_sessions.csv,25200.0,3.4238708486007874,0.008513184324116416,21.444409401273742,22100,28300,100,100,0.12,0.0,50,1,0.44784073198934193,698.14134188034188,1267.6663846153847,0.94999999999999996,0.25,0.36419212403997098
832,MDGL,data/empirical/pooled/pooled_five_2019_sessions_mdgl,data/empirical/pooled/pooled_five_2019_sessions_mdgl/hawkes_rates_mdgl_pooled_five_2019_sessions.csv,854400.0,3.5166533682698047,0.076174195478439261,63.798162943913475,838800,870000,70,40,4.2653333333333334,0.0,50,63,0.65640779919649106,104.13053846153846,70.376059829059827,0.94999999999999996,0.25,0.0096468091552598823
833,MDLZ,data/empirical/pooled/pooled_five_2019_sessions_mdlz,data/empirical/pooled/pooled_five_2019_sessions_mdlz/hawkes_rates_mdlz_pooled_five_2019_sessions.csv,561400.0,1.0629613135115759,0.083986495149365362,403.45643586920971,560300,562500,430,800,2.3037777777777779,0.0,50,1,0.037284206718613315,1086.549282051282,1147.0689829059829,0.94999999999999996,0.25,0.40263407090880049
834,MDRX,data/empirical/pooled/pooled_five_2019_sessions_mdrx,data/empirical/pooled/pooled_five_2019_sessions_mdrx/hawkes_rates_mdrx_pooled_five_2019_sessions.csv,91600.0,1.6479812137969334,0.018188811487670414,138.89079712236514,85000,98200,100,4500,0.45600000000000002,0.0,50,1,0.023258824195649185,1466.369188034188,1566.7215128205128,0.94999999999999996,0.25,0.14684855564149249
835,MEDP,data/empirical/pooled/pooled_five_2019_sessions_medp,data/empirical/pooled/pooled_five_2019_sessions_medp/hawkes_rates_medp_pooled_five_2019_sessions.csv,876900.0,2.5611651859301805,0.11656908414889525,35.553241951948571,783900,969900,100,100,3.29,0.0,50,11,0.5546653933220147,133.94652136752137,125.18800000000002,0.94999999999999996,0.25,0.54198644623863046
836,MEET,data/empirical/pooled/pooled_five_2019_sessions_meet,data/empirical/pooled/pooled_five_2019_sessions_meet/hawkes_rates_meet_pooled_five_2019_sessions.csv,54350.0,2.2709133384179556,0.012325313047566134,19.622302638453125,53700,55000,300,1780,0.23022222222222222,0.0,50,1,0.059529065489330388,1332.7743162393162,1065.0237008547008,0.94999999999999996,0.25,0.14684855564149249
837,MEIP,data/empirical/pooled/pooled_five_2019_sessions_meip,data/empirical/pooled/pooled_five_2019_sessions_meip/hawkes_rates_meip_pooled_five_2019_sessions.csv,23050.0,3.8933095447186221,0.0075387837087055,16.120539530443548,21800,24300,69,100,0.10088888888888889,0.0,50,2,0.18272980501392758,935.76185470085477,906.24312820512819,0.94999999999999996,0.25,0.36419212403997098
838,MELI,data/empirical/pooled/pooled_five_2019_sessions_meli,data/empirical/pooled/pooled_five_2019_sessions_meli/hawkes_rates_meli_pooled_five_2019_sessions.csv,6605900.0,1.7755991757476015,0.15779306807983245,177.5958992264454,6561800,6650000,20,100,23.890000000000001,0.0,50,83,0.52203975799481417,93.883085470085476,86.727478632478636,0.94999999999999996,0.25,0.54198644623863046
839,MEOH,data/empirical/pooled/pooled_five_2019_sessions_meoh,data/empirical/pooled/pooled_five_2019_sessions_meoh/hawkes_rates_meoh_pooled_five_2019_sessions.csv,366200.0,1.9567865014943762,0.13021924013846747,130.5389330430082,337300,395100,800,800,1.8044444444444445,0.0,50,6,0.45142265778908258,146.56511111111109,155.87969230769232,0.94999999999999996,0.25,0.31472892968491073
840,MERC,data/empirical/pooled/pooled_five_2019_sessions_merc,data/empirical/pooled/pooled_five_2019_sessions_merc/hawkes_rates_merc_pooled_five_2019_sessions.csv,116600.0,1.6232484984824125,0.030377366554126244,37.364832836130077,106400,126800,900,900,0.57133333333333336,0.0,50,3,0.24224328983009111,379.54821367521367,275.76338461538461,0.94999999999999996,0.1222182091484173,0
841,MESA,data/empirical/pooled/pooled_five_2019_sessions_mesa,data/empirical/pooled/pooled_five_2019_sessions_mesa/hawkes_rates_mesa_pooled_five_2019_sessions.csv,83250.0,2.5882834502277259,0.019000812000512842,28.196487582473761,81600,84900,100,247,0.38866666666666666,0.0,50,5,0.28025426456388802,272.80619658119656,294.46609401709401,0.94999999999999996,0.25,0.42535994603367877
842,METC,data/empirical/pooled/pooled_five_2019_sessions_metc,data/empirical/pooled/pooled_five_2019_sessions_metc/hawkes_rates_metc_pooled_five_2019_sessions.csv,35050.0,2.8889976579090666,0.0074447625966921668,60.235597609598706,30000,40100,1000,100,0.2351111111111111,0.0,50,4,0.28933206710984488,577.74278632478638,350.50244444444445,0.94999999999999996,0.25,0.36419212403997098
843,MFIN,data/empirical/pooled/pooled_five_2019_sessions_mfin,data/empirical/pooled/pooled_five_2019_sessions_mfin/hawkes_rates_mfin_pooled_five_2019_sessions.csv,62900.0,2.8584558247906373,0.0060429932903115517,75.475515366815188,54100,71700,100,100,0.30288888888888887,0.0,50,6,0.2339023153625148,377.02415384615381,395.83866666666665,0.94999999999999996,0.25,0.054854410483294959
844,MGEE,data/empirical/pooled/pooled_five_2019_sessions_mgee,data/empirical/pooled/pooled_five_2019_sessions_mgee/hawkes_rates_mgee_pooled_five_2019_sessions.csv,803500.0,2.5588202370585758,0.089944014701482972,34.904150892835936,720300,886700,100,100,3.3306666666666667,0.0,50,20,0.69346812737249963,104.80594017094018,88.608940170940173,0.94999999999999996,0.25,0.54198644623863046
845,MGI,data/empirical/pooled/pooled_five_2019_sessions_mgi,data/empirical/pooled/pooled_five_2019_sessions_mgi/hawkes_rates_mgi_pooled_five_2019_sessions.csv,22800.0,3.9479523262488225,0.0097696482755673317,27.374617070647364,22100,23500,45,100,0.099111111111111108,0.0,50,1,0.074358195351663381,1349.0881111111109,1311.2030256410258,0.94999999999999996,0.25,0.36419212403997098
846,MGLN,data/empirical/pooled/pooled_five_2019_sessions_mgln,data/empirical/pooled/pooled_five_2019_sessions_mgln/hawkes_rates_mgln_pooled_five_2019_sessions.csv,739200.0,3.2448217219848323,0.088798666609684176,662.05600090898429,662500,815900,300,100,2.9008888888888889,0.0,50,17,0.60799143150669965,129.84870085470087,137.35869230769231,0.94999999999999996,0.25,0.54198644623863046
847,MGNX,data/empirical/pooled/pooled_five_2019_sessions_mgnx,data/empirical/pooled/pooled_five_2019_sessions_mgnx/hawkes_rates_mgnx_pooled_five_2019_sessions.csv,94750.0,3.628468291391107,0.044668575580152997,26.458346168217407,91000,98500,100,24,0.52511111111111108,0.0,50,4,0.29967965278495401,294.49570085470089,179.56945299145301,0.94999999999999996,0.25,0.42535994603367877
848,MGPI,data/empirical/pooled/pooled_five_2019_sessions_mgpi,data/empirical/pooled/pooled_five_2019_sessions_mgpi/hawkes_rates_mgpi_pooled_five_2019_sessions.csv,342900.0,2.8123322863541129,0.073515962220607717,127.11066927280302,315100,370700,650,500,2.8613333333333335,0.0,50,22,0.62156868311238533,117.00312820512821,122.26244444444444,0.94999999999999996,0.25,0.54198644623863046
849,MGRC,data/empirical/pooled/pooled_five_2019_sessions_mgrc,data/empirical/pooled/pooled_five_2019_sessions_mgrc/hawkes_rates_mgrc_pooled_five_2019_sessions.csv,841900.0,2.918981195175967,0.060395743407837946,66.916360242041875,800100,883700,13,100,2.9033333333333333,0.0,50,35,0.66469577174286698,137.39410256410255,132.96761538461539,0.94999999999999996,0.25,0.0096468091552598823
850,MGTA,data/empirical/pooled/pooled_five_2019_sessions_mgta,data/empirical/pooled/pooled_five_2019_sessions_mgta/hawkes_rates_mgta_pooled_five_2019_sessions.csv,122950.0,4.4085011891868717,0.021000897474251039,34.747023748694303,116400,129500,100,78,0.63622222222222224,0.0,50,19,0.49847746650426311,139.53898290598289,263.18717948717949,0.94999999999999996,0.25,0.054854410483294959
851,MIDD,data/empirical/pooled/pooled_five_2019_sessions_midd,data/empirical/pooled/pooled_five_2019_sessions_midd/hawkes_rates_midd_pooled_five_2019_sessions.csv,1126000.0,1.5759770200089491,0.08974742510363691,272.99143786205667,1052000,1200000,600,50,5.3151111111111113,0.0,50,17,0.59392276851656467,98.868452991452983,128.37099145299146,0.94999999999999996,0.25,0.54198644623863046
852,MIK,data/empirical/pooled/pooled_five_2019_sessions_mik,data/empirical/pooled/pooled_five_2019_sessions_mik/hawkes_rates_mik_pooled_five_2019_sessions.csv,54150.0,2.7847595802722673,0.048010598743536047,14.968123529651907,52500,55800,200,800,0.4231111111111111,0.0,50,1,0.05017849898580122,1353.5195555555556,1680.2849316239317,0.94999999999999996,0.25,0.14684855564149249
853,MINI,data/empirical/pooled/pooled_five_2019_sessions_mini,data/empirical/pooled/pooled_five_2019_sessions_mini/hawkes_rates_mini_pooled_five_2019_sessions.csv,436800.0,2.3288932817433299,0.058857216120347021,396.68383137142604,427500,446100,100,100,1.6197777777777778,0.0,50,8,0.4192945019626439,155.93926495726495,119.22451282051281,0.94999999999999996,0.25,0.42535994603367877
854,MITK,data/empirical/pooled/pooled_five_2019_sessions_mitk,data/empirical/pooled/pooled_five_2019_sessions_mitk/hawkes_rates_mitk_pooled_five_2019_sessions.csv,89700.0,2.2358747974220403,0.021855634856190437,39.344851721238911,82700,96700,100,100,0.45088888888888889,0.0,50,3,0.28446854894454193,343.40426495726496,327.55343589743586,0.94999999999999996,0.1222182091484173,0
855,MKSI,data/empirical/pooled/pooled_five_2019_sessions_mksi,data/empirical/pooled/pooled_five_2019_sessions_mksi/hawkes_rates_mksi_pooled_five_2019_sessions.csv,1115700.0,2.5520515513070872,0.1449292704816445,169.54588698532436,1060000,1171400,1,100,3.9104444444444444,0.0,50,15,0.55236235630603381,110.03722222222223,112.55652136752137,0.94999999999999996,0.25,0.54198644623863046
856,MKTX,data/empirical/pooled/pooled_five_2019_sessions_mktx,data/empirical/pooled/pooled_five_2019_sessions_mktx/hawkes_rates_mktx_pooled_five_2019_sessions.csv,3470000.0,2.6708892975482539,0.11868028548228557,947.21221109012868,3350000,3590000,1,14,14.601555555555555,0.0,50,58,0.59732647814910023,85.386581196581204,88.537478632478638,0.94999999999999996,0.25,0.54198644623863046
857,MLAB,data/empirical/pooled/pooled_five_2019_sessions_mlab,data/empirical/pooled/pooled_five_2019_sessions_mlab/hawkes_rates_mlab_pooled_five_2019_sessions.csv,2662550.0,5.8467894709771988,0.040360699175178427,28.009808638293869,2248000,3077100,100,100,9.8955555555555552,0.0,50,254,0.65750196386488613,99.736974358974365,83.932435897435909,0.94999999999999996,0.25,0.0096468091552598823
858,MLHR,data/empirical/pooled/pooled_five_2019_sessions_mlhr,data/empirical/pooled/pooled_five_2019_sessions_mlhr/hawkes_rates_mlhr_pooled_five_2019_sessions.csv,393700.0,2.450821935724075,0.079738450361126548,694.67010428633421,377400,410000,100,1,1.8591111111111112,0.0,50,5,0.34840974364429317,154.86516239316239,144.09652136752138,0.94999999999999996,0.25,0.31472892968491073
859,MMSI,data/empirical/pooled/pooled_five_2019_sessions_mmsi,data/empirical/pooled/pooled_five_2019_sessions_mmsi/hawkes_rates_mmsi_pooled_five_2019_sessions.csv,356750.0,1.8625211404792796,0.084191632121030813,53.199683917741183,327200,386300,100,100,1.8006666666666666,0.0,50,7,0.40282852333839647,174.63271794871795,165.71352991452991,0.94999999999999996,0.25,0.31472892968491073
860,MNKD,data/empirical/pooled/pooled_five_2019_sessions_mnkd,data/empirical/pooled/pooled_five_2019_sessions_mnkd/hawkes_rates_mnkd_pooled_five_2019_sessions.csv,15400.0,3.331398754117699,0.0035386127612291123,7.0602918309859053,14800,16000,10000,2300,0.061555555555555558,0.0,200,1,0.019378400536632631,9990.191230769231,11450.003854700855,0.94999999999999996,0.25,0.14684855564149249
861,MNLO,data/empirical/pooled/pooled_five_2019_sessions_mnlo,data/empirical/pooled/pooled_five_2019_sessions_mnlo/hawkes_rates_mnlo_pooled_five_2019_sessions.csv,49000.0,3.3565971091553144,0.0093251848369588445,21.241893529610106,45900,52100,100,900,0.2328888888888889,0.0,50,6,0.42467491278147795,240.36766666666668,202.39082905982906,0.94999999999999996,0.25,0.054854410483294959
862,MNOV,data/empirical/pooled/pooled_five_2019_sessions_mnov,data/empirical/pooled/pooled_five_2019_sessions_mnov/hawkes_rates_mnov_pooled_five_2019_sessions.csv,60350.0,2.2977887130662156,0.012222744561733407,40.849887862952173,59200,61500,5,300,0.36444444444444446,0.0,50,5,0.36127122604767098,210.08740170940172,267.53637606837611,0.94999999999999996,0.25,0.42535994603367877
863,MNRO,data/empirical/pooled/pooled_five_2019_sessions_mnro,data/empirical/pooled/pooled_five_2019_sessions_mnro/hawkes_rates_mnro_pooled_five_2019_sessions.csv,660150.0,1.6139062432318834,0.079900850463695022,73.626157305928231,624400,695900,500,500,3.3337777777777777,0.0,50,17,0.54441570780111892,114.83182905982906,125.39535897435897,0.94999999999999996,0.25,0.54198644623863046
864,MNST,data/empirical/pooled/pooled_five_2019_sessions_mnst,data/empirical/pooled/pooled_five_2019_sessions_mnst/hawkes_rates_mnst_pooled_five_2019_sessions.csv,654200.0,0.95285048272860651,0.12015043377922133,76.545816469042578,635400,673000,100,2,2.5237777777777777,0.0,50,2,0.13840436590436592,335.36676068376067,332.18218803418802,0.94999999999999996,0.25,0.40263407090880049
865,MNTA,data/empirical/pooled/pooled_five_2019_sessions_mnta,data/empirical/pooled/pooled_five_2019_sessions_mnta/hawkes_rates_mnta_pooled_five_2019_sessions.csv,301400.0,3.0454482270604948,0.055036540023077909,55.081429144054297,282600,320200,100,800,0.57399999999999995,0.0,50,3,0.24996420901932712,249.86113675213673,258.57640170940169,0.94999999999999996,0.25,0.42535994603367877
866,MNTX,data/empirical/pooled/pooled_five_2019_sessions_mntx,data/empirical/pooled/pooled_five_2019_sessions_mntx/hawkes_rates_mntx_pooled_five_2019_sessions.csv,55500.0,3.2906832071154928,0.011145775460489765,27.740064376102307,51500,59500,500,401,0.2877777777777778,0.0,50,8,0.54542203147353363,347.43538461538458,129.60972649572651,0.94999999999999996,0.25,0.054854410483294959
867,MOBL,data/empirical/pooled/pooled_five_2019_sessions_mobl,data/empirical/pooled/pooled_five_2019_sessions_mobl/hawkes_rates_mobl_pooled_five_2019_sessions.csv,49200.0,1.1412590767110047,0.0059233300568400354,5.9895799653999768,47200,51200,200,4000,0.25533333333333336,0.0,50,1,0.044594269202985794,1271.9295470085469,1088.4054444444444,0.94999999999999996,0.1222182091484173,0
868,MOFG,data/empirical/pooled/pooled_five_2019_sessions_mofg,data/empirical/pooled/pooled_five_2019_sessions_mofg/hawkes_rates_mofg_pooled_five_2019_sessions.csv,326600.0,3.9477898717730491,0.013145860934227959,120.03157261232201,292100,361100,100,100,1.4357777777777778,0.0,50,72,0.49467122461290969,293.88947863247864,175.19444444444443,0.94999999999999996,0.25,0.0096468091552598823
869,MORN,data/empirical/pooled/pooled_five_2019_sessions_morn,data/empirical/pooled/pooled_five_2019_sessions_morn/hawkes_rates_morn_pooled_five_2019_sessions.csv,1540250.0,2.0393070979038459,0.057515278430702164,451.70806000585208,1402900,1677600,100,100,6.5711111111111107,0.0,50,57,0.57572598659717056,118.51960683760683,113.60458119658119,0.94999999999999996,0.25,0.54198644623863046
870,MOTS,data/empirical/pooled/pooled_five_2019_sessions_mots,data/empirical/pooled/pooled_five_2019_sessions_mots/hawkes_rates_mots_pooled_five_2019_sessions.csv,24850.0,9.1213088878591346,0.0043164237787939649,77.009656430287421,19900,29800,100,100,0.12755555555555556,0.0,50,6,0.56723484848484851,702.69027350427348,318.53132478632477,0.94999999999999996,0.25,0.36419212403997098
871,MPAA,data/empirical/pooled/pooled_five_2019_sessions_mpaa,data/empirical/pooled/pooled_five_2019_sessions_mpaa/hawkes_rates_mpaa_pooled_five_2019_sessions.csv,208650.0,3.1333241934502967,0.037557160562417195,163.18750963124515,187300,230000,100,100,0.88155555555555554,0.0,50,9,0.42354874041621032,183.02729914529914,134.29133333333334,0.94999999999999996,0.25,0.42535994603367877
872,MPWR,data/empirical/pooled/pooled_five_2019_sessions_mpwr,data/empirical/pooled/pooled_five_2019_sessions_mpwr/hawkes_rates_mpwr_pooled_five_2019_sessions.csv,1829800.0,2.2645758572170736,0.1352792854395487,761.3143095478431,1750000,1909600,10,100,6.6204444444444448,0.0,50,26,0.61072386747281804,94.928085470085463,123.60582051282051,0.94999999999999996,0.25,0.54198644623863046
873,MRAM,data/empirical/pooled/pooled_five_2019_sessions_mram,data/empirical/pooled/pooled_five_2019_sessions_mram/hawkes_rates_mram_pooled_five_2019_sessions.csv,50900.0,2.978679318547345,0.0092397110987649037,35.1002638058009,45400,56400,100,100,0.26155555555555554,0.0,50,7,0.49399815327793167,350.80039316239316,328.11808547008548,0.94999999999999996,0.25,0.054854410483294959
874,MRCC,data/empirical/pooled/pooled_five_2019_sessions_mrcc,data/empirical/pooled/pooled_five_2019_sessions_mrcc/hawkes_rates_mrcc_pooled_five_2019_sessions.csv,114000.0,1.6654942959117041,0.010863712124449762,211.62946590072832,109700,118300,498,1200,0.49977777777777777,0.0,50,4,0.38312202852614896,226.20752136752134,562.86641880341881,0.94999999999999996,0.1222182091484173,0
875,MRCY,data/empirical/pooled/pooled_five_2019_sessions_mrcy,data/empirical/pooled/pooled_five_2019_sessions_mrcy/hawkes_rates_mrcy_pooled_five_2019_sessions.csv,769300.0,3.4688180012288377,0.10204709602974486,69.623753371259482,717000,821600,600,100,3.1273333333333335,0.0,50,19,0.54451746938612433,121.60428205128206,115.25088034188033,0.94999999999999996,0.25,0.54198644623863046
876,MRKR,data/empirical/pooled/pooled_five_2019_sessions_mrkr,data/empirical/pooled/pooled_five_2019_sessions_mrkr/hawkes_rates_mrkr_pooled_five_2019_sessions.csv,27900.0,4.5683521512109619,0.018111885123295868,30.604874997517637,26300,29500,2000,100,0.23022222222222222,0.0,50,4,0.34429588095751562,390.00825641025642,1355.4845128205129,0.94999999999999996,0.25,0.36419212403997098
877,MRLN,data/empirical/pooled/pooled_five_2019_sessions_mrln,data/empirical/pooled/pooled_five_2019_sessions_mrln/hawkes_rates_mrln_pooled_five_2019_sessions.csv,210050.0,4.1339411108911683,0.0070088465319030737,31.182469736023133,187900,232200,100,100,1.0544444444444445,0.0,34,28,0.21599751011515717,118.1011623931624,171.64376068376069,0.94999999999999996,0.25,0.0096468091552598823
878,MRNA,data/empirical/pooled/pooled_five_2019_sessions_mrna,data/empirical/pooled/pooled_five_2019_sessions_mrna/hawkes_rates_mrna_pooled_five_2019_sessions.csv,211250.0,3.1069475015236829,0.049104662592418483,26.727579513352644,210500,212000,100,194,0.75444444444444447,0.0,50,4,0.23638139466312841,389.14018803418804,345.53240170940171,0.94999999999999996,0.25,0.31472892968491073
879,MRNS,data/empirical/pooled/pooled_five_2019_sessions_mrns,data/empirical/pooled/pooled_five_2019_sessions_mrns/hawkes_rates_mrns_pooled_five_2019_sessions.csv,21300.0,4.186800555540259,0.010496175050215821,17.013460349085957,20600,22000,20,100,0.10711111111111112,0.0,50,1,0.083496558285298561,2340.9975726495727,2146.0747692307691,0.94999999999999996,0.25,0.36419212403997098
880,MRSN,data/empirical/pooled/pooled_five_2019_sessions_mrsn,data/empirical/pooled/pooled_five_2019_sessions_mrsn/hawkes_rates_mrsn_pooled_five_2019_sessions.csv,77700.0,4.1895364858830604,0.015410914996367367,23.326700918207077,73700,81700,118,200,0.19577777777777777,0.0,50,4,0.34743684081432424,257.08712820512818,464.67610256410262,0.94999999999999996,0.25,0.054854410483294959
881,MRTN,data/empirical/pooled/pooled_five_2019_sessions_mrtn,data/empirical/pooled/pooled_five_2019_sessions_mrtn/hawkes_rates_mrtn_pooled_five_2019_sessions.csv,196150.0,2.2449939221384079,0.031479977776828073,234.97068635172221,190000,202300,4,186,0.89711111111111108,0.0,50,4,0.29984706557063662,201.3276153846154,198.78571794871795,0.94999999999999996,0.25,0.42535994603367877
882,MRTX,data/empirical/pooled/pooled_five_2019_sessions_mrtx,data/empirical/pooled/pooled_five_2019_sessions_mrtx/hawkes_rates_mrtx_pooled_five_2019_sessions.csv,866350.0,3.3245288844705883,0.11331253472370614,54.387667563259953,812700,920000,100,100,4.2408888888888887,0.0,50,24,0.6067843466044277,99.710897435897436,98.109803418803409,0.94999999999999996,0.25,0.54198644623863046
883,MRUS,data/empirical/pooled/pooled_five_2019_sessions_mrus,data/empirical/pooled/pooled_five_2019_sessions_mrus/hawkes_rates_mrus_pooled_five_2019_sessions.csv,168450.0,5.2997532854382214,0.0075216889610667127,98.08949234998768,134100,202800,100,100,0.62177777777777776,0.0,50,34,0.53449242849130674,242.85895726495727,254.31792307692308,0.94999999999999996,0.25,0.054854410483294959
884,MRVL,data/empirical/pooled/pooled_five_2019_sessions_mrvl,data/empirical/pooled/pooled_five_2019_sessions_mrvl/hawkes_rates_mrvl_pooled_five_2019_sessions.csv,249450.0,1.3780810886187453,0.049070473097140903,7.8039468858434002,249000,249900,504,114,1.1040000000000001,0.0,50,1,0.014602417148247625,2953.0145897435896,2800.3203333333331,0.94999999999999996,0.25,0.40263407090880049
885,MSBI,data/empirical/pooled/pooled_five_2019_sessions_msbi,data/empirical/pooled/pooled_five_2019_sessions_msbi/hawkes_rates_msbi_pooled_five_2019_sessions.csv,278550.0,2.2714424656796766,0.032266336168212319,36.272163240966258,264000,293100,86,100,1.1295555555555556,0.0,50,12,0.62362687941086226,136.4865641025641,122.02809401709401,0.94999999999999996,0.25,0.42535994603367877
886,MSEX,data/empirical/pooled/pooled_five_2019_sessions_msex,data/empirical/pooled/pooled_five_2019_sessions_msex/hawkes_rates_msex_pooled_five_2019_sessions.csv,664500.0,2.1045570878620081,0.034710885080558994,25.235502257453074,597000,732000,100,100,2.8615555555555554,0.0,50,28,0.65504018877663894,133.00006837606838,108.96564957264957,0.94999999999999996,0.25,0.0096468091552598823
887,MSFT,data/empirical/pooled/pooled_five_2019_sessions_msft,data/empirical/pooled/pooled_five_2019_sessions_msft/hawkes_rates_msft_pooled_five_2019_sessions.csv,1740250.0,0.83074051782870317,0.38064019829907264,30.515847900135544,1740000,1740500,500,800,6.2322222222222221,0.0,50,1,0.070652068530562467,613.71376923076923,585.78721367521371,0.94999999999999996,0.25,0.40263407090880049
888,MSON,data/empirical/pooled/pooled_five_2019_sessions_mson,data/empirical/pooled/pooled_five_2019_sessions_mson/hawkes_rates_mson_pooled_five_2019_sessions.csv,182000.0,3.0377856000162202,0.014974998931578273,40.324184329378866,180000,184000,100,200,0.86155555555555552,0.0,50,28,0.50073304011728637,145.01738461538463,184.89036752136752,0.94999999999999996,0.25,0.0096468091552598823
889,MSTR,data/empirical/pooled/pooled_five_2019_sessions_mstr,data/empirical/pooled/pooled_five_2019_sessions_mstr/hawkes_rates_mstr_pooled_five_2019_sessions.csv,1537600.0,2.6220905374112635,0.059746142997563999,65.772633687396635,1408800,1666400,100,100,6.4602222222222219,0.0,50,64,0.5386693931205726,110.68804273504274,195.82648717948717,0.94999999999999996,0.25,0.0096468091552598823
890,MTBC,data/empirical/pooled/pooled_five_2019_sessions_mtbc,data/empirical/pooled/pooled_five_2019_sessions_mtbc/hawkes_rates_mtbc_pooled_five_2019_sessions.csv,43550.0,4.0625247663863462,0.0042053079191418435,18.822218415180831,37500,49600,6,1000,0.18555555555555556,0.0,50,5,0.65616045845272208,913.92531623931632,1378.4042564102563,0.94999999999999996,0.25,0.36419212403997098
891,MTCH,data/empirical/pooled/pooled_five_2019_sessions_mtch,data/empirical/pooled/pooled_five_2019_sessions_mtch/hawkes_rates_mtch_pooled_five_2019_sessions.csv,811500.0,1.7172261333410894,0.16092140689773066,65.584914843437218,801000,822000,25,28,3.2186666666666666,0.0,50,6,0.42468954039175522,157.92647863247862,167.52436752136754,0.94999999999999996,0.11621735476962097,0
892,MTEM,data/empirical/pooled/pooled_five_2019_sessions_mtem,data/empirical/pooled/pooled_five_2019_sessions_mtem/hawkes_rates_mtem_pooled_five_2019_sessions.csv,143300.0,3.3499081217578186,0.024556604983118936,36.435860065344322,140600,146000,16,59,0.29488888888888887,0.0,50,6,0.33816183816183815,261.27350427350427,262.65808547008544,0.94999999999999996,0.25,0.054854410483294959
893,MTRX,data/empirical/pooled/pooled_five_2019_sessions_mtrx,data/empirical/pooled/pooled_five_2019_sessions_mtrx/hawkes_rates_mtrx_pooled_five_2019_sessions.csv,224000.0,2.787533478652608,0.039993162100944488,67.926976838230161,192000,256000,700,100,0.90044444444444449,0.0,50,7,0.46954122484310756,139.85147008547008,141.51257264957263,0.94999999999999996,0.25,0.42535994603367877
894,MTSC,data/empirical/pooled/pooled_five_2019_sessions_mtsc,data/empirical/pooled/pooled_five_2019_sessions_mtsc/hawkes_rates_mtsc_pooled_five_2019_sessions.csv,511350.0,2.0235751911989981,0.042326595153639048,114.19781374008761,457600,565100,100,100,2.3595555555555556,0.0,50,18,0.62385746763791583,145.08814529914531,120.03964957264957,0.94999999999999996,0.25,0.54198644623863046
895,MTSI,data/empirical/pooled/pooled_five_2019_sessions_mtsi,data/empirical/pooled/pooled_five_2019_sessions_mtsi/hawkes_rates_mtsi_pooled_five_2019_sessions.csv,307450.0,2.7639123539196411,0.07390059404248045,42.930304870165628,301400,313500,100,70,0.81399999999999995,0.0,50,3,0.2751930822955545,244.83057264957264,267.52404273504277,0.94999999999999996,0.25,0.31472892968491073
896,MU,data/empirical/pooled/pooled_five_2019_sessions_mu,data/empirical/pooled/pooled_five_2019_sessions_mu/hawkes_rates_mu_pooled_five_2019_sessions.csv,541900.0,1.7140506622972631,0.20005128424291638,12.093778457511391,541300,542500,407,1200,2.0811111111111109,0.0,50,1,0.034917403947287012,1341.354376068376,1353.438452991453,0.94999999999999996,0.25,0.40263407090880049
897,MVBF,data/empirical/pooled/pooled_five_2019_sessions_mvbf,data/empirical/pooled/pooled_five_2019_sessions_mvbf/hawkes_rates_mvbf_pooled_five_2019_sessions.csv,207900.0,3.3730917184557492,0.009803837770844908,121.20505202479349,185200,230600,100,100,0.81355555555555559,0.0,50,37,0.61967755270773051,106.72643589743589,298.05892307692307,0.94999999999999996,0.25,0.0096468091552598823
898,MXIM,data/empirical/pooled/pooled_five_2019_sessions_mxim,data/empirical/pooled/pooled_five_2019_sessions_mxim/hawkes_rates_mxim_pooled_five_2019_sessions.csv,616850.0,1.5510316176112129,0.16310953459549554,168.53339949802253,602100,631600,100,1000,2.6766666666666667,0.0,50,3,0.23776180212058159,284.43717948717949,258.43557264957269,0.94999999999999996,0.25,0.40263407090880049
899,MYGN,data/empirical/pooled/pooled_five_2019_sessions_mygn,data/empirical/pooled/pooled_five_2019_sessions_mygn/hawkes_rates_mygn_pooled_five_2019_sessions.csv,282400.0,2.8592089272081291,0.080909440574383512,66.434513286730095,260100,304700,700,700,1.2653333333333334,0.0,50,5,0.3075945132151221,171.90063247863247,164.03487179487178,0.94999999999999996,0.25,0.31472892968491073
900,MYOK,data/empirical/pooled/pooled_five_2019_sessions_myok,data/empirical/pooled/pooled_five_2019_sessions_myok/hawkes_rates_myok_pooled_five_2019_sessions.csv,725850.0,2.631904359274956,0.099465789136287869,47.162028855161267,685000,766700,100,600,2.3335555555555554,0.0,50,16,0.59085498214410759,145.57347008547009,131.98283760683762,0.94999999999999996,0.25,0.54198644623863046
901,MYRG,data/empirical/pooled/pooled_five_2019_sessions_myrg,data/empirical/pooled/pooled_five_2019_sessions_myrg/hawkes_rates_myrg_pooled_five_2019_sessions.csv,307500.0,3.5557470985629855,0.046010513269797854,56.743564380302821,280000,335000,530,100,1.4319999999999999,0.0,50,24,0.67377874682032912,130.58436752136751,379.55306837606838,0.94999999999999996,0.25,0.0096468091552598823
902,NATH,data/empirical/pooled/pooled_five_2019_sessions_nath,data/empirical/pooled/pooled_five_2019_sessions_nath/hawkes_rates_nath_pooled_five_2019_sessions.csv,663350.0,6.1573148742796917,0.0088208897816145996,20.197977613778093,580500,746200,100,100,3.2046666666666668,0.0,50,201,0.41373160945162729,132.79731623931625,96.810418803418798,0.94999999999999996,0.25,0.0096468091552598823
903,NATI,data/empirical/pooled/pooled_five_2019_sessions_nati,data/empirical/pooled/pooled_five_2019_sessions_nati/hawkes_rates_nati_pooled_five_2019_sessions.csv,428350.0,2.1795284339974557,0.079071755203213814,94.64424670403848,398800,457900,100,100,1.9675555555555555,0.0,50,4,0.40119563654292584,189.78055555555557,230.07441025641023,0.94999999999999996,0.25,0.31472892968491073
904,NATR,data/empirical/pooled/pooled_five_2019_sessions_natr,data/empirical/pooled/pooled_five_2019_sessions_natr/hawkes_rates_natr_pooled_five_2019_sessions.csv,104700.0,2.0375939978696627,0.0022223171930424376,36.525213773615484,97900,111500,100,100,0.38933333333333331,0.0,50,16,0.25691699604743085,457.16136752136754,965.86111965811961,0.94999999999999996,0.25,0.054854410483294959
905,NAVI,data/empirical/pooled/pooled_five_2019_sessions_navi,data/empirical/pooled/pooled_five_2019_sessions_navi/hawkes_rates_navi_pooled_five_2019_sessions.csv,149650.0,1.1281576121365167,0.01826573785204496,13.198218479062893,142600,156700,7400,3800,0.61088888888888893,0.0,50,1,0.022762878997327436,1622.0565299145298,1466.7154700854701,0.94999999999999996,0.25,0.14684855564149249
906,NBEV,data/empirical/pooled/pooled_five_2019_sessions_nbev,data/empirical/pooled/pooled_five_2019_sessions_nbev/hawkes_rates_nbev_pooled_five_2019_sessions.csv,17850.0,2.8783790070822382,0.026932774904910466,62.653560531440547,17200,18500,10000,2105,0.16488888888888889,0.0,69,1,0.077218191964285712,5231.9242222222219,4941.6238632478635,0.94999999999999996,0.25,0.14684855564149249
907,NBIX,data/empirical/pooled/pooled_five_2019_sessions_nbix,data/empirical/pooled/pooled_five_2019_sessions_nbix/hawkes_rates_nbix_pooled_five_2019_sessions.csv,1031600.0,2.3999946701835171,0.13103978802512928,86.552916106136379,985300,1077900,600,600,4.0595555555555558,0.0,50,14,0.55763740441587883,130.27451282051283,126.88377777777778,0.94999999999999996,0.25,0.54198644623863046
908,NBN,data/empirical/pooled/pooled_five_2019_sessions_nbn,data/empirical/pooled/pooled_five_2019_sessions_nbn/hawkes_rates_nbn_pooled_five_2019_sessions.csv,204050.0,2.7311996222758204,0.0052395401512885164,55.506676265149984,182000,226100,100,100,0.92888888888888888,0.0,50,40,0.32461466604390471,254.55680341880344,247.20926495726499,0.94999999999999996,0.25,0.0096468091552598823
909,NBTB,data/empirical/pooled/pooled_five_2019_sessions_nbtb,data/empirical/pooled/pooled_five_2019_sessions_nbtb/hawkes_rates_nbtb_pooled_five_2019_sessions.csv,399950.0,2.7674520038079931,0.050061968460190606,405.74937866657973,380000,419900,114,200,1.6908888888888889,0.0,50,10,0.54546529502187535,148.21875213675213,174.17268376068375,0.94999999999999996,0.25,0.42535994603367877
910,NCBS,data/empirical/pooled/pooled_five_2019_sessions_ncbs,data/empirical/pooled/pooled_five_2019_sessions_ncbs/hawkes_rates_ncbs_pooled_five_2019_sessions.csv,666950.0,2.1126224758811238,0.013974956194709176,38.283487268961515,628200,705700,100,104,3.0051111111111113,0.0,50,58,0.43885693078493226,431.88462393162388,163.7616923076923,0.94999999999999996,0.25,0.0096468091552598823
911,NCSM,data/empirical/pooled/pooled_five_2019_sessions_ncsm,data/empirical/pooled/pooled_five_2019_sessions_ncsm/hawkes_rates_ncsm_pooled_five_2019_sessions.csv,16550.0,4.456063723764415,0.0089320056412667218,32.667305692556859,14200,18900,100,100,0.14155555555555555,0.0,50,5,0.44089574155653449,250.03639316239315,223.23032478632476,0.94999999999999996,0.25,0.054854410483294959
912,NDAQ,data/empirical/pooled/pooled_five_2019_sessions_ndaq,data/empirical/pooled/pooled_five_2019_sessions_ndaq/hawkes_rates_ndaq_pooled_five_2019_sessions.csv,1162450.0,1.2179912019213754,0.11846660113680071,93.081782035081716,1140000,1184900,1,600,4.2735555555555553,0.0,50,5,0.37554554512412469,168.01055555555556,147.15718803418804,0.94999999999999996,0.11621735476962097,0
913,NDLS,data/empirical/pooled/pooled_five_2019_sessions_ndls,data/empirical/pooled/pooled_five_2019_sessions_ndls/hawkes_rates_ndls_pooled_five_2019_sessions.csv,68300.0,1.6421219036616841,0.014359588016581906,13.803061762487772,65700,70900,100,114,0.30022222222222222,0.0,50,2,0.1478026637402105,745.48285470085466,572.11073504273497,0.94999999999999996,0.1222182091484173,0
914,NDSN,data/empirical/pooled/pooled_five_2019_sessions_ndsn,data/empirical/pooled/pooled_five_2019_sessions_ndsn/hawkes_rates_ndsn_pooled_five_2019_sessions.csv,1734500.0,2.4676669147124812,0.10995341681268431,981.20102457400549,1628900,1840100,4,2,6.019333333333333,0.0,50,28,0.61117176128093154,101.72519658119657,111.25024786324786,0.94999999999999996,0.25,0.54198644623863046
915,NEO,data/empirical/pooled/pooled_five_2019_sessions_neo,data/empirical/pooled/pooled_five_2019_sessions_neo/hawkes_rates_neo_pooled_five_2019_sessions.csv,333100.0,2.7859425316569499,0.083559126458395666,31.724572144994013,323200,343000,7,87,1.0191111111111111,0.0,50,3,0.30555555555555558,225.53239316239313,223.67615384615382,0.94999999999999996,0.25,0.31472892968491073
916,NEOG,data/empirical/pooled/pooled_five_2019_sessions_neog,data/empirical/pooled/pooled_five_2019_sessions_neog/hawkes_rates_neog_pooled_five_2019_sessions.csv,658950.0,1.767155153873156,0.074712594555322878,54.13031138143517,640300,677600,3,39,2.8997777777777776,0.0,50,13,0.54966285950185767,123.98386324786324,116.6171111111111,0.94999999999999996,0.25,0.54198644623863046
917,NEOS,data/empirical/pooled/pooled_five_2019_sessions_neos,data/empirical/pooled/pooled_five_2019_sessions_neos/hawkes_rates_neos_pooled_five_2019_sessions.csv,17800.0,4.2647814500226318,0.0058720458139236726,22.777364520474322,16600,19000,2000,2900,0.070444444444444448,0.0,50,2,0.26624405705229792,469.01674358974361,512.67271794871795,0.94999999999999996,0.25,0.36419212403997098
918,NERV,data/empirical/pooled/pooled_five_2019_sessions_nerv,data/empirical/pooled/pooled_five_2019_sessions_nerv/hawkes_rates_nerv_pooled_five_2019_sessions.csv,84600.0,3.0374461593553144,0.024146331039788024,16.140401370876212,79800,89400,56,200,0.27444444444444444,0.0,50,3,0.32199497667743093,363.21982051282055,262.2116666666667,0.94999999999999996,0.25,0.054854410483294959
919,NEWT,data/empirical/pooled/pooled_five_2019_sessions_newt,data/empirical/pooled/pooled_five_2019_sessions_newt/hawkes_rates_newt_pooled_five_2019_sessions.csv,211800.0,2.0348863178233043,0.023325783153126202,47.138293167296233,206000,217600,49,1000,0.97355555555555551,0.0,50,7,0.56991988346686084,252.12218803418801,182.61694017094015,0.94999999999999996,0.25,0.42535994603367877
920,NFBK,data/empirical/pooled/pooled_five_2019_sessions_nfbk,data/empirical/pooled/pooled_five_2019_sessions_nfbk/hawkes_rates_nfbk_pooled_five_2019_sessions.csv,161350.0,2.4685893618239216,0.023718962348818325,320.125840178261,144700,178000,100,100,0.69133333333333336,0.0,50,4,0.34526970639556936,176.12872649572651,191.29970940170941,0.94999999999999996,0.25,0.42535994603367877
921,NFLX,data/empirical/pooled/pooled_five_2019_sessions_nflx,data/empirical/pooled/pooled_five_2019_sessions_nflx/hawkes_rates_nflx_pooled_five_2019_sessions.csv,3415000.0,1.4353336303918196,0.4301893243300996,48.901263110154375,3410000,3420000,10,229,14.635333333333334,0.0,50,13,0.6171323600502755,121.27149572649573,122.33017948717948,0.94999999999999996,0.11621735476962097,0
922,NGHC,data/empirical/pooled/pooled_five_2019_sessions_nghc,data/empirical/pooled/pooled_five_2019_sessions_nghc/hawkes_rates_nghc_pooled_five_2019_sessions.csv,215650.0,1.92871491144546,0.039198256335740846,60.092318791186045,211800,219500,100,39,1.0695555555555556,0.0,50,5,0.38899796258566399,172.64300854700855,160.02978632478633,0.94999999999999996,0.25,0.42535994603367877
923,NHTC,data/empirical/pooled/pooled_five_2019_sessions_nhtc,data/empirical/pooled/pooled_five_2019_sessions_nhtc/hawkes_rates_nhtc_pooled_five_2019_sessions.csv,48150.0,2.6630125223610119,0.011650070515834009,24.250753820731695,37500,58800,100,100,0.32777777777777778,0.0,50,6,0.48537406161014757,277.01989743589741,231.72747863247864,0.94999999999999996,0.25,0.054854410483294959
924,NK,data/empirical/pooled/pooled_five_2019_sessions_nk,data/empirical/pooled/pooled_five_2019_sessions_nk/hawkes_rates_nk_pooled_five_2019_sessions.csv,68150.0,4.7273176083330295,0.0080088892687721694,26.161705102742115,67700,68600,130,1468,0.055555555555555552,0.0,75,2,0.17157825802226587,866.48483760683757,819.6406068376067,0.94999999999999996,0.25,0.36419212403997098
925,NKSH,data/empirical/pooled/pooled_five_2019_sessions_nksh,data/empirical/pooled/pooled_five_2019_sessions_nksh/hawkes_rates_nksh_pooled_five_2019_sessions.csv,401100.0,3.1171658776614803,0.0036069917517842645,32.728712774604858,340300,461900,100,100,1.7933333333333332,0.0,50,80,0.29746835443037972,185.29688888888887,167.16304273504275,0.94999999999999996,0.25,0.0096468091552598823
926,NKTR,data/empirical/pooled/pooled_five_2019_sessions_nktr,data/empirical/pooled/pooled_five_2019_sessions_nktr/hawkes_rates_nktr_pooled_five_2019_sessions.csv,205400.0,2.4030113212361428,0.10614128808923458,158.93937255187171,200800,210000,50,100,1.2935555555555556,0.0,50,3,0.24221086739780659,261.26590598290602,289.18305128205128,0.94999999999999996,0.25,0.31472892968491073
927,NLNK,data/empirical/pooled/pooled_five_2019_sessions_nlnk,data/empirical/pooled/pooled_five_2019_sessions_nlnk/hawkes_rates_nlnk_pooled_five_2019_sessions.csv,16550.0,4.6347446964067718,0.007983247147313988,12.054129756290534,15600,17500,3500,3400,0.068888888888888888,0.0,50,1,0.12420467783851599,1435.7671452991453,2217.2256666666663,0.94999999999999996,0.25,0.36419212403997098
928,NMIH,data/empirical/pooled/pooled_five_2019_sessions_nmih,data/empirical/pooled/pooled_five_2019_sessions_nmih/hawkes_rates_nmih_pooled_five_2019_sessions.csv,332950.0,1.789347614482085,0.054882687294328811,61.593853296818942,321900,344000,100,100,1.1233333333333333,0.0,50,4,0.30712261567404092,187.44936752136752,186.16344444444445,0.94999999999999996,0.25,0.31472892968491073
929,NMRK,data/empirical/pooled/pooled_five_2019_sessions_nmrk,data/empirical/pooled/pooled_five_2019_sessions_nmrk/hawkes_rates_nmrk_pooled_five_2019_sessions.csv,121800.0,1.8043728044764447,0.02422325740416257,18.686108178784803,112200,131400,1700,100,0.44444444444444442,0.0,50,2,0.13482485986341272,550.61113675213676,533.07409401709401,0.94999999999999996,0.1222182091484173,0
930,NNBR,data/empirical/pooled/pooled_five_2019_sessions_nnbr,data/empirical/pooled/pooled_five_2019_sessions_nnbr/hawkes_rates_nnbr_pooled_five_2019_sessions.csv,92800.0,2.1932097023984611,0.025770332065472884,86.18688780221963,87900,97700,87,100,0.37444444444444447,0.0,50,3,0.34826905357377913,296.0289658119658,284.57153846153847,0.94999999999999996,0.1222182091484173,0
931,NOVT,data/empirical/pooled/pooled_five_2019_sessions_novt,data/empirical/pooled/pooled_five_2019_sessions_novt/hawkes_rates_novt_pooled_five_2019_sessions.csv,943000.0,2.3627278947114885,0.064122398393093721,31.038768619011783,903000,983000,1,1,3.9677777777777776,0.0,50,28,0.60074067542544751,120.80593162393163,94.77235897435898,0.94999999999999996,0.25,0.54198644623863046
932,NRC,data/empirical/pooled/pooled_five_2019_sessions_nrc,data/empirical/pooled/pooled_five_2019_sessions_nrc/hawkes_rates_nrc_pooled_five_2019_sessions.csv,724900.0,3.2434166880309574,0.012368049916663104,68.261274994645206,685300,764500,119,100,2.6831111111111112,0.0,50,68,0.46371176775531364,169.86729914529914,139.47513675213673,0.94999999999999996,0.25,0.0096468091552598823
933,NRIM,data/empirical/pooled/pooled_five_2019_sessions_nrim,data/empirical/pooled/pooled_five_2019_sessions_nrim/hawkes_rates_nrim_pooled_five_2019_sessions.csv,401050.0,3.3566375227050336,0.0094363006966109667,101.77353887297396,337700,464400,100,100,1.4802222222222223,0.0,50,39,0.47972251867662752,148.08188034188032,112.48393162393162,0.94999999999999996,0.25,0.0096468091552598823
934,NSIT,data/empirical/pooled/pooled_five_2019_sessions_nsit,data/empirical/pooled/pooled_five_2019_sessions_nsit/hawkes_rates_nsit_pooled_five_2019_sessions.csv,666050.0,1.7699798983144999,0.072379161502628325,36.324408689607147,625300,706800,100,100,2.4893333333333332,0.0,50,12,0.62944038184989137,106.58793162393162,115.67465811965812,0.94999999999999996,0.25,0.54198644623863046
935,NSTG,data/empirical/pooled/pooled_five_2019_sessions_nstg,data/empirical/pooled/pooled_five_2019_sessions_nstg/hawkes_rates_nstg_pooled_five_2019_sessions.csv,269900.0,3.340259523213843,0.063079618787127659,48.561063346867037,256900,282900,100,21,1.0457777777777777,0.0,50,7,0.40637955421157879,171.07555555555558,157.15209401709402,0.94999999999999996,0.25,0.42535994603367877
936,NTAP,data/empirical/pooled/pooled_five_2019_sessions_ntap,data/empirical/pooled/pooled_five_2019_sessions_ntap/hawkes_rates_ntap_pooled_five_2019_sessions.csv,558950.0,1.2143144275455933,0.17769990170520106,48.142250910804457,546300,571600,220,100,2.7722222222222221,0.0,50,2,0.24046215880893301,206.11499145299143,238.73635897435898,0.94999999999999996,0.25,0.40263407090880049
937,NTCT,data/empirical/pooled/pooled_five_2019_sessions_ntct,data/empirical/pooled/pooled_five_2019_sessions_ntct/hawkes_rates_ntct_pooled_five_2019_sessions.csv,260900.0,2.0901231992160016,0.057395615197230652,24.425048098631855,240300,281500,1600,800,1.1422222222222222,0.0,50,3,0.25861155272919978,218.45653846153846,216.87307692307689,0.94999999999999996,0.25,0.31472892968491073
938,NTGN,data/empirical/pooled/pooled_five_2019_sessions_ntgn,data/empirical/pooled/pooled_five_2019_sessions_ntgn/hawkes_rates_ntgn_pooled_five_2019_sessions.csv,13850.0,4.2681292457807292,0.0092226163511261172,22.493143631547436,12400,15300,100,100,0.12977777777777777,0.0,50,4,0.46525897852373216,393.50181196581195,453.21971794871797,0.94999999999999996,0.25,0.36419212403997098
939,NTGR,data/empirical/pooled/pooled_five_2019_sessions_ntgr,data/empirical/pooled/pooled_five_2019_sessions_ntgr/hawkes_rates_ntgr_pooled_five_2019_sessions.csv,265750.0,2.1288484233614429,0.067293474080088886,66.460280782824185,259000,272500,46,700,1.4786666666666666,0.0,50,5,0.39252654650692659,138.15513675213674,155.59025641025642,0.94999999999999996,0.25,0.31472892968491073
940,NTLA,data/empirical/pooled/pooled_five_2019_sessions_ntla,data/empirical/pooled/pooled_five_2019_sessions_ntla/hawkes_rates_ntla_pooled_five_2019_sessions.csv,132700.0,3.6096529437259677,0.06521646224197615,58.860525377915046,128500,136900,100,1100,0.69399999999999995,0.0,50,5,0.28712947764796753,232.24442735042734,241.25198290598291,0.94999999999999996,0.25,0.42535994603367877
941,NTNX,data/empirical/pooled/pooled_five_2019_sessions_ntnx,data/empirical/pooled/pooled_five_2019_sessions_ntnx/hawkes_rates_ntnx_pooled_five_2019_sessions.csv,318700.0,2.2110958895804531,0.1355869908970469,40.314850753990903,312500,324900,1000,2950,1.4191111111111112,0.0,50,3,0.23124088379882232,297.23704273504273,298.62848717948719,0.94999999999999996,0.25,0.40263407090880049
942,NTRA,data/empirical/pooled/pooled_five_2019_sessions_ntra,data/empirical/pooled/pooled_five_2019_sessions_ntra/hawkes_rates_ntra_pooled_five_2019_sessions.csv,355200.0,2.3546041938312361,0.061763323218940978,32.320807750149292,330400,380000,600,9,1.1893333333333334,0.0,50,6,0.50956768249468465,163.33238461538463,189.72584615384613,0.94999999999999996,0.25,0.31472892968491073
943,NTRS,data/empirical/pooled/pooled_five_2019_sessions_ntrs,data/empirical/pooled/pooled_five_2019_sessions_ntrs/hawkes_rates_ntrs_pooled_five_2019_sessions.csv,993300.0,1.2181621371046862,0.17193042437711012,1102.4961345119498,932800,1053800,2,3,4.3851111111111107,0.0,50,5,0.3373994009166697,175.9721111111111,146.42031623931624,0.94999999999999996,0.11621735476962097,0
944,NUAN,data/empirical/pooled/pooled_five_2019_sessions_nuan,data/empirical/pooled/pooled_five_2019_sessions_nuan/hawkes_rates_nuan_pooled_five_2019_sessions.csv,193300.0,1.2587033200706681,0.025291679131586819,7.3253582494398115,188400,198200,1,3000,0.73377777777777775,0.0,50,1,0.029336259643522215,974.00098290598294,1011.9540427350428,0.94999999999999996,0.25,0.40263407090880049
945,NUVA,data/empirical/pooled/pooled_five_2019_sessions_nuva,data/empirical/pooled/pooled_five_2019_sessions_nuva/hawkes_rates_nuva_pooled_five_2019_sessions.csv,780200.0,1.7804435014058808,0.093123637762297526,150.83623432921013,732500,827900,100,100,2.585777777777778,0.0,50,11,0.55034874048162452,138.77676923076925,128.75698290598291,0.94999999999999996,0.25,0.54198644623863046
946,NVDA,data/empirical/pooled/pooled_five_2019_sessions_nvda,data/empirical/pooled/pooled_five_2019_sessions_nvda/hawkes_rates_nvda_pooled_five_2019_sessions.csv,2412350.0,1.5309501427332144,0.469182443694175,46.219671583709228,2407500,2417200,128,175,7.9084444444444442,0.0,50,6,0.42878225103909784,165.64147008547008,173.5720170940171,0.94999999999999996,0.11621735476962097,0
947,NVEC,data/empirical/pooled/pooled_five_2019_sessions_nvec,data/empirical/pooled/pooled_five_2019_sessions_nvec/hawkes_rates_nvec_pooled_five_2019_sessions.csv,752650.0,3.0829016100470485,0.015043377922133425,40.28445861338944,742800,762500,43,200,3.2662222222222224,0.0,50,126,0.56998391174442653,148.08835042735043,142.41905128205127,0.94999999999999996,0.25,0.0096468091552598823
948,NVEE,data/empirical/pooled/pooled_five_2019_sessions_nvee,data/empirical/pooled/pooled_five_2019_sessions_nvee/hawkes_rates_nvee_pooled_five_2019_sessions.csv,624600.0,2.4572558990783167,0.041617163126629345,42.334101926944349,593100,656100,500,100,3.1666666666666665,0.0,50,29,0.61522213616841515,115.43971794871796,113.66237606837608,0.94999999999999996,0.25,0.0096468091552598823
949,NWBI,data/empirical/pooled/pooled_five_2019_sessions_nwbi,data/empirical/pooled/pooled_five_2019_sessions_nwbi/hawkes_rates_nwbi_pooled_five_2019_sessions.csv,156350.0,1.1226372652981478,0.022915509209795289,22.6641253940228,152600,160100,100,100,0.7824444444444445,0.0,50,1,0.080332641491036236,598.60904273504275,653.83721367521366,0.94999999999999996,0.1222182091484173,0
950,NWL,data/empirical/pooled/pooled_five_2019_sessions_nwl,data/empirical/pooled/pooled_five_2019_sessions_nwl/hawkes_rates_nwl_pooled_five_2019_sessions.csv,199250.0,1.8891014476654142,0.054002307790931237,10.052592538665747,188600,209900,100,3600,0.84399999999999997,0.0,50,1,0.03090735715639864,1412.8131538461537,1111.6937094017094,0.94999999999999996,0.25,0.40263407090880049
951,NWLI,data/empirical/pooled/pooled_five_2019_sessions_nwli,data/empirical/pooled/pooled_five_2019_sessions_nwli/hawkes_rates_nwli_pooled_five_2019_sessions.csv,2531450.0,5.3641340554768098,0.0082054788666182325,21.455037926911796,2382500,2680400,100,10,12.713555555555555,0.0,50,610,0.50770988006853224,114.3468717948718,94.242863247863255,0.94999999999999996,0.25,0.0096468091552598823
952,NWS,data/empirical/pooled/pooled_five_2019_sessions_nws,data/empirical/pooled/pooled_five_2019_sessions_nws/hawkes_rates_nws_pooled_five_2019_sessions.csv,131500.0,1.049490554860361,0.013547587503739477,134.46976590726283,125600,137400,2900,1092,0.61888888888888893,0.0,100,1,0.034232306739485387,906.97658974358978,1466.2895897435897,0.94999999999999996,0.1222182091484173,0
953,NWSA,data/empirical/pooled/pooled_five_2019_sessions_nwsa,data/empirical/pooled/pooled_five_2019_sessions_nwsa/hawkes_rates_nwsa_pooled_five_2019_sessions.csv,139050.0,0.91101105643005642,0.012265481430830377,28.758359927665129,131400,146700,8,200,0.58755555555555561,0.0,50,1,0.015917650375532215,2659.6732735042733,2636.917948717949,0.94999999999999996,0.25,0.14684855564149249
954,NXGN,data/empirical/pooled/pooled_five_2019_sessions_nxgn,data/empirical/pooled/pooled_five_2019_sessions_nxgn/hawkes_rates_nxgn_pooled_five_2019_sessions.csv,133300.0,1.4162095075189767,0.027659301679558955,22.823998771917356,127700,138900,800,247,0.75244444444444447,0.0,50,4,0.2201116452163126,252.85627350427347,252.19222222222226,0.94999999999999996,0.1222182091484173,0
955,NXPI,data/empirical/pooled/pooled_five_2019_sessions_nxpi,data/empirical/pooled/pooled_five_2019_sessions_nxpi/hawkes_rates_nxpi_pooled_five_2019_sessions.csv,1309100.0,1.4751647898569822,0.2022650540621394,87.370697624167917,1303200,1315000,90,90,4.5953333333333335,0.0,50,5,0.31805435222827733,226.84810256410256,240.28587179487181,0.94999999999999996,0.11621735476962097,0
956,NXST,data/empirical/pooled/pooled_five_2019_sessions_nxst,data/empirical/pooled/pooled_five_2019_sessions_nxst/hawkes_rates_nxst_pooled_five_2019_sessions.csv,1224150.0,1.5706603189945763,0.12416769947433651,73.104003512714087,1159900,1288400,600,600,4.5084444444444447,0.0,50,14,0.56705667579453989,103.27820512820513,115.82929914529913,0.94999999999999996,0.25,0.54198644623863046
957,NYMT,data/empirical/pooled/pooled_five_2019_sessions_nymt,data/empirical/pooled/pooled_five_2019_sessions_nymt/hawkes_rates_nymt_pooled_five_2019_sessions.csv,64250.0,0.504139824550076,0.0011282533441600068,2.3018341305821717,63300,65200,1000,10000,0.27511111111111108,0.0,250,1,0.0083933240791555022,18057.034418803418,16442.793538461538,0.94999999999999996,0.25,0.14684855564149249
958,NYMX,data/empirical/pooled/pooled_five_2019_sessions_nymx,data/empirical/pooled/pooled_five_2019_sessions_nymx/hawkes_rates_nymx_pooled_five_2019_sessions.csv,32750.0,3.1438954029802129,0.0029744860891491092,9.6502176913587885,30100,35400,100,1500,0.09244444444444444,0.0,50,4,0.45081018518518517,851.80323931623934,2041.0597692307692,0.94999999999999996,0.25,0.36419212403997098
959,OBNK,data/empirical/pooled/pooled_five_2019_sessions_obnk,data/empirical/pooled/pooled_five_2019_sessions_obnk/hawkes_rates_obnk_pooled_five_2019_sessions.csv,361100.0,2.0443616101368143,0.012667208000341896,83.336876407839242,325000,397200,100,100,1.5128888888888889,0.0,50,34,0.47065527065527063,246.53205982905985,186.15201709401708,0.94999999999999996,0.25,0.0096468091552598823
960,OCFC,data/empirical/pooled/pooled_five_2019_sessions_ocfc,data/empirical/pooled/pooled_five_2019_sessions_ocfc/hawkes_rates_ocfc_pooled_five_2019_sessions.csv,247100.0,1.5649503973180572,0.031804777981965043,38.334361056072318,234600,259600,40,100,1.0908888888888888,0.0,50,4,0.38622939257691968,195.33675213675215,171.53593162393162,0.94999999999999996,0.25,0.31472892968491073
961,OCSI,data/empirical/pooled/pooled_five_2019_sessions_ocsi,data/empirical/pooled/pooled_five_2019_sessions_ocsi/hawkes_rates_ocsi_pooled_five_2019_sessions.csv,81000.0,0.5011871914771342,0.0016325483995042523,14.800738146631824,77700,84300,100,299,0.37111111111111111,0.0,50,3,0.19147540983606556,3804.2401623931619,308.46244444444443,0.94999999999999996,0.1222182091484173,0
962,OCSL,data/empirical/pooled/pooled_five_2019_sessions_ocsl,data/empirical/pooled/pooled_five_2019_sessions_ocsl/hawkes_rates_ocsl_pooled_five_2019_sessions.csv,56000.0,0.84472862406236759,0.0024360015385272876,6.5118276285765599,55700,56300,25,700,0.23355555555555554,0.0,100,1,0.044082332761578046,2971.5261623931628,2934.0625384615387,0.94999999999999996,0.25,0.14684855564149249
963,OCUL,data/empirical/pooled/pooled_five_2019_sessions_ocul,data/empirical/pooled/pooled_five_2019_sessions_ocul/hawkes_rates_ocul_pooled_five_2019_sessions.csv,44100.0,3.0871864801219733,0.018154621992392837,12.421812132330082,41300,46900,1800,100,0.17599999999999999,0.0,50,2,0.22013916843981829,497.47116239316239,801.80783760683767,0.94999999999999996,0.25,0.36419212403997098
964,ODFL,data/empirical/pooled/pooled_five_2019_sessions_odfl,data/empirical/pooled/pooled_five_2019_sessions_odfl/hawkes_rates_odfl_pooled_five_2019_sessions.csv,2049950.0,1.5603849563455106,0.13133894610880809,114.6906527880567,1880400,2219500,300,100,7.444,0.0,50,19,0.55810384984244421,113.44364102564103,116.59345299145301,0.94999999999999996,0.11621735476962097,0
965,ODP,data/empirical/pooled/pooled_five_2019_sessions_odp,data/empirical/pooled/pooled_five_2019_sessions_odp/hawkes_rates_odp_pooled_five_2019_sessions.csv,23900.0,2.1846952106628312,0.0037010128637975982,2.8244660631257257,23500,24300,1400,10000,0.11666666666666667,0.0,400,1,0.0081707251518572267,32582.416222222218,22161.269675213676,0.94999999999999996,0.25,0.14684855564149249
966,ODT,data/empirical/pooled/pooled_five_2019_sessions_odt,data/empirical/pooled/pooled_five_2019_sessions_odt/hawkes_rates_odt_pooled_five_2019_sessions.csv,306700.0,4.7948957762370661,0.032608231120988082,65.219442019816867,269000,344400,100,100,1.3939999999999999,0.0,50,38,0.60838695362769024,175.24396581196581,320.15774358974357,0.94999999999999996,0.25,0.0096468091552598823
967,OFIX,data/empirical/pooled/pooled_five_2019_sessions_ofix,data/empirical/pooled/pooled_five_2019_sessions_ofix/hawkes_rates_ofix_pooled_five_2019_sessions.csv,417050.0,2.8638154533793574,0.046984913885208771,31.531815958910485,393900,440200,100,1,2.2731111111111111,0.0,50,18,0.60831545064377679,136.52983760683759,146.65041025641025,0.94999999999999996,0.25,0.0096468091552598823
968,OKTA,data/empirical/pooled/pooled_five_2019_sessions_okta,data/empirical/pooled/pooled_five_2019_sessions_okta/hawkes_rates_okta_pooled_five_2019_sessions.csv,1289250.0,2.2041448602443525,0.18550365400230778,44.304675409359611,1259500,1319000,500,140,4.8179999999999996,0.0,50,11,0.50812201469840357,141.21055555555557,179.89166666666668,0.94999999999999996,0.11621735476962097,0
969,OLED,data/empirical/pooled/pooled_five_2019_sessions_oled,data/empirical/pooled/pooled_five_2019_sessions_oled/hawkes_rates_oled_pooled_five_2019_sessions.csv,1862750.0,1.7785770929956173,0.15634856190435489,59.945736712670787,1847500,1878000,13,56,7.7371111111111111,0.0,50,22,0.52006377025356265,121.54791452991454,133.82102564102564,0.94999999999999996,0.25,0.54198644623863046
970,OLLI,data/empirical/pooled/pooled_five_2019_sessions_olli,data/empirical/pooled/pooled_five_2019_sessions_olli/hawkes_rates_olli_pooled_five_2019_sessions.csv,556150.0,2.0163809674423994,0.12572332150946622,64.529596611575741,528800,583500,3,100,3.448,0.0,50,8,0.47495944240821969,155.05999145299148,172.90975213675216,0.94999999999999996,0.25,0.31472892968491073
971,OMCL,data/empirical/pooled/pooled_five_2019_sessions_omcl,data/empirical/pooled/pooled_five_2019_sessions_omcl/hawkes_rates_omcl_pooled_five_2019_sessions.csv,840650.0,2.1806798000554783,0.090200435916064789,142.46117343676391,759800,921500,300,400,3.2184444444444447,0.0,50,17,0.59257416787264838,104.97945299145299,111.46386324786324,0.94999999999999996,0.25,0.54198644623863046
972,OMER,data/empirical/pooled/pooled_five_2019_sessions_omer,data/empirical/pooled/pooled_five_2019_sessions_omer/hawkes_rates_omer_pooled_five_2019_sessions.csv,130450.0,3.1632900666420909,0.038446087439634166,24.804378978883243,126800,134100,100,518,0.68866666666666665,0.0,50,6,0.32190893248134411,289.15083760683763,216.10021367521367,0.94999999999999996,0.25,0.42535994603367877
973,OMEX,data/empirical/pooled/pooled_five_2019_sessions_omex,data/empirical/pooled/pooled_five_2019_sessions_omex/hawkes_rates_omex_pooled_five_2019_sessions.csv,43350.0,7.6678954378060515,0.0033847600324800205,30.779722864593019,38100,48600,100,100,0.19422222222222221,0.0,50,14,0.47493036211699163,536.11035897435897,610.82835042735041,0.94999999999999996,0.25,0.054854410483294959
974,ON,data/empirical/pooled/pooled_five_2019_sessions_on,data/empirical/pooled/pooled_five_2019_sessions_on/hawkes_rates_on_pooled_five_2019_sessions.csv,236250.0,2.0294651296919439,0.074763878798239244,13.10571315476691,235000,237500,100,80,0.95599999999999996,0.0,50,1,0.026146478328173375,1506.1711538461539,1375.2774102564103,0.94999999999999996,0.25,0.40263407090880049
975,ONB,data/empirical/pooled/pooled_five_2019_sessions_onb,data/empirical/pooled/pooled_five_2019_sessions_onb/hawkes_rates_onb_pooled_five_2019_sessions.csv,173950.0,1.4880195364663451,0.028573870678234116,334.13988541095961,161100,186800,2100,100,0.77777777777777779,0.0,50,1,0.042346074787257833,719.04694871794868,633.86474358974351,0.94999999999999996,0.1222182091484173,0
976,OPB,data/empirical/pooled/pooled_five_2019_sessions_opb,data/empirical/pooled/pooled_five_2019_sessions_opb/hawkes_rates_opb_pooled_five_2019_sessions.csv,265400.0,2.0330743745844178,0.042326595153639048,70.61527392940171,240700,290100,100,100,0.98822222222222222,0.0,50,5,0.43554990823097556,180.33515384615384,148.13077777777778,0.94999999999999996,0.25,0.42535994603367877
977,OPBK,data/empirical/pooled/pooled_five_2019_sessions_opbk,data/empirical/pooled/pooled_five_2019_sessions_opbk/hawkes_rates_opbk_pooled_five_2019_sessions.csv,99400.0,2.6756048843651441,0.007880678661481259,31.99922053103813,88700,110100,100,100,0.4177777777777778,0.0,50,15,0.37023255813953487,264.48291452991452,1044.4424700854702,0.94999999999999996,0.25,0.054854410483294959
978,OPK,data/empirical/pooled/pooled_five_2019_sessions_opk,data/empirical/pooled/pooled_five_2019_sessions_opk/hawkes_rates_opk_pooled_five_2019_sessions.csv,14950.0,2.1756340417202766,0.0027351596222060771,3.9013011512840174,14900,15000,8031,1410,0.092888888888888882,0.0,400,1,0.0082059664895790772,28142.848170940171,28393.041384615382,0.94999999999999996,0.25,0.14684855564149249
979,OPNT,data/empirical/pooled/pooled_five_2019_sessions_opnt,data/empirical/pooled/pooled_five_2019_sessions_opnt/hawkes_rates_opnt_pooled_five_2019_sessions.csv,116550.0,3.7507230992195488,0.0031283388178982006,27.624323305688709,97300,135800,100,100,0.64555555555555555,0.0,50,28,0.31188118811881188,645.67670085470081,144.34193162393163,0.94999999999999996,0.25,0.054854410483294959
980,OPRX,data/empirical/pooled/pooled_five_2019_sessions_oprx,data/empirical/pooled/pooled_five_2019_sessions_oprx/hawkes_rates_oprx_pooled_five_2019_sessions.csv,117800.0,3.2358894979537007,0.017505021582118894,33.934309877939626,110000,125600,100,100,0.56088888888888888,0.0,50,20,0.57738646895273404,246.94848717948716,196.63486324786325,0.94999999999999996,0.25,0.054854410483294959
981,OPTN,data/empirical/pooled/pooled_five_2019_sessions_optn,data/empirical/pooled/pooled_five_2019_sessions_optn/hawkes_rates_optn_pooled_five_2019_sessions.csv,87950.0,3.5910575208537399,0.02381298346083166,76.79715959363844,83100,92800,365,100,0.34311111111111109,0.0,50,5,0.34828910614525138,190.2545811965812,231.84320512820514,0.94999999999999996,0.25,0.054854410483294959
982,ORBC,data/empirical/pooled/pooled_five_2019_sessions_orbc,data/empirical/pooled/pooled_five_2019_sessions_orbc/hawkes_rates_orbc_pooled_five_2019_sessions.csv,40950.0,2.7591344181223638,0.017368263601008588,15.357648698383205,38800,43100,38,4200,0.2971111111111111,0.0,50,1,0.1331487318467022,976.32656410256402,1039.6526410256411,0.94999999999999996,0.25,0.36419212403997098
983,ORGS,data/empirical/pooled/pooled_five_2019_sessions_orgs,data/empirical/pooled/pooled_five_2019_sessions_orgs/hawkes_rates_orgs_pooled_five_2019_sessions.csv,46950.0,5.0404224384812091,0.0041454763024060858,23.897191020083049,41200,52700,100,15,0.18488888888888888,0.0,50,12,0.60190073917634634,490.19664102564104,1511.3188034188036,0.94999999999999996,0.25,0.36419212403997098
984,ORLY,data/empirical/pooled/pooled_five_2019_sessions_orly,data/empirical/pooled/pooled_five_2019_sessions_orly/hawkes_rates_orly_pooled_five_2019_sessions.csv,4179400.0,1.1715930718604641,0.18639258087952476,81.262221583903951,4140700,4218100,30,9,17.466666666666665,0.0,50,30,0.61837860225835983,104.60776068376067,76.209914529914528,0.94999999999999996,0.11621735476962097,0
985,ORMP,data/empirical/pooled/pooled_five_2019_sessions_ormp,data/empirical/pooled/pooled_five_2019_sessions_ormp/hawkes_rates_ormp_pooled_five_2019_sessions.csv,50900.0,5.2261309680872783,0.0069661096628061024,57.246751198364748,49600,52200,100,18,0.15866666666666668,0.0,50,5,0.48372715113687026,576.23430769230777,314.24220512820511,0.94999999999999996,0.25,0.36419212403997098
986,OSBC,data/empirical/pooled/pooled_five_2019_sessions_osbc,data/empirical/pooled/pooled_five_2019_sessions_osbc/hawkes_rates_osbc_pooled_five_2019_sessions.csv,123100.0,1.2897489635189896,0.013197145177144324,85.784016539436706,110000,136200,100,100,0.57977777777777773,0.0,50,4,0.31365883807169342,215.41828205128203,203.22009401709403,0.94999999999999996,0.1222182091484173,0
987,OSIS,data/empirical/pooled/pooled_five_2019_sessions_osis,data/empirical/pooled/pooled_five_2019_sessions_osis/hawkes_rates_osis_pooled_five_2019_sessions.csv,899650.0,1.7697680451246378,0.064045472028719172,75.25251018391873,836000,963300,100,200,4.3528888888888888,0.0,50,22,0.56454979129397731,108.4221623931624,122.15652136752138,0.94999999999999996,0.25,0.54198644623863046
988,OSPN,data/empirical/pooled/pooled_five_2019_sessions_ospn,data/empirical/pooled/pooled_five_2019_sessions_ospn/hawkes_rates_ospn_pooled_five_2019_sessions.csv,170350.0,2.8793498437216636,0.044506175477584509,50.907046311479384,153000,187700,100,100,0.7533333333333333,0.0,50,5,0.32711823695430253,205.1067692307692,286.52261538461539,0.94999999999999996,0.25,0.42535994603367877
989,OSTK,data/empirical/pooled/pooled_five_2019_sessions_ostk,data/empirical/pooled/pooled_five_2019_sessions_ostk/hawkes_rates_ostk_pooled_five_2019_sessions.csv,80950.0,3.5573545441745633,0.10661994102312064,49.558570275685568,80000,81900,172,500,0.78688888888888886,0.0,50,3,0.3643903299805894,585.23900854700855,502.45929914529916,0.94999999999999996,0.25,0.36419212403997098
990,OSUR,data/empirical/pooled/pooled_five_2019_sessions_osur,data/empirical/pooled/pooled_five_2019_sessions_osur/hawkes_rates_osur_pooled_five_2019_sessions.csv,74150.0,1.4448250931255593,0.022659087995213469,15.748909635363693,66700,81600,100,100,0.3962222222222222,0.0,50,2,0.15948071638396663,529.94924786324782,485.75254700854703,0.94999999999999996,0.1222182091484173,0
991,OTEX,data/empirical/pooled/pooled_five_2019_sessions_otex,data/empirical/pooled/pooled_five_2019_sessions_otex/hawkes_rates_otex_pooled_five_2019_sessions.csv,466700.0,0.88092474380347763,0.096585324159152094,30.676978177418874,432900,500500,700,300,1.8446666666666667,0.0,50,2,0.17809630301376134,275.20516239316237,282.15026495726499,0.94999999999999996,0.25,0.31472892968491073
992,OTIC,data/empirical/pooled/pooled_five_2019_sessions_otic,data/empirical/pooled/pooled_five_2019_sessions_otic/hawkes_rates_otic_pooled_five_2019_sessions.csv,31300.0,4.6256271382696283,0.0073421941108594386,26.975302049257639,30600,32000,200,280,0.122,0.0,50,3,0.47573240052470483,601.9812991452992,480.00363247863243,0.94999999999999996,0.25,0.36419212403997098
993,OTTR,data/empirical/pooled/pooled_five_2019_sessions_ottr,data/empirical/pooled/pooled_five_2019_sessions_ottr/hawkes_rates_ottr_pooled_five_2019_sessions.csv,546400.0,1.7318547427578197,0.04674558741826574,91.643453734201245,531600,561200,58,100,2.2926666666666669,0.0,50,14,0.61778789171763149,194.61959829059828,101.36291452991453,0.94999999999999996,0.25,0.54198644623863046
994,OVID,data/empirical/pooled/pooled_five_2019_sessions_ovid,data/empirical/pooled/pooled_five_2019_sessions_ovid/hawkes_rates_ovid_pooled_five_2019_sessions.csv,35000.0,3.4135625589236689,0.0093593743322364191,25.83990707076217,34100,35900,100,70,0.10088888888888889,0.0,50,3,0.24219066937119677,722.65815384615382,1032.8861965811966,0.94999999999999996,0.25,0.36419212403997098
995,OXLC,data/empirical/pooled/pooled_five_2019_sessions_oxlc,data/empirical/pooled/pooled_five_2019_sessions_oxlc/hawkes_rates_oxlc_pooled_five_2019_sessions.csv,90250.0,0.74487320137663138,0.0085388264455745974,15.772984709533056,90200,90300,1091,102,0.432,0.0,75,2,0.16967892834361045,1378.2572136752137,1161.8090854700854,0.94999999999999996,0.1222182091484173,0
996,OXSQ,data/empirical/pooled/pooled_five_2019_sessions_oxsq,data/empirical/pooled/pooled_five_2019_sessions_oxsq/hawkes_rates_oxsq_pooled_five_2019_sessions.csv,58400.0,3.0469992660097827,0.0073421941108594386,33.518455417080112,56300,60500,3300,18,0.28555555555555556,0.0,50,1,0.15656196737277819,591.59238461538462,1080.7724700854701,0.94999999999999996,0.25,0.36419212403997098
997,OZK,data/empirical/pooled/pooled_five_2019_sessions_ozk,data/empirical/pooled/pooled_five_2019_sessions_ozk/hawkes_rates_ozk_pooled_five_2019_sessions.csv,276450.0,2.009642949537588,0.086969528612333855,57.36037070037424,261800,291100,2100,100,1.3486666666666667,0.0,50,3,0.2529349698823341,224.28289743589744,182.36497435897437,0.94999999999999996,0.25,0.31472892968491073
998,PAAS,data/empirical/pooled/pooled_five_2019_sessions_paas,data/empirical/pooled/pooled_five_2019_sessions_paas/hawkes_rates_paas_pooled_five_2019_sessions.csv,227250.0,1.860447418981201,0.060925680584640374,7.1052722300608817,227100,227400,1000,142,0.71488888888888891,0.0,50,1,0.034077926055052353,900.82238461538452,999.87113675213675,0.94999999999999996,0.25,0.40263407090880049
999,PACB,data/empirical/pooled/pooled_five_2019_sessions_pacb,data/empirical/pooled/pooled_five_2019_sessions_pacb/hawkes_rates_pacb_pooled_five_2019_sessions.csv,46650.0,1.146048936079501,0.0038206760972691141,7.7798873736156979,44700,48600,100,5300,0.23666666666666666,0.0,100,1,0.026868525896414343,2881.0735128205129,4050.7913162393161,0.94999999999999996,0.25,0.14684855564149249
1000,PACW,data/empirical/pooled/pooled_five_2019_sessions_pacw,data/empirical/pooled/pooled_five_2019_sessions_pacw/hawkes_rates_pacw_pooled_five_2019_sessions.csv,356650.0,1.3559875378545363,0.10521817171674004,24.652547477641022,347500,365800,100,100,1.701111111111111,0.0,50,3,0.20898014206460311,217.61402564102565,195.25194017094017,0.94999999999999996,0.25,0.31472892968491073
1001,PAHC,data/empirical/pooled/pooled_five_2019_sessions_pahc,data/empirical/pooled/pooled_five_2019_sessions_pahc/hawkes_rates_pahc_pooled_five_2019_sessions.csv,259850.0,2.8099046340832241,0.036377622975340827,93.237916663694023,240800,278900,50,100,1.3642222222222222,0.0,50,10,0.53552034932542125,141.61838461538463,134.81579487179488,0.94999999999999996,0.25,0.42535994603367877
1002,PATK,data/empirical/pooled/pooled_five_2019_sessions_patk,data/empirical/pooled/pooled_five_2019_sessions_patk/hawkes_rates_patk_pooled_five_2019_sessions.csv,503000.0,2.4392744666278552,0.067071242360784655,31.126569823886722,476000,530000,300,1,1.9784444444444444,0.0,50,13,0.6138508925909979,123.87071794871795,108.27315384615386,0.94999999999999996,0.25,0.54198644623863046
1003,PAYX,data/empirical/pooled/pooled_five_2019_sessions_payx,data/empirical/pooled/pooled_five_2019_sessions_payx/hawkes_rates_payx_pooled_five_2019_sessions.csv,843150.0,1.0094825925029483,0.16875934869011497,95.87304706784964,817900,868400,800,84,3.7215555555555557,0.0,50,2,0.2094288214470387,749.30163247863243,283.17195726495731,0.94999999999999996,0.25,0.40263407090880049
1004,PBCT,data/empirical/pooled/pooled_five_2019_sessions_pbct,data/empirical/pooled/pooled_five_2019_sessions_pbct/hawkes_rates_pbct_pooled_five_2019_sessions.csv,152650.0,1.0664637916108035,0.019376896448566178,2.7258125728307512,150000,155300,100,800,0.74377777777777776,0.0,50,1,0.010947707113664974,4154.1751025641024,3996.2267264957263,0.94999999999999996,0.25,0.40263407090880049
1005,PBPB,data/empirical/pooled/pooled_five_2019_sessions_pbpb,data/empirical/pooled/pooled_five_2019_sessions_pbpb/hawkes_rates_pbpb_pooled_five_2019_sessions.csv,42450.0,1.7251341748363227,0.012744134364716442,22.92542277086412,39400,45500,1500,100,0.19422222222222221,0.0,50,2,0.19881184062275939,430.87929059829059,288.26582905982906,0.94999999999999996,0.1222182091484173,0
1006,PBYI,data/empirical/pooled/pooled_five_2019_sessions_pbyi,data/empirical/pooled/pooled_five_2019_sessions_pbyi/hawkes_rates_pbyi_pooled_five_2019_sessions.csv,83600.0,2.9908314716422528,0.057087909739732469,35.354729187333639,79200,88000,100,6,0.40555555555555556,0.0,50,7,0.22702794305942608,334.2344358974359,333.12989743589742,0.94999999999999996,0.25,0.054854410483294959
1007,PCAR,data/empirical/pooled/pooled_five_2019_sessions_pcar,data/empirical/pooled/pooled_five_2019_sessions_pcar/hawkes_rates_pcar_pooled_five_2019_sessions.csv,710750.0,1.1266842416449763,0.16086157528099493,100.6111803566196,665700,755800,900,83,3.1746666666666665,0.0,50,3,0.21744570736021487,243.33682905982906,214.27741880341881,0.94999999999999996,0.11621735476962097,0
1008,PCH,data/empirical/pooled/pooled_five_2019_sessions_pch,data/empirical/pooled/pooled_five_2019_sessions_pch/hawkes_rates_pch_pooled_five_2019_sessions.csv,440300.0,1.9828724612384787,0.065250651737253723,164.08932072200639,400000,480600,1,100,1.6611111111111112,0.0,50,5,0.30280273254725809,608.59465811965811,179.74957264957266,0.94999999999999996,0.25,0.31472892968491073
1009,PCOM,data/empirical/pooled/pooled_five_2019_sessions_pcom,data/empirical/pooled/pooled_five_2019_sessions_pcom/hawkes_rates_pcom_pooled_five_2019_sessions.csv,161800.0,3.6282257112184397,0.016205820761571007,205.53372369643904,137900,185700,100,100,0.51466666666666672,0.0,50,7,0.56407471763683759,131.58599145299144,185.0907094017094,0.94999999999999996,0.25,0.42535994603367877
1010,PCRX,data/empirical/pooled/pooled_five_2019_sessions_pcrx,data/empirical/pooled/pooled_five_2019_sessions_pcrx/hawkes_rates_pcrx_pooled_five_2019_sessions.csv,430800.0,2.3815578682468663,0.081704346339587161,140.41334345990836,386400,475200,100,100,1.8782222222222222,0.0,50,8,0.45579109062980033,137.12614529914532,135.61237606837605,0.94999999999999996,0.25,0.31472892968491073
1011,PCSB,data/empirical/pooled/pooled_five_2019_sessions_pcsb,data/empirical/pooled/pooled_five_2019_sessions_pcsb/hawkes_rates_pcsb_pooled_five_2019_sessions.csv,199200.0,1.9008390766544248,0.011795375870763708,22.621596079762178,180500,217900,100,100,0.86844444444444446,0.0,50,13,0.46212519726459755,164.37648717948719,162.27948717948718,0.94999999999999996,0.25,0.42535994603367877
1012,PCTI,data/empirical/pooled/pooled_five_2019_sessions_pcti,data/empirical/pooled/pooled_five_2019_sessions_pcti/hawkes_rates_pcti_pooled_five_2019_sessions.csv,94900.0,1.5837653952437578,0.0047779819650412402,18.848557318239976,89500,100300,200,900,0.26155555555555554,0.0,50,7,0.38366080661840746,620.22548717948723,250.00936752136755,0.94999999999999996,0.1222182091484173,0
1013,PCTY,data/empirical/pooled/pooled_five_2019_sessions_pcty,data/empirical/pooled/pooled_five_2019_sessions_pcty/hawkes_rates_pcty_pooled_five_2019_sessions.csv,1412500.0,1.9322751314009614,0.13914269840591478,77.827859937038241,1388000,1437000,122,100,4.5460000000000003,0.0,50,20,0.62502434985877087,113.33382905982906,96.861820512820515,0.94999999999999996,0.25,0.54198644623863046
1014,PCYG,data/empirical/pooled/pooled_five_2019_sessions_pcyg,data/empirical/pooled/pooled_five_2019_sessions_pcyg/hawkes_rates_pcyg_pooled_five_2019_sessions.csv,44800.0,2.9335409650522508,0.0059489721782982185,11.632173192305695,34600,55000,100,45,0.25555555555555554,0.0,50,10,0.31156636790439607,258.89416239316239,149.39349572649573,0.94999999999999996,0.25,0.054854410483294959
1015,PCYO,data/empirical/pooled/pooled_five_2019_sessions_pcyo,data/empirical/pooled/pooled_five_2019_sessions_pcyo/hawkes_rates_pcyo_pooled_five_2019_sessions.csv,131850.0,1.5511409138449976,0.0042309500406000258,42.73339020555656,124500,139200,100,100,0.47088888888888891,0.0,50,10,0.25894988066825775,624.79857264957263,493.65921367521366,0.94999999999999996,0.1222182091484173,0
1016,PDCE,data/empirical/pooled/pooled_five_2019_sessions_pdce,data/empirical/pooled/pooled_five_2019_sessions_pdce/hawkes_rates_pdce_pooled_five_2019_sessions.csv,208400.0,2.477474673805701,0.11801359032437284,61.305778285723981,196800,220000,100,153,1.1415555555555557,0.0,50,4,0.2684550879818855,240.12481196581197,211.76084615384616,0.94999999999999996,0.25,0.31472892968491073
1017,PDCO,data/empirical/pooled/pooled_five_2019_sessions_pdco,data/empirical/pooled/pooled_five_2019_sessions_pdco/hawkes_rates_pdco_pooled_five_2019_sessions.csv,235400.0,1.4572191814941855,0.047788367024231802,23.39952167708941,226200,244600,1,1500,0.91200000000000003,0.0,50,2,0.10994352705697334,408.55372649572644,347.30547863247864,0.94999999999999996,0.25,0.31472892968491073
1018,PDFS,data/empirical/pooled/pooled_five_2019_sessions_pdfs,data/empirical/pooled/pooled_five_2019_sessions_pdfs/hawkes_rates_pdfs_pooled_five_2019_sessions.csv,161300.0,2.9243032159691169,0.033001410316680205,108.68680783916537,150000,172600,100,100,0.60133333333333339,0.0,50,5,0.43842332331023665,193.47405128205128,178.70605128205131,0.94999999999999996,0.25,0.42535994603367877
1019,PDLI,data/empirical/pooled/pooled_five_2019_sessions_pdli,data/empirical/pooled/pooled_five_2019_sessions_pdli/hawkes_rates_pdli_pooled_five_2019_sessions.csv,33250.0,1.5176867777430412,0.0024872857814436516,3.9968242641589926,31500,35000,100,100,0.1411111111111111,0.0,100,1,0.018729426009307958,3335.4259743589741,3262.3087435897437,0.94999999999999996,0.25,0.14684855564149249
1020,PEBO,data/empirical/pooled/pooled_five_2019_sessions_pebo,data/empirical/pooled/pooled_five_2019_sessions_pebo/hawkes_rates_pebo_pooled_five_2019_sessions.csv,334350.0,2.0026487286623085,0.020368391811615878,49.584087103196033,299600,369100,100,100,1.4046666666666667,0.0,50,16,0.42283622623686384,200.49590598290598,164.94800854700856,0.94999999999999996,0.25,0.42535994603367877
1021,PEGA,data/empirical/pooled/pooled_five_2019_sessions_pega,data/empirical/pooled/pooled_five_2019_sessions_pega/hawkes_rates_pega_pooled_five_2019_sessions.csv,861400.0,1.8102771033322758,0.099414504893371516,48.976175220638481,833800,889000,500,500,3.2964444444444445,0.0,50,14,0.59950859950859947,100.92626495726496,116.21782905982904,0.94999999999999996,0.25,0.54198644623863046
1022,PEGI,data/empirical/pooled/pooled_five_2019_sessions_pegi,data/empirical/pooled/pooled_five_2019_sessions_pegi/hawkes_rates_pegi_pooled_five_2019_sessions.csv,268700.0,1.1929788732792805,0.044651480832514211,29.11641369255058,268400,269000,1500,200,1.05,0.0,50,2,0.13548557155229762,693.00741880341877,446.45006837606832,0.94999999999999996,0.25,0.31472892968491073
1023,PENN,data/empirical/pooled/pooled_five_2019_sessions_penn,data/empirical/pooled/pooled_five_2019_sessions_penn/hawkes_rates_penn_pooled_five_2019_sessions.csv,295100.0,1.6580916090488218,0.058429847429377325,28.767697855046453,293700,296500,100,100,0.95711111111111113,0.0,50,2,0.097471347460052107,421.5515811965812,489.02347008547014,0.94999999999999996,0.25,0.31472892968491073
1024,PEP,data/empirical/pooled/pooled_five_2019_sessions_pep,data/empirical/pooled/pooled_five_2019_sessions_pep/hawkes_rates_pep_pooled_five_2019_sessions.csv,1415600.0,0.70823406545353729,0.2474977563143724,54.134896593355087,1414200,1417000,400,99,5.8520000000000003,0.0,50,2,0.18350853067313072,250.68130769230771,225.80009401709404,0.94999999999999996,0.25,0.40263407090880049
1025,PETQ,data/empirical/pooled/pooled_five_2019_sessions_petq,data/empirical/pooled/pooled_five_2019_sessions_petq/hawkes_rates_petq_pooled_five_2019_sessions.csv,288500.0,2.601191264725375,0.053472370614128809,58.210118348347088,272600,304400,100,121,1.2775555555555556,0.0,50,9,0.40208319642505091,155.61773504273503,137.78727350427351,0.94999999999999996,0.25,0.42535994603367877
1026,PETS,data/empirical/pooled/pooled_five_2019_sessions_pets,data/empirical/pooled/pooled_five_2019_sessions_pets/hawkes_rates_pets_pooled_five_2019_sessions.csv,242650.0,2.051450737405323,0.055139108508910642,22.558748184609961,229800,255500,100,174,0.9946666666666667,0.0,50,3,0.27832380639059096,230.57424786324788,275.87794017094018,0.94999999999999996,0.25,0.31472892968491073
1027,PFBC,data/empirical/pooled/pooled_five_2019_sessions_pfbc,data/empirical/pooled/pooled_five_2019_sessions_pfbc/hawkes_rates_pfbc_pooled_five_2019_sessions.csv,629350.0,2.4418974913404776,0.047207145604513015,25.982611988148815,596900,661800,60,100,2.234,0.0,50,20,0.69211758584807492,175.60968376068377,118.65894871794872,0.94999999999999996,0.25,0.54198644623863046
1028,PFBI,data/empirical/pooled/pooled_five_2019_sessions_pfbi,data/empirical/pooled/pooled_five_2019_sessions_pfbi/hawkes_rates_pfbi_pooled_five_2019_sessions.csv,183400.0,4.0750126850541211,0.0094619428180691481,23.169542207817397,162300,204500,100,100,0.69022222222222218,0.0,50,25,0.40025041736227046,282.40204273504276,561.10475213675204,0.94999999999999996,0.25,0.054854410483294959
1029,PFG,data/empirical/pooled/pooled_five_2019_sessions_pfg,data/empirical/pooled/pooled_five_2019_sessions_pfg/hawkes_rates_pfg_pooled_five_2019_sessions.csv,548200.0,1.3838085472629083,0.11688533698021283,61.84762433535569,510000,586400,50,100,2.3773333333333335,0.0,50,3,0.22074029934452663,259.42141025641024,239.52536752136751,0.94999999999999996,0.25,0.31472892968491073
1030,PFIE,data/empirical/pooled/pooled_five_2019_sessions_pfie,data/empirical/pooled/pooled_five_2019_sessions_pfie/hawkes_rates_pfie_pooled_five_2019_sessions.csv,13750.0,2.1440576351249918,0.0016581905209624344,10.986605500855966,12700,14800,100,100,0.078444444444444442,0.0,50,1,0.16553767993226079,745.83457264957258,640.86017948717949,0.94999999999999996,0.25,0.36419212403997098
1031,PFLT,data/empirical/pooled/pooled_five_2019_sessions_pflt,data/empirical/pooled/pooled_five_2019_sessions_pflt/hawkes_rates_pflt_pooled_five_2019_sessions.csv,124800.0,0.54887997835623981,0.0065216462241976152,12.35529504603112,121400,128200,460,100,0.54733333333333334,0.0,50,2,0.27100022888532843,701.73446153846157,570.35516239316235,0.94999999999999996,0.1222182091484173,0
1032,PFPT,data/empirical/pooled/pooled_five_2019_sessions_pfpt,data/empirical/pooled/pooled_five_2019_sessions_pfpt/hawkes_rates_pfpt_pooled_five_2019_sessions.csv,1278050.0,1.5163796027313232,0.11411598786272918,535.8557023824045,1210800,1345300,500,100,5.1846666666666668,0.0,50,15,0.56110289795700263,133.02994017094016,125.31249572649571,0.94999999999999996,0.25,0.54198644623863046
1033,PFSW,data/empirical/pooled/pooled_five_2019_sessions_pfsw,data/empirical/pooled/pooled_five_2019_sessions_pfsw/hawkes_rates_pfsw_pooled_five_2019_sessions.csv,45650.0,4.5840338590976826,0.0087183212957818706,78.439863246781158,39800,51500,100,100,0.186,0.0,50,7,0.48438584316446914,305.7289145299145,218.15640170940173,0.94999999999999996,0.25,0.054854410483294959
1034,PGC,data/empirical/pooled/pooled_five_2019_sessions_pgc,data/empirical/pooled/pooled_five_2019_sessions_pgc/hawkes_rates_pgc_pooled_five_2019_sessions.csv,274900.0,2.8035856790504785,0.035847685798538399,128.7194009349283,254500,295300,100,100,1.231111111111111,0.0,50,11,0.57405000382292226,170.84954700854701,105.61409401709402,0.94999999999999996,0.25,0.42535994603367877
1035,PGNX,data/empirical/pooled/pooled_five_2019_sessions_pgnx,data/empirical/pooled/pooled_five_2019_sessions_pgnx/hawkes_rates_pgnx_pooled_five_2019_sessions.csv,45500.0,2.1741068484837083,0.013846745587418266,8.1273516188223294,43400,47600,3100,10,0.22511111111111112,0.0,50,1,0.058069004500293495,963.37319658119668,968.58379487179479,0.94999999999999996,0.25,0.14684855564149249
1036,PI,data/empirical/pooled/pooled_five_2019_sessions_pi,data/empirical/pooled/pooled_five_2019_sessions_pi/hawkes_rates_pi_pooled_five_2019_sessions.csv,351050.0,4.6363186888744812,0.072609940595751959,84.426740745411578,345300,356800,29,50,1.2153333333333334,0.0,50,11,0.49572901325478647,150.22299145299147,184.81405128205128,0.94999999999999996,0.25,0.42535994603367877
1037,PICO,data/empirical/pooled/pooled_five_2019_sessions_pico,data/empirical/pooled/pooled_five_2019_sessions_pico/hawkes_rates_pico_pooled_five_2019_sessions.csv,101700.0,2.4283731922126908,0.016334031368861919,54.32929730663384,92000,111400,700,100,0.45355555555555555,0.0,50,5,0.41199193819281155,236.03696581196581,183.13284615384615,0.94999999999999996,0.25,0.42535994603367877
1038,PINC,data/empirical/pooled/pooled_five_2019_sessions_pinc,data/empirical/pooled/pooled_five_2019_sessions_pinc/hawkes_rates_pinc_pooled_five_2019_sessions.csv,350550.0,1.4548537786816207,0.059532458652079144,192.40318927236368,315700,385400,100,100,1.6102222222222222,0.0,50,3,0.27337888531618437,258.84038461538461,203.20501709401711,0.94999999999999996,0.25,0.31472892968491073
1039,PIRS,data/empirical/pooled/pooled_five_2019_sessions_pirs,data/empirical/pooled/pooled_five_2019_sessions_pirs/hawkes_rates_pirs_pooled_five_2019_sessions.csv,38950.0,3.9123876218740943,0.016769947433651011,22.043696784761252,36100,41800,4000,100,0.14666666666666667,0.0,50,2,0.12735920659818853,713.99888888888893,612.21351282051285,0.94999999999999996,0.25,0.36419212403997098
1040,PKOH,data/empirical/pooled/pooled_five_2019_sessions_pkoh,data/empirical/pooled/pooled_five_2019_sessions_pkoh/hawkes_rates_pkoh_pooled_five_2019_sessions.csv,289800.0,3.2398252052565031,0.014812598829009788,83.78424459408869,273800,305800,100,14,1.4295555555555555,0.0,50,50,0.52133217239878105,186.8798717948718,132.58676923076922,0.94999999999999996,0.25,0.0096468091552598823
1041,PLAB,data/empirical/pooled/pooled_five_2019_sessions_plab,data/empirical/pooled/pooled_five_2019_sessions_plab/hawkes_rates_plab_pooled_five_2019_sessions.csv,140800.0,1.2160686633438396,0.02348818325569469,16.084661428865971,132800,148800,200,100,0.47999999999999998,0.0,50,2,0.12505986590038315,392.32983760683766,473.36268376068375,0.94999999999999996,0.1222182091484173,0
1042,PLAY,data/empirical/pooled/pooled_five_2019_sessions_play,data/empirical/pooled/pooled_five_2019_sessions_play/hawkes_rates_play_pooled_five_2019_sessions.csv,456550.0,1.5308174854497232,0.080157271678276854,76.873090310624306,432100,481000,100,100,1.8424444444444446,0.0,50,5,0.35545974727807361,235.80797435897435,194.10405982905985,0.94999999999999996,0.25,0.31472892968491073
1043,PLCE,data/empirical/pooled/pooled_five_2019_sessions_plce,data/empirical/pooled/pooled_five_2019_sessions_plce/hawkes_rates_plce_pooled_five_2019_sessions.csv,650250.0,1.8424005556553298,0.11373135604085645,91.204169508008079,620000,680500,50,600,4.133111111111111,0.0,50,15,0.55885034896363062,121.62632478632479,130.23711965811967,0.94999999999999996,0.25,0.54198644623863046
1044,PLPC,data/empirical/pooled/pooled_five_2019_sessions_plpc,data/empirical/pooled/pooled_five_2019_sessions_plpc/hawkes_rates_plpc_pooled_five_2019_sessions.csv,531000.0,3.0468743902626971,0.0079917945211333812,29.63435056159544,499900,562100,100,1,2.5222222222222221,0.0,32,149,0.21911654604442227,154.62717094017094,142.44539316239315,0.94999999999999996,0.25,0.0096468091552598823
1045,PLUG,data/empirical/pooled/pooled_five_2019_sessions_plug,data/empirical/pooled/pooled_five_2019_sessions_plug/hawkes_rates_plug_pooled_five_2019_sessions.csv,39850.0,2.3114669212290941,0.0032650967990085046,4.039625597947694,39500,40200,250,3000,0.10688888888888889,0.0,333,1,0.010687420868399494,25739.466777777776,16572.871794871793,0.94999999999999996,0.25,0.14684855564149249
1046,PLUS,data/empirical/pooled/pooled_five_2019_sessions_plus,data/empirical/pooled/pooled_five_2019_sessions_plus/hawkes_rates_plus_pooled_five_2019_sessions.csv,772050.0,2.4148726727678516,0.049232873199709391,57.117936397474914,727200,816900,100,50,3.6153333333333335,0.0,50,47,0.6100054034582133,133.49538461538461,89.946803418803412,0.94999999999999996,0.25,0.0096468091552598823
1047,PLXS,data/empirical/pooled/pooled_five_2019_sessions_plxs,data/empirical/pooled/pooled_five_2019_sessions_plxs/hawkes_rates_plxs_pooled_five_2019_sessions.csv,738750.0,2.3779468888142143,0.090952604812171461,72.390439026412764,683100,794400,300,100,2.9322222222222223,0.0,50,14,0.64823321101388287,124.83189743589745,102.93850427350426,0.94999999999999996,0.25,0.54198644623863046
1048,PMBC,data/empirical/pooled/pooled_five_2019_sessions_pmbc,data/empirical/pooled/pooled_five_2019_sessions_pmbc/hawkes_rates_pmbc_pooled_five_2019_sessions.csv,77300.0,1.6656319545402571,0.0030428650797042611,19.879664373122559,66000,88600,100,100,0.34444444444444444,0.0,50,9,0.29420289855072462,235.8471111111111,185.66453846153846,0.94999999999999996,0.25,0.42535994603367877
1049,PMD,data/empirical/pooled/pooled_five_2019_sessions_pmd,data/empirical/pooled/pooled_five_2019_sessions_pmd/hawkes_rates_pmd_pooled_five_2019_sessions.csv,121500.0,2.3414787998294257,0.0027095175007478952,19.740055523018238,94100,148900,97,100,0.42399999999999999,0.0,50,21,0.48857644991212656,171.7440769230769,197.09239316239317,0.94999999999999996,0.25,0.42535994603367877
1050,PNFP,data/empirical/pooled/pooled_five_2019_sessions_pnfp,data/empirical/pooled/pooled_five_2019_sessions_pnfp/hawkes_rates_pnfp_pooled_five_2019_sessions.csv,596750.0,1.6707879044427334,0.10500448737125519,35.479723599001616,552900,640600,600,600,2.6335555555555556,0.0,50,6,0.49517538689523938,167.85871794871792,138.15109401709401,0.94999999999999996,0.25,0.31472892968491073
1051,PNNT,data/empirical/pooled/pooled_five_2019_sessions_pnnt,data/empirical/pooled/pooled_five_2019_sessions_pnnt/hawkes_rates_pnnt_pooled_five_2019_sessions.csv,67350.0,0.72325255886651119,0.0033078336681054746,6.3516233035933185,65500,69200,806,300,0.2971111111111111,0.0,50,1,0.051737585579339627,1618.8996837606837,1531.3034957264958,0.94999999999999996,0.1222182091484173,0
1052,PODD,data/empirical/pooled/pooled_five_2019_sessions_podd,data/empirical/pooled/pooled_five_2019_sessions_podd/hawkes_rates_podd_pooled_five_2019_sessions.csv,1938800.0,1.8334800682452113,0.12751827001153895,162.63071170461504,1920000,1957600,200,20,5.677777777777778,0.0,50,16,0.57644238126817327,129.78380341880342,113.07508547008547,0.94999999999999996,0.25,0.54198644623863046
1053,POOL,data/empirical/pooled/pooled_five_2019_sessions_pool,data/empirical/pooled/pooled_five_2019_sessions_pool/hawkes_rates_pool_pooled_five_2019_sessions.csv,2350800.0,1.4094136477804657,0.083995042523184751,79.729053081632017,2220000,2481600,25,100,8.3911111111111119,0.0,50,37,0.58915427735803072,93.861495726495718,111.49181196581196,0.94999999999999996,0.25,0.54198644623863046
1054,POWI,data/empirical/pooled/pooled_five_2019_sessions_powi,data/empirical/pooled/pooled_five_2019_sessions_powi/hawkes_rates_powi_pooled_five_2019_sessions.csv,929650.0,2.8060498023525535,0.081832556946878077,727.35463588328662,890400,968900,300,5,4.0466666666666669,0.0,50,27,0.6297720688152193,105.61500000000001,111.56923076923076,0.94999999999999996,0.25,0.54198644623863046
1055,POWL,data/empirical/pooled/pooled_five_2019_sessions_powl,data/empirical/pooled/pooled_five_2019_sessions_powl/hawkes_rates_powl_pooled_five_2019_sessions.csv,442850.0,2.7931427781461169,0.024889952562075303,46.025384820459145,393300,492400,100,100,1.6599999999999999,0.0,50,35,0.59035494659618082,130.98644444444443,147.58928205128205,0.94999999999999996,0.25,0.0096468091552598823
1056,PPBI,data/empirical/pooled/pooled_five_2019_sessions_ppbi,data/empirical/pooled/pooled_five_2019_sessions_ppbi/hawkes_rates_ppbi_pooled_five_2019_sessions.csv,316300.0,2.0293050982677117,0.076755416898158041,259.3933296874701,299900,332700,51,100,1.4224444444444444,0.0,50,4,0.34352226720647772,177.02597435897434,157.80179487179487,0.94999999999999996,0.25,0.31472892968491073
1057,PPC,data/empirical/pooled/pooled_five_2019_sessions_ppc,data/empirical/pooled/pooled_five_2019_sessions_ppc/hawkes_rates_ppc_pooled_five_2019_sessions.csv,267150.0,2.4445248816959757,0.051335527159280317,755.29723040473482,244000,290300,1000,1000,1.1786666666666668,0.0,50,2,0.13976328730586504,308.46888034188032,309.1107606837607,0.94999999999999996,0.25,0.31472892968491073
1058,PRAA,data/empirical/pooled/pooled_five_2019_sessions_praa,data/empirical/pooled/pooled_five_2019_sessions_praa/hawkes_rates_praa_pooled_five_2019_sessions.csv,352950.0,1.9687230119503567,0.060515406641309458,53.399289877564371,315700,390200,100,100,1.2973333333333332,0.0,50,6,0.38870027725909578,163.57231623931625,136.42623931623933,0.94999999999999996,0.25,0.31472892968491073
1059,PRAH,data/empirical/pooled/pooled_five_2019_sessions_prah,data/empirical/pooled/pooled_five_2019_sessions_prah/hawkes_rates_prah_pooled_five_2019_sessions.csv,1045000.0,1.7715314284487773,0.092559511090217539,175.6634979489894,980000,1110000,2,1,4.7468888888888889,0.0,35,17,0.43719265258894996,130.7507264957265,129.24346153846153,0.94999999999999996,0.25,0.54198644623863046
1060,PRFT,data/empirical/pooled/pooled_five_2019_sessions_prft,data/empirical/pooled/pooled_five_2019_sessions_prft/hawkes_rates_prft_pooled_five_2019_sessions.csv,519500.0,1.7599963843954309,0.053198854651908198,44.669859016550916,499400,539600,100,600,1.5731111111111111,0.0,50,5,0.41343773211190887,149.93994017094016,122.83968376068376,0.94999999999999996,0.25,0.31472892968491073
1061,PRGS,data/empirical/pooled/pooled_five_2019_sessions_prgs,data/empirical/pooled/pooled_five_2019_sessions_prgs/hawkes_rates_prgs_pooled_five_2019_sessions.csv,446950.0,1.6448074117680642,0.066096841745373738,57.142155481385096,427800,466100,600,290,1.7093333333333334,0.0,50,5,0.38367287754658158,121.11068376068377,159.40064102564102,0.94999999999999996,0.25,0.31472892968491073
1062,PRGX,data/empirical/pooled/pooled_five_2019_sessions_prgx,data/empirical/pooled/pooled_five_2019_sessions_prgx/hawkes_rates_prgx_pooled_five_2019_sessions.csv,41750.0,3.8872731982232169,0.0054532244967733668,28.545926703924209,37500,46000,100,100,0.30955555555555553,0.0,50,14,0.29015544041450775,273.76853846153847,279.42395726495727,0.94999999999999996,0.25,0.054854410483294959
1063,PRIM,data/empirical/pooled/pooled_five_2019_sessions_prim,data/empirical/pooled/pooled_five_2019_sessions_prim/hawkes_rates_prim_pooled_five_2019_sessions.csv,216150.0,2.1774083657087688,0.038334971579982051,58.754615737020487,194800,237500,100,100,0.91333333333333333,0.0,50,7,0.45717117372221433,177.24297435897435,187.93477777777778,0.94999999999999996,0.25,0.42535994603367877
1064,PRMW,data/empirical/pooled/pooled_five_2019_sessions_prmw,data/empirical/pooled/pooled_five_2019_sessions_prmw/hawkes_rates_prmw_pooled_five_2019_sessions.csv,152050.0,1.515549404045645,0.022308645668618315,108.05771389418771,147300,156800,12,3400,0.58933333333333338,0.0,50,4,0.25084166087746484,379.06386324786325,261.25002564102567,0.94999999999999996,0.1222182091484173,0
1065,PRPL,data/empirical/pooled/pooled_five_2019_sessions_prpl,data/empirical/pooled/pooled_five_2019_sessions_prpl/hawkes_rates_prpl_pooled_five_2019_sessions.csv,124350.0,3.0612645293615648,0.0057951194495491267,60.123938680590022,119800,128900,727,100,0.28044444444444444,0.0,50,15,0.40331491712707185,731.80357264957263,409.4588290598291,0.94999999999999996,0.25,0.054854410483294959
1066,PRSC,data/empirical/pooled/pooled_five_2019_sessions_prsc,data/empirical/pooled/pooled_five_2019_sessions_prsc/hawkes_rates_prsc_pooled_five_2019_sessions.csv,603450.0,2.7001846191756314,0.042335142527458437,41.78194859394717,571700,635200,100,9,2.7575555555555558,0.0,50,35,0.59796238244514111,111.94399145299144,113.70900000000002,0.94999999999999996,0.25,0.0096468091552598823
1067,PRTK,data/empirical/pooled/pooled_five_2019_sessions_prtk,data/empirical/pooled/pooled_five_2019_sessions_prtk/hawkes_rates_prtk_pooled_five_2019_sessions.csv,34100.0,3.0968790588349369,0.020197444335228,26.718907716017664,33500,34700,1000,5,0.19355555555555556,0.0,50,2,0.22852025968211329,839.0129914529914,421.51853846153847,0.94999999999999996,0.25,0.36419212403997098
1068,PS,data/empirical/pooled/pooled_five_2019_sessions_ps,data/empirical/pooled/pooled_five_2019_sessions_ps/hawkes_rates_ps_pooled_five_2019_sessions.csv,194500.0,2.1457980959998251,0.070644044617291332,41.688275954282638,189500,199500,3000,100,1.3091111111111111,0.0,50,4,0.22128615910004018,295.76841025641022,372.40301709401712,0.94999999999999996,0.25,0.31472892968491073
1069,PSEC,data/empirical/pooled/pooled_five_2019_sessions_psec,data/empirical/pooled/pooled_five_2019_sessions_psec/hawkes_rates_psec_pooled_five_2019_sessions.csv,65450.0,0.64371004408472954,0.0022992435574169835,3.5699141821697795,65400,65500,20,234,0.29533333333333334,0.0,150,1,0.01098797601481807,11139.303717948718,12042.491948717949,0.94999999999999996,0.25,0.14684855564149249
1070,PSMT,data/empirical/pooled/pooled_five_2019_sessions_psmt,data/empirical/pooled/pooled_five_2019_sessions_psmt/hawkes_rates_psmt_pooled_five_2019_sessions.csv,609950.0,3.0410288379652406,0.0662934313432198,571.08345103289764,546900,673000,100,100,2.8086666666666669,0.0,50,21,0.60280345958842829,145.97782051282053,108.68705128205129,0.94999999999999996,0.25,0.54198644623863046
1071,PTC,data/empirical/pooled/pooled_five_2019_sessions_ptc,data/empirical/pooled/pooled_five_2019_sessions_ptc/hawkes_rates_ptc_pooled_five_2019_sessions.csv,865800.0,1.394481948947786,0.14439933330484209,47.153112024523104,830000,901600,50,800,3.3162222222222222,0.0,50,6,0.38101156381714041,167.68098290598292,174.09947863247862,0.94999999999999996,0.25,0.31472892968491073
1072,PTCT,data/empirical/pooled/pooled_five_2019_sessions_ptct,data/empirical/pooled/pooled_five_2019_sessions_ptct/hawkes_rates_ptct_pooled_five_2019_sessions.csv,526200.0,3.1708132715012258,0.088243087311423565,64.790822924391307,500000,552400,100,700,1.8024444444444445,0.0,50,9,0.4390645657686556,162.84587179487181,153.64866666666666,0.94999999999999996,0.25,0.54198644623863046
1073,PTE,data/empirical/pooled/pooled_five_2019_sessions_pte,data/empirical/pooled/pooled_five_2019_sessions_pte/hawkes_rates_pte_pooled_five_2019_sessions.csv,32250.0,4.9093473132267853,0.01588956793025343,75.219999282192518,30000,34500,100,500,0.21177777777777779,0.0,50,6,0.30526752384902528,365.83747008547004,364.31503418803419,0.94999999999999996,0.25,0.36419212403997098
1074,PTEN,data/empirical/pooled/pooled_five_2019_sessions_pten,data/empirical/pooled/pooled_five_2019_sessions_pten/hawkes_rates_pten_pooled_five_2019_sessions.csv,81050.0,3.1020068927598912,0.054660455575024566,27.510666104820402,77400,84700,100,6100,0.47333333333333333,0.0,50,1,0.02137839785721201,1621.5889829059829,1511.5958205128204,0.94999999999999996,0.25,0.40263407090880049
1075,PTGX,data/empirical/pooled/pooled_five_2019_sessions_ptgx,data/empirical/pooled/pooled_five_2019_sessions_ptgx/hawkes_rates_ptgx_pooled_five_2019_sessions.csv,73150.0,3.3918425208562062,0.023334330526945595,110.83493792001595,70900,75400,100,77,0.49666666666666665,0.0,50,7,0.42609601363507243,190.26697435897435,198.23808547008548,0.94999999999999996,0.25,0.054854410483294959
1076,PTLA,data/empirical/pooled/pooled_five_2019_sessions_ptla,data/empirical/pooled/pooled_five_2019_sessions_ptla/hawkes_rates_ptla_pooled_five_2019_sessions.csv,133750.0,2.4908371987748863,0.095961365870336338,189.98402050837339,130100,137400,47,100,1.1877777777777778,0.0,50,4,0.31190100196035719,223.61723931623933,218.85735042735041,0.94999999999999996,0.25,0.31472892968491073
1077,PTVCB,data/empirical/pooled/pooled_five_2019_sessions_ptvcb,data/empirical/pooled/pooled_five_2019_sessions_ptvcb/hawkes_rates_ptvcb_pooled_five_2019_sessions.csv,159700.0,2.580397129775414,0.0060600880379503399,142.4698389497357,143000,176400,100,100,0.75555555555555554,0.0,50,13,0.2904315196998124,482.44724786324787,186.16894871794872,0.94999999999999996,0.25,0.42535994603367877
1078,PUB,data/empirical/pooled/pooled_five_2019_sessions_pub,data/empirical/pooled/pooled_five_2019_sessions_pub/hawkes_rates_pub_pooled_five_2019_sessions.csv,273050.0,2.4840035531330726,0.015316893884354033,42.62519426229526,243000,303100,100,100,1.3453333333333333,0.0,50,26,0.47040084948234667,176.03774358974357,211.38231623931625,0.94999999999999996,0.25,0.0096468091552598823
1079,PVAC,data/empirical/pooled/pooled_five_2019_sessions_pvac,data/empirical/pooled/pooled_five_2019_sessions_pvac/hawkes_rates_pvac_pooled_five_2019_sessions.csv,221650.0,3.2177452899631978,0.051993674943373647,107.30951862243552,200100,243200,100,100,1.4179999999999999,0.0,50,15,0.57868188756885908,148.03268376068377,149.43579487179485,0.94999999999999996,0.25,0.42535994603367877
1080,PXLW,data/empirical/pooled/pooled_five_2019_sessions_pxlw,data/empirical/pooled/pooled_five_2019_sessions_pxlw/hawkes_rates_pxlw_pooled_five_2019_sessions.csv,42150.0,3.6262248818612406,0.012282576178469165,24.460415011816011,38100,46200,2400,2400,0.15111111111111111,0.0,50,2,0.23534951862704059,812.5248205128205,957.05065811965812,0.94999999999999996,0.25,0.36419212403997098
1081,PXS,data/empirical/pooled/pooled_five_2019_sessions_pxs,data/empirical/pooled/pooled_five_2019_sessions_pxs/hawkes_rates_pxs_pooled_five_2019_sessions.csv,10500.0,6.2210569122992094,0.0041369289285866917,25.900200617144414,10000,11000,200,100,0.049777777777777775,0.0,50,2,0.50542495479204341,1293.1740683760684,1024.6850085470087,0.94999999999999996,0.25,0.36419212403997098
1082,PYPL,data/empirical/pooled/pooled_five_2019_sessions_pypl,data/empirical/pooled/pooled_five_2019_sessions_pypl/hawkes_rates_pypl_pooled_five_2019_sessions.csv,1130800.0,1.1337984816152529,0.32253515107483227,123.03117133019114,1126500,1135100,432,563,4.6795555555555559,0.0,50,2,0.24886808458448739,282.36471794871795,249.7527606837607,0.94999999999999996,0.25,0.40263407090880049
1083,PZZA,data/empirical/pooled/pooled_five_2019_sessions_pzza,data/empirical/pooled/pooled_five_2019_sessions_pzza/hawkes_rates_pzza_pooled_five_2019_sessions.csv,655200.0,1.7369985785943722,0.08774733962989871,54.141874473229535,620100,690300,800,800,2.1897777777777776,0.0,50,6,0.49141167304150729,177.20628205128205,158.08473504273505,0.94999999999999996,0.25,0.31472892968491073
1084,QADA,data/empirical/pooled/pooled_five_2019_sessions_qada,data/empirical/pooled/pooled_five_2019_sessions_qada/hawkes_rates_qada_pooled_five_2019_sessions.csv,538200.0,2.3887623352820491,0.029941450489337152,198.54490017337545,516400,560000,96,1,2,0.0,50,24,0.52423968684131284,151.16576923076923,135.43699145299146,0.94999999999999996,0.25,0.0096468091552598823
1085,QCOM,data/empirical/pooled/pooled_five_2019_sessions_qcom,data/empirical/pooled/pooled_five_2019_sessions_qcom/hawkes_rates_qcom_pooled_five_2019_sessions.csv,874050.0,1.1382816825152002,0.20005983161673577,57.916662575366686,872600,875500,100,280,3.3177777777777777,0.0,50,1,0.069108570644207723,592.0234017094017,509.02096581196582,0.94999999999999996,0.25,0.40263407090880049
1086,QCRH,data/empirical/pooled/pooled_five_2019_sessions_qcrh,data/empirical/pooled/pooled_five_2019_sessions_qcrh/hawkes_rates_qcrh_pooled_five_2019_sessions.csv,434650.0,1.7625860544430827,0.015983589042266762,118.01575053857228,411000,458300,91,100,1.6699999999999999,0.0,50,24,0.40656851642129105,203.53202564102565,189.06737606837606,0.94999999999999996,0.25,0.0096468091552598823
1087,QDEL,data/empirical/pooled/pooled_five_2019_sessions_qdel,data/empirical/pooled/pooled_five_2019_sessions_qdel/hawkes_rates_qdel_pooled_five_2019_sessions.csv,832650.0,2.5576397574309526,0.080447882388136244,74.178130771631885,759200,906100,500,600,2.7482222222222221,0.0,50,19,0.65557923068296509,111.2191452991453,99.185273504273511,0.94999999999999996,0.25,0.54198644623863046
1088,QNST,data/empirical/pooled/pooled_five_2019_sessions_qnst,data/empirical/pooled/pooled_five_2019_sessions_qnst/hawkes_rates_qnst_pooled_five_2019_sessions.csv,130200.0,1.4153054225747184,0.030368819180306851,113.39810007095498,128200,132200,25,399,0.70022222222222219,0.0,50,3,0.16912699729087188,323.65504273504274,260.06886324786325,0.94999999999999996,0.1222182091484173,0
1089,QRTEA,data/empirical/pooled/pooled_five_2019_sessions_qrtea,data/empirical/pooled/pooled_five_2019_sessions_qrtea/hawkes_rates_qrtea_pooled_five_2019_sessions.csv,88350.0,1.6691106589585616,0.036206675498952942,77.088349540660516,79700,97000,100,100,0.60755555555555552,0.0,50,1,0.041495541495541494,1156.175811965812,1404.3395384615383,0.94999999999999996,0.25,0.14684855564149249
1090,QRVO,data/empirical/pooled/pooled_five_2019_sessions_qrvo,data/empirical/pooled/pooled_five_2019_sessions_qrvo/hawkes_rates_qrvo_pooled_five_2019_sessions.csv,1217050.0,1.4822145783255756,0.1587332791999658,427.49222940888177,1213100,1221000,100,140,3.2644444444444445,0.0,50,5,0.3830664087094891,169.55923076923077,142.26046153846153,0.94999999999999996,0.11621735476962097,0
1091,QTRX,data/empirical/pooled/pooled_five_2019_sessions_qtrx,data/empirical/pooled/pooled_five_2019_sessions_qtrx/hawkes_rates_qtrx_pooled_five_2019_sessions.csv,281250.0,2.9376539246814795,0.034984401042779605,40.622809952844918,271000,291500,15,100,1.0133333333333334,0.0,50,20,0.55335141418055023,162.37002564102562,124.26100854700856,0.94999999999999996,0.25,0.0096468091552598823
1092,RAIL,data/empirical/pooled/pooled_five_2019_sessions_rail,data/empirical/pooled/pooled_five_2019_sessions_rail/hawkes_rates_rail_pooled_five_2019_sessions.csv,16200.0,3.0287982937505915,0.013231334672421899,19.852735856976224,14700,17700,100,100,0.23577777777777778,0.0,50,3,0.37121535181236676,242.49138461538459,193.45199145299145,0.94999999999999996,0.25,0.36419212403997098
1093,RARE,data/empirical/pooled/pooled_five_2019_sessions_rare,data/empirical/pooled/pooled_five_2019_sessions_rare/hawkes_rates_rare_pooled_five_2019_sessions.csv,553300.0,2.9528225888305384,0.096465660925680582,49.739746019210074,520700,585900,96,100,2.1724444444444444,0.0,50,14,0.5501731650094962,107.28617094017095,129.35189743589746,0.94999999999999996,0.25,0.54198644623863046
1094,RARX,data/empirical/pooled/pooled_five_2019_sessions_rarx,data/empirical/pooled/pooled_five_2019_sessions_rarx/hawkes_rates_rarx_pooled_five_2019_sessions.csv,463050.0,3.2086401290782907,0.047634514295482711,35.839099651474072,454100,472000,1500,300,1.4742222222222223,0.0,50,8,0.33490038056861426,243.934905982906,232.68023076923077,0.94999999999999996,0.25,0.42535994603367877
1095,RAVN,data/empirical/pooled/pooled_five_2019_sessions_ravn,data/empirical/pooled/pooled_five_2019_sessions_ravn/hawkes_rates_ravn_pooled_five_2019_sessions.csv,310000.0,2.3953942298337578,0.032984315569041411,231.86662117263054,298000,322000,600,7,1.5973333333333333,0.0,50,13,0.48946716232961585,159.24524786324787,123.37439316239315,0.94999999999999996,0.25,0.42535994603367877
1096,RBB,data/empirical/pooled/pooled_five_2019_sessions_rbb,data/empirical/pooled/pooled_five_2019_sessions_rbb/hawkes_rates_rbb_pooled_five_2019_sessions.csv,197400.0,2.8134930896720878,0.012333860421385529,145.37463938032852,176600,218200,100,100,0.88755555555555554,0.0,50,15,0.38383838383838381,202.76942735042735,236.25974358974358,0.94999999999999996,0.25,0.42535994603367877
1097,RBBN,data/empirical/pooled/pooled_five_2019_sessions_rbbn,data/empirical/pooled/pooled_five_2019_sessions_rbbn/hawkes_rates_rbbn_pooled_five_2019_sessions.csv,29650.0,2.1327727626549406,0.0065387409718364025,82.533207923770249,27900,31400,100,2716,0.22933333333333333,0.0,50,1,0.12303642693385412,722.20352991452989,727.80592307692302,0.94999999999999996,0.25,0.36419212403997098
1098,RBCAA,data/empirical/pooled/pooled_five_2019_sessions_rbcaa,data/empirical/pooled/pooled_five_2019_sessions_rbcaa/hawkes_rates_rbcaa_pooled_five_2019_sessions.csv,423650.0,2.3711149532717104,0.0079405102782170184,42.651130010281442,384500,462800,100,100,1.955111111111111,0.0,50,75,0.41963054866280675,212.25867521367522,133.96374358974359,0.94999999999999996,0.25,0.0096468091552598823
1099,RCII,data/empirical/pooled/pooled_five_2019_sessions_rcii,data/empirical/pooled/pooled_five_2019_sessions_rcii/hawkes_rates_rcii_pooled_five_2019_sessions.csv,298400.0,1.5410474711289019,0.05431856062224881,23.246525473154744,278800,318000,800,100,1.1313333333333333,0.0,50,2,0.17161858569026825,280.17200854700855,306.23873504273507,0.94999999999999996,0.25,0.31472892968491073
1100,RCKY,data/empirical/pooled/pooled_five_2019_sessions_rcky,data/empirical/pooled/pooled_five_2019_sessions_rcky/hawkes_rates_rcky_pooled_five_2019_sessions.csv,279800.0,3.7535964025959765,0.031950083336894738,65.367287659934433,247700,311900,100,100,1.1902222222222223,0.0,50,22,0.58539137714524903,173.3001282051282,124.74903418803419,0.94999999999999996,0.25,0.0096468091552598823
1101,RCM,data/empirical/pooled/pooled_five_2019_sessions_rcm,data/empirical/pooled/pooled_five_2019_sessions_rcm/hawkes_rates_rcm_pooled_five_2019_sessions.csv,128550.0,1.4551881163243692,0.021026539595709218,29.725096551883894,120000,137100,200,2000,0.48711111111111111,0.0,50,1,0.07357231061080588,597.62958974358969,628.75546153846153,0.94999999999999996,0.1222182091484173,0
1102,RDFN,data/empirical/pooled/pooled_five_2019_sessions_rdfn,data/empirical/pooled/pooled_five_2019_sessions_rdfn/hawkes_rates_rdfn_pooled_five_2019_sessions.csv,247750.0,2.1526896769205282,0.046762682165904526,147.48740743993267,245500,250000,95,25,0.80311111111111111,0.0,50,3,0.19899799166432722,272.1192136752137,291.36441025641022,0.94999999999999996,0.25,0.31472892968491073
1103,RDI,data/empirical/pooled/pooled_five_2019_sessions_rdi,data/empirical/pooled/pooled_five_2019_sessions_rdi/hawkes_rates_rdi_pooled_five_2019_sessions.csv,103000.0,2.4427745229647191,0.011291080815419463,135.46586273463407,92300,113700,100,100,0.57066666666666666,0.0,50,11,0.44763271162123386,276.19039316239315,200.11968376068376,0.94999999999999996,0.25,0.42535994603367877
1104,RDNT,data/empirical/pooled/pooled_five_2019_sessions_rdnt,data/empirical/pooled/pooled_five_2019_sessions_rdnt/hawkes_rates_rdnt_pooled_five_2019_sessions.csv,236950.0,2.4604609091670357,0.03544595922902688,41.401572302403451,228700,245200,140,800,0.64688888888888885,0.0,50,3,0.29774160732451677,201.5628547008547,180.84182905982908,0.94999999999999996,0.25,0.42535994603367877
1105,RDUS,data/empirical/pooled/pooled_five_2019_sessions_rdus,data/empirical/pooled/pooled_five_2019_sessions_rdus/hawkes_rates_rdus_pooled_five_2019_sessions.csv,194150.0,3.2010401504948258,0.068994401470148306,56.290005833837121,186600,201700,109,900,0.94488888888888889,0.0,50,6,0.37813996019579366,204.39673504273506,193.81727350427349,0.94999999999999996,0.25,0.42535994603367877
1106,RDVT,data/empirical/pooled/pooled_five_2019_sessions_rdvt,data/empirical/pooled/pooled_five_2019_sessions_rdvt/hawkes_rates_rdvt_pooled_five_2019_sessions.csv,179300.0,3.9647925460036482,0.014974998931578273,189.89961864897219,145400,213200,200,100,0.72666666666666668,0.0,50,23,0.66699834162520732,155.01352136752138,353.999811965812,0.94999999999999996,0.25,0.054854410483294959
1107,RECN,data/empirical/pooled/pooled_five_2019_sessions_recn,data/empirical/pooled/pooled_five_2019_sessions_recn/hawkes_rates_recn_pooled_five_2019_sessions.csv,148100.0,2.8415912592431565,0.02422325740416257,524.88059381763856,140000,156200,100,1,0.73533333333333328,0.0,50,4,0.36481850817710409,173.57736752136753,181.66477777777777,0.94999999999999996,0.25,0.42535994603367877
1108,REFR,data/empirical/pooled/pooled_five_2019_sessions_refr,data/empirical/pooled/pooled_five_2019_sessions_refr/hawkes_rates_refr_pooled_five_2019_sessions.csv,37500.0,5.4778485321758064,0.010034616863968546,15.772551462221839,33000,42000,100,100,0.13955555555555554,0.0,50,4,0.54619015509103164,439.58288034188035,494.56183760683763,0.94999999999999996,0.25,0.36419212403997098
1109,REG,data/empirical/pooled/pooled_five_2019_sessions_reg,data/empirical/pooled/pooled_five_2019_sessions_reg/hawkes_rates_reg_pooled_five_2019_sessions.csv,631450.0,0.92427731910115796,0.08841403478781143,86.583654481743196,587100,675800,700,700,2.915111111111111,0.0,50,5,0.36380538314121452,176.19964102564103,170.52140170940169,0.94999999999999996,0.25,0.31472892968491073
1110,REGI,data/empirical/pooled/pooled_five_2019_sessions_regi,data/empirical/pooled/pooled_five_2019_sessions_regi/hawkes_rates_regi_pooled_five_2019_sessions.csv,257050.0,2.1999392099055322,0.064028377281080379,81.720010769272093,239000,275100,100,800,0.98622222222222222,0.0,50,3,0.26480829817418061,223.35874358974357,205.7580512820513,0.94999999999999996,0.25,0.31472892968491073
1111,REGN,data/empirical/pooled/pooled_five_2019_sessions_regn,data/empirical/pooled/pooled_five_2019_sessions_regn/hawkes_rates_regn_pooled_five_2019_sessions.csv,3365350.0,1.2176276265983452,0.17181930851745802,84.294208145483495,3356700,3374000,29,9,16.600000000000001,0.0,50,33,0.60619768735787893,77.732401709401714,80.325247863247867,0.94999999999999996,0.11621735476962097,0
1112,REPH,data/empirical/pooled/pooled_five_2019_sessions_reph,data/empirical/pooled/pooled_five_2019_sessions_reph/hawkes_rates_reph_pooled_five_2019_sessions.csv,156550.0,3.4078266440762262,0.034727979828197787,31.363055014783018,148500,164600,100,21,0.44222222222222224,0.0,50,4,0.37624999999999997,333.34085470085472,299.37622222222222,0.94999999999999996,0.25,0.42535994603367877
1113,REPL,data/empirical/pooled/pooled_five_2019_sessions_repl,data/empirical/pooled/pooled_five_2019_sessions_repl/hawkes_rates_repl_pooled_five_2019_sessions.csv,165100.0,6.2225343618577389,0.026035300653874098,115.76298834834682,147200,183000,100,100,0.6671111111111111,0.0,50,39,0.48467241033860947,204.94531623931624,168.94889743589744,0.94999999999999996,0.25,0.0096468091552598823
1114,RESN,data/empirical/pooled/pooled_five_2019_sessions_resn,data/empirical/pooled/pooled_five_2019_sessions_resn/hawkes_rates_resn_pooled_five_2019_sessions.csv,25500.0,4.2985392342788282,0.0087268686696012655,19.624604652212255,24000,27000,200,500,0.10333333333333333,0.0,50,3,0.42991185669604776,674.48865811965811,465.00374358974358,0.94999999999999996,0.25,0.36419212403997098
1115,RETA,data/empirical/pooled/pooled_five_2019_sessions_reta,data/empirical/pooled/pooled_five_2019_sessions_reta/hawkes_rates_reta_pooled_five_2019_sessions.csv,1936700.0,2.8313126712318097,0.087610581648788405,74.818519260194449,1801800,2071600,100,100,4.0162222222222219,0.0,50,53,0.61762060939483709,101.5667435897436,108.73676923076923,0.94999999999999996,0.25,0.54198644623863046
1116,RFIL,data/empirical/pooled/pooled_five_2019_sessions_rfil,data/empirical/pooled/pooled_five_2019_sessions_rfil/hawkes_rates_rfil_pooled_five_2019_sessions.csv,62500.0,2.6385573098891344,0.0044018975169879057,55.562129669874039,58100,66900,100,100,0.30733333333333335,0.0,50,11,0.61748013620885356,7319.4754957264959,272.7317094017094,0.94999999999999996,0.25,0.14684855564149249
1117,RGEN,data/empirical/pooled/pooled_five_2019_sessions_rgen,data/empirical/pooled/pooled_five_2019_sessions_rgen/hawkes_rates_rgen_pooled_five_2019_sessions.csv,978450.0,2.7126485799907751,0.11726996880208555,393.06620603742493,912600,1044300,600,2,3.6013333333333333,0.0,50,15,0.60400618624156088,108.90909401709402,114.952,0.94999999999999996,0.25,0.54198644623863046
1118,RGLD,data/empirical/pooled/pooled_five_2019_sessions_rgld,data/empirical/pooled/pooled_five_2019_sessions_rgld/hawkes_rates_rgld_pooled_five_2019_sessions.csv,1134750.0,1.6350209880086863,0.11474849352536434,329.95217317132131,1120200,1149300,50,50,5.2702222222222224,0.0,50,12,0.53710266039033161,108.68537606837606,107.85570940170939,0.94999999999999996,0.25,0.54198644623863046
1119,RGNX,data/empirical/pooled/pooled_five_2019_sessions_rgnx,data/empirical/pooled/pooled_five_2019_sessions_rgnx/hawkes_rates_rgnx_pooled_five_2019_sessions.csv,438900.0,3.6136257012685689,0.078251207316551996,95.927842521846358,420000,457800,500,600,1.8813333333333333,0.0,50,14,0.49407768929988299,139.607,121.90947863247864,0.94999999999999996,0.25,0.54198644623863046
1120,RIBT,data/empirical/pooled/pooled_five_2019_sessions_ribt,data/empirical/pooled/pooled_five_2019_sessions_ribt/hawkes_rates_ribt_pooled_five_2019_sessions.csv,12750.0,3.4172707532319939,0.0041711184238642672,20.350148097643896,12000,13500,1,100,0.12622222222222224,0.0,50,3,0.38630952380952382,497.98571794871793,1248.9478376068375,0.94999999999999996,0.25,0.36419212403997098
1121,RIGL,data/empirical/pooled/pooled_five_2019_sessions_rigl,data/empirical/pooled/pooled_five_2019_sessions_rigl/hawkes_rates_rigl_pooled_five_2019_sessions.csv,24450.0,2.3091138888240135,0.002906107098593957,3.7724776819678021,23400,25500,8200,8200,0.098666666666666666,0.0,150,1,0.01549965619986248,6189.4496752136747,5359.7903247863242,0.94999999999999996,0.25,0.14684855564149249
1122,RILY,data/empirical/pooled/pooled_five_2019_sessions_rily,data/empirical/pooled/pooled_five_2019_sessions_rily/hawkes_rates_rily_pooled_five_2019_sessions.csv,263900.0,2.0946146725623827,0.017291337236634043,33.40155424986699,258300,269500,100,9,0.83777777777777773,0.0,50,13,0.47198076567412611,190.6299829059829,171.99564957264957,0.94999999999999996,0.25,0.42535994603367877
1123,RIOT,data/empirical/pooled/pooled_five_2019_sessions_riot,data/empirical/pooled/pooled_five_2019_sessions_riot/hawkes_rates_riot_pooled_five_2019_sessions.csv,15650.0,4.4621138243734713,0.010094448480704303,53.658901166883886,15400,15900,4704,500,0.082444444444444445,0.0,50,2,0.19518207282913166,2319.9939316239315,2601.9293931623934,0.94999999999999996,0.25,0.36419212403997098
1124,RMBS,data/empirical/pooled/pooled_five_2019_sessions_rmbs,data/empirical/pooled/pooled_five_2019_sessions_rmbs/hawkes_rates_rmbs_pooled_five_2019_sessions.csv,160400.0,1.6496050798972455,0.024889952562075303,38.835313081078162,160000,160800,17,80,0.5424444444444444,0.0,50,1,0.11101888358580618,705.89947008547006,737.56778632478631,0.94999999999999996,0.1222182091484173,0
1125,RMNI,data/empirical/pooled/pooled_five_2019_sessions_rmni,data/empirical/pooled/pooled_five_2019_sessions_rmni/hawkes_rates_rmni_pooled_five_2019_sessions.csv,49500.0,2.8647194879695892,0.0051797085345527587,84.113124662143193,48000,51000,100,2,0.21511111111111111,0.0,28,7,0.15435280641466209,605.99340170940172,274.77762393162391,0.94999999999999996,0.25,0.054854410483294959
1126,RMR,data/empirical/pooled/pooled_five_2019_sessions_rmr,data/empirical/pooled/pooled_five_2019_sessions_rmr/hawkes_rates_rmr_pooled_five_2019_sessions.csv,433050.0,2.6254781181972597,0.034916022052224452,32.901634555081976,409200,456900,100,58,2.2222222222222223,0.0,50,36,0.58407505412557137,143.19647008547008,114.40085470085469,0.94999999999999996,0.25,0.0096468091552598823
1127,RMTI,data/empirical/pooled/pooled_five_2019_sessions_rmti,data/empirical/pooled/pooled_five_2019_sessions_rmti/hawkes_rates_rmti_pooled_five_2019_sessions.csv,28000.0,3.8518385678871434,0.010179922218898244,25.084048935681366,27000,29000,5000,115,0.13266666666666665,0.0,50,2,0.19735216240070608,692.7576495726496,620.56406837606835,0.94999999999999996,0.25,0.36419212403997098
1128,RNET,data/empirical/pooled/pooled_five_2019_sessions_rnet,data/empirical/pooled/pooled_five_2019_sessions_rnet/hawkes_rates_rnet_pooled_five_2019_sessions.csv,44250.0,3.4895202874789639,0.010453438181118851,72.73969623666045,40000,48500,3,100,0.40555555555555556,0.0,50,11,0.49231843575418993,168.45038461538462,137.86022222222223,0.94999999999999996,0.25,0.054854410483294959
1129,RNST,data/empirical/pooled/pooled_five_2019_sessions_rnst,data/empirical/pooled/pooled_five_2019_sessions_rnst/hawkes_rates_rnst_pooled_five_2019_sessions.csv,335550.0,1.7929480562976701,0.054993803153980933,55.719355525082634,318900,352200,29,100,1.5577777777777777,0.0,50,6,0.39604368431897796,143.22526495726498,133.00066666666666,0.94999999999999996,0.25,0.31472892968491073
1130,ROAD,data/empirical/pooled/pooled_five_2019_sessions_road,data/empirical/pooled/pooled_five_2019_sessions_road/hawkes_rates_road_pooled_five_2019_sessions.csv,172050.0,2.9355430346985414,0.015128851660327364,31.463902385731213,160000,184100,1,100,0.68600000000000005,0.0,50,11,0.33855845297392323,213.67761538461542,396.08785470085473,0.94999999999999996,0.25,0.054854410483294959
1131,ROCK,data/empirical/pooled/pooled_five_2019_sessions_rock,data/empirical/pooled/pooled_five_2019_sessions_rock/hawkes_rates_rock_pooled_five_2019_sessions.csv,539950.0,1.9539555787452632,0.054711739817940939,244.60918666620753,520000,559900,1,14,1.9239999999999999,0.0,50,9,0.53565612411073971,153.72139316239318,127.21929914529915,0.94999999999999996,0.25,0.42535994603367877
1132,ROIC,data/empirical/pooled/pooled_five_2019_sessions_roic,data/empirical/pooled/pooled_five_2019_sessions_roic/hawkes_rates_roic_pooled_five_2019_sessions.csv,170250.0,0.80409117391020812,0.021633403136886192,14.985986378545558,158500,182000,2100,2100,0.77955555555555556,0.0,50,1,0.033229005771888462,1027.7975470085471,1110.5301111111112,0.94999999999999996,0.1222182091484173,0
1133,ROKU,data/empirical/pooled/pooled_five_2019_sessions_roku,data/empirical/pooled/pooled_five_2019_sessions_roku/hawkes_rates_roku_pooled_five_2019_sessions.csv,1276750.0,2.4541109687739073,0.31292790290183337,44.88880603215879,1275000,1278500,175,95,4.6219999999999999,0.0,50,7,0.52830188679245282,248.39546153846155,313.17867521367521,0.94999999999999996,0.11621735476962097,0
1134,ROLL,data/empirical/pooled/pooled_five_2019_sessions_roll,data/empirical/pooled/pooled_five_2019_sessions_roll/hawkes_rates_roll_pooled_five_2019_sessions.csv,1656450.0,2.590556618654194,0.0815077567417411,335.22922058456055,1528000,1784900,100,100,6.6817777777777776,0.0,50,63,0.62782184258694329,111.4404017094017,91.540059829059828,0.94999999999999996,0.25,0.54198644623863046
1135,ROSE,data/empirical/pooled/pooled_five_2019_sessions_rose,data/empirical/pooled/pooled_five_2019_sessions_rose/hawkes_rates_rose_pooled_five_2019_sessions.csv,11700.0,3.9866005342987902,0.0056925509637163977,44.544079015961373,10800,12600,100,100,0.12088888888888889,0.0,50,4,0.30145631067961165,309.95389743589743,761.3800769230769,0.94999999999999996,0.25,0.36419212403997098
1136,ROST,data/empirical/pooled/pooled_five_2019_sessions_rost,data/empirical/pooled/pooled_five_2019_sessions_rost/hawkes_rates_rost_pooled_five_2019_sessions.csv,1130750.0,0.98508325336087321,0.19629898713620242,152.07256855958821,1125000,1136500,2,43,4.8555555555555552,0.0,50,4,0.33013848924586497,183.2597948717949,184.02753846153846,0.94999999999999996,0.11621735476962097,0
1137,RP,data/empirical/pooled/pooled_five_2019_sessions_rp,data/empirical/pooled/pooled_five_2019_sessions_rp/hawkes_rates_rp_pooled_five_2019_sessions.csv,577100.0,1.6295087059475255,0.091106457540920546,88.273788815804096,531300,622900,700,700,2.6493333333333333,0.0,50,7,0.44210583367960832,157.24260683760684,142.60578632478632,0.94999999999999996,0.25,0.31472892968491073
1138,RPD,data/empirical/pooled/pooled_five_2019_sessions_rpd,data/empirical/pooled/pooled_five_2019_sessions_rpd/hawkes_rates_rpd_pooled_five_2019_sessions.csv,588600.0,2.2841624472279212,0.11979144407880678,57.297887915858908,571200,606000,700,8,2.2997777777777779,0.0,50,10,0.59543320273948019,123.24733333333333,144.89549572649574,0.94999999999999996,0.25,0.54198644623863046
1139,RRGB,data/empirical/pooled/pooled_five_2019_sessions_rrgb,data/empirical/pooled/pooled_five_2019_sessions_rrgb/hawkes_rates_rrgb_pooled_five_2019_sessions.csv,327350.0,2.4200394442147148,0.041138510192743283,56.095135672452443,317800,336900,500,144,1.4355555555555555,0.0,50,9,0.39846192850502832,140.66445299145298,138.22016239316241,0.94999999999999996,0.25,0.42535994603367877
1140,RRR,data/empirical/pooled/pooled_five_2019_sessions_rrr,data/empirical/pooled/pooled_five_2019_sessions_rrr/hawkes_rates_rrr_pooled_five_2019_sessions.csv,245300.0,2.1080987450352637,0.054908329415787008,43.520814752215372,224800,265800,1600,100,1.0784444444444445,0.0,50,4,0.30628611864606675,179.3816923076923,186.18002564102565,0.94999999999999996,0.25,0.31472892968491073
1141,RTIX,data/empirical/pooled/pooled_five_2019_sessions_rtix,data/empirical/pooled/pooled_five_2019_sessions_rtix/hawkes_rates_rtix_pooled_five_2019_sessions.csv,42450.0,2.9741619668858554,0.0099833326210521829,39.578855133030331,41000,43900,100,1000,0.18866666666666668,0.0,50,3,0.33256640870110854,348.96239316239314,274.03684615384611,0.94999999999999996,0.25,0.36419212403997098
1142,RTRX,data/empirical/pooled/pooled_five_2019_sessions_rtrx,data/empirical/pooled/pooled_five_2019_sessions_rtrx/hawkes_rates_rtrx_pooled_five_2019_sessions.csv,157600.0,3.2049665506138991,0.034659600837642635,100.83994539891077,155200,160000,27,200,0.89111111111111108,0.0,50,7,0.32604433720404163,230.45292307692307,199.1960769230769,0.94999999999999996,0.25,0.42535994603367877
1143,RUBY,data/empirical/pooled/pooled_five_2019_sessions_ruby,data/empirical/pooled/pooled_five_2019_sessions_ruby/hawkes_rates_ruby_pooled_five_2019_sessions.csv,81200.0,3.928832865407994,0.042993290311551781,42.161039335177897,76800,85600,100,100,0.62044444444444447,0.0,50,11,0.39023415647726367,238.03929914529914,218.06860683760684,0.94999999999999996,0.25,0.054854410483294959
1144,RUN,data/empirical/pooled/pooled_five_2019_sessions_run,data/empirical/pooled/pooled_five_2019_sessions_run/hawkes_rates_run_pooled_five_2019_sessions.csv,179350.0,2.3291208174524778,0.053933928800376084,77.455670343294642,178700,180000,460,1500,0.63822222222222225,0.0,50,2,0.11450066564154429,399.31605128205126,429.00882051282053,0.94999999999999996,0.25,0.31472892968491073
1145,RUSHA,data/empirical/pooled/pooled_five_2019_sessions_rusha,data/empirical/pooled/pooled_five_2019_sessions_rusha/hawkes_rates_rusha_pooled_five_2019_sessions.csv,442500.0,1.7690237032135578,0.050096157955468179,69.819643318779995,402500,482500,1,1,1.8113333333333332,0.0,50,11,0.5008139492819158,137.33238461538463,142.60024786324786,0.94999999999999996,0.25,0.54198644623863046
1146,RUTH,data/empirical/pooled/pooled_five_2019_sessions_ruth,data/empirical/pooled/pooled_five_2019_sessions_ruth/hawkes_rates_ruth_pooled_five_2019_sessions.csv,208350.0,1.8269809211564205,0.031727851617590494,73.762439363191447,200000,216700,1,700,1.0068888888888889,0.0,50,5,0.31001065994766935,187.21316239316238,166.81019658119658,0.94999999999999996,0.25,0.42535994603367877
1147,RVNC,data/empirical/pooled/pooled_five_2019_sessions_rvnc,data/empirical/pooled/pooled_five_2019_sessions_rvnc/hawkes_rates_rvnc_pooled_five_2019_sessions.csv,219750.0,2.9614238583921213,0.046583187315697251,68.079621340261482,211500,228000,1000,184,0.70799999999999996,0.0,50,4,0.28806339772164435,222.63747008547006,204.23461538461538,0.94999999999999996,0.25,0.42535994603367877
1148,RVSB,data/empirical/pooled/pooled_five_2019_sessions_rvsb,data/empirical/pooled/pooled_five_2019_sessions_rvsb/hawkes_rates_rvsb_pooled_five_2019_sessions.csv,73250.0,2.5796536889618942,0.0081969314927988375,48.104280957791829,65800,80700,100,100,0.32622222222222225,0.0,50,6,0.28032659409020216,164.37523076923077,269.81342735042733,0.94999999999999996,0.25,0.42535994603367877
1149,RYTM,data/empirical/pooled/pooled_five_2019_sessions_rytm,data/empirical/pooled/pooled_five_2019_sessions_rytm/hawkes_rates_rytm_pooled_five_2019_sessions.csv,185700.0,3.7865710104619446,0.037275097226377195,93.844530402816318,176200,195200,25,100,1.0393333333333334,0.0,50,18,0.47081462475946118,144.4940170940171,138.74517094017094,0.94999999999999996,0.25,0.0096468091552598823
1150,SABR,data/empirical/pooled/pooled_five_2019_sessions_sabr,data/empirical/pooled/pooled_five_2019_sessions_sabr/hawkes_rates_sabr_pooled_five_2019_sessions.csv,216750.0,1.1776825805577558,0.034950211547502032,42.372803746276652,194600,238900,100,100,0.98311111111111116,0.0,50,1,0.046807806814422759,704.35255555555557,689.68453846153841,0.94999999999999996,0.25,0.40263407090880049
1151,SAFM,data/empirical/pooled/pooled_five_2019_sessions_safm,data/empirical/pooled/pooled_five_2019_sessions_safm/hawkes_rates_safm_pooled_five_2019_sessions.csv,1351850.0,1.6132987147611006,0.095474165562630886,305.24039198308367,1303700,1400000,100,100,5.8162222222222226,0.0,50,22,0.57839736650244133,118.64446153846154,129.97542735042734,0.94999999999999996,0.25,0.54198644623863046
1152,SAFT,data/empirical/pooled/pooled_five_2019_sessions_saft,data/empirical/pooled/pooled_five_2019_sessions_saft/hawkes_rates_saft_pooled_five_2019_sessions.csv,930900.0,1.3908335102799072,0.024189067908884997,41.553073392566723,832100,1029700,100,100,4.1155555555555559,0.0,50,56,0.50160393498716849,148.37923076923079,112.55571794871794,0.94999999999999996,0.25,0.54198644623863046
1153,SAGE,data/empirical/pooled/pooled_five_2019_sessions_sage,data/empirical/pooled/pooled_five_2019_sessions_sage/hawkes_rates_sage_pooled_five_2019_sessions.csv,690500.0,2.4249898747709002,0.11091072268045643,67.136162079615332,680000,701000,100,7,6.2220000000000004,0.0,50,34,0.57868299883236762,105.45363247863247,105.31468376068376,0.94999999999999996,0.25,0.54198644623863046
1154,SAIA,data/empirical/pooled/pooled_five_2019_sessions_saia,data/empirical/pooled/pooled_five_2019_sessions_saia/hawkes_rates_saia_pooled_five_2019_sessions.csv,939250.0,2.9997998058804516,0.090559425616479339,96.677767853618477,873600,1004900,100,100,2.9928888888888889,0.0,50,22,0.58005268199233717,123.43538461538462,117.95638461538461,0.94999999999999996,0.25,0.54198644623863046
1155,SAMG,data/empirical/pooled/pooled_five_2019_sessions_samg,data/empirical/pooled/pooled_five_2019_sessions_samg/hawkes_rates_samg_pooled_five_2019_sessions.csv,127700.0,3.2729278077476662,0.0036497286208812345,57.792814961212066,115200,140200,100,100,0.56022222222222218,0.0,50,23,0.20848422141748577,872.54940170940176,300.68469230769227,0.94999999999999996,0.25,0.054854410483294959
1156,SANM,data/empirical/pooled/pooled_five_2019_sessions_sanm,data/empirical/pooled/pooled_five_2019_sessions_sanm/hawkes_rates_sanm_pooled_five_2019_sessions.csv,312800.0,2.1306202908371912,0.062344544638659773,100.63308751540595,300800,324800,600,275,1.4273333333333333,0.0,50,4,0.30640319209576289,202.85340170940171,273.31183760683763,0.94999999999999996,0.25,0.31472892968491073
1157,SASR,data/empirical/pooled/pooled_five_2019_sessions_sasr,data/empirical/pooled/pooled_five_2019_sessions_sasr/hawkes_rates_sasr_pooled_five_2019_sessions.csv,348550.0,1.9590992546480805,0.04771144065985726,141.7183579835131,316700,380400,100,100,1.518888888888889,0.0,50,7,0.44338919925512105,144.5191282051282,165.3198888888889,0.94999999999999996,0.25,0.42535994603367877
1158,SATS,data/empirical/pooled/pooled_five_2019_sessions_sats,data/empirical/pooled/pooled_five_2019_sessions_sats/hawkes_rates_sats_pooled_five_2019_sessions.csv,414000.0,2.1545236877957339,0.049087567844779696,456.5786224012129,392900,435100,100,100,1.782888888888889,0.0,50,6,0.33760851302156258,176.38448717948717,195.23069230769229,0.94999999999999996,0.25,0.31472892968491073
1159,SBAC,data/empirical/pooled/pooled_five_2019_sessions_sbac,data/empirical/pooled/pooled_five_2019_sessions_sbac/hawkes_rates_sbac_pooled_five_2019_sessions.csv,2493050.0,1.5655968526845325,0.12152656096414376,227.42038023640117,2476500,2509600,41,300,10.625111111111112,0.0,50,19,0.47148189034326865,124.595,127.69992307692307,0.94999999999999996,0.11621735476962097,0
1160,SBCF,data/empirical/pooled/pooled_five_2019_sessions_sbcf,data/empirical/pooled/pooled_five_2019_sessions_sbcf/hawkes_rates_sbcf_pooled_five_2019_sessions.csv,276550.0,2.3287013227983917,0.04899354673276636,132.15756876182567,247700,305400,700,100,1.2264444444444444,0.0,50,6,0.37356664445769189,157.33304273504274,149.05008547008546,0.94999999999999996,0.25,0.42535994603367877
1161,SBGI,data/empirical/pooled/pooled_five_2019_sessions_sbgi,data/empirical/pooled/pooled_five_2019_sessions_sbgi/hawkes_rates_sbgi_pooled_five_2019_sessions.csv,311600.0,1.8875119135473515,0.092328731997093891,95.538462398263434,290900,332300,1000,100,1.7524444444444445,0.0,50,3,0.25968634146911951,217.26252136752137,253.18190598290599,0.94999999999999996,0.25,0.31472892968491073
1162,SBLK,data/empirical/pooled/pooled_five_2019_sessions_sblk,data/empirical/pooled/pooled_five_2019_sessions_sblk/hawkes_rates_sblk_pooled_five_2019_sessions.csv,86600.0,2.354883272437315,0.037334928843112951,20.287549025458862,86500,86700,1000,690,0.44333333333333336,0.0,50,2,0.24002594875121636,362.95824786324783,535.95640170940169,0.94999999999999996,0.1222182091484173,0
1163,SBNY,data/empirical/pooled/pooled_five_2019_sessions_sbny,data/empirical/pooled/pooled_five_2019_sessions_sbny/hawkes_rates_sbny_pooled_five_2019_sessions.csv,1422900.0,1.4449444782240111,0.11046625924184794,76.722521431139498,1341800,1504000,100,500,5.5884444444444448,0.0,50,18,0.59415461346633414,118.26015384615384,102.178547008547,0.94999999999999996,0.25,0.54198644623863046
1164,SBPH,data/empirical/pooled/pooled_five_2019_sessions_sbph,data/empirical/pooled/pooled_five_2019_sessions_sbph/hawkes_rates_sbph_pooled_five_2019_sessions.csv,12950.0,4.7259867979906103,0.0050942347963588187,34.272188265583885,12400,13500,90,3053,0.18733333333333332,0.0,50,12,0.27114514444831189,756.59845299145297,452.67345299145302,0.94999999999999996,0.25,0.36419212403997098
1165,SBRA,data/empirical/pooled/pooled_five_2019_sessions_sbra,data/empirical/pooled/pooled_five_2019_sessions_sbra/hawkes_rates_sbra_pooled_five_2019_sessions.csv,223650.0,0.93558407654060149,0.045523312962092395,16.490591598889033,211300,236000,100,100,0.92355555555555557,0.0,50,1,0.053384788551214021,604.18942735042742,637.80547008547001,0.94999999999999996,0.1222182091484173,0
1166,SBSI,data/empirical/pooled/pooled_five_2019_sessions_sbsi,data/empirical/pooled/pooled_five_2019_sessions_sbsi/hawkes_rates_sbsi_pooled_five_2019_sessions.csv,372650.0,2.1115867219014719,0.052515064746356685,125.38193564462381,354000,391300,131,100,1.5246666666666666,0.0,50,8,0.53602394715111479,136.38240170940171,121.90314529914531,0.94999999999999996,0.25,0.42535994603367877
1167,SBT,data/empirical/pooled/pooled_five_2019_sessions_sbt,data/empirical/pooled/pooled_five_2019_sessions_sbt/hawkes_rates_sbt_pooled_five_2019_sessions.csv,73050.0,2.8757427994343301,0.011453480917987948,58.650861663179633,62200,83900,100,100,0.42022222222222222,0.0,50,10,0.40820270560446642,293.90990598290603,215.44358974358974,0.94999999999999996,0.25,0.054854410483294959
1168,SBUX,data/empirical/pooled/pooled_five_2019_sessions_sbux,data/empirical/pooled/pooled_five_2019_sessions_sbux/hawkes_rates_sbux_pooled_five_2019_sessions.csv,856500.0,0.8578761412514152,0.17458865763494166,20.7697826339122,854000,859000,435,43,3.7688888888888887,0.0,50,1,0.070295102896651182,594.34086324786324,526.86262393162394,0.94999999999999996,0.25,0.40263407090880049
1169,SCHL,data/empirical/pooled/pooled_five_2019_sessions_schl,data/empirical/pooled/pooled_five_2019_sessions_schl/hawkes_rates_schl_pooled_five_2019_sessions.csv,332700.0,3.5557034864389787,0.056831488525150652,1064.5718536622155,298900,366500,100,100,1.7168888888888889,0.0,50,9,0.49053830033467832,154.29561538461539,132.51741880341882,0.94999999999999996,0.25,0.42535994603367877
1170,SCHN,data/empirical/pooled/pooled_five_2019_sessions_schn,data/empirical/pooled/pooled_five_2019_sessions_schn/hawkes_rates_schn_pooled_five_2019_sessions.csv,171800.0,3.4642093132069602,0.047010556006666954,695.48026381002194,170500,173100,3,34,1.024,0.0,50,5,0.34810042946812025,151.87915384615386,169.43806837606837,0.94999999999999996,0.25,0.42535994603367877
1171,SCOR,data/empirical/pooled/pooled_five_2019_sessions_scor,data/empirical/pooled/pooled_five_2019_sessions_scor/hawkes_rates_scor_pooled_five_2019_sessions.csv,43200.0,3.2520238646006567,0.016940894910038889,46.244340255313602,40100,46300,1000,1700,0.22111111111111112,0.0,50,4,0.26846846846846845,608.92767521367523,910.88678632478627,0.94999999999999996,0.25,0.36419212403997098
1172,SCSC,data/empirical/pooled/pooled_five_2019_sessions_scsc,data/empirical/pooled/pooled_five_2019_sessions_scsc/hawkes_rates_scsc_pooled_five_2019_sessions.csv,345400.0,2.3268877882053238,0.034881832556946879,141.07885638389607,309000,381800,100,100,1.5531111111111111,0.0,50,14,0.45415733847034934,161.98344444444444,120.60192307692307,0.94999999999999996,0.25,0.42535994603367877
1173,SCVL,data/empirical/pooled/pooled_five_2019_sessions_scvl,data/empirical/pooled/pooled_five_2019_sessions_scvl/hawkes_rates_scvl_pooled_five_2019_sessions.csv,355850.0,3.2368029841911325,0.079242702679601693,135.96356777013443,340600,371100,500,34,1.6268888888888888,0.0,50,7,0.48167063406189137,158.07484615384615,166.99175213675215,0.94999999999999996,0.25,0.42535994603367877
1174,SCWX,data/empirical/pooled/pooled_five_2019_sessions_scwx,data/empirical/pooled/pooled_five_2019_sessions_scwx/hawkes_rates_scwx_pooled_five_2019_sessions.csv,150700.0,4.1000501235771711,0.054951066284883977,88.097828670357217,144000,157400,100,70,0.77066666666666672,0.0,50,7,0.46908335400645002,210.69614529914529,159.00373504273506,0.94999999999999996,0.25,0.054854410483294959
1175,SEAC,data/empirical/pooled/pooled_five_2019_sessions_seac,data/empirical/pooled/pooled_five_2019_sessions_seac/hawkes_rates_seac_pooled_five_2019_sessions.csv,48700.0,4.9443283407228193,0.0062994145048933716,18.034606594208118,46700,50700,37,70,0.080888888888888885,0.0,50,3,0.35993572576325655,731.91036752136756,297.49310256410251,0.94999999999999996,0.25,0.36419212403997098
1176,SEDG,data/empirical/pooled/pooled_five_2019_sessions_sedg,data/empirical/pooled/pooled_five_2019_sessions_sedg/hawkes_rates_sedg_pooled_five_2019_sessions.csv,1018950.0,2.1117576301738881,0.078704218128979875,50.776785792832818,1011000,1026900,201,85,2.843777777777778,0.0,50,10,0.43443632267022975,170.64316239316241,167.36435042735042,0.94999999999999996,0.25,0.54198644623863046
1177,SEIC,data/empirical/pooled/pooled_five_2019_sessions_seic,data/empirical/pooled/pooled_five_2019_sessions_seic/hawkes_rates_seic_pooled_five_2019_sessions.csv,607450.0,1.5038792235229506,0.096217787084918155,488.79844333276668,590900,624000,1,100,2.6888888888888891,0.0,50,5,0.39361683624663013,151.12608547008546,158.33138461538459,0.94999999999999996,0.25,0.31472892968491073
1178,SELB,data/empirical/pooled/pooled_five_2019_sessions_selb,data/empirical/pooled/pooled_five_2019_sessions_selb/hawkes_rates_selb_pooled_five_2019_sessions.csv,29250.0,4.4448583879183587,0.0067267831958630715,14.26482798444084,27800,30700,1902,100,0.077111111111111116,0.0,50,2,0.23329445092484585,1135.3434871794873,929.62719658119659,0.94999999999999996,0.25,0.36419212403997098
1179,SENEA,data/empirical/pooled/pooled_five_2019_sessions_senea,data/empirical/pooled/pooled_five_2019_sessions_senea/hawkes_rates_senea_pooled_five_2019_sessions.csv,398450.0,1.7820941250164128,0.0072310782512073164,21.56079169929129,352600,444300,100,100,1.2982222222222222,0.0,50,53,0.37852058186320026,151.06547863247863,118.93355555555556,0.94999999999999996,0.25,0.0096468091552598823
1180,SFBS,data/empirical/pooled/pooled_five_2019_sessions_sfbs,data/empirical/pooled/pooled_five_2019_sessions_sfbs/hawkes_rates_sfbs_pooled_five_2019_sessions.csv,359150.0,2.1897388268700073,0.051232958673447584,81.755187332220999,351500,366800,500,41,1.5475555555555556,0.0,50,8,0.48093124717917857,143.01641880341882,171.55411111111113,0.94999999999999996,0.25,0.42535994603367877
1181,SFIX,data/empirical/pooled/pooled_five_2019_sessions_sfix,data/empirical/pooled/pooled_five_2019_sessions_sfix/hawkes_rates_sfix_pooled_five_2019_sessions.csv,223900.0,2.4749852626362685,0.1073977520406855,25.51275114665178,222600,225200,200,115,1.1282222222222222,0.0,50,4,0.2802340627755448,231.03813675213678,269.3349145299145,0.94999999999999996,0.25,0.31472892968491073
1182,SFM,data/empirical/pooled/pooled_five_2019_sessions_sfm,data/empirical/pooled/pooled_five_2019_sessions_sfm/hawkes_rates_sfm_pooled_five_2019_sessions.csv,157350.0,0.92561618864112005,0.031847514851062006,18.467515178704598,145600,169100,100,2900,0.88911111111111107,0.0,50,1,0.079273327828241119,611.82654700854698,634.02320512820518,0.94999999999999996,0.1222182091484173,0
1183,SFNC,data/empirical/pooled/pooled_five_2019_sessions_sfnc,data/empirical/pooled/pooled_five_2019_sessions_sfnc/hawkes_rates_sfnc_pooled_five_2019_sessions.csv,244750.0,1.6512568054890855,0.055566477199880338,41.774786274362448,222400,267100,900,100,1.0868888888888888,0.0,50,3,0.19719320628339049,254.6024358974359,242.72480341880342,0.94999999999999996,0.25,0.31472892968491073
1184,SFST,data/empirical/pooled/pooled_five_2019_sessions_sfst,data/empirical/pooled/pooled_five_2019_sessions_sfst/hawkes_rates_sfst_pooled_five_2019_sessions.csv,395700.0,2.0288875427083428,0.0059233300568400354,34.901141998183903,353700,437700,100,100,1.7615555555555555,0.0,50,45,0.27583401139137509,157.40864102564103,156.54911111111113,0.94999999999999996,0.25,0.0096468091552598823
1185,SGC,data/empirical/pooled/pooled_five_2019_sessions_sgc,data/empirical/pooled/pooled_five_2019_sessions_sgc/hawkes_rates_sgc_pooled_five_2019_sessions.csv,124600.0,3.738911159524136,0.0043249711526133598,97.102399964985537,106600,142600,100,100,0.72888888888888892,0.0,50,38,0.29470198675496689,249.91603418803419,150.96706837606837,0.94999999999999996,0.25,0.0096468091552598823
1186,SGEN,data/empirical/pooled/pooled_five_2019_sessions_sgen,data/empirical/pooled/pooled_five_2019_sessions_sgen/hawkes_rates_sgen_pooled_five_2019_sessions.csv,1080500.0,2.0574179083997763,0.11612462071028677,249.71240610627365,1050000,1111000,232,62,3.355777777777778,0.0,50,13,0.56437017492426467,130.46923076923076,144.44254700854702,0.94999999999999996,0.25,0.54198644623863046
1187,SGMO,data/empirical/pooled/pooled_five_2019_sessions_sgmo,data/empirical/pooled/pooled_five_2019_sessions_sgmo/hawkes_rates_sgmo_pooled_five_2019_sessions.csv,74750.0,2.0024413026618237,0.044249754263002691,29.282574588482504,71000,78500,200,3000,0.41466666666666668,0.0,50,2,0.09411468088171733,495.80761538461536,557.70848717948718,0.94999999999999996,0.1222182091484173,0
1188,SGMS,data/empirical/pooled/pooled_five_2019_sessions_sgms,data/empirical/pooled/pooled_five_2019_sessions_sgms/hawkes_rates_sgms_pooled_five_2019_sessions.csv,252300.0,2.355507985153519,0.091243215522030865,51.240702049449425,240400,264200,100,100,1.0044444444444445,0.0,50,3,0.25708119773401672,202.77504273504275,199.73784615384616,0.94999999999999996,0.25,0.31472892968491073
1189,SGRY,data/empirical/pooled/pooled_five_2019_sessions_sgry,data/empirical/pooled/pooled_five_2019_sessions_sgry/hawkes_rates_sgry_pooled_five_2019_sessions.csv,182450.0,2.8877538860479008,0.035736569938886277,149.09093526214238,171600,193300,67,100,0.49933333333333335,0.0,50,4,0.32394039273942715,240.07273504273502,228.31799999999998,0.94999999999999996,0.25,0.42535994603367877
1190,SHEN,data/empirical/pooled/pooled_five_2019_sessions_shen,data/empirical/pooled/pooled_five_2019_sessions_shen/hawkes_rates_shen_pooled_five_2019_sessions.csv,389350.0,3.255224625550988,0.04901064148040514,75.568756278027394,368100,410600,100,138,1.8440000000000001,0.0,50,13,0.45949515149228387,117.00798290598291,137.75070085470085,0.94999999999999996,0.25,0.42535994603367877
1191,SHOO,data/empirical/pooled/pooled_five_2019_sessions_shoo,data/empirical/pooled/pooled_five_2019_sessions_shoo/hawkes_rates_shoo_pooled_five_2019_sessions.csv,413700.0,1.8907444163832205,0.074840805162613794,290.78245481139595,381000,446400,2,700,1.5635555555555556,0.0,50,4,0.34159113796576035,198.92344444444444,192.86902564102564,0.94999999999999996,0.25,0.31472892968491073
1192,SHSP,data/empirical/pooled/pooled_five_2019_sessions_shsp,data/empirical/pooled/pooled_five_2019_sessions_shsp/hawkes_rates_shsp_pooled_five_2019_sessions.csv,121950.0,3.1410061394477444,0.008410615838283687,104.92674184483566,108700,135200,100,100,0.47933333333333333,0.0,50,17,0.42282114105705287,283.4971452991453,275.41758974358976,0.94999999999999996,0.25,0.054854410483294959
1193,SIBN,data/empirical/pooled/pooled_five_2019_sessions_sibn,data/empirical/pooled/pooled_five_2019_sessions_sibn/hawkes_rates_sibn_pooled_five_2019_sessions.csv,223700.0,3.8880295472240931,0.025770332065472884,154.58706547589546,200600,246800,100,100,0.81311111111111112,0.0,50,20,0.56856687263304762,191.10125641025641,240.14843589743592,0.94999999999999996,0.25,0.054854410483294959
1194,SIEN,data/empirical/pooled/pooled_five_2019_sessions_sien,data/empirical/pooled/pooled_five_2019_sessions_sien/hawkes_rates_sien_pooled_five_2019_sessions.csv,64300.0,2.2307897382797135,0.027667849053378352,41.243133216739672,58600,70000,100,1200,0.38733333333333331,0.0,50,3,0.2134706072932791,354.13224786324787,461.0677264957265,0.94999999999999996,0.1222182091484173,0
1195,SIGA,data/empirical/pooled/pooled_five_2019_sessions_siga,data/empirical/pooled/pooled_five_2019_sessions_siga/hawkes_rates_siga_pooled_five_2019_sessions.csv,54050.0,2.4145162072159452,0.010419248685841275,29.082937601786231,50000,58100,20,100,0.25666666666666665,0.0,50,3,0.30547480620155038,470.24033333333335,617.40312820512816,0.94999999999999996,0.25,0.36419212403997098
1196,SIGI,data/empirical/pooled/pooled_five_2019_sessions_sigi,data/empirical/pooled/pooled_five_2019_sessions_sigi/hawkes_rates_sigi_pooled_five_2019_sessions.csv,654900.0,1.6123851293880129,0.068635411769733742,202.90894530490027,586700,723100,100,100,2.9122222222222223,0.0,50,13,0.53024166145649276,120.26306837606838,109.62405982905982,0.94999999999999996,0.25,0.54198644623863046
1197,SIRI,data/empirical/pooled/pooled_five_2019_sessions_siri,data/empirical/pooled/pooled_five_2019_sessions_siri/hawkes_rates_siri_pooled_five_2019_sessions.csv,70550.0,1.2158855705294953,0.0052395401512885164,3.9325805696718357,70500,70600,40,280,0.27266666666666667,0.0,525,1,0.0069949988770753565,58399.827623931618,81511.940102564098,0.94999999999999996,0.25,0.14684855564149249
1198,SIVB,data/empirical/pooled/pooled_five_2019_sessions_sivb,data/empirical/pooled/pooled_five_2019_sessions_sivb/hawkes_rates_sivb_pooled_five_2019_sessions.csv,2525050.0,1.5576645028852165,0.16123765972904824,122.99316831343793,2400000,2650100,100,4,10.237777777777778,0.0,50,28,0.61151501899581817,106.5669829059829,87.963564102564106,0.94999999999999996,0.11621735476962097,0
1199,SKYW,data/empirical/pooled/pooled_five_2019_sessions_skyw,data/empirical/pooled/pooled_five_2019_sessions_skyw/hawkes_rates_skyw_pooled_five_2019_sessions.csv,602350.0,1.9768215118385803,0.076618658917047736,363.93613498642122,558900,645800,400,50,2.596888888888889,0.0,50,13,0.61520484919301832,113.12729914529913,108.46564102564102,0.94999999999999996,0.25,0.54198644623863046
1200,SLAB,data/empirical/pooled/pooled_five_2019_sessions_slab,data/empirical/pooled/pooled_five_2019_sessions_slab/hawkes_rates_slab_pooled_five_2019_sessions.csv,1020800.0,2.454991349478103,0.14157869994444208,162.24526679060807,1000000,1041600,100,15,4.9784444444444444,0.0,50,19,0.59405558734977237,116.90326495726495,129.76718803418802,0.94999999999999996,0.25,0.54198644623863046
1201,SLCT,data/empirical/pooled/pooled_five_2019_sessions_slct,data/empirical/pooled/pooled_five_2019_sessions_slct/hawkes_rates_slct_pooled_five_2019_sessions.csv,122750.0,2.4886746988910939,0.0030172229582460788,47.289215226064712,115500,130000,100,100,0.51444444444444448,0.0,50,24,0.44351311953352768,383.83943589743592,187.76568376068377,0.94999999999999996,0.25,0.42535994603367877
1202,SLDB,data/empirical/pooled/pooled_five_2019_sessions_sldb,data/empirical/pooled/pooled_five_2019_sessions_sldb/hawkes_rates_sldb_pooled_five_2019_sessions.csv,35150.0,3.2581820064437093,0.029744860891491087,56.028684572553956,34500,35800,250,125,0.45066666666666666,0.0,50,7,0.26225595680582181,423.74888034188035,498.47133333333329,0.94999999999999996,0.25,0.054854410483294959
1203,SLGN,data/empirical/pooled/pooled_five_2019_sessions_slgn,data/empirical/pooled/pooled_five_2019_sessions_slgn/hawkes_rates_slgn_pooled_five_2019_sessions.csv,299850.0,2.565779144552665,0.050318389674772424,577.68776999210343,277200,322500,100,1,1.3868888888888888,0.0,50,4,0.27051125498237449,236.18552991452992,233.548,0.94999999999999996,0.25,0.31472892968491073
1204,SLM,data/empirical/pooled/pooled_five_2019_sessions_slm,data/empirical/pooled/pooled_five_2019_sessions_slm/hawkes_rates_slm_pooled_five_2019_sessions.csv,111600.0,1.5387168179058497,0.010205564340356426,125.79349132621782,106500,116700,100,6600,0.40266666666666667,0.0,75,1,0.012011055158034731,3369.4942051282051,3422.4601196581198,0.94999999999999996,0.25,0.14684855564149249
1205,SLNO,data/empirical/pooled/pooled_five_2019_sessions_slno,data/empirical/pooled/pooled_five_2019_sessions_slno/hawkes_rates_slno_pooled_five_2019_sessions.csv,34450.0,8.5908535046088303,0.0076328048207188349,33.768677100022792,32000,36900,50,100,0.095333333333333339,0.0,50,6,0.49899799599198397,1623.4454700854699,394.19546153846153,0.94999999999999996,0.25,0.36419212403997098
1206,SLP,data/empirical/pooled/pooled_five_2019_sessions_slp,data/empirical/pooled/pooled_five_2019_sessions_slp/hawkes_rates_slp_pooled_five_2019_sessions.csv,334850.0,2.1705470395762547,0.024248899525620753,46.417564491705505,303100,366600,100,100,1.4931111111111111,0.0,50,14,0.52126902831128186,122.7067264957265,164.5691452991453,0.94999999999999996,0.25,0.42535994603367877
1207,SLRC,data/empirical/pooled/pooled_five_2019_sessions_slrc,data/empirical/pooled/pooled_five_2019_sessions_slrc/hawkes_rates_slrc_pooled_five_2019_sessions.csv,207000.0,0.62113220813928627,0.011803923244583101,13.868955652061812,204200,209800,100,100,0.90866666666666662,0.0,50,3,0.32804160394142601,255.69162393162392,259.43702564102563,0.94999999999999996,0.1222182091484173,0
1208,SMBC,data/empirical/pooled/pooled_five_2019_sessions_smbc,data/empirical/pooled/pooled_five_2019_sessions_smbc/hawkes_rates_smbc_pooled_five_2019_sessions.csv,384700.0,4.5890074460849561,0.0088037950339758114,14.014375440672195,356000,413400,100,100,1.5733333333333333,0.0,50,71,0.29580064605445316,196.35841025641025,119.46447008547008,0.94999999999999996,0.25,0.0096468091552598823
1209,SMBK,data/empirical/pooled/pooled_five_2019_sessions_smbk,data/empirical/pooled/pooled_five_2019_sessions_smbk/hawkes_rates_smbk_pooled_five_2019_sessions.csv,219650.0,3.3079416931083614,0.011581691525278857,107.04579850175259,196000,243300,100,100,0.88422222222222224,0.0,50,24,0.47973231357552581,244.02518803418803,202.3772222222222,0.94999999999999996,0.25,0.0096468091552598823
1210,SMPL,data/empirical/pooled/pooled_five_2019_sessions_smpl,data/empirical/pooled/pooled_five_2019_sessions_smpl/hawkes_rates_smpl_pooled_five_2019_sessions.csv,235800.0,1.8190170920083311,0.046685755801529984,27.609359925768587,227000,244600,50,100,1.0153333333333334,0.0,50,4,0.25723278358302909,261.59361538461542,246.94564102564104,0.94999999999999996,0.25,0.31472892968491073
1211,SMSI,data/empirical/pooled/pooled_five_2019_sessions_smsi,data/empirical/pooled/pooled_five_2019_sessions_smsi/hawkes_rates_smsi_pooled_five_2019_sessions.csv,49000.0,4.6512772831211437,0.018667464421556475,46.717607218152196,47600,50400,2100,314,0.17177777777777778,0.0,50,3,0.33911872521882247,515.03852991452982,538.06764102564102,0.94999999999999996,0.25,0.36419212403997098
1212,SMTC,data/empirical/pooled/pooled_five_2019_sessions_smtc,data/empirical/pooled/pooled_five_2019_sessions_smtc/hawkes_rates_smtc_pooled_five_2019_sessions.csv,514550.0,2.3283083541602636,0.097824693362964232,162.68602766558234,470400,558700,100,100,2.2722222222222221,0.0,50,8,0.47914343495435557,132.3418547008547,127.31599145299144,0.94999999999999996,0.25,0.31472892968491073
1213,SNBR,data/empirical/pooled/pooled_five_2019_sessions_snbr,data/empirical/pooled/pooled_five_2019_sessions_snbr/hawkes_rates_snbr_pooled_five_2019_sessions.csv,519300.0,2.185448530011934,0.084610453438181119,62.190089659562801,462700,575900,100,100,2.120222222222222,0.0,50,7,0.39424869957797626,175.28764957264957,150.0650769230769,0.94999999999999996,0.25,0.31472892968491073
1214,SNCR,data/empirical/pooled/pooled_five_2019_sessions_sncr,data/empirical/pooled/pooled_five_2019_sessions_sncr/hawkes_rates_sncr_pooled_five_2019_sessions.csv,57700.0,1.9717574385607644,0.013419376896448565,21.534816887510768,56900,58500,90,100,0.27266666666666667,0.0,50,2,0.24349171673038414,353.08693162393166,457.97937606837604,0.94999999999999996,0.1222182091484173,0
1215,SND,data/empirical/pooled/pooled_five_2019_sessions_snd,data/empirical/pooled/pooled_five_2019_sessions_snd/hawkes_rates_snd_pooled_five_2019_sessions.csv,21000.0,3.4595086828113102,0.0086670370528655078,22.591878352555455,20100,21900,200,100,0.11266666666666666,0.0,50,2,0.12379906670326654,792.90908547008553,841.07083760683759,0.94999999999999996,0.25,0.36419212403997098
1216,SNDX,data/empirical/pooled/pooled_five_2019_sessions_sndx,data/empirical/pooled/pooled_five_2019_sessions_sndx/hawkes_rates_sndx_pooled_five_2019_sessions.csv,62700.0,4.5695602558500603,0.027590922689003806,48.404331439759254,59700,65700,100,110,0.30155555555555558,0.0,50,5,0.48476229175132063,232.45999145299146,191.09110256410256,0.94999999999999996,0.25,0.054854410483294959
1217,SNFCA,data/empirical/pooled/pooled_five_2019_sessions_snfca,data/empirical/pooled/pooled_five_2019_sessions_snfca/hawkes_rates_snfca_pooled_five_2019_sessions.csv,51250.0,2.5562593755753356,0.0023334330526945594,39.715673617092229,41800,60700,100,100,0.24244444444444443,0.0,50,16,0.544280442804428,313.33435042735044,207.12863247863248,0.94999999999999996,0.25,0.054854410483294959
1218,SNPS,data/empirical/pooled/pooled_five_2019_sessions_snps,data/empirical/pooled/pooled_five_2019_sessions_snps/hawkes_rates_snps_pooled_five_2019_sessions.csv,1493150.0,1.1721887763450676,0.16735757938373436,1005.390213674553,1489700,1496600,25,13,6.0442222222222224,0.0,50,7,0.40353267626085315,139.50211111111111,161.04701709401712,0.94999999999999996,0.11621735476962097,0
1219,SOHO,data/empirical/pooled/pooled_five_2019_sessions_soho,data/empirical/pooled/pooled_five_2019_sessions_soho/hawkes_rates_soho_pooled_five_2019_sessions.csv,64400.0,1.0516295079826818,0.0026240437625539553,18.73497707816486,61700,67100,100,100,0.30066666666666669,0.0,50,4,0.35789473684210527,379.21875213675219,444.01660683760684,0.94999999999999996,0.1222182091484173,0
1220,SOLO,data/empirical/pooled/pooled_five_2019_sessions_solo,data/empirical/pooled/pooled_five_2019_sessions_solo/hawkes_rates_solo_pooled_five_2019_sessions.csv,21050.0,5.6251249880143872,0.010419248685841275,26.936067638056389,20800,21300,500,2500,0.094888888888888884,0.0,100,3,0.42375098090504837,1515.4383846153846,1495.6277521367522,0.94999999999999996,0.25,0.36419212403997098
1221,SONA,data/empirical/pooled/pooled_five_2019_sessions_sona,data/empirical/pooled/pooled_five_2019_sessions_sona/hawkes_rates_sona_pooled_five_2019_sessions.csv,150800.0,2.6299753885233583,0.012308218299927346,141.45927970237432,135200,166400,100,100,0.67622222222222217,0.0,50,7,0.32118353344768441,175.88244444444445,145.5557435897436,0.94999999999999996,0.25,0.42535994603367877
1222,SONO,data/empirical/pooled/pooled_five_2019_sessions_sono,data/empirical/pooled/pooled_five_2019_sessions_sono/hawkes_rates_sono_pooled_five_2019_sessions.csv,141150.0,1.6903583831668225,0.032403094149322617,34.690397197285449,138000,144300,73,10,0.49555555555555558,0.0,50,2,0.16932672904054302,462.23883760683765,1115.7669572649572,0.94999999999999996,0.1222182091484173,0
1223,SORL,data/empirical/pooled/pooled_five_2019_sessions_sorl,data/empirical/pooled/pooled_five_2019_sessions_sorl/hawkes_rates_sorl_pooled_five_2019_sessions.csv,45450.0,2.5580711105010345,0.0024701910338048635,9.3654041368673173,44300,46600,4013,20,0.14155555555555555,0.0,50,5,0.48446069469835468,3302.6010085470089,763.36792307692303,0.94999999999999996,0.25,0.36419212403997098
1224,SP,data/empirical/pooled/pooled_five_2019_sessions_sp,data/empirical/pooled/pooled_five_2019_sessions_sp/hawkes_rates_sp_pooled_five_2019_sessions.csv,415000.0,2.2038450455774328,0.035693833069789307,72.060479960662647,375000,455000,1,1,1.6317777777777778,0.0,50,15,0.64707385637618198,172.77209401709402,165.99740170940171,0.94999999999999996,0.25,0.42535994603367877
1225,SPAR,data/empirical/pooled/pooled_five_2019_sessions_spar,data/empirical/pooled/pooled_five_2019_sessions_spar/hawkes_rates_spar_pooled_five_2019_sessions.csv,176100.0,2.4302214293883169,0.030599598273430489,73.032415833635326,171400,180800,55,100,0.53511111111111109,0.0,50,4,0.34536317953403378,207.51495726495727,193.80374358974359,0.94999999999999996,0.25,0.42535994603367877
1226,SPLK,data/empirical/pooled/pooled_five_2019_sessions_splk,data/empirical/pooled/pooled_five_2019_sessions_splk/hawkes_rates_splk_pooled_five_2019_sessions.csv,1551050.0,1.566985316950229,0.18686268643959142,61.849388525219851,1542500,1559600,300,105,5.556222222222222,0.0,50,11,0.49013199817933545,128.83311965811964,122.48676923076923,0.94999999999999996,0.11621735476962097,0
1227,SPNE,data/empirical/pooled/pooled_five_2019_sessions_spne,data/empirical/pooled/pooled_five_2019_sessions_spne/hawkes_rates_spne_pooled_five_2019_sessions.csv,145900.0,3.4108675225224854,0.026770374802341977,338.60434905545509,145000,146800,100,37,0.60622222222222222,0.0,50,12,0.57803743889352566,138.84282051282051,118.04500854700855,0.94999999999999996,0.25,0.054854410483294959
1228,SPNS,data/empirical/pooled/pooled_five_2019_sessions_spns,data/empirical/pooled/pooled_five_2019_sessions_spns/hawkes_rates_spns_pooled_five_2019_sessions.csv,258400.0,1.7889211527255628,0.018915338262318903,27.092910140140418,250800,266000,953,1110,0.72755555555555551,0.0,50,9,0.34905452137443899,207.29647008547008,205.29214529914529,0.94999999999999996,0.25,0.42535994603367877
1229,SPOK,data/empirical/pooled/pooled_five_2019_sessions_spok,data/empirical/pooled/pooled_five_2019_sessions_spok/hawkes_rates_spok_pooled_five_2019_sessions.csv,106350.0,2.1722659303058398,0.019223043719817087,71.428174614416392,92800,119900,100,100,0.60733333333333328,0.0,50,6,0.44321678321678321,156.88950427350429,189.69611111111112,0.94999999999999996,0.25,0.42535994603367877
1230,SPPI,data/empirical/pooled/pooled_five_2019_sessions_sppi,data/empirical/pooled/pooled_five_2019_sessions_sppi/hawkes_rates_sppi_pooled_five_2019_sessions.csv,26550.0,3.3367350225004691,0.034061284670285061,274.88811373748666,25600,27500,7600,100,0.37222222222222223,0.0,50,2,0.13845353189615484,987.10919658119656,972.89052991452991,0.94999999999999996,0.25,0.36419212403997098
1231,SPRO,data/empirical/pooled/pooled_five_2019_sessions_spro,data/empirical/pooled/pooled_five_2019_sessions_spro/hawkes_rates_spro_pooled_five_2019_sessions.csv,93950.0,4.1329148894729704,0.014530535492969784,63.347708944162832,88000,99900,100,262,0.48933333333333334,0.0,50,17,0.50840155105557949,349.51292307692307,245.85994017094018,0.94999999999999996,0.25,0.054854410483294959
1232,SPSC,data/empirical/pooled/pooled_five_2019_sessions_spsc,data/empirical/pooled/pooled_five_2019_sessions_spsc/hawkes_rates_spsc_pooled_five_2019_sessions.csv,587350.0,2.3488729053514752,0.070438907645625881,61.841780020414873,541400,633300,100,100,4.1644444444444444,0.0,50,26,0.6091015821546375,110.25860683760683,101.50668376068377,0.94999999999999996,0.25,0.54198644623863046
1233,SPTN,data/empirical/pooled/pooled_five_2019_sessions_sptn,data/empirical/pooled/pooled_five_2019_sessions_sptn/hawkes_rates_sptn_pooled_five_2019_sessions.csv,127250.0,2.3502114746436424,0.033377494764733534,34.417722242223043,120800,133700,506,100,0.64711111111111108,0.0,50,5,0.31525956031775354,193.40773504273506,197.11409401709403,0.94999999999999996,0.25,0.42535994603367877
1234,SPWH,data/empirical/pooled/pooled_five_2019_sessions_spwh,data/empirical/pooled/pooled_five_2019_sessions_spwh/hawkes_rates_spwh_pooled_five_2019_sessions.csv,62550.0,1.843675980687379,0.013445019017906748,17.735708374945339,59800,65300,3300,318,0.24199999999999999,0.0,50,1,0.099744245524296671,475.61968376068381,478.36236752136756,0.94999999999999996,0.1222182091484173,0
1235,SPWR,data/empirical/pooled/pooled_five_2019_sessions_spwr,data/empirical/pooled/pooled_five_2019_sessions_spwr/hawkes_rates_spwr_pooled_five_2019_sessions.csv,86150.0,2.3919485778917506,0.034463011239796573,14.583361156878901,85300,87000,1000,1000,0.35222222222222221,0.0,50,1,0.071138098156091581,918.42161538461528,1073.1676837606838,0.94999999999999996,0.25,0.14684855564149249
1236,SRAX,data/empirical/pooled/pooled_five_2019_sessions_srax,data/empirical/pooled/pooled_five_2019_sessions_srax/hawkes_rates_srax_pooled_five_2019_sessions.csv,20000.0,9.9808849752233737,0.010513269797854609,41.370969358413255,17000,23000,100,100,0.10466666666666667,0.0,50,6,0.60391855551286977,710.07251282051288,592.88616239316241,0.94999999999999996,0.25,0.36419212403997098
1237,SRCE,data/empirical/pooled/pooled_five_2019_sessions_srce,data/empirical/pooled/pooled_five_2019_sessions_srce/hawkes_rates_srce_pooled_five_2019_sessions.csv,477850.0,2.7554690445601873,0.030479935039958973,39.455885527631388,427600,528100,100,100,2.0699999999999998,0.0,50,19,0.60053917833909631,131.7044188034188,138.52828205128205,0.94999999999999996,0.25,0.54198644623863046
1238,SRCL,data/empirical/pooled/pooled_five_2019_sessions_srcl,data/empirical/pooled/pooled_five_2019_sessions_srcl/hawkes_rates_srcl_pooled_five_2019_sessions.csv,621800.0,1.3029189329623281,0.10155134834822002,38.480369421785511,573600,670000,600,100,2.2557777777777779,0.0,50,4,0.3296960128776622,201.03681196581198,196.6677094017094,0.94999999999999996,0.25,0.31472892968491073
1239,SRDX,data/empirical/pooled/pooled_five_2019_sessions_srdx,data/empirical/pooled/pooled_five_2019_sessions_srdx/hawkes_rates_srdx_pooled_five_2019_sessions.csv,401350.0,2.2204122109657227,0.03773665541262447,34.561550041018975,362300,440400,100,100,1.8631111111111112,0.0,50,26,0.59222142686709611,148.14981196581198,118.36192307692309,0.94999999999999996,0.25,0.0096468091552598823
1240,SRNE,data/empirical/pooled/pooled_five_2019_sessions_srne,data/empirical/pooled/pooled_five_2019_sessions_srne/hawkes_rates_srne_pooled_five_2019_sessions.csv,37350.0,3.9204213494300197,0.016180178640112824,44.80262636481951,37300,37400,1302,100,0.11711111111111111,0.0,50,1,0.1062921414480464,4992.6602991452983,4145.9727692307697,0.94999999999999996,0.25,0.14684855564149249
1241,SRPT,data/empirical/pooled/pooled_five_2019_sessions_srpt,data/empirical/pooled/pooled_five_2019_sessions_srpt/hawkes_rates_srpt_pooled_five_2019_sessions.csv,1186800.0,2.0294665275088035,0.14447625966921665,71.802490215226712,1173600,1200000,100,4,5.4400000000000004,0.0,50,18,0.57349584272927245,121.59617948717948,124.61870085470086,0.94999999999999996,0.25,0.54198644623863046
1242,SRRK,data/empirical/pooled/pooled_five_2019_sessions_srrk,data/empirical/pooled/pooled_five_2019_sessions_srrk/hawkes_rates_srrk_pooled_five_2019_sessions.csv,117750.0,3.6176939403067796,0.013761271849224327,61.049335205341642,104300,131200,100,100,0.56666666666666665,0.0,50,21,0.47382920110192839,212.28201709401711,168.75452136752136,0.94999999999999996,0.25,0.054854410483294959
1243,SRTS,data/empirical/pooled/pooled_five_2019_sessions_srts,data/empirical/pooled/pooled_five_2019_sessions_srts/hawkes_rates_srts_pooled_five_2019_sessions.csv,44550.0,4.6819593240794619,0.0066327620838497374,56.244519569244879,39300,49800,100,100,0.224,0.0,50,10,0.49240331491712708,239.50307692307692,659.32789743589751,0.94999999999999996,0.25,0.054854410483294959
1244,SSB,data/empirical/pooled/pooled_five_2019_sessions_ssb,data/empirical/pooled/pooled_five_2019_sessions_ssb/hawkes_rates_ssb_pooled_five_2019_sessions.csv,757450.0,2.4751066203326659,0.084499337578528996,629.22636383698898,678800,836100,100,100,3.3351111111111109,0.0,50,19,0.63583567810917274,124.53436752136751,112.0083076923077,0.94999999999999996,0.25,0.54198644623863046
1245,SSNC,data/empirical/pooled/pooled_five_2019_sessions_ssnc,data/empirical/pooled/pooled_five_2019_sessions_ssnc/hawkes_rates_ssnc_pooled_five_2019_sessions.csv,636550.0,2.1150311405531279,0.14638232403094148,43.013096646783602,586700,686400,800,1200,2.3479999999999999,0.0,50,3,0.32505164894024025,241.98652991452991,249.7237777777778,0.94999999999999996,0.25,0.31472892968491073
1246,SSP,data/empirical/pooled/pooled_five_2019_sessions_ssp,data/empirical/pooled/pooled_five_2019_sessions_ssp/hawkes_rates_ssp_pooled_five_2019_sessions.csv,133300.0,1.6276222748202387,0.034317705884866871,49.586538878347021,123900,142700,100,100,0.68555555555555558,0.0,50,3,0.21914204775394577,269.03693162393159,223.28111965811968,0.94999999999999996,0.1222182091484173,0
1247,SSRM,data/empirical/pooled/pooled_five_2019_sessions_ssrm,data/empirical/pooled/pooled_five_2019_sessions_ssrm/hawkes_rates_ssrm_pooled_five_2019_sessions.csv,179350.0,1.9683398172883877,0.091046625924184804,8.2551887472058691,172700,186000,100,2000,0.65555555555555556,0.0,50,1,0.1109557807845291,466.36420512820513,492.26737606837605,0.94999999999999996,0.25,0.31472892968491073
1248,SSTI,data/empirical/pooled/pooled_five_2019_sessions_ssti,data/empirical/pooled/pooled_five_2019_sessions_ssti/hawkes_rates_ssti_pooled_five_2019_sessions.csv,285600.0,2.8973518363581494,0.039625625026710541,46.028422526091475,261300,309900,100,100,1.6808888888888889,0.0,50,22,0.57905609407277925,152.28393162393164,141.12899145299144,0.94999999999999996,0.25,0.0096468091552598823
1249,STAA,data/empirical/pooled/pooled_five_2019_sessions_staa,data/empirical/pooled/pooled_five_2019_sessions_staa/hawkes_rates_staa_pooled_five_2019_sessions.csv,374150.0,2.5902240104673218,0.071396213513398005,85.471935537276863,357900,390400,100,700,1.4675555555555555,0.0,50,8,0.43179697704795672,152.71425641025641,137.75964102564103,0.94999999999999996,0.25,0.42535994603367877
1250,STAY,data/empirical/pooled/pooled_five_2019_sessions_stay,data/empirical/pooled/pooled_five_2019_sessions_stay/hawkes_rates_stay_pooled_five_2019_sessions.csv,132600.0,0.949973089316967,0.016838326424206164,36.779590911581401,130000,135200,2,10,0.73888888888888893,0.0,50,1,0.04306579567304631,972.56111111111113,997.87258119658122,0.94999999999999996,0.1222182091484173,0
1251,STBA,data/empirical/pooled/pooled_five_2019_sessions_stba,data/empirical/pooled/pooled_five_2019_sessions_stba/hawkes_rates_stba_pooled_five_2019_sessions.csv,363300.0,1.6907023121373346,0.03572802256506688,74.556679064751421,339800,386800,100,100,1.7957777777777777,0.0,50,10,0.46221668742216687,140.31280341880341,137.66794871794872,0.94999999999999996,0.25,0.42535994603367877
1252,STFC,data/empirical/pooled/pooled_five_2019_sessions_stfc,data/empirical/pooled/pooled_five_2019_sessions_stfc/hawkes_rates_stfc_pooled_five_2019_sessions.csv,303800.0,2.0479941486859907,0.017163126629343134,28.497314565509775,270900,336700,100,100,1.4828888888888889,0.0,50,25,0.52591357510073644,180.57081196581197,160.13033333333334,0.94999999999999996,0.25,0.0096468091552598823
1253,STIM,data/empirical/pooled/pooled_five_2019_sessions_stim,data/empirical/pooled/pooled_five_2019_sessions_stim/hawkes_rates_stim_pooled_five_2019_sessions.csv,40050.0,3.800002830661906,0.016667378947818282,51.810476060604486,37200,42900,46,100,0.55866666666666664,0.0,50,13,0.43431600724075509,419.40329059829065,229.02979487179488,0.94999999999999996,0.25,0.054854410483294959
1254,STKL,data/empirical/pooled/pooled_five_2019_sessions_stkl,data/empirical/pooled/pooled_five_2019_sessions_stkl/hawkes_rates_stkl_pooled_five_2019_sessions.csv,30250.0,2.9766763137231198,0.0090260267532800541,21.243514915037377,24100,36400,2300,100,0.12355555555555556,0.0,50,2,0.12206216830932524,709.59418803418805,621.99570085470089,0.94999999999999996,0.25,0.36419212403997098
1255,STLD,data/empirical/pooled/pooled_five_2019_sessions_stld,data/empirical/pooled/pooled_five_2019_sessions_stld/hawkes_rates_stld_pooled_five_2019_sessions.csv,296500.0,1.3909112069787672,0.097739219624770293,20.043099402165353,283000,310000,100,350,1.5197777777777777,0.0,50,2,0.10134879218920967,376.68071794871793,352.09558119658118,0.94999999999999996,0.25,0.40263407090880049
1256,STML,data/empirical/pooled/pooled_five_2019_sessions_stml,data/empirical/pooled/pooled_five_2019_sessions_stml/hawkes_rates_stml_pooled_five_2019_sessions.csv,68000.0,3.070596359267884,0.041121415445104489,30.775821003774148,65500,70500,25,100,0.47244444444444444,0.0,50,4,0.25187674052548736,258.75953846153845,261.60360683760683,0.94999999999999996,0.25,0.054854410483294959
1257,STMP,data/empirical/pooled/pooled_five_2019_sessions_stmp,data/empirical/pooled/pooled_five_2019_sessions_stmp/hawkes_rates_stmp_pooled_five_2019_sessions.csv,771900.0,1.9690870751329259,0.092499679473481783,60.853282768991164,750000,793800,5,99,3.7566666666666668,0.0,50,22,0.52125545427053177,132.46146153846152,122.17575213675214,0.94999999999999996,0.25,0.54198644623863046
1258,STNE,data/empirical/pooled/pooled_five_2019_sessions_stne,data/empirical/pooled/pooled_five_2019_sessions_stne/hawkes_rates_stne_pooled_five_2019_sessions.csv,431800.0,3.9301148579429821,0.10831232103936066,44.286672911079314,417500,446100,31,900,1.6088888888888888,0.0,50,7,0.40115105146765928,276.20929059829058,299.57640170940169,0.94999999999999996,0.25,0.31472892968491073
1259,STRA,data/empirical/pooled/pooled_five_2019_sessions_stra,data/empirical/pooled/pooled_five_2019_sessions_stra/hawkes_rates_stra_pooled_five_2019_sessions.csv,1664250.0,2.3444957341090511,0.073857857173383473,109.88156890345917,1490800,1837700,100,100,5.8855555555555554,0.0,50,49,0.58489653838715916,109.5540170940171,112.55650427350429,0.94999999999999996,0.25,0.54198644623863046
1260,STRL,data/empirical/pooled/pooled_five_2019_sessions_strl,data/empirical/pooled/pooled_five_2019_sessions_strl/hawkes_rates_strl_pooled_five_2019_sessions.csv,140050.0,2.271416684397344,0.028770460276080174,107.20250667500196,132600,147500,265,100,0.59088888888888891,0.0,50,4,0.36717337440567871,204.07545299145301,213.46100854700853,0.94999999999999996,0.25,0.42535994603367877
1261,STRO,data/empirical/pooled/pooled_five_2019_sessions_stro,data/empirical/pooled/pooled_five_2019_sessions_stro/hawkes_rates_stro_pooled_five_2019_sessions.csv,105600.0,4.5721056612380035,0.0058805931877430658,31.054041928876565,100100,111100,36,100,0.48622222222222222,0.0,50,32,0.47822337214316518,257.16921367521365,320.85492307692306,0.94999999999999996,0.25,0.054854410483294959
1262,STX,data/empirical/pooled/pooled_five_2019_sessions_stx,data/empirical/pooled/pooled_five_2019_sessions_stx/hawkes_rates_stx_pooled_five_2019_sessions.csv,598800.0,1.3524399790484967,0.16357109278174281,39.72902763839209,584000,613600,100,1400,2.112888888888889,0.0,50,2,0.17716811709049596,251.7725982905983,275.08119658119659,0.94999999999999996,0.25,0.40263407090880049
1263,STXB,data/empirical/pooled/pooled_five_2019_sessions_stxb,data/empirical/pooled/pooled_five_2019_sessions_stxb/hawkes_rates_stxb_pooled_five_2019_sessions.csv,192050.0,2.649421179243411,0.008846531903072781,62.716688623264204,170600,213500,100,100,0.94555555555555559,0.0,50,18,0.43145555193747964,169.40196581196579,169.63315384615385,0.94999999999999996,0.25,0.42535994603367877
1264,SUNS,data/empirical/pooled/pooled_five_2019_sessions_suns,data/empirical/pooled/pooled_five_2019_sessions_suns/hawkes_rates_suns_pooled_five_2019_sessions.csv,183000.0,0.4682263877554983,0.0031368861917175942,13.778409884299792,175800,190200,100,1100,0.77311111111111108,0.0,50,5,0.26596491228070174,313.38861538461538,277.33908547008548,0.94999999999999996,0.1222182091484173,0
1265,SUPN,data/empirical/pooled/pooled_five_2019_sessions_supn,data/empirical/pooled/pooled_five_2019_sessions_supn/hawkes_rates_supn_pooled_five_2019_sessions.csv,240550.0,2.9825831842189618,0.066754989529467068,519.72291475313705,220600,260500,100,100,1.4108888888888889,0.0,50,7,0.39435872496573676,171.70664102564103,179.14917948717948,0.94999999999999996,0.25,0.42535994603367877
1266,SURF,data/empirical/pooled/pooled_five_2019_sessions_surf,data/empirical/pooled/pooled_five_2019_sessions_surf/hawkes_rates_surf_pooled_five_2019_sessions.csv,27350.0,4.8990305183342837,0.0068891832984315574,15.427989285031314,26000,28700,1,100,0.094222222222222221,0.0,50,7,0.17145617000724464,1126.0944102564104,291.01747008547011,0.94999999999999996,0.25,0.36419212403997098
1267,SVMK,data/empirical/pooled/pooled_five_2019_sessions_svmk,data/empirical/pooled/pooled_five_2019_sessions_svmk/hawkes_rates_svmk_pooled_five_2019_sessions.csv,175000.0,2.5825505117826104,0.042899269199538445,27.498184919470383,173000,177000,1300,254,0.80844444444444441,0.0,50,4,0.19717231100438851,303.14624786324782,283.1758376068376,0.94999999999999996,0.25,0.31472892968491073
1268,SWIR,data/empirical/pooled/pooled_five_2019_sessions_swir,data/empirical/pooled/pooled_five_2019_sessions_swir/hawkes_rates_swir_pooled_five_2019_sessions.csv,99200.0,1.0007888628099604,0.020932518483695883,18.661067455177854,96400,102000,100,100,0.53422222222222226,0.0,50,2,0.21659172143433644,266.46382905982904,346.64305128205126,0.94999999999999996,0.1222182091484173,0
1269,SWKS,data/empirical/pooled/pooled_five_2019_sessions_swks,data/empirical/pooled/pooled_five_2019_sessions_swks/hawkes_rates_swks_pooled_five_2019_sessions.csv,1166500.0,1.3634769891570622,0.18825590837215267,133.58886402968361,1163000,1170000,246,140,3.8133333333333335,0.0,50,5,0.37697171607288549,154.78571794871795,160.74811965811966,0.94999999999999996,0.11621735476962097,0
1270,SYBT,data/empirical/pooled/pooled_five_2019_sessions_sybt,data/empirical/pooled/pooled_five_2019_sessions_sybt/hawkes_rates_sybt_pooled_five_2019_sessions.csv,399750.0,3.4561406777374932,0.023112098807641351,163.52217848001729,357800,441700,100,100,1.6188888888888888,0.0,50,21,0.47909101557924327,184.02463247863247,116.93944444444443,0.94999999999999996,0.25,0.0096468091552598823
1271,SYBX,data/empirical/pooled/pooled_five_2019_sessions_sybx,data/empirical/pooled/pooled_five_2019_sessions_sybx/hawkes_rates_sybx_pooled_five_2019_sessions.csv,28150.0,3.7911449493812861,0.010983375357921278,27.500458556804233,27400,28900,2,100,0.26533333333333331,0.0,50,5,0.32397909812270176,298.60507692307692,315.25237606837607,0.94999999999999996,0.25,0.36419212403997098
1272,SYKE,data/empirical/pooled/pooled_five_2019_sessions_syke,data/empirical/pooled/pooled_five_2019_sessions_syke/hawkes_rates_syke_pooled_five_2019_sessions.csv,324050.0,2.5526015956717436,0.042950553442454811,626.28048407724191,306400,341700,100,95,1.3233333333333333,0.0,50,6,0.47219437681989596,147.24373504273504,124.93056410256411,0.94999999999999996,0.25,0.42535994603367877
1273,SYNA,data/empirical/pooled/pooled_five_2019_sessions_syna,data/empirical/pooled/pooled_five_2019_sessions_syna/hawkes_rates_syna_pooled_five_2019_sessions.csv,681750.0,2.0015726695271385,0.073934783537758023,53.55590981048443,641000,722500,100,800,1.7786666666666666,0.0,50,6,0.37552023806956636,162.06034188034189,197.01347008547009,0.94999999999999996,0.25,0.31472892968491073
1274,SYNH,data/empirical/pooled/pooled_five_2019_sessions_synh,data/empirical/pooled/pooled_five_2019_sessions_synh/hawkes_rates_synh_pooled_five_2019_sessions.csv,621600.0,2.0029026487289148,0.095328860207701177,69.797201957714108,558800,684400,100,100,2.3248888888888888,0.0,50,9,0.43498763944574859,138.47108547008548,139.4559658119658,0.94999999999999996,0.25,0.31472892968491073
1275,SYRS,data/empirical/pooled/pooled_five_2019_sessions_syrs,data/empirical/pooled/pooled_five_2019_sessions_syrs/hawkes_rates_syrs_pooled_five_2019_sessions.csv,70050.0,4.3388696252426273,0.025428437112697121,22.899404951784266,68500,71600,100,158,0.31155555555555553,0.0,50,6,0.40140350877192982,310.27880341880342,679.47706837606836,0.94999999999999996,0.25,0.054854410483294959
1276,TA,data/empirical/pooled/pooled_five_2019_sessions_ta,data/empirical/pooled/pooled_five_2019_sessions_ta/hawkes_rates_ta_pooled_five_2019_sessions.csv,172050.0,2.9302212028553516,0.0062224881405188257,27.814827510860866,139300,204800,100,100,0.23622222222222222,0.0,50,10,0.43807106598984774,271.35310256410258,254.52676923076925,0.94999999999999996,0.25,0.42535994603367877
1277,TACO,data/empirical/pooled/pooled_five_2019_sessions_taco,data/empirical/pooled/pooled_five_2019_sessions_taco/hawkes_rates_taco_pooled_five_2019_sessions.csv,76250.0,3.0342120865513449,0.028086670370528654,174.83582547578342,74100,78400,1800,400,0.43755555555555553,0.0,50,2,0.24703877644320685,469.97289743589744,601.70492307692302,0.94999999999999996,0.25,0.36419212403997098
1278,TACT,data/empirical/pooled/pooled_five_2019_sessions_tact,data/empirical/pooled/pooled_five_2019_sessions_tact/hawkes_rates_tact_pooled_five_2019_sessions.csv,134700.0,2.863083621441441,0.0049232873199709388,16.529971556874749,101500,167900,100,100,0.55400000000000005,0.0,50,24,0.54243219597550307,139.96742735042736,114.37577777777778,0.94999999999999996,0.25,0.0096468091552598823
1279,TAIT,data/empirical/pooled/pooled_five_2019_sessions_tait,data/empirical/pooled/pooled_five_2019_sessions_tait/hawkes_rates_tait_pooled_five_2019_sessions.csv,28700.0,2.7579871522346586,0.0018975169879054663,24.940296599226496,26200,31200,4,200,0.11600000000000001,0.0,50,5,0.52903225806451615,1214.6695384615384,436.97641880341882,0.94999999999999996,0.25,0.36419212403997098
1280,TANH,data/empirical/pooled/pooled_five_2019_sessions_tanh,data/empirical/pooled/pooled_five_2019_sessions_tanh/hawkes_rates_tanh_pooled_five_2019_sessions.csv,15250.0,3.4372053038875783,0.0025813068934569853,18.132599235789751,14700,15800,300,100,0.069111111111111109,0.0,50,1,0.18301687763713081,1904.8432478632481,967.44409401709402,0.94999999999999996,0.25,0.36419212403997098
1281,TAST,data/empirical/pooled/pooled_five_2019_sessions_tast,data/empirical/pooled/pooled_five_2019_sessions_tast/hawkes_rates_tast_pooled_five_2019_sessions.csv,48800.0,1.6387817122734913,0.020103423223214668,63.057314551171146,46600,51000,2300,120,0.40155555555555555,0.0,50,2,0.20821828812733473,341.40315384615383,301.16523931623931,0.94999999999999996,0.1222182091484173,0
1282,TBBK,data/empirical/pooled/pooled_five_2019_sessions_tbbk,data/empirical/pooled/pooled_five_2019_sessions_tbbk/hawkes_rates_tbbk_pooled_five_2019_sessions.csv,118450.0,1.4004117988708547,0.023385614769861958,19.450220788475978,110000,126900,20,100,0.44022222222222224,0.0,50,2,0.30355846042120554,250.55041880341878,242.07171794871797,0.94999999999999996,0.1222182091484173,0
1283,TBIO,data/empirical/pooled/pooled_five_2019_sessions_tbio,data/empirical/pooled/pooled_five_2019_sessions_tbio/hawkes_rates_tbio_pooled_five_2019_sessions.csv,74100.0,3.3080941527191832,0.023283046284029232,34.497874962524804,71900,76300,100,50,0.37511111111111112,0.0,50,8,0.35433617781305815,276.05723931623936,203.60123931623932,0.94999999999999996,0.25,0.054854410483294959
1284,TBK,data/empirical/pooled/pooled_five_2019_sessions_tbk,data/empirical/pooled/pooled_five_2019_sessions_tbk/hawkes_rates_tbk_pooled_five_2019_sessions.csv,401000.0,2.71554625774781,0.052292833027052441,525.81244482933471,372000,430000,100,2,1.3966666666666667,0.0,50,9,0.47559371321747557,145.10646153846153,115.55452991452992,0.94999999999999996,0.25,0.42535994603367877
1285,TBNK,data/empirical/pooled/pooled_five_2019_sessions_tbnk,data/empirical/pooled/pooled_five_2019_sessions_tbnk/hawkes_rates_tbnk_pooled_five_2019_sessions.csv,299050.0,2.278642725299123,0.0050600453010812424,9.2498972340116818,266300,331800,100,100,1.2175555555555555,0.0,50,31,0.33996023856858848,212.54329914529913,211.61668376068374,0.94999999999999996,0.25,0.0096468091552598823
1286,TCBI,data/empirical/pooled/pooled_five_2019_sessions_tcbi,data/empirical/pooled/pooled_five_2019_sessions_tcbi/hawkes_rates_tcbi_pooled_five_2019_sessions.csv,540900.0,1.7765716461390293,0.1164750630368819,109.32242207621798,501800,580000,800,1,2.6326666666666667,0.0,50,7,0.44455855126128213,181.90110256410259,177.30755555555555,0.94999999999999996,0.25,0.31472892968491073
1287,TCBK,data/empirical/pooled/pooled_five_2019_sessions_tcbk,data/empirical/pooled/pooled_five_2019_sessions_tcbk/hawkes_rates_tcbk_pooled_five_2019_sessions.csv,389700.0,1.8736917961341149,0.034206590025214749,61.63432817236604,369900,409500,23,100,1.6788888888888889,0.0,50,14,0.6475522724427194,138.6875641025641,155.72323076923075,0.94999999999999996,0.25,0.42535994603367877
1288,TCDA,data/empirical/pooled/pooled_five_2019_sessions_tcda,data/empirical/pooled/pooled_five_2019_sessions_tcda/hawkes_rates_tcda_pooled_five_2019_sessions.csv,339500.0,6.0481286968831673,0.052908243942048808,197.27234362324324,315400,363600,100,100,1.4515555555555555,0.0,50,32,0.54333175130517319,185.18902564102567,113.83791452991451,0.94999999999999996,0.25,0.0096468091552598823
1289,TCMD,data/empirical/pooled/pooled_five_2019_sessions_tcmd,data/empirical/pooled/pooled_five_2019_sessions_tcmd/hawkes_rates_tcmd_pooled_five_2019_sessions.csv,553200.0,2.6977282309814532,0.078088807213983508,57.010733206349805,534000,572400,100,83,2.4037777777777776,0.0,50,22,0.6331985340578794,109.00111111111111,101.83998290598291,0.94999999999999996,0.25,0.54198644623863046
1290,TCPC,data/empirical/pooled/pooled_five_2019_sessions_tcpc,data/empirical/pooled/pooled_five_2019_sessions_tcpc/hawkes_rates_tcpc_pooled_five_2019_sessions.csv,144200.0,0.62092856965013765,0.0091371426129321764,14.217296510696434,142000,146400,3200,1400,0.63288888888888883,0.0,50,2,0.17165530923833347,625.76204273504277,563.46908547008547,0.94999999999999996,0.1222182091484173,0
1291,TCRD,data/empirical/pooled/pooled_five_2019_sessions_tcrd,data/empirical/pooled/pooled_five_2019_sessions_tcrd/hawkes_rates_tcrd_pooled_five_2019_sessions.csv,64300.0,0.6411054628220757,0.0028890123509551688,16.264756983675298,61600,67000,2500,100,0.29777777777777775,0.0,50,2,0.12861644228014896,624.66319658119653,713.05952136752137,0.94999999999999996,0.1222182091484173,0
1292,TCX,data/empirical/pooled/pooled_five_2019_sessions_tcx,data/empirical/pooled/pooled_five_2019_sessions_tcx/hawkes_rates_tcx_pooled_five_2019_sessions.csv,585150.0,2.129095812400787,0.040813709987606306,61.147007822101138,561000,609300,300,4,2.7888888888888888,0.0,50,37,0.66456242581202118,142.30858974358975,91.679444444444442,0.94999999999999996,0.25,0.0096468091552598823
1293,TECD,data/empirical/pooled/pooled_five_2019_sessions_tecd,data/empirical/pooled/pooled_five_2019_sessions_tecd/hawkes_rates_tecd_pooled_five_2019_sessions.csv,1441800.0,1.2863162365072174,0.080661566733621098,37.593325460588332,1441400,1442200,500,300,4.4080000000000004,0.0,50,13,0.54195403903610417,192.20458119658119,153.70140170940172,0.94999999999999996,0.25,0.54198644623863046
1294,TECH,data/empirical/pooled/pooled_five_2019_sessions_tech,data/empirical/pooled/pooled_five_2019_sessions_tech/hawkes_rates_tech_pooled_five_2019_sessions.csv,2177850.0,2.2763460753783753,0.089841446215650239,181.93120314385425,2006000,2349700,100,100,9.1484444444444453,0.0,50,57,0.62710710428698879,94.940017094017094,88.566427350427347,0.94999999999999996,0.25,0.54198644623863046
1295,TELL,data/empirical/pooled/pooled_five_2019_sessions_tell,data/empirical/pooled/pooled_five_2019_sessions_tell/hawkes_rates_tell_pooled_five_2019_sessions.csv,69050.0,2.2122025511419898,0.037061412880892347,15.213135398613662,67700,70400,100,902,0.35644444444444445,0.0,50,1,0.077160424314767689,1204.7371794871794,945.22116239316233,0.94999999999999996,0.25,0.14684855564149249
1296,TENB,data/empirical/pooled/pooled_five_2019_sessions_tenb,data/empirical/pooled/pooled_five_2019_sessions_tenb/hawkes_rates_tenb_pooled_five_2019_sessions.csv,265500.0,2.8902680874873465,0.059062353092012479,82.056764011840045,257000,274000,2,532,1.1944444444444444,0.0,50,7,0.36697835842341447,238.15072649572647,248.49891452991454,0.94999999999999996,0.25,0.42535994603367877
1297,TENX,data/empirical/pooled/pooled_five_2019_sessions_tenx,data/empirical/pooled/pooled_five_2019_sessions_tenx/hawkes_rates_tenx_pooled_five_2019_sessions.csv,12450.0,5.1320908845618103,0.0042394974144194198,14.249987209028946,10500,14400,100,10,0.056666666666666664,0.0,50,2,0.328125,1105.47452991453,881.9279316239315,0.94999999999999996,0.25,0.36419212403997098
1298,TER,data/empirical/pooled/pooled_five_2019_sessions_ter,data/empirical/pooled/pooled_five_2019_sessions_ter/hawkes_rates_ter_pooled_five_2019_sessions.csv,695750.0,1.5241849218764472,0.14617718705927601,118.37600137755409,691500,700000,5,400,2.5355555555555553,0.0,50,3,0.19103487386502918,242.06582905982904,250.5003076923077,0.94999999999999996,0.25,0.40263407090880049
1299,TERP,data/empirical/pooled/pooled_five_2019_sessions_terp,data/empirical/pooled/pooled_five_2019_sessions_terp/hawkes_rates_terp_pooled_five_2019_sessions.csv,175050.0,0.73548075934033286,0.012162912944997649,15.501705546878984,168000,182100,2700,2700,0.68733333333333335,0.0,50,1,0.043411904358148214,812.60734188034189,793.57908547008549,0.94999999999999996,0.1222182091484173,0
1300,TFSL,data/empirical/pooled/pooled_five_2019_sessions_tfsl,data/empirical/pooled/pooled_five_2019_sessions_tfsl/hawkes_rates_tfsl_pooled_five_2019_sessions.csv,200000.0,1.1871475742094975,0.021898371725287406,28.206788282602876,198200,201800,1,10,0.84399999999999997,0.0,50,3,0.38785893504321162,230.4418205128205,212.83312820512819,0.94999999999999996,0.1222182091484173,0
1301,TGTX,data/empirical/pooled/pooled_five_2019_sessions_tgtx,data/empirical/pooled/pooled_five_2019_sessions_tgtx/hawkes_rates_tgtx_pooled_five_2019_sessions.csv,144550.0,2.6732223654832454,0.042488995256207529,23.051799175019049,144100,145000,100,7,0.31911111111111112,0.0,50,1,0.082141605885912669,871.90663247863245,840.44811111111107,0.94999999999999996,0.25,0.14684855564149249
1302,THFF,data/empirical/pooled/pooled_five_2019_sessions_thff,data/empirical/pooled/pooled_five_2019_sessions_thff/hawkes_rates_thff_pooled_five_2019_sessions.csv,440950.0,2.5173716170955882,0.016436599854694645,107.97926070614736,406200,475700,400,100,1.9284444444444444,0.0,50,30,0.51647612642905183,184.48980341880343,161.83606837606837,0.94999999999999996,0.25,0.0096468091552598823
1303,THRM,data/empirical/pooled/pooled_five_2019_sessions_thrm,data/empirical/pooled/pooled_five_2019_sessions_thrm/hawkes_rates_thrm_pooled_five_2019_sessions.csv,461150.0,2.3024071787665186,0.053292875763921534,51.76887930617459,431000,491300,400,100,1.8006666666666666,0.0,50,10,0.58600365576155478,126.9671452991453,141.09425641025641,0.94999999999999996,0.25,0.42535994603367877
1304,TIGO,data/empirical/pooled/pooled_five_2019_sessions_tigo,data/empirical/pooled/pooled_five_2019_sessions_tigo/hawkes_rates_tigo_pooled_five_2019_sessions.csv,467050.0,1.2939892958973966,0.03713833924526689,77.912121245214038,467000,467100,500,52,2.3331111111111111,0.0,250,29,0.73118758915834525,304.49356410256411,330.41695726495726,0.94999999999999996,0.25,0.54198644623863046
1305,TILE,data/empirical/pooled/pooled_five_2019_sessions_tile,data/empirical/pooled/pooled_five_2019_sessions_tile/hawkes_rates_tile_pooled_five_2019_sessions.csv,170750.0,1.4203922800896298,0.033514252745843839,28.180176319838218,161500,180000,100,100,0.71511111111111114,0.0,50,3,0.25643574903241845,286.68447008547008,221.60480341880344,0.94999999999999996,0.1222182091484173,0
1306,TIPT,data/empirical/pooled/pooled_five_2019_sessions_tipt,data/empirical/pooled/pooled_five_2019_sessions_tipt/hawkes_rates_tipt_pooled_five_2019_sessions.csv,66200.0,1.1840602736196479,0.0023932646694303176,30.759730156945221,58900,73500,100,2,0.30044444444444446,0.0,50,8,0.14513468938977461,1237.8151538461539,1020.8448034188034,0.94999999999999996,0.1222182091484173,0
1307,TITN,data/empirical/pooled/pooled_five_2019_sessions_titn,data/empirical/pooled/pooled_five_2019_sessions_titn/hawkes_rates_titn_pooled_five_2019_sessions.csv,124400.0,3.915258320596418,0.049933757852899698,150.09371850355754,123000,125800,100,171,0.7844444444444445,0.0,50,7,0.4831958234279588,173.18999145299148,199.01282905982904,0.94999999999999996,0.25,0.054854410483294959
1308,TIVO,data/empirical/pooled/pooled_five_2019_sessions_tivo,data/empirical/pooled/pooled_five_2019_sessions_tivo/hawkes_rates_tivo_pooled_five_2019_sessions.csv,77050.0,1.2080932618866713,0.014607461857344331,16.009436300765511,75600,78500,100,300,0.37711111111111112,0.0,50,1,0.06339115011632461,1146.7663504273505,801.76350427350428,0.94999999999999996,0.1222182091484173,0
1309,TLRY,data/empirical/pooled/pooled_five_2019_sessions_tlry,data/empirical/pooled/pooled_five_2019_sessions_tlry/hawkes_rates_tlry_pooled_five_2019_sessions.csv,187200.0,3.0385305857103555,0.086764391640668403,32.712273224065456,185600,188800,392,40,1.7755555555555556,0.0,50,12,0.4815138357185067,205.8717606837607,248.17874358974359,0.94999999999999996,0.25,0.42535994603367877
1310,TMUS,data/empirical/pooled/pooled_five_2019_sessions_tmus,data/empirical/pooled/pooled_five_2019_sessions_tmus/hawkes_rates_tmus_pooled_five_2019_sessions.csv,797150.0,0.98181056851434634,0.18119577759733321,46.515137933787052,794300,800000,150,20,3.4222222222222221,0.0,50,2,0.21080207661887423,280.26976068376069,308.05617948717952,0.94999999999999996,0.25,0.40263407090880049
1311,TNAV,data/empirical/pooled/pooled_five_2019_sessions_tnav,data/empirical/pooled/pooled_five_2019_sessions_tnav/hawkes_rates_tnav_pooled_five_2019_sessions.csv,46400.0,2.4903209280984462,0.012162912944997649,35.193084989134114,44800,48000,1800,5,0.21111111111111111,0.0,50,3,0.19784524975514201,315.77051282051281,395.3839572649573,0.94999999999999996,0.25,0.36419212403997098
1312,TNDM,data/empirical/pooled/pooled_five_2019_sessions_tndm,data/empirical/pooled/pooled_five_2019_sessions_tndm/hawkes_rates_tndm_pooled_five_2019_sessions.csv,772500.0,2.4009894709839581,0.14141629984187359,46.187035723766066,762000,783000,10,10,2.7382222222222223,0.0,50,10,0.52480707252890213,148.00047008547011,158.18391452991452,0.94999999999999996,0.25,0.54198644623863046
1313,TORC,data/empirical/pooled/pooled_five_2019_sessions_torc,data/empirical/pooled/pooled_five_2019_sessions_torc/hawkes_rates_torc_pooled_five_2019_sessions.csv,13400.0,4.8305543253716836,0.021590666267789223,28.650446320637183,13100,13700,300,1010,0.31644444444444442,0.0,50,8,0.36038133244651371,490.76204273504271,559.31360683760681,0.94999999999999996,0.25,0.36419212403997098
1314,TOWN,data/empirical/pooled/pooled_five_2019_sessions_town,data/empirical/pooled/pooled_five_2019_sessions_town/hawkes_rates_town_pooled_five_2019_sessions.csv,267500.0,2.0925881493745462,0.048489251677422116,141.60356953721077,241500,293500,100,700,1.2077777777777778,0.0,50,6,0.51578786020846101,160.53425641025643,158.71023076923078,0.94999999999999996,0.25,0.42535994603367877
1315,TPCO,data/empirical/pooled/pooled_five_2019_sessions_tpco,data/empirical/pooled/pooled_five_2019_sessions_tpco/hawkes_rates_tpco_pooled_five_2019_sessions.csv,118750.0,2.9232789364651119,0.021035086969528612,228.40804833207974,112400,125100,100,11,0.51377777777777778,0.0,50,6,0.36905278380332612,239.72109401709403,195.95595726495725,0.94999999999999996,0.25,0.054854410483294959
1316,TPIC,data/empirical/pooled/pooled_five_2019_sessions_tpic,data/empirical/pooled/pooled_five_2019_sessions_tpic/hawkes_rates_tpic_pooled_five_2019_sessions.csv,211750.0,1.8234904694042342,0.036830633787768706,49.876403333550748,204500,219000,166,800,1.1466666666666667,0.0,50,5,0.26787891829854388,239.74858974358978,171.94239316239316,0.94999999999999996,0.25,0.42535994603367877
1317,TREE,data/empirical/pooled/pooled_five_2019_sessions_tree,data/empirical/pooled/pooled_five_2019_sessions_tree/hawkes_rates_tree_pooled_five_2019_sessions.csv,3066500.0,3.0885350449331339,0.10279926492585152,340.23234702301875,2880000,3253000,400,60,14.009333333333334,0.0,50,96,0.62698880377136124,63.708786324786317,76.223307692307699,0.94999999999999996,0.25,0.54198644623863046
1318,TRHC,data/empirical/pooled/pooled_five_2019_sessions_trhc,data/empirical/pooled/pooled_five_2019_sessions_trhc/hawkes_rates_trhc_pooled_five_2019_sessions.csv,570900.0,3.3637273053384269,0.078695670755160471,72.236177216305123,520000,621800,25,700,2.4540000000000002,0.0,50,18,0.56442494825615519,108.05366666666666,124.77521367521368,0.94999999999999996,0.25,0.54198644623863046
1319,TRIP,data/empirical/pooled/pooled_five_2019_sessions_trip,data/empirical/pooled/pooled_five_2019_sessions_trip/hawkes_rates_trip_pooled_five_2019_sessions.csv,278650.0,1.3430060056145916,0.11759476900722252,139.17474438505502,277000,280300,20,300,2.0251111111111113,0.0,50,3,0.19686140956766437,245.82470085470086,282.87159829059829,0.94999999999999996,0.25,0.40263407090880049
1320,TRMB,data/empirical/pooled/pooled_five_2019_sessions_trmb,data/empirical/pooled/pooled_five_2019_sessions_trmb/hawkes_rates_trmb_pooled_five_2019_sessions.csv,437300.0,1.3252681753352051,0.08680712850976538,47.213949342776424,409600,465000,1000,2,1.7564444444444445,0.0,50,3,0.22173387254073312,217.01623076923079,228.53929059829062,0.94999999999999996,0.25,0.31472892968491073
1321,TRMK,data/empirical/pooled/pooled_five_2019_sessions_trmk,data/empirical/pooled/pooled_five_2019_sessions_trmk/hawkes_rates_trmk_pooled_five_2019_sessions.csv,335250.0,1.8223923799914992,0.07052438138381982,113.46129887240282,321100,349400,193,600,1.5171111111111111,0.0,50,4,0.33690890831000664,167.59911111111111,164.16961538461538,0.94999999999999996,0.25,0.31472892968491073
1322,TROW,data/empirical/pooled/pooled_five_2019_sessions_trow,data/empirical/pooled/pooled_five_2019_sessions_trow/hawkes_rates_trow_pooled_five_2019_sessions.csv,1342500.0,1.2686485364834645,0.18119577759733324,160.49852191358747,1323800,1361200,86,9,5.0035555555555558,0.0,50,5,0.40330803217401157,156.88373504273505,149.13950427350429,0.94999999999999996,0.11621735476962097,0
1323,TRS,data/empirical/pooled/pooled_five_2019_sessions_trs,data/empirical/pooled/pooled_five_2019_sessions_trs/hawkes_rates_trs_pooled_five_2019_sessions.csv,310500.0,2.5313155509341922,0.043565964357451172,83.918436173455461,294400,326600,36,100,1.3591111111111112,0.0,50,10,0.51851366692865253,148.33604273504275,131.87223931623933,0.94999999999999996,0.25,0.42535994603367877
1324,TRST,data/empirical/pooled/pooled_five_2019_sessions_trst,data/empirical/pooled/pooled_five_2019_sessions_trst/hawkes_rates_trst_pooled_five_2019_sessions.csv,82000.0,1.1842056683375375,0.012727039617077652,14.743139827820521,79800,84200,14,100,0.36177777777777775,0.0,50,2,0.14757008654486278,421.71823076923073,596.34974358974364,0.94999999999999996,0.1222182091484173,0
1325,TRUE,data/empirical/pooled/pooled_five_2019_sessions_true,data/empirical/pooled/pooled_five_2019_sessions_true/hawkes_rates_true_pooled_five_2019_sessions.csv,37450.0,1.775860417858196,0.0088721740245309624,16.612101144368591,35100,39800,100,100,0.23155555555555554,0.0,50,1,0.038357117995127046,1416.7878974358973,1871.9926324786325,0.94999999999999996,0.25,0.14684855564149249
1326,TRUP,data/empirical/pooled/pooled_five_2019_sessions_trup,data/empirical/pooled/pooled_five_2019_sessions_trup/hawkes_rates_trup_pooled_five_2019_sessions.csv,316200.0,2.4829735470175671,0.04470276507543057,58.842306837082248,308000,324400,700,378,1.3228888888888888,0.0,50,10,0.47917187221131535,292.76136752136756,145.54263247863247,0.94999999999999996,0.25,0.42535994603367877
1327,TSBK,data/empirical/pooled/pooled_five_2019_sessions_tsbk,data/empirical/pooled/pooled_five_2019_sessions_tsbk/hawkes_rates_tsbk_pooled_five_2019_sessions.csv,278250.0,2.706928981894289,0.005299371768024275,36.764460643232269,256000,300500,100,100,1.2224444444444444,0.0,50,63,0.36690647482014388,223.42774358974356,195.76413675213675,0.94999999999999996,0.25,0.0096468091552598823
1328,TSC,data/empirical/pooled/pooled_five_2019_sessions_tsc,data/empirical/pooled/pooled_five_2019_sessions_tsc/hawkes_rates_tsc_pooled_five_2019_sessions.csv,258850.0,2.3475477152909585,0.03508696952861233,93.449425150185121,222300,295400,100,100,0.94155555555555559,0.0,50,6,0.48842539537015817,128.4937094017094,129.23464102564103,0.94999999999999996,0.25,0.42535994603367877
1329,TSCO,data/empirical/pooled/pooled_five_2019_sessions_tsco,data/empirical/pooled/pooled_five_2019_sessions_tsco/hawkes_rates_tsco_pooled_five_2019_sessions.csv,883700.0,1.1488223377332061,0.14952775759647846,113.2776848905692,877500,889900,1000,110,4.2220000000000004,0.0,50,5,0.35114688728641436,177.75236752136752,174.63200854700852,0.94999999999999996,0.11621735476962097,0
1330,TSG,data/empirical/pooled/pooled_five_2019_sessions_tsg,data/empirical/pooled/pooled_five_2019_sessions_tsg/hawkes_rates_tsg_pooled_five_2019_sessions.csv,244150.0,1.648621417693003,0.046121629129449976,13.12137004396161,242800,245500,1000,100,0.82577777777777783,0.0,50,1,0.07351247226036535,727.17001709401711,651.58254700854707,0.94999999999999996,0.25,0.40263407090880049
1331,TSLA,data/empirical/pooled/pooled_five_2019_sessions_tsla,data/empirical/pooled/pooled_five_2019_sessions_tsla/hawkes_rates_tsla_pooled_five_2019_sessions.csv,6322100.0,1.6330851094231309,0.42706953288602073,46.470380793974471,6314100,6330100,50,3,13.344444444444445,0.0,50,14,0.58586233681284239,147.5825811965812,168.07999999999998,0.94999999999999996,0.11621735476962097,0
1332,TTD,data/empirical/pooled/pooled_five_2019_sessions_ttd,data/empirical/pooled/pooled_five_2019_sessions_ttd/hawkes_rates_ttd_pooled_five_2019_sessions.csv,2800000.0,2.3189115966524976,0.19574340783794181,64.578863066385765,2770000,2830000,806,3,9.2777777777777786,0.0,50,29,0.56803021330323922,106.21450427350428,105.09487179487181,0.94999999999999996,0.25,0.54198644623863046
1333,TTEC,data/empirical/pooled/pooled_five_2019_sessions_ttec,data/empirical/pooled/pooled_five_2019_sessions_ttec/hawkes_rates_ttec_pooled_five_2019_sessions.csv,410250.0,2.6618573462699566,0.036710970554297187,74.83185522366702,381300,439200,24,100,1.7304444444444445,0.0,50,24,0.58681073025335317,127.86959829059829,120.37714529914528,0.94999999999999996,0.25,0.0096468091552598823
1334,TTEK,data/empirical/pooled/pooled_five_2019_sessions_ttek,data/empirical/pooled/pooled_five_2019_sessions_ttek/hawkes_rates_ttek_pooled_five_2019_sessions.csv,918750.0,1.6232236579840238,0.09902132569767938,109.38123805613031,860000,977500,15,300,3.5346666666666668,0.0,50,11,0.5334688517512457,129.9298034188034,127.76989743589743,0.94999999999999996,0.25,0.54198644623863046
1335,TTGT,data/empirical/pooled/pooled_five_2019_sessions_ttgt,data/empirical/pooled/pooled_five_2019_sessions_ttgt/hawkes_rates_ttgt_pooled_five_2019_sessions.csv,245050.0,1.9216679454665966,0.030232061199196546,101.00524697041055,230200,259900,100,164,1.0004444444444445,0.0,50,5,0.29258916164891152,175.3365641025641,172.82034188034189,0.94999999999999996,0.25,0.42535994603367877
1336,TTMI,data/empirical/pooled/pooled_five_2019_sessions_ttmi,data/empirical/pooled/pooled_five_2019_sessions_ttmi/hawkes_rates_ttmi_pooled_five_2019_sessions.csv,146050.0,1.4873131499311825,0.032334715158767471,26.06805863674413,134600,157500,100,100,0.5324444444444445,0.0,50,1,0.081769769391538447,655.74324786324792,603.06492307692304,0.94999999999999996,0.1222182091484173,0
1337,TTOO,data/empirical/pooled/pooled_five_2019_sessions_ttoo,data/empirical/pooled/pooled_five_2019_sessions_ttoo/hawkes_rates_ttoo_pooled_five_2019_sessions.csv,10550.0,5.2597783315152142,0.010162827471259456,20.79087850597795,10300,10800,100,100,0.11022222222222222,0.0,75,2,0.13258019199250762,1121.3185128205128,643.38500854700851,0.94999999999999996,0.25,0.36419212403997098
1338,TTWO,data/empirical/pooled/pooled_five_2019_sessions_ttwo,data/empirical/pooled/pooled_five_2019_sessions_ttwo/hawkes_rates_ttwo_pooled_five_2019_sessions.csv,1244550.0,1.4772136843542225,0.18514466430189325,144.97278382993974,1238200,1250900,100,14,5.3879999999999999,0.0,50,7,0.41977884414771544,139.72520512820512,142.17099999999999,0.94999999999999996,0.11621735476962097,0
1339,TUES,data/empirical/pooled/pooled_five_2019_sessions_tues,data/empirical/pooled/pooled_five_2019_sessions_tues/hawkes_rates_tues_pooled_five_2019_sessions.csv,14550.0,2.5403182789799432,0.0036753707423394164,18.584152607212886,12400,16700,900,100,0.077111111111111116,0.0,50,1,0.20427916454406519,751.07857264957261,723.20358974358976,0.94999999999999996,0.25,0.36419212403997098
1340,TUSK,data/empirical/pooled/pooled_five_2019_sessions_tusk,data/empirical/pooled/pooled_five_2019_sessions_tusk/hawkes_rates_tusk_pooled_five_2019_sessions.csv,14250.0,4.0676396385873339,0.028744818154621994,52.815158951363813,13000,15500,2700,100,0.25666666666666665,0.0,50,4,0.27929579029212487,734.7049487179487,1849.718735042735,0.94999999999999996,0.25,0.36419212403997098
1341,TVTY,data/empirical/pooled/pooled_five_2019_sessions_tvty,data/empirical/pooled/pooled_five_2019_sessions_tvty/hawkes_rates_tvty_pooled_five_2019_sessions.csv,229500.0,2.0568997347265086,0.052711654344202739,42.251285864221188,215000,244000,136,100,0.73444444444444446,0.0,50,3,0.21474666578416124,268.24628205128204,311.72398290598289,0.94999999999999996,0.25,0.31472892968491073
1342,TWIN,data/empirical/pooled/pooled_five_2019_sessions_twin,data/empirical/pooled/pooled_five_2019_sessions_twin/hawkes_rates_twin_pooled_five_2019_sessions.csv,110200.0,3.794654208027612,0.011000470105560068,131.85302528219356,95000,125400,1,100,0.57311111111111113,0.0,50,24,0.5391578118850846,705.76252136752134,220.60935042735042,0.94999999999999996,0.25,0.054854410483294959
1343,TWNK,data/empirical/pooled/pooled_five_2019_sessions_twnk,data/empirical/pooled/pooled_five_2019_sessions_twnk/hawkes_rates_twnk_pooled_five_2019_sessions.csv,134400.0,1.07821834218746,0.012564639514509169,109.99862743372273,125500,143300,1700,360,0.5915555555555555,0.0,50,1,0.050740407815678665,750.6329914529914,786.54480341880344,0.94999999999999996,0.1222182091484173,0
1344,TWOU,data/empirical/pooled/pooled_five_2019_sessions_twou,data/empirical/pooled/pooled_five_2019_sessions_twou/hawkes_rates_twou_pooled_five_2019_sessions.csv,192450.0,2.0487782627013096,0.084918158895679302,38.951032173223957,185000,199900,900,450,1.5215555555555556,0.0,50,7,0.29175352038750507,213.36217094017093,199.11164102564103,0.94999999999999996,0.25,0.31472892968491073
1345,TWST,data/empirical/pooled/pooled_five_2019_sessions_twst,data/empirical/pooled/pooled_five_2019_sessions_twst/hawkes_rates_twst_pooled_five_2019_sessions.csv,251350.0,4.6783782152236641,0.042651395358776011,36.618687558601643,240500,262200,89,100,1.0233333333333334,0.0,50,27,0.54459829900892665,163.39119658119657,129.72687179487178,0.94999999999999996,0.25,0.0096468091552598823
1346,TXMD,data/empirical/pooled/pooled_five_2019_sessions_txmd,data/empirical/pooled/pooled_five_2019_sessions_txmd/hawkes_rates_txmd_pooled_five_2019_sessions.csv,24400.0,2.7272908010886825,0.0086243001837685365,6.8225788243461327,23900,24900,8100,500,0.12933333333333333,0.0,100,1,0.0197227017094493,4061.9657606837609,5363.842717948718,0.94999999999999996,0.25,0.14684855564149249
1347,TXN,data/empirical/pooled/pooled_five_2019_sessions_txn,data/empirical/pooled/pooled_five_2019_sessions_txn/hawkes_rates_txn_pooled_five_2019_sessions.csv,1232050.0,1.0682775664650501,0.31220137612718496,51.586875012607116,1230100,1234000,100,39,5.3264444444444443,0.0,50,3,0.3017730159141942,208.69629059829057,206.9270769230769,0.94999999999999996,0.25,0.40263407090880049
1348,TXRH,data/empirical/pooled/pooled_five_2019_sessions_txrh,data/empirical/pooled/pooled_five_2019_sessions_txrh/hawkes_rates_txrh_pooled_five_2019_sessions.csv,619550.0,2.0412606291852446,0.11526988332834738,122.07685077542764,604200,634900,100,1,2.6577777777777776,0.0,50,5,0.38768904289897116,192.11101709401709,211.88367521367522,0.94999999999999996,0.25,0.31472892968491073
1349,TYME,data/empirical/pooled/pooled_five_2019_sessions_tyme,data/empirical/pooled/pooled_five_2019_sessions_tyme/hawkes_rates_tyme_pooled_five_2019_sessions.csv,15850.0,4.8122034478902931,0.0091285952391127832,20.598275363713928,14800,16900,600,100,0.060666666666666667,0.0,50,2,0.16884848484848486,1135.1116923076922,1502.1786752136752,0.94999999999999996,0.25,0.36419212403997098
1350,TZOO,data/empirical/pooled/pooled_five_2019_sessions_tzoo,data/empirical/pooled/pooled_five_2019_sessions_tzoo/hawkes_rates_tzoo_pooled_five_2019_sessions.csv,117800.0,3.8533398541503101,0.021633403136886192,102.20489452751434,100500,135100,100,100,0.56444444444444442,0.0,50,13,0.48107466231260204,333.24250427350427,185.91229059829061,0.94999999999999996,0.25,0.054854410483294959
1351,UAL,data/empirical/pooled/pooled_five_2019_sessions_ual,data/empirical/pooled/pooled_five_2019_sessions_ual/hawkes_rates_ual_pooled_five_2019_sessions.csv,745900.0,1.0602117137200211,0.1794093764690799,52.181021152482252,740000,751800,530,160,3.9451111111111112,0.0,50,4,0.30657254250582511,222.908641025641,193.41802564102562,0.94999999999999996,0.11621735476962097,0
1352,UBSI,data/empirical/pooled/pooled_five_2019_sessions_ubsi,data/empirical/pooled/pooled_five_2019_sessions_ubsi/hawkes_rates_ubsi_pooled_five_2019_sessions.csv,351250.0,2.9831566836171093,0.078866618231548363,892.86269197981426,343100,359400,10,700,1.6546666666666667,0.0,50,4,0.30784410458806116,162.8858888888889,163.06004273504271,0.94999999999999996,0.25,0.31472892968491073
1353,UBX,data/empirical/pooled/pooled_five_2019_sessions_ubx,data/empirical/pooled/pooled_five_2019_sessions_ubx/hawkes_rates_ubx_pooled_five_2019_sessions.csv,61150.0,3.4639588586192316,0.020394033933074061,30.341450911787209,60000,62300,100,166,0.33333333333333331,0.0,50,8,0.35608656447249776,308.32486324786322,323.0692564102564,0.94999999999999996,0.25,0.054854410483294959
1354,UCBI,data/empirical/pooled/pooled_five_2019_sessions_ucbi,data/empirical/pooled/pooled_five_2019_sessions_ucbi/hawkes_rates_ucbi_pooled_five_2019_sessions.csv,293700.0,1.7654241594579065,0.059746142997563999,271.24658463674416,278900,308500,52,100,1.211111111111111,0.0,50,3,0.26451458807966488,219.45911965811965,187.31367521367522,0.94999999999999996,0.25,0.31472892968491073
1355,UCFC,data/empirical/pooled/pooled_five_2019_sessions_ucfc,data/empirical/pooled/pooled_five_2019_sessions_ucfc/hawkes_rates_ucfc_pooled_five_2019_sessions.csv,112150.0,1.0531360138510859,0.011068849096115219,34.91328940422131,108000,116300,2,34,0.44222222222222224,0.0,50,2,0.17325129533678757,246.78518803418802,250.17767521367523,0.94999999999999996,0.1222182091484173,0
1356,UCTT,data/empirical/pooled/pooled_five_2019_sessions_uctt,data/empirical/pooled/pooled_five_2019_sessions_uctt/hawkes_rates_uctt_pooled_five_2019_sessions.csv,230550.0,2.6307077437589039,0.053822812940723962,21.473971089054988,224100,237000,100,1930,0.6657777777777778,0.0,50,3,0.27705179447884526,264.31144444444442,232.3752051282051,0.94999999999999996,0.25,0.31472892968491073
1357,UEIC,data/empirical/pooled/pooled_five_2019_sessions_ueic,data/empirical/pooled/pooled_five_2019_sessions_ueic/hawkes_rates_ueic_pooled_five_2019_sessions.csv,516200.0,2.6582622682511987,0.04336937475960511,147.85856949007655,474100,558300,100,72,1.8248888888888888,0.0,50,21,0.62116704805491996,127.04217094017095,101.72678632478633,0.94999999999999996,0.25,0.0096468091552598823
1358,UEPS,data/empirical/pooled/pooled_five_2019_sessions_ueps,data/empirical/pooled/pooled_five_2019_sessions_ueps/hawkes_rates_ueps_pooled_five_2019_sessions.csv,41400.0,1.9135584711933384,0.0060173511688533694,17.305484562679883,38000,44800,100,100,0.16600000000000001,0.0,50,2,0.14630950647838115,371.67070940170936,406.14761538461539,0.94999999999999996,0.1222182091484173,0
1359,UFCS,data/empirical/pooled/pooled_five_2019_sessions_ufcs,data/empirical/pooled/pooled_five_2019_sessions_ufcs/hawkes_rates_ufcs_pooled_five_2019_sessions.csv,444350.0,3.0652801916937036,0.039352109064489937,78.302080601454463,397700,491000,100,100,2.0331111111111113,0.0,50,21,0.65354413702239789,192.20114529914531,136.14319658119661,0.94999999999999996,0.25,0.0096468091552598823
1360,UFPI,data/empirical/pooled/pooled_five_2019_sessions_ufpi,data/empirical/pooled/pooled_five_2019_sessions_ufpi/hawkes_rates_ufpi_pooled_five_2019_sessions.csv,491350.0,1.7001657026745669,0.064216419505107064,57.978631946928715,456500,526200,600,100,1.8397777777777777,0.0,50,6,0.41023242426422968,143.80193162393161,153.99046153846155,0.94999999999999996,0.25,0.31472892968491073
1361,UFPT,data/empirical/pooled/pooled_five_2019_sessions_ufpt,data/empirical/pooled/pooled_five_2019_sessions_ufpt/hawkes_rates_ufpt_pooled_five_2019_sessions.csv,469550.0,3.4988983937183531,0.012009060216248557,60.648236789882532,419300,519800,100,100,1.8051111111111111,0.0,50,80,0.55848911158219305,181.58848717948717,122.49306837606839,0.94999999999999996,0.25,0.0096468091552598823
1362,UHAL,data/empirical/pooled/pooled_five_2019_sessions_uhal,data/empirical/pooled/pooled_five_2019_sessions_uhal/hawkes_rates_uhal_pooled_five_2019_sessions.csv,3670650.0,1.6098305491231384,0.048412325313047566,64.763177221425948,3291300,4050000,100,3,17.027333333333335,0.0,10,190,0.61336770623742454,74.88633333333334,95.149427350427345,0.94999999999999996,0.25,0.54198644623863046
1363,UIHC,data/empirical/pooled/pooled_five_2019_sessions_uihc,data/empirical/pooled/pooled_five_2019_sessions_uihc/hawkes_rates_uihc_pooled_five_2019_sessions.csv,104700.0,2.4680900279858879,0.031146630197871707,92.453717461886285,95400,114000,100,100,0.57111111111111112,0.0,50,5,0.50923681350831729,188.94160683760683,133.45550427350426,0.94999999999999996,0.25,0.42535994603367877
1364,ULBI,data/empirical/pooled/pooled_five_2019_sessions_ulbi,data/empirical/pooled/pooled_five_2019_sessions_ulbi/hawkes_rates_ulbi_pooled_five_2019_sessions.csv,72950.0,2.0544441538813385,0.004598487114833967,24.034224593776401,67500,78400,5,100,0.39111111111111113,0.0,50,13,0.29972144846796656,316.79997435897434,272.78130769230768,0.94999999999999996,0.25,0.054854410483294959
1365,ULH,data/empirical/pooled/pooled_five_2019_sessions_ulh,data/empirical/pooled/pooled_five_2019_sessions_ulh/hawkes_rates_ulh_pooled_five_2019_sessions.csv,174600.0,3.183224197788129,0.025325868626864395,37.059199955687042,156200,193000,100,100,0.86377777777777776,0.0,50,14,0.52968036529680362,161.75046153846154,133.39938461538461,0.94999999999999996,0.25,0.42535994603367877
1366,ULTA,data/empirical/pooled/pooled_five_2019_sessions_ulta,data/empirical/pooled/pooled_five_2019_sessions_ulta/hawkes_rates_ulta_pooled_five_2019_sessions.csv,2711400.0,1.2884479880202213,0.17065686567802044,104.42032003144655,2700400,2722400,40,2,12.938222222222223,0.0,50,25,0.55994750082029965,88.610589743589742,110.42643589743591,0.94999999999999996,0.11621735476962097,0
1367,UMBF,data/empirical/pooled/pooled_five_2019_sessions_umbf,data/empirical/pooled/pooled_five_2019_sessions_umbf/hawkes_rates_umbf_pooled_five_2019_sessions.csv,670450.0,3.78234334932981,0.098123851446643012,964.83753718484968,669500,671400,100,115,2.9755555555555557,0.0,50,20,0.56232330554548748,108.30176923076924,111.73035042735043,0.94999999999999996,0.25,0.54198644623863046
1368,UMPQ,data/empirical/pooled/pooled_five_2019_sessions_umpq,data/empirical/pooled/pooled_five_2019_sessions_umpq/hawkes_rates_umpq_pooled_five_2019_sessions.csv,166850.0,0.94722697265744926,0.027949912389418352,18.352177836406856,156600,177100,3100,100,0.74488888888888893,0.0,50,1,0.027999132828359141,1066.8151538461539,1128.0196837606838,0.94999999999999996,0.1222182091484173,0
1369,UNIT,data/empirical/pooled/pooled_five_2019_sessions_unit,data/empirical/pooled/pooled_five_2019_sessions_unit/hawkes_rates_unit_pooled_five_2019_sessions.csv,65900.0,1.5730211386527464,0.024838668319158937,11.768857350715811,62800,69000,5000,500,0.37577777777777777,0.0,50,1,0.048509243313899206,1144.3065811965812,1131.1132905982906,0.94999999999999996,0.25,0.14684855564149249
1370,UPLD,data/empirical/pooled/pooled_five_2019_sessions_upld,data/empirical/pooled/pooled_five_2019_sessions_upld/hawkes_rates_upld_pooled_five_2019_sessions.csv,401950.0,2.96382491264667,0.056489593572374888,42.038228609972315,388000,415900,6,500,1.7035555555555555,0.0,50,11,0.41398716707889738,143.78966666666668,116.08853846153845,0.94999999999999996,0.25,0.42535994603367877
1371,UPWK,data/empirical/pooled/pooled_five_2019_sessions_upwk,data/empirical/pooled/pooled_five_2019_sessions_upwk/hawkes_rates_upwk_pooled_five_2019_sessions.csv,92400.0,1.6857951556690609,0.032608231120988075,124.95658057107565,90800,94000,4,100,0.72422222222222221,0.0,50,5,0.16888877224292689,324.73273504273504,329.30635042735042,0.94999999999999996,0.1222182091484173,0
1372,URBN,data/empirical/pooled/pooled_five_2019_sessions_urbn,data/empirical/pooled/pooled_five_2019_sessions_urbn/hawkes_rates_urbn_pooled_five_2019_sessions.csv,258100.0,1.6738497946507902,0.083712979187144751,66.144009585971347,243400,272800,1400,52,1.2751111111111111,0.0,50,2,0.087154532096056683,451.8863076923077,440.93975213675213,0.94999999999999996,0.25,0.40263407090880049
1373,USAK,data/empirical/pooled/pooled_five_2019_sessions_usak,data/empirical/pooled/pooled_five_2019_sessions_usak/hawkes_rates_usak_pooled_five_2019_sessions.csv,75050.0,3.0173868164486239,0.023616393862985599,35.03126548073692,70100,80000,143,100,0.38377777777777777,0.0,50,7,0.53963782696177065,212.75999145299147,205.37796581196579,0.94999999999999996,0.25,0.054854410483294959
1374,USAP,data/empirical/pooled/pooled_five_2019_sessions_usap,data/empirical/pooled/pooled_five_2019_sessions_usap/hawkes_rates_usap_pooled_five_2019_sessions.csv,165250.0,4.0383648728700923,0.010744048890978247,21.767447366675043,129100,201400,100,100,0.69555555555555559,0.0,50,20,0.43115608708984976,206.89154700854701,216.54683760683761,0.94999999999999996,0.25,0.054854410483294959
1375,USCR,data/empirical/pooled/pooled_five_2019_sessions_uscr,data/empirical/pooled/pooled_five_2019_sessions_uscr/hawkes_rates_uscr_pooled_five_2019_sessions.csv,362250.0,2.3639024928487209,0.06851574853626223,72.751291199380688,357000,367500,500,286,1.8813333333333333,0.0,50,13,0.56558758048017332,125.67987179487179,146.66143589743589,0.94999999999999996,0.25,0.54198644623863046
1376,UTHR,data/empirical/pooled/pooled_five_2019_sessions_uthr,data/empirical/pooled/pooled_five_2019_sessions_uthr/hawkes_rates_uthr_pooled_five_2019_sessions.csv,940100.0,2.5851610649175223,0.10407282362494123,85.35186005615887,881700,998500,600,600,4.0948888888888888,0.0,50,20,0.56704501139139185,114.53748717948717,118.10674358974359,0.94999999999999996,0.25,0.54198644623863046
1377,UTMD,data/empirical/pooled/pooled_five_2019_sessions_utmd,data/empirical/pooled/pooled_five_2019_sessions_utmd/hawkes_rates_utmd_pooled_five_2019_sessions.csv,1092850.0,5.6636585167554996,0.012547544766870377,14.055221879123323,921300,1264400,100,100,4.3920000000000003,0.0,50,259,0.45963586396427347,122.30429914529914,107.79672649572649,0.94999999999999996,0.25,0.0096468091552598823
1378,UVSP,data/empirical/pooled/pooled_five_2019_sessions_uvsp,data/empirical/pooled/pooled_five_2019_sessions_uvsp/hawkes_rates_uvsp_pooled_five_2019_sessions.csv,253350.0,2.0602122766726931,0.03616393862985598,106.2535958743821,246200,260500,100,100,1.1448888888888888,0.0,50,6,0.49293333333333333,162.41894871794872,124.35382905982905,0.94999999999999996,0.25,0.42535994603367877
1379,VBTX,data/empirical/pooled/pooled_five_2019_sessions_vbtx,data/empirical/pooled/pooled_five_2019_sessions_vbtx/hawkes_rates_vbtx_pooled_five_2019_sessions.csv,279950.0,1.9133202554919806,0.048523441172699688,99.148992415791554,259600,300300,100,700,1.1004444444444443,0.0,50,4,0.33059620516730698,177.25126495726494,209.23441880341881,0.94999999999999996,0.25,0.31472892968491073
1380,VC,data/empirical/pooled/pooled_five_2019_sessions_vc,data/empirical/pooled/pooled_five_2019_sessions_vc/hawkes_rates_vc_pooled_five_2019_sessions.csv,845700.0,2.3319701761818106,0.08982435146801146,457.26307933826405,759000,932400,100,100,3.3535555555555554,0.0,50,18,0.51616108916548653,124.48929914529916,124.33876068376068,0.94999999999999996,0.25,0.54198644623863046
1381,VCEL,data/empirical/pooled/pooled_five_2019_sessions_vcel,data/empirical/pooled/pooled_five_2019_sessions_vcel/hawkes_rates_vcel_pooled_five_2019_sessions.csv,162900.0,3.2407484576059051,0.061113722808667038,57.964194506533232,159300,166500,100,259,0.78422222222222226,0.0,50,4,0.32501181507325344,175.96445299145299,183.91049572649572,0.94999999999999996,0.25,0.42535994603367877
1382,VCTR,data/empirical/pooled/pooled_five_2019_sessions_vctr,data/empirical/pooled/pooled_five_2019_sessions_vctr/hawkes_rates_vctr_pooled_five_2019_sessions.csv,208500.0,3.1002260164960687,0.016368220864139492,95.13634256031321,197000,220000,300,11,0.68733333333333335,0.0,50,12,0.61610247026532483,170.25932478632478,181.47494871794873,0.94999999999999996,0.25,0.42535994603367877
1383,VCYT,data/empirical/pooled/pooled_five_2019_sessions_vcyt,data/empirical/pooled/pooled_five_2019_sessions_vcyt/hawkes_rates_vcyt_pooled_five_2019_sessions.csv,273050.0,3.3233314335127337,0.059139279456387028,154.73138319563506,247400,298700,700,100,1.0811111111111111,0.0,50,6,0.34734208528940491,169.08695726495725,177.6701794871795,0.94999999999999996,0.25,0.42535994603367877
1384,VECO,data/empirical/pooled/pooled_five_2019_sessions_veco,data/empirical/pooled/pooled_five_2019_sessions_veco/hawkes_rates_veco_pooled_five_2019_sessions.csv,141150.0,2.3255993723981834,0.034360442753963841,27.914509061163091,134300,148000,78,100,0.50422222222222224,0.0,50,3,0.34251572688363541,255.66975213675215,233.94801709401708,0.94999999999999996,0.25,0.31472892968491073
1385,VERI,data/empirical/pooled/pooled_five_2019_sessions_veri,data/empirical/pooled/pooled_five_2019_sessions_veri/hawkes_rates_veri_pooled_five_2019_sessions.csv,21550.0,5.0088823811260159,0.022351382537715285,55.217385501328828,20800,22300,2200,2200,0.24444444444444444,0.0,50,3,0.27865908410655493,750.54116239316238,575.4249743589744,0.94999999999999996,0.25,0.36419212403997098
1386,VERU,data/empirical/pooled/pooled_five_2019_sessions_veru,data/empirical/pooled/pooled_five_2019_sessions_veru/hawkes_rates_veru_pooled_five_2019_sessions.csv,34300.0,3.1733108899956513,0.0033762126586606269,10.74183673890589,32200,36400,100,100,0.089333333333333334,0.0,50,2,0.21784232365145229,1031.9302820512821,959.47135042735044,0.94999999999999996,0.25,0.36419212403997098
1387,VIAV,data/empirical/pooled/pooled_five_2019_sessions_viav,data/empirical/pooled/pooled_five_2019_sessions_viav/hawkes_rates_viav_pooled_five_2019_sessions.csv,147450.0,0.92972606873896468,0.016410957733236465,11.57202384382088,140300,154600,3600,3600,0.63644444444444448,0.0,50,1,0.027488762737057002,1110.4620598290599,1163.846623931624,0.94999999999999996,0.1222182091484173,0
1388,VICR,data/empirical/pooled/pooled_five_2019_sessions_vicr,data/empirical/pooled/pooled_five_2019_sessions_vicr/hawkes_rates_vicr_pooled_five_2019_sessions.csv,523050.0,2.5838456007339881,0.04566861831702209,104.8941672919098,513000,533100,100,98,1.5537777777777777,0.0,50,12,0.52974212570786727,136.22575213675213,136.9808717948718,0.94999999999999996,0.25,0.42535994603367877
1389,VIRT,data/empirical/pooled/pooled_five_2019_sessions_virt,data/empirical/pooled/pooled_five_2019_sessions_virt/hawkes_rates_virt_pooled_five_2019_sessions.csv,158850.0,1.1648524486702081,0.033702294969870511,47.995714554518528,155300,162400,500,1000,0.94777777777777783,0.0,50,2,0.15834807352149505,422.67481196581195,419.56480341880342,0.94999999999999996,0.1222182091484173,0
1390,VIVO,data/empirical/pooled/pooled_five_2019_sessions_vivo,data/empirical/pooled/pooled_five_2019_sessions_vivo/hawkes_rates_vivo_pooled_five_2019_sessions.csv,102100.0,1.8407187196834549,0.032334715158767471,43.640035850135966,100200,104000,100,71,0.51200000000000001,0.0,50,3,0.26692034875129306,263.7005641025641,276.64299999999997,0.94999999999999996,0.1222182091484173,0
1391,VKTX,data/empirical/pooled/pooled_five_2019_sessions_vktx,data/empirical/pooled/pooled_five_2019_sessions_vktx/hawkes_rates_vktx_pooled_five_2019_sessions.csv,63650.0,2.6791917116103683,0.042377879396555407,30.348062341287378,63500,63800,70,90,0.3531111111111111,0.0,50,1,0.07209252356529619,1014.9320256410256,856.26619658119648,0.94999999999999996,0.25,0.14684855564149249
1392,VLGEA,data/empirical/pooled/pooled_five_2019_sessions_vlgea,data/empirical/pooled/pooled_five_2019_sessions_vlgea/hawkes_rates_vlgea_pooled_five_2019_sessions.csv,229200.0,1.6886234470261301,0.0092909953416812682,34.637071766510488,223400,235000,1,1,1.1751111111111112,0.0,50,19,0.42649051490514905,196.68175213675212,187.13726495726496,0.94999999999999996,0.25,0.42535994603367877
1393,VLY,data/empirical/pooled/pooled_five_2019_sessions_vly,data/empirical/pooled/pooled_five_2019_sessions_vly/hawkes_rates_vly_pooled_five_2019_sessions.csv,111250.0,1.8342175238492064,0.011838112739860678,179.95078528366457,107600,114900,400,4000,0.48044444444444445,0.0,50,1,0.014127941851028546,2481.5069914529913,2426.4835897435901,0.94999999999999996,0.25,0.14684855564149249
1394,VNDA,data/empirical/pooled/pooled_five_2019_sessions_vnda,data/empirical/pooled/pooled_five_2019_sessions_vnda/hawkes_rates_vnda_pooled_five_2019_sessions.csv,133150.0,2.2497949765416525,0.050677379375186973,41.661102421585269,133100,133200,100,1,0.76133333333333331,0.0,50,4,0.24747208300360504,243.12787179487182,212.68855555555555,0.94999999999999996,0.25,0.31472892968491073
1395,VOXX,data/empirical/pooled/pooled_five_2019_sessions_voxx,data/empirical/pooled/pooled_five_2019_sessions_voxx/hawkes_rates_voxx_pooled_five_2019_sessions.csv,45700.0,2.3009900708492825,0.0048463609555963929,34.151923808378129,41800,49600,100,100,0.20733333333333334,0.0,50,5,0.33389926428975664,329.19445299145298,272.6144017094017,0.94999999999999996,0.25,0.054854410483294959
1396,VRA,data/empirical/pooled/pooled_five_2019_sessions_vra,data/empirical/pooled/pooled_five_2019_sessions_vra/hawkes_rates_vra_pooled_five_2019_sessions.csv,100650.0,2.738467281009445,0.03448010598743536,107.76765074601853,92900,108400,1900,100,0.49422222222222223,0.0,50,3,0.25353112357158064,231.6941794871795,252.43964957264956,0.94999999999999996,0.25,0.42535994603367877
1397,VRAY,data/empirical/pooled/pooled_five_2019_sessions_vray,data/empirical/pooled/pooled_five_2019_sessions_vray/hawkes_rates_vray_pooled_five_2019_sessions.csv,32250.0,2.22948384952947,0.014983546305397666,14.834068384588068,31500,33000,1000,115,0.31155555555555553,0.0,50,1,0.074519009481726961,1404.072435897436,1703.1884102564102,0.94999999999999996,0.25,0.14684855564149249
1398,VREX,data/empirical/pooled/pooled_five_2019_sessions_vrex,data/empirical/pooled/pooled_five_2019_sessions_vrex/hawkes_rates_vrex_pooled_five_2019_sessions.csv,308950.0,1.9355903397427017,0.048002051369716657,75.652704943348695,292800,325100,113,100,1.3802222222222222,0.0,50,7,0.35438951339997665,154.89175213675213,148.39293162393162,0.94999999999999996,0.25,0.42535994603367877
1399,VRNS,data/empirical/pooled/pooled_five_2019_sessions_vrns,data/empirical/pooled/pooled_five_2019_sessions_vrns/hawkes_rates_vrns_pooled_five_2019_sessions.csv,842500.0,3.0359646160343488,0.11230394461301765,227.65833303913001,815000,870000,5,23,3.1044444444444443,0.0,50,15,0.60948951832293163,117.63720512820514,126.87826495726497,0.94999999999999996,0.25,0.54198644623863046
1400,VRNT,data/empirical/pooled/pooled_five_2019_sessions_vrnt,data/empirical/pooled/pooled_five_2019_sessions_vrnt/hawkes_rates_vrnt_pooled_five_2019_sessions.csv,596850.0,1.4858025019834267,0.068857643489037987,70.912642428895836,553000,640700,18,100,2.3275555555555556,0.0,50,6,0.43272896837370051,149.02784615384616,149.42347863247863,0.94999999999999996,0.25,0.31472892968491073
1401,VRRM,data/empirical/pooled/pooled_five_2019_sessions_vrrm,data/empirical/pooled/pooled_five_2019_sessions_vrrm/hawkes_rates_vrrm_pooled_five_2019_sessions.csv,157250.0,1.3567612374270335,0.025112184281379547,32.868960965117687,145700,168800,1900,1900,0.61911111111111106,0.0,50,3,0.14494949494949494,380.22788034188034,402.84636752136754,0.94999999999999996,0.1222182091484173,0
1402,VRSK,data/empirical/pooled/pooled_five_2019_sessions_vrsk,data/empirical/pooled/pooled_five_2019_sessions_vrsk/hawkes_rates_vrsk_pooled_five_2019_sessions.csv,1593050.0,1.1769423018587788,0.14516004957476816,184.52566277056465,1548300,1637800,100,20,6.5133333333333336,0.0,50,8,0.46898087989604603,137.33814529914531,149.62025641025642,0.94999999999999996,0.11621735476962097,0
1403,VRSN,data/empirical/pooled/pooled_five_2019_sessions_vrsn,data/empirical/pooled/pooled_five_2019_sessions_vrsn/hawkes_rates_vrsn_pooled_five_2019_sessions.csv,2029800.0,0.95571994967732488,0.15127996922945425,90.811496465638911,1955300,2104300,100,100,8.2986666666666675,0.0,50,12,0.51208619364414643,119.16459829059829,121.08757264957265,0.94999999999999996,0.11621735476962097,0
1404,VRTS,data/empirical/pooled/pooled_five_2019_sessions_vrts,data/empirical/pooled/pooled_five_2019_sessions_vrts/hawkes_rates_vrts_pooled_five_2019_sessions.csv,1233450.0,3.0396057227423743,0.050950895337407577,92.884750654991578,1111000,1355900,100,100,4.7519999999999998,0.0,50,63,0.56554554114457389,93.456940170940172,76.578606837606841,0.94999999999999996,0.25,0.0096468091552598823
1405,VRTU,data/empirical/pooled/pooled_five_2019_sessions_vrtu,data/empirical/pooled/pooled_five_2019_sessions_vrtu/hawkes_rates_vrtu_pooled_five_2019_sessions.csv,401600.0,2.43351731295839,0.04377110132911663,68.494782196846003,377900,425300,100,77,2.0182222222222221,0.0,50,15,0.53404679467002414,137.68028205128206,134.86082051282051,0.94999999999999996,0.25,0.42535994603367877
1406,VRTX,data/empirical/pooled/pooled_five_2019_sessions_vrtx,data/empirical/pooled/pooled_five_2019_sessions_vrtx/hawkes_rates_vrtx_pooled_five_2019_sessions.csv,2272600.0,1.203620240079335,0.18413607419120476,74.339427792486248,2234900,2310300,188,188,8.3811111111111103,0.0,50,13,0.44150636683825523,144.7831452991453,116.58407692307692,0.94999999999999996,0.11621735476962097,0
1407,VSAT,data/empirical/pooled/pooled_five_2019_sessions_vsat,data/empirical/pooled/pooled_five_2019_sessions_vsat/hawkes_rates_vsat_pooled_five_2019_sessions.csv,670000.0,1.3750021050117618,0.079447839651267144,59.947322403260756,650000,690000,5,50,3.2204444444444444,0.0,50,10,0.49426037361946884,137.5848205128205,131.59382051282051,0.94999999999999996,0.25,0.31472892968491073
1408,VSTM,data/empirical/pooled/pooled_five_2019_sessions_vstm,data/empirical/pooled/pooled_five_2019_sessions_vstm/hawkes_rates_vstm_pooled_five_2019_sessions.csv,18450.0,3.9542589149968324,0.0056070772255224586,11.003508226251773,17800,19100,100,27,0.062666666666666662,0.0,100,1,0.028374871468442444,4936.5999743589746,4223.5041794871795,0.94999999999999996,0.25,0.14684855564149249
1409,VTNR,data/empirical/pooled/pooled_five_2019_sessions_vtnr,data/empirical/pooled/pooled_five_2019_sessions_vtnr/hawkes_rates_vtnr_pooled_five_2019_sessions.csv,17250.0,6.4113118176133108,0.0036240864994230527,15.208875604599204,15000,19500,100,100,0.06222222222222222,0.0,50,3,0.527122641509434,1002.7297435897435,532.98981196581201,0.94999999999999996,0.25,0.36419212403997098
1410,VTSI,data/empirical/pooled/pooled_five_2019_sessions_vtsi,data/empirical/pooled/pooled_five_2019_sessions_vtsi/hawkes_rates_vtsi_pooled_five_2019_sessions.csv,33550.0,3.563650814636782,0.0020342749690157699,15.61156939872925,19800,47300,100,100,0.18777777777777777,0.0,50,10,0.47457627118644069,269.49282905982903,707.76691452991452,0.94999999999999996,0.25,0.054854410483294959
1411,VTVT,data/empirical/pooled/pooled_five_2019_sessions_vtvt,data/empirical/pooled/pooled_five_2019_sessions_vtvt/hawkes_rates_vtvt_pooled_five_2019_sessions.csv,23250.0,4.4954084657701738,0.0073080046155818632,12.920370129243247,22500,24000,1000,2009,0.075777777777777777,0.0,50,2,0.37858755240245084,1095.7759572649572,1361.4116837606839,0.94999999999999996,0.25,0.36419212403997098
1412,VUZI,data/empirical/pooled/pooled_five_2019_sessions_vuzi,data/empirical/pooled/pooled_five_2019_sessions_vuzi/hawkes_rates_vuzi_pooled_five_2019_sessions.csv,19300.0,4.0405651243194178,0.010479080302577033,16.030150234082889,18600,20000,1990,112,0.10555555555555556,0.0,50,2,0.22728948985863554,869.14102564102564,1143.0697948717948,0.94999999999999996,0.25,0.36419212403997098
1413,VVUS,data/empirical/pooled/pooled_five_2019_sessions_vvus,data/empirical/pooled/pooled_five_2019_sessions_vvus/hawkes_rates_vvus_pooled_five_2019_sessions.csv,21900.0,6.2797072120761968,0.012436428907218256,100.33463370212148,19200,24600,100,100,0.17155555555555554,0.0,50,5,0.79941860465116277,371.28723931623932,408.62424786324789,0.94999999999999996,0.25,0.36419212403997098
1414,VYGR,data/empirical/pooled/pooled_five_2019_sessions_vygr,data/empirical/pooled/pooled_five_2019_sessions_vygr/hawkes_rates_vygr_pooled_five_2019_sessions.csv,117000.0,3.7000859714298433,0.071216718663190737,34.348137504781647,110500,123500,700,500,0.68711111111111112,0.0,50,6,0.3882545207572799,186.6681282051282,202.7758376068376,0.94999999999999996,0.25,0.054854410483294959
1415,WABC,data/empirical/pooled/pooled_five_2019_sessions_wabc,data/empirical/pooled/pooled_five_2019_sessions_wabc/hawkes_rates_wabc_pooled_five_2019_sessions.csv,674000.0,1.8562873334882888,0.049549126031026972,156.0783658587508,640900,707100,7,100,2.8319999999999999,0.0,50,18,0.6737302248126561,132.89563247863248,108.1043076923077,0.94999999999999996,0.25,0.54198644623863046
1416,WAFD,data/empirical/pooled/pooled_five_2019_sessions_wafd,data/empirical/pooled/pooled_five_2019_sessions_wafd/hawkes_rates_wafd_pooled_five_2019_sessions.csv,339800.0,3.0669018494095655,0.073268088379845289,646.11900483739839,315100,364500,700,700,1.4695555555555555,0.0,50,4,0.34262995964358495,161.79434188034188,171.95964102564102,0.94999999999999996,0.25,0.31472892968491073
1417,WASH,data/empirical/pooled/pooled_five_2019_sessions_wash,data/empirical/pooled/pooled_five_2019_sessions_wash/hawkes_rates_wash_pooled_five_2019_sessions.csv,457600.0,2.0895243610294711,0.015667336210949186,119.99273255620584,445000,470200,1,23,2.3173333333333335,0.0,50,32,0.37614678899082571,180.59605128205129,168.44353846153848,0.94999999999999996,0.25,0.0096468091552598823
1418,WATT,data/empirical/pooled/pooled_five_2019_sessions_watt,data/empirical/pooled/pooled_five_2019_sessions_watt/hawkes_rates_watt_pooled_five_2019_sessions.csv,16400.0,3.0458924926460771,0.019530749177315267,27.949711291308699,15800,17000,6200,6200,0.20066666666666666,0.0,50,2,0.21150054067807392,831.54616239316238,873.5863333333333,0.94999999999999996,0.25,0.36419212403997098
1419,WBA,data/empirical/pooled/pooled_five_2019_sessions_wba,data/empirical/pooled/pooled_five_2019_sessions_wba/hawkes_rates_wba_pooled_five_2019_sessions.csv,520750.0,1.0353548048414314,0.16466515663062525,31.05145500224927,518500,523000,400,230,2.6264444444444446,0.0,50,2,0.13388237628814834,387.11685470085467,417.62951282051279,0.94999999999999996,0.25,0.40263407090880049
1420,WDAY,data/empirical/pooled/pooled_five_2019_sessions_wday,data/empirical/pooled/pooled_five_2019_sessions_wday/hawkes_rates_wday_pooled_five_2019_sessions.csv,1859100.0,1.5307728610942912,0.20341040215393819,56.20204259223091,1830200,1888000,24,10,7.4900000000000002,0.0,50,14,0.51072921244308145,125.39092307692309,132.18389743589745,0.94999999999999996,0.11621735476962097,0
1421,WDC,data/empirical/pooled/pooled_five_2019_sessions_wdc,data/empirical/pooled/pooled_five_2019_sessions_wdc/hawkes_rates_wdc_pooled_five_2019_sessions.csv,654000.0,1.7194587930734042,0.21610325227573829,35.263676823786007,653000,655000,44,647,2.4502222222222221,0.0,50,2,0.14552713397399661,333.55354700854701,338.85375213675218,0.94999999999999996,0.25,0.40263407090880049
1422,WDFC,data/empirical/pooled/pooled_five_2019_sessions_wdfc,data/empirical/pooled/pooled_five_2019_sessions_wdfc/hawkes_rates_wdfc_pooled_five_2019_sessions.csv,1894000.0,1.5112154326518261,0.049925210479080301,279.89413392799099,1823000,1965000,60,200,8.1031111111111116,0.0,50,43,0.57421697684975037,118.79260683760683,92.850025641025638,0.94999999999999996,0.25,0.54198644623863046
1423,WEN,data/empirical/pooled/pooled_five_2019_sessions_wen,data/empirical/pooled/pooled_five_2019_sessions_wen/hawkes_rates_wen_pooled_five_2019_sessions.csv,223500.0,1.2494285107732279,0.025966921663318942,31.361349723638902,216700,230300,1,3400,0.82022222222222219,0.0,50,1,0.022610295879539551,1791.2242222222224,1767.5046666666665,0.94999999999999996,0.25,0.40263407090880049
1424,WERN,data/empirical/pooled/pooled_five_2019_sessions_wern,data/empirical/pooled/pooled_five_2019_sessions_wern/hawkes_rates_wern_pooled_five_2019_sessions.csv,385150.0,1.5596782098981137,0.069387580665840415,87.079435035490391,354900,415400,1,100,1.5166666666666666,0.0,50,4,0.22995229529991398,223.09907692307692,223.00190598290595,0.94999999999999996,0.25,0.31472892968491073
1425,WETF,data/empirical/pooled/pooled_five_2019_sessions_wetf,data/empirical/pooled/pooled_five_2019_sessions_wetf/hawkes_rates_wetf_pooled_five_2019_sessions.csv,39550.0,1.6643979710959089,0.0084020684644642938,35.508935373974701,38500,40600,5,5000,0.27577777777777779,0.0,50,1,0.033448563595184166,1463.7282820512821,1395.096,0.94999999999999996,0.25,0.14684855564149249
1426,WEYS,data/empirical/pooled/pooled_five_2019_sessions_weys,data/empirical/pooled/pooled_five_2019_sessions_weys/hawkes_rates_weys_pooled_five_2019_sessions.csv,253600.0,3.4281140149103395,0.008675584426684901,88.259979570664001,230600,276600,19,100,1.2371111111111111,0.0,50,36,0.36083499005964215,150.33113675213676,138.99617948717949,0.94999999999999996,0.25,0.0096468091552598823
1427,WHF,data/empirical/pooled/pooled_five_2019_sessions_whf,data/empirical/pooled/pooled_five_2019_sessions_whf/hawkes_rates_whf_pooled_five_2019_sessions.csv,137000.0,1.1247075775025455,0.0095730586777212703,68.963487099285572,133000,141000,100,5,0.61955555555555553,0.0,50,6,0.34454191033138404,266.42316239316239,490.2328461538462,0.94999999999999996,0.1222182091484173,0
1428,WHLR,data/empirical/pooled/pooled_five_2019_sessions_whlr,data/empirical/pooled/pooled_five_2019_sessions_whlr/hawkes_rates_whlr_pooled_five_2019_sessions.csv,15500.0,11.146352776769566,0.0063506987478097352,25.202644363606854,11600,19400,400,100,0.077333333333333337,0.0,50,6,0.59594095940959413,185.27464102564105,1865.0941538461539,0.94999999999999996,0.25,0.36419212403997098
1429,WIFI,data/empirical/pooled/pooled_five_2019_sessions_wifi,data/empirical/pooled/pooled_five_2019_sessions_wifi/hawkes_rates_wifi_pooled_five_2019_sessions.csv,120850.0,2.4482247119482667,0.051497927261848798,24.787790314118755,120000,121700,10,761,0.71444444444444444,0.0,50,4,0.26336558846371821,229.48558119658119,276.15565811965814,0.94999999999999996,0.25,0.31472892968491073
1430,WING,data/empirical/pooled/pooled_five_2019_sessions_wing,data/empirical/pooled/pooled_five_2019_sessions_wing/hawkes_rates_wing_pooled_five_2019_sessions.csv,979000.0,2.4787611628480408,0.11110731227830248,122.43655343098099,945000,1013000,300,100,3.8695555555555554,0.0,50,14,0.55499014820526005,136.2708547008547,140.09891452991454,0.94999999999999996,0.25,0.54198644623863046
1431,WIRE,data/empirical/pooled/pooled_five_2019_sessions_wire,data/empirical/pooled/pooled_five_2019_sessions_wire/hawkes_rates_wire_pooled_five_2019_sessions.csv,553200.0,2.1227698290634955,0.055874182657378514,57.834384967820526,508800,597600,100,100,2.5322222222222224,0.0,50,20,0.69105058365758754,148.39299145299145,117.71257264957265,0.94999999999999996,0.25,0.54198644623863046
1432,WLDN,data/empirical/pooled/pooled_five_2019_sessions_wldn,data/empirical/pooled/pooled_five_2019_sessions_wldn/hawkes_rates_wldn_pooled_five_2019_sessions.csv,324350.0,3.1320186582816589,0.043899311936407538,171.9484250074226,307000,341700,100,37,1.4795555555555555,0.0,50,19,0.7174168474331164,164.63322222222223,120.9565641025641,0.94999999999999996,0.25,0.42535994603367877
1433,WNEB,data/empirical/pooled/pooled_five_2019_sessions_wneb,data/empirical/pooled/pooled_five_2019_sessions_wneb/hawkes_rates_wneb_pooled_five_2019_sessions.csv,86450.0,2.2585091787353329,0.0072994572417624691,28.512840760634724,74100,98800,100,100,0.41844444444444445,0.0,50,7,0.36680884063590541,172.84237606837607,153.87147008547009,0.94999999999999996,0.25,0.42535994603367877
1434,WPRT,data/empirical/pooled/pooled_five_2019_sessions_wprt,data/empirical/pooled/pooled_five_2019_sessions_wprt/hawkes_rates_wprt_pooled_five_2019_sessions.csv,26650.0,2.5592105841114869,0.0055472456087867009,8.358584139901124,25300,28000,100,200,0.10777777777777778,0.0,50,1,0.11301705547931779,1659.3186153846152,1509.2379059829059,0.94999999999999996,0.25,0.36419212403997098
1435,WRLD,data/empirical/pooled/pooled_five_2019_sessions_wrld,data/empirical/pooled/pooled_five_2019_sessions_wrld/hawkes_rates_wrld_pooled_five_2019_sessions.csv,803250.0,2.4683594853094739,0.063353134749348256,72.83166903725963,756500,850000,100,100,5.0742222222222226,0.0,50,86,0.60250127769593842,162.54466666666667,130.68617948717949,0.94999999999999996,0.25,0.0096468091552598823
1436,WRTC,data/empirical/pooled/pooled_five_2019_sessions_wrtc,data/empirical/pooled/pooled_five_2019_sessions_wrtc/hawkes_rates_wrtc_pooled_five_2019_sessions.csv,67500.0,4.7933186299089128,0.010282490704730972,20.349708056117809,64800,70200,100,962,0.18377777777777779,0.0,50,10,0.52122986822840411,586.06068376068379,405.84465811965811,0.94999999999999996,0.25,0.054854410483294959
1437,WSBC,data/empirical/pooled/pooled_five_2019_sessions_wsbc,data/empirical/pooled/pooled_five_2019_sessions_wsbc/hawkes_rates_wsbc_pooled_five_2019_sessions.csv,326450.0,2.47661300816412,0.056310098722167613,549.4665091043895,292700,360200,100,100,1.6602222222222223,0.0,50,8,0.40582848657344389,142.94892307692308,145.23960683760683,0.94999999999999996,0.25,0.42535994603367877
1438,WSBF,data/empirical/pooled/pooled_five_2019_sessions_wsbf,data/empirical/pooled/pooled_five_2019_sessions_wsbf/hawkes_rates_wsbf_pooled_five_2019_sessions.csv,177150.0,1.0256734335919533,0.013316808410615838,76.197103214246539,159000,195300,100,100,0.73022222222222222,0.0,50,4,0.29733500767406168,155.823547008547,165.91684615384617,0.94999999999999996,0.1222182091484173,0
1439,WSC,data/empirical/pooled/pooled_five_2019_sessions_wsc,data/empirical/pooled/pooled_five_2019_sessions_wsc/hawkes_rates_wsc_pooled_five_2019_sessions.csv,189200.0,2.0701099279944155,0.022667635369032865,324.66378206498348,173400,205000,100,1000,0.65266666666666662,0.0,50,2,0.16457960644007155,325.76900854700858,418.46165811965813,0.94999999999999996,0.1222182091484173,0
1440,WSFS,data/empirical/pooled/pooled_five_2019_sessions_wsfs,data/empirical/pooled/pooled_five_2019_sessions_wsfs/hawkes_rates_wsfs_pooled_five_2019_sessions.csv,406250.0,2.172825607581363,0.045916492157784525,466.68325900630521,405500,407000,100,71,1.8166666666666667,0.0,50,5,0.46761959214789406,177.27606837606839,136.49636752136752,0.94999999999999996,0.25,0.31472892968491073
1441,WTBA,data/empirical/pooled/pooled_five_2019_sessions_wtba,data/empirical/pooled/pooled_five_2019_sessions_wtba/hawkes_rates_wtba_pooled_five_2019_sessions.csv,226950.0,2.0921106319547169,0.010222659087995214,70.037163776379046,194300,259600,100,100,1.050888888888889,0.0,50,18,0.46741660201706747,185.20827350427351,158.33854700854701,0.94999999999999996,0.25,0.42535994603367877
1442,WTER,data/empirical/pooled/pooled_five_2019_sessions_wter,data/empirical/pooled/pooled_five_2019_sessions_wter/hawkes_rates_wter_pooled_five_2019_sessions.csv,14200.0,3.4630762902756764,0.0048463609555963929,9.6998454758289796,13100,15300,3500,100,0.07955555555555556,0.0,50,2,0.21697434667945337,1247.0482393162395,1313.1471623931625,0.94999999999999996,0.25,0.36419212403997098
1443,WTFC,data/empirical/pooled/pooled_five_2019_sessions_wtfc,data/empirical/pooled/pooled_five_2019_sessions_wtfc/hawkes_rates_wtfc_pooled_five_2019_sessions.csv,638300.0,1.8519232962680243,0.12057780247019104,126.77204802012237,579500,697100,1200,100,2.9773333333333332,0.0,50,9,0.54289984081088982,125.09318803418803,124.78382051282051,0.94999999999999996,0.25,0.31472892968491073
1444,WWD,data/empirical/pooled/pooled_five_2019_sessions_wwd,data/empirical/pooled/pooled_five_2019_sessions_wwd/hawkes_rates_wwd_pooled_five_2019_sessions.csv,1193300.0,1.4282371059744607,0.10273088593529638,139.15784755948204,1150000,1236600,100,100,5.0648888888888886,0.0,50,14,0.59981340118744697,128.11970085470085,117.00291452991453,0.94999999999999996,0.25,0.54198644623863046
1445,WYNN,data/empirical/pooled/pooled_five_2019_sessions_wynn,data/empirical/pooled/pooled_five_2019_sessions_wynn/hawkes_rates_wynn_pooled_five_2019_sessions.csv,1227050.0,1.5477740748915434,0.20346168639685452,65.107618383161821,1220600,1233500,100,300,5.3071111111111113,0.0,50,9,0.43745740954976942,140.79166666666669,164.62407692307693,0.94999999999999996,0.11621735476962097,0
1446,XBIO,data/empirical/pooled/pooled_five_2019_sessions_xbio,data/empirical/pooled/pooled_five_2019_sessions_xbio/hawkes_rates_xbio_pooled_five_2019_sessions.csv,15700.0,6.7714063176920556,0.0058207615710073072,21.849564499397417,14800,16600,500,100,0.08511111111111111,0.0,50,5,0.38827838827838829,1229.5888034188033,593.28115384615387,0.94999999999999996,0.25,0.36419212403997098
1447,XBIT,data/empirical/pooled/pooled_five_2019_sessions_xbit,data/empirical/pooled/pooled_five_2019_sessions_xbit/hawkes_rates_xbit_pooled_five_2019_sessions.csv,226000.0,3.4981694584206955,0.018462327449891021,30.267227007689215,224500,227500,15,1673,0.47444444444444445,0.0,50,7,0.41029946823397706,221.41077777777778,789.81846153846152,0.94999999999999996,0.25,0.054854410483294959
1448,XEL,data/empirical/pooled/pooled_five_2019_sessions_xel,data/empirical/pooled/pooled_five_2019_sessions_xel/hawkes_rates_xel_pooled_five_2019_sessions.csv,672350.0,0.82263650106467301,0.13080046155818625,17.174449133858143,664700,680000,200,12,2.7095555555555557,0.0,50,1,0.063394380769385805,479.16729914529913,602.42693162393164,0.94999999999999996,0.25,0.40263407090880049
1449,XELB,data/empirical/pooled/pooled_five_2019_sessions_xelb,data/empirical/pooled/pooled_five_2019_sessions_xelb/hawkes_rates_xelb_pooled_five_2019_sessions.csv,18700.0,7.0108764558763594,0.002085559211932134,14.838098246601939,14500,22900,100,100,0.067333333333333328,0.0,50,4,0.40183486238532112,1304.2604957264957,623.17073504273503,0.94999999999999996,0.25,0.36419212403997098
1450,XENE,data/empirical/pooled/pooled_five_2019_sessions_xene,data/empirical/pooled/pooled_five_2019_sessions_xene/hawkes_rates_xene_pooled_five_2019_sessions.csv,148150.0,3.2080731591260045,0.013855292961237659,17.308041836913688,144800,151500,100,2,0.42844444444444446,0.0,50,12,0.59844307492701909,547.58778632478629,131.16052136752137,0.94999999999999996,0.25,0.054854410483294959
1451,XENT,data/empirical/pooled/pooled_five_2019_sessions_xent,data/empirical/pooled/pooled_five_2019_sessions_xent/hawkes_rates_xent_pooled_five_2019_sessions.csv,246800.0,2.461119918537952,0.046155818624727549,55.341251685067782,235000,258600,700,270,1.1197777777777778,0.0,50,7,0.3989199103321785,170.81182905982908,146.57568376068375,0.94999999999999996,0.25,0.42535994603367877
1452,XERS,data/empirical/pooled/pooled_five_2019_sessions_xers,data/empirical/pooled/pooled_five_2019_sessions_xers/hawkes_rates_xers_pooled_five_2019_sessions.csv,58250.0,3.4092824069894099,0.01982990726099406,176.57232485465818,56700,59800,100,89,0.44644444444444442,0.0,50,11,0.41418574309097378,250.41092307692307,258.02478632478631,0.94999999999999996,0.25,0.054854410483294959
1453,XLNX,data/empirical/pooled/pooled_five_2019_sessions_xlnx,data/empirical/pooled/pooled_five_2019_sessions_xlnx/hawkes_rates_xlnx_pooled_five_2019_sessions.csv,870250.0,1.3061239638113977,0.25468609769648276,43.434874768653415,870200,870300,100,351,4.9442222222222219,0.0,50,4,0.41574519169887397,174.85108547008548,185.27286324786323,0.94999999999999996,0.11621735476962097,0
1454,XLRN,data/empirical/pooled/pooled_five_2019_sessions_xlrn,data/empirical/pooled/pooled_five_2019_sessions_xlrn/hawkes_rates_xlrn_pooled_five_2019_sessions.csv,791450.0,2.966171467312392,0.075704089918372575,59.397110937295857,785400,797500,100,33,1.9453333333333334,0.0,50,14,0.57552672680330219,106.08238461538463,107.49759829059829,0.94999999999999996,0.25,0.54198644623863046
1455,XNCR,data/empirical/pooled/pooled_five_2019_sessions_xncr,data/empirical/pooled/pooled_five_2019_sessions_xncr/hawkes_rates_xncr_pooled_five_2019_sessions.csv,342450.0,2.9090800498178275,0.063840335057053721,63.721838222774416,315100,369800,100,100,1.5860000000000001,0.0,50,12,0.45003574425760728,118.28008547008547,91.400256410256404,0.94999999999999996,0.25,0.42535994603367877
1456,XOG,data/empirical/pooled/pooled_five_2019_sessions_xog,data/empirical/pooled/pooled_five_2019_sessions_xog/hawkes_rates_xog_pooled_five_2019_sessions.csv,14050.0,3.1638212203386495,0.0096585324159152112,8.0997619907901015,13700,14400,10200,8500,0.156,0.0,150,1,0.022080526047050325,5365.9983760683763,6448.9834102564109,0.94999999999999996,0.25,0.14684855564149249
1457,XOMA,data/empirical/pooled/pooled_five_2019_sessions_xoma,data/empirical/pooled/pooled_five_2019_sessions_xoma/hawkes_rates_xoma_pooled_five_2019_sessions.csv,231200.0,3.3174248042645953,0.016872515919483737,24.247186113511603,192000,270400,100,100,0.84822222222222221,0.0,50,19,0.5892228540481993,117.17132478632479,224.41956410256412,0.94999999999999996,0.25,0.0096468091552598823
1458,XON,data/empirical/pooled/pooled_five_2019_sessions_xon,data/empirical/pooled/pooled_five_2019_sessions_xon/hawkes_rates_xon_pooled_five_2019_sessions.csv,51100.0,2.8124050538437002,0.028702081285525021,9.0417588030479461,50500,51700,8762,1027,0.26088888888888889,0.0,50,1,0.078824580561898144,705.5354615384615,633.82439316239311,0.94999999999999996,0.25,0.36419212403997098
1459,XONE,data/empirical/pooled/pooled_five_2019_sessions_xone,data/empirical/pooled/pooled_five_2019_sessions_xone/hawkes_rates_xone_pooled_five_2019_sessions.csv,70950.0,2.3838466922976349,0.013983503568528569,21.698949019718214,66000,75900,100,100,0.36666666666666664,0.0,50,7,0.5210274490052883,271.52091452991453,226.57059829059827,0.94999999999999996,0.25,0.054854410483294959
1460,XPER,data/empirical/pooled/pooled_five_2019_sessions_xper,data/empirical/pooled/pooled_five_2019_sessions_xper/hawkes_rates_xper_pooled_five_2019_sessions.csv,173750.0,1.811436638160298,0.036659686311380828,24.039594928727638,161500,186000,100,100,0.92777777777777781,0.0,50,4,0.24187292205393424,240.50563247863246,235.54971794871796,0.94999999999999996,0.25,0.31472892968491073
1461,XRAY,data/empirical/pooled/pooled_five_2019_sessions_xray,data/empirical/pooled/pooled_five_2019_sessions_xray/hawkes_rates_xray_pooled_five_2019_sessions.csv,584450.0,0.96433505025134281,0.088858498226419932,56.888915489020562,549400,619500,100,18,2.3642222222222222,0.0,50,2,0.1873824813768302,272.56514529914529,262.24061538461535,0.94999999999999996,0.25,0.31472892968491073
1462,YGYI,data/empirical/pooled/pooled_five_2019_sessions_ygyi,data/empirical/pooled/pooled_five_2019_sessions_ygyi/hawkes_rates_ygyi_pooled_five_2019_sessions.csv,15350.0,4.194164327487,0.011974870720970981,33.044604842657854,13700,17000,1800,200,0.21177777777777779,0.0,50,8,0.52254831782390843,423.051264957265,296.01863247863247,0.94999999999999996,0.25,0.054854410483294959
1463,YMAB,data/empirical/pooled/pooled_five_2019_sessions_ymab,data/empirical/pooled/pooled_five_2019_sessions_ymab/hawkes_rates_ymab_pooled_five_2019_sessions.csv,343750.0,4.9552093427538821,0.042514637377665712,49.034744273635411,313100,374400,100,100,1.056888888888889,0.0,50,23,0.53000297353553372,155.76015384615386,222.8206923076923,0.94999999999999996,0.25,0.0096468091552598823
1464,YORW,data/empirical/pooled/pooled_five_2019_sessions_yorw,data/empirical/pooled/pooled_five_2019_sessions_yorw/hawkes_rates_yorw_pooled_five_2019_sessions.csv,489500.0,2.0800566346362048,0.01190649173041583,95.392500684094998,435600,543400,100,100,1.6193333333333333,0.0,50,33,0.44953051643192488,139.01071794871797,134.35335897435897,0.94999999999999996,0.25,0.0096468091552598823
1465,YRCW,data/empirical/pooled/pooled_five_2019_sessions_yrcw,data/empirical/pooled/pooled_five_2019_sessions_yrcw/hawkes_rates_yrcw_pooled_five_2019_sessions.csv,23550.0,3.4989784881873551,0.020300012821060729,15.733690810451135,23100,24000,75,68,0.19466666666666665,0.0,50,1,0.10140973169622555,864.89884615384619,742.7000256410256,0.94999999999999996,0.25,0.36419212403997098
1466,Z,data/empirical/pooled/pooled_five_2019_sessions_z,data/empirical/pooled/pooled_five_2019_sessions_z/hawkes_rates_z_pooled_five_2019_sessions.csv,478500.0,2.0732594954656269,0.11872302235138255,55.176660750777444,457500,499500,1000,100,1.5766666666666667,0.0,50,3,0.21158657414137397,284.20335042735041,314.62790598290599,0.94999999999999996,0.25,0.40263407090880049
1467,ZAGG,data/empirical/pooled/pooled_five_2019_sessions_zagg,data/empirical/pooled/pooled_five_2019_sessions_zagg/hawkes_rates_zagg_pooled_five_2019_sessions.csv,80500.0,1.9218679757333175,0.025992563784777128,13.956220261084958,77800,83200,1700,150,0.34955555555555556,0.0,50,2,0.2453292637809841,308.24488034188033,357.20329059829061,0.94999999999999996,0.1222182091484173,0
1468,ZBRA,data/empirical/pooled/pooled_five_2019_sessions_zbra,data/empirical/pooled/pooled_five_2019_sessions_zbra/hawkes_rates_zbra_pooled_five_2019_sessions.csv,2403700.0,2.1141721237766435,0.1348433693747596,89.491837936435189,2300200,2507200,100,16,9.2128888888888891,0.0,38,31,0.46340574599144213,104.57922222222223,96.853854700854711,0.94999999999999996,0.25,0.54198644623863046
1469,ZEUS,data/empirical/pooled/pooled_five_2019_sessions_zeus,data/empirical/pooled/pooled_five_2019_sessions_zeus/hawkes_rates_zeus_pooled_five_2019_sessions.csv,138600.0,3.3865202761977224,0.04469421770161118,39.804983530590036,131400,145800,100,2,0.72733333333333339,0.0,50,11,0.59855656575124194,176.03903418803418,113.17658974358974,0.94999999999999996,0.25,0.054854410483294959
1470,ZG,data/empirical/pooled/pooled_five_2019_sessions_zg,data/empirical/pooled/pooled_five_2019_sessions_zg/hawkes_rates_zg_pooled_five_2019_sessions.csv,477150.0,2.0669571820891028,0.12467199452968077,37.986547524798524,456200,498100,200,100,1.542,0.0,50,4,0.31790275391259926,270.84567521367524,279.5056153846154,0.94999999999999996,0.25,0.31472892968491073
1471,ZGNX,data/empirical/pooled/pooled_five_2019_sessions_zgnx,data/empirical/pooled/pooled_five_2019_sessions_zgnx/hawkes_rates_zgnx_pooled_five_2019_sessions.csv,516800.0,2.9345157368152259,0.076439164066840454,169.85730364044593,482100,551500,700,700,2.1320000000000001,0.0,50,14,0.53321525885558585,141.91813675213675,120.60646153846153,0.94999999999999996,0.25,0.54198644623863046
1472,ZION,data/empirical/pooled/pooled_five_2019_sessions_zion,data/empirical/pooled/pooled_five_2019_sessions_zion/hawkes_rates_zion_pooled_five_2019_sessions.csv,470250.0,1.1353459568510436,0.15609214068977306,38.483340291000651,444300,496200,1600,3200,2.0948888888888888,0.0,50,1,0.082132095729574348,458.47282051282053,435.75819658119661,0.94999999999999996,0.25,0.40263407090880049
1473,ZIOP,data/empirical/pooled/pooled_five_2019_sessions_ziop,data/empirical/pooled/pooled_five_2019_sessions_ziop/hawkes_rates_ziop_pooled_five_2019_sessions.csv,42500.0,2.973756023690604,0.017419547843924955,13.123815632024167,40000,45000,4704,100,0.18755555555555556,0.0,50,1,0.049720001294791698,1663.3966837606836,2035.2439487179486,0.94999999999999996,0.25,0.14684855564149249
1474,ZIXI,data/empirical/pooled/pooled_five_2019_sessions_zixi,data/empirical/pooled/pooled_five_2019_sessions_zixi/hawkes_rates_zixi_pooled_five_2019_sessions.csv,66500.0,1.7327605455395207,0.016428052480875251,24.792521520160371,64800,68200,2400,560,0.30733333333333335,0.0,50,1,0.10355996498395098,559.39243589743592,606.48530769230763,0.94999999999999996,0.1222182091484173,0
1475,ZNGA,data/empirical/pooled/pooled_five_2019_sessions_znga,data/empirical/pooled/pooled_five_2019_sessions_znga/hawkes_rates_znga_pooled_five_2019_sessions.csv,60700.0,1.2612053680201445,0.0051797085345527587,1.9855671710295373,60600,60800,98,500,0.27155555555555555,0.0,350,1,0.0076562788124654247,28673.991675213678,32174.815547008544,0.94999999999999996,0.25,0.14684855564149249
1476,ZS,data/empirical/pooled/pooled_five_2019_sessions_zs,data/empirical/pooled/pooled_five_2019_sessions_zs/hawkes_rates_zs_pooled_five_2019_sessions.csv,564900.0,2.0012499691575871,0.1335869054233087,38.414257673728677,560000,569800,400,84,2.1226666666666665,0.0,50,7,0.39899821678043684,201.93662393162393,229.2593931623932,0.94999999999999996,0.25,0.31472892968491073
1477,ZSAN,data/empirical/pooled/pooled_five_2019_sessions_zsan,data/empirical/pooled/pooled_five_2019_sessions_zsan/hawkes_rates_zsan_pooled_five_2019_sessions.csv,12800.0,4.8096177434586469,0.006410530364545493,19.730173179123199,12400,13200,2000,4100,0.10955555555555556,0.0,50,4,0.3788778877887789,591.27759829059835,683.19296581196579,0.94999999999999996,0.25,0.36419212403997098
1478,ZUMZ,data/empirical/pooled/pooled_five_2019_sessions_zumz,data/empirical/pooled/pooled_five_2019_sessions_zumz/hawkes_rates_zumz_pooled_five_2019_sessions.csv,324150.0,1.9914677264798215,0.05933586905423309,66.991059647403645,308300,340000,600,200,1.1208888888888888,0.0,50,5,0.3271281897926635,184.51607692307692,205.38364957264957,0.94999999999999996,0.25,0.31472892968491073
1479,ZYNE,data/empirical/pooled/pooled_five_2019_sessions_zyne,data/empirical/pooled/pooled_five_2019_sessions_zyne/hawkes_rates_zyne_pooled_five_2019_sessions.csv,50050.0,4.3731375652126259,0.038642677037480234,18.785427905015574,50000,50100,1,1051,0.25733333333333336,0.0,50,3,0.36457202589152898,471.69346153846152,434.95803418803416,0.94999999999999996,0.25,0.36419212403997098
