symbol,enabled,value_threshold_bps,value_depth_participation,value_gap_elasticity,value_max_depth_participation,value_trigger_mode,value_maximum_news_rechecks,cluster_id,candidate_id
QQQ,1,5,0.20000000000000001,1,0.75,news_impulse,16,9,value_5bps_20pct_eta100_cap075_r16
AAL,1,5,0.20000000000000001,1,0.75,news_impulse,16,9,value_5bps_20pct_eta100_cap075_r16
AAOI,1,5,0.20000000000000001,1,0.75,news_impulse,16,5,value_5bps_20pct_eta100_cap075_r16
AAON,1,5,0.20000000000000001,1,0.75,news_impulse,2,2,value_5bps_20pct_eta100_cap075_r2
AAPL,1,5,0.20000000000000001,1,0.75,news_impulse,16,9,value_5bps_20pct_eta100_cap075_r16
AAWW,1,5,0.20000000000000001,1,0.75,news_impulse,8,3,value_5bps_20pct_eta100_cap075_r8
AAXN,1,5,0.20000000000000001,1,0.75,news_impulse,16,5,value_5bps_20pct_eta100_cap075_r16
ABCB,1,5,0.20000000000000001,1,0.75,news_impulse,16,5,value_5bps_20pct_eta100_cap075_r16
ABEO,1,5,0.20000000000000001,1,0.75,news_impulse,2,4,value_5bps_20pct_eta100_cap075_r2
ABMD,1,5,0.20000000000000001,1,0.75,news_impulse,2,2,value_5bps_20pct_eta100_cap075_r2
ABTX,1,5,0.20000000000000001,1,0.75,news_impulse,8,3,value_5bps_20pct_eta100_cap075_r8
ACAD,1,5,0.20000000000000001,1,0.75,news_impulse,16,5,value_5bps_20pct_eta100_cap075_r16
ACBI,1,5,0.20000000000000001,1,0.75,news_impulse,8,3,value_5bps_20pct_eta100_cap075_r8
ACER,1,10,0.20000000000000001,0,1,news_impulse,16,1,value_10bps_20pct_r16
ACGL,1,5,0.20000000000000001,1,0.75,news_impulse,16,5,value_5bps_20pct_eta100_cap075_r16
ACHC,1,5,0.20000000000000001,1,0.75,news_impulse,16,5,value_5bps_20pct_eta100_cap075_r16
ACIA,1,5,0.20000000000000001,1,0.75,news_impulse,16,5,value_5bps_20pct_eta100_cap075_r16
ACIU,1,5,0.20000000000000001,1,0.75,news_impulse,2,4,value_5bps_20pct_eta100_cap075_r2
ACIW,1,5,0.20000000000000001,1,0.75,news_impulse,16,5,value_5bps_20pct_eta100_cap075_r16
ACLS,1,5,0.20000000000000001,1,0.75,news_impulse,8,3,value_5bps_20pct_eta100_cap075_r8
ACMR,1,5,0.20000000000000001,1,0.75,news_impulse,8,3,value_5bps_20pct_eta100_cap075_r8
ACNB,1,5,0.20000000000000001,1,0.75,news_impulse,16,0,value_5bps_20pct_eta100_cap075_r16
ACOR,1,5,0.20000000000000001,1,0.75,news_impulse,2,4,value_5bps_20pct_eta100_cap075_r2
ACRS,1,5,0.20000000000000001,1,0.75,news_impulse,2,4,value_5bps_20pct_eta100_cap075_r2
ACRX,1,5,0.20000000000000001,1,0.75,news_impulse,2,8,value_5bps_20pct_eta100_cap075_r2
ACTG,1,5,0.050000000000000003,0.5,0.10000000000000001,news_impulse,16,6,value_5bps_5pct_eta050_cap010_r16
ADBE,1,5,0.20000000000000001,1,0.75,news_impulse,16,7,value_5bps_20pct_eta100_cap075_r16
ADES,1,5,0.050000000000000003,0.5,0.10000000000000001,news_impulse,16,6,value_5bps_5pct_eta050_cap010_r16
ADI,1,5,0.20000000000000001,1,0.75,news_impulse,16,7,value_5bps_20pct_eta100_cap075_r16
ADIL,1,5,0.20000000000000001,1,0.75,news_impulse,2,4,value_5bps_20pct_eta100_cap075_r2
ADMA,1,5,0.20000000000000001,1,0.75,news_impulse,2,4,value_5bps_20pct_eta100_cap075_r2
ADMS,1,5,0.20000000000000001,1,0.75,news_impulse,2,4,value_5bps_20pct_eta100_cap075_r2
ADP,1,5,0.20000000000000001,1,0.75,news_impulse,16,7,value_5bps_20pct_eta100_cap075_r16
ADSK,1,5,0.20000000000000001,1,0.75,news_impulse,16,7,value_5bps_20pct_eta100_cap075_r16
ADTN,1,5,0.050000000000000003,0.5,0.10000000000000001,news_impulse,16,6,value_5bps_5pct_eta050_cap010_r16
ADUS,1,5,0.20000000000000001,1,0.75,news_impulse,2,2,value_5bps_20pct_eta100_cap075_r2
ADVM,1,5,0.20000000000000001,1,0.75,news_impulse,8,3,value_5bps_20pct_eta100_cap075_r8
AEGN,1,5,0.20000000000000001,1,0.75,news_impulse,8,3,value_5bps_20pct_eta100_cap075_r8
AEIS,1,5,0.20000000000000001,1,0.75,news_impulse,2,2,value_5bps_20pct_eta100_cap075_r2
AERI,1,5,0.20000000000000001,1,0.75,news_impulse,8,3,value_5bps_20pct_eta100_cap075_r8
AFIN,1,5,0.050000000000000003,0.5,0.10000000000000001,news_impulse,16,6,value_5bps_5pct_eta050_cap010_r16
AFMD,1,5,0.20000000000000001,1,0.75,news_impulse,2,4,value_5bps_20pct_eta100_cap075_r2
AGEN,1,5,0.20000000000000001,1,0.75,news_impulse,2,8,value_5bps_20pct_eta100_cap075_r2
AGFS,1,5,0.20000000000000001,1,0.75,news_impulse,2,4,value_5bps_20pct_eta100_cap075_r2
AGIO,1,5,0.20000000000000001,1,0.75,news_impulse,2,2,value_5bps_20pct_eta100_cap075_r2
AGLE,1,10,0.20000000000000001,0,1,news_impulse,16,1,value_10bps_20pct_r16
AGNC,1,5,0.20000000000000001,1,0.75,news_impulse,2,8,value_5bps_20pct_eta100_cap075_r2
AGTC,1,5,0.20000000000000001,1,0.75,news_impulse,2,4,value_5bps_20pct_eta100_cap075_r2
AGYS,1,5,0.20000000000000001,1,0.75,news_impulse,8,3,value_5bps_20pct_eta100_cap075_r8
AIMC,1,5,0.20000000000000001,1,0.75,news_impulse,8,3,value_5bps_20pct_eta100_cap075_r8
AIMT,1,5,0.20000000000000001,1,0.75,news_impulse,16,5,value_5bps_20pct_eta100_cap075_r16
AINV,1,5,0.050000000000000003,0.5,0.10000000000000001,news_impulse,16,6,value_5bps_5pct_eta050_cap010_r16
AIRG,1,5,0.20000000000000001,1,0.75,news_impulse,8,3,value_5bps_20pct_eta100_cap075_r8
AKAM,1,5,0.20000000000000001,1,0.75,news_impulse,16,7,value_5bps_20pct_eta100_cap075_r16
AKBA,1,5,0.20000000000000001,1,0.75,news_impulse,2,4,value_5bps_20pct_eta100_cap075_r2
AKCA,1,10,0.20000000000000001,0,1,news_impulse,16,1,value_10bps_20pct_r16
AKRX,1,5,0.20000000000000001,1,0.75,news_impulse,2,8,value_5bps_20pct_eta100_cap075_r2
AKTS,1,5,0.20000000000000001,1,0.75,news_impulse,2,4,value_5bps_20pct_eta100_cap075_r2
ALBO,1,5,0.20000000000000001,1,0.75,news_impulse,16,0,value_5bps_20pct_eta100_cap075_r16
ALDX,1,10,0.20000000000000001,0,1,news_impulse,16,1,value_10bps_20pct_r16
ALGN,1,5,0.20000000000000001,1,0.75,news_impulse,2,2,value_5bps_20pct_eta100_cap075_r2
ALGT,1,5,0.20000000000000001,1,0.75,news_impulse,2,2,value_5bps_20pct_eta100_cap075_r2
ALLK,1,5,0.20000000000000001,1,0.75,news_impulse,16,0,value_5bps_20pct_eta100_cap075_r16
ALLO,1,5,0.20000000000000001,1,0.75,news_impulse,8,3,value_5bps_20pct_eta100_cap075_r8
ALNY,1,5,0.20000000000000001,1,0.75,news_impulse,2,2,value_5bps_20pct_eta100_cap075_r2
ALRM,1,5,0.20000000000000001,1,0.75,news_impulse,16,5,value_5bps_20pct_eta100_cap075_r16
ALSK,1,5,0.20000000000000001,1,0.75,news_impulse,2,8,value_5bps_20pct_eta100_cap075_r2
ALT,1,5,0.20000000000000001,1,0.75,news_impulse,2,4,value_5bps_20pct_eta100_cap075_r2
ALTM,1,5,0.20000000000000001,1,0.75,news_impulse,2,4,value_5bps_20pct_eta100_cap075_r2
ALTR,1,5,0.20000000000000001,1,0.75,news_impulse,8,3,value_5bps_20pct_eta100_cap075_r8
ALXN,1,5,0.20000000000000001,1,0.75,news_impulse,16,7,value_5bps_20pct_eta100_cap075_r16
AMAG,1,10,0.20000000000000001,0,1,news_impulse,16,1,value_10bps_20pct_r16
AMAL,1,5,0.20000000000000001,1,0.75,news_impulse,16,0,value_5bps_20pct_eta100_cap075_r16
AMAT,1,5,0.20000000000000001,1,0.75,news_impulse,16,9,value_5bps_20pct_eta100_cap075_r16
AMBC,1,5,0.050000000000000003,0.5,0.10000000000000001,news_impulse,16,6,value_5bps_5pct_eta050_cap010_r16
AMCX,1,5,0.20000000000000001,1,0.75,news_impulse,16,5,value_5bps_20pct_eta100_cap075_r16
AMD,1,5,0.20000000000000001,1,0.75,news_impulse,16,9,value_5bps_20pct_eta100_cap075_r16
AMED,1,5,0.20000000000000001,1,0.75,news_impulse,2,2,value_5bps_20pct_eta100_cap075_r2
AMEH,1,5,0.20000000000000001,1,0.75,news_impulse,8,3,value_5bps_20pct_eta100_cap075_r8
AMGN,1,5,0.20000000000000001,1,0.75,news_impulse,16,7,value_5bps_20pct_eta100_cap075_r16
AMKR,1,5,0.20000000000000001,1,0.75,news_impulse,2,8,value_5bps_20pct_eta100_cap075_r2
AMOT,1,5,0.20000000000000001,1,0.75,news_impulse,16,0,value_5bps_20pct_eta100_cap075_r16
AMPH,1,5,0.20000000000000001,1,0.75,news_impulse,8,3,value_5bps_20pct_eta100_cap075_r8
AMSC,1,10,0.20000000000000001,0,1,news_impulse,16,1,value_10bps_20pct_r16
AMSF,1,5,0.20000000000000001,1,0.75,news_impulse,2,2,value_5bps_20pct_eta100_cap075_r2
AMSWA,1,5,0.20000000000000001,1,0.75,news_impulse,8,3,value_5bps_20pct_eta100_cap075_r8
AMTB,1,5,0.20000000000000001,1,0.75,news_impulse,8,3,value_5bps_20pct_eta100_cap075_r8
AMTD,1,5,0.20000000000000001,1,0.75,news_impulse,16,9,value_5bps_20pct_eta100_cap075_r16
AMWD,1,5,0.20000000000000001,1,0.75,news_impulse,2,2,value_5bps_20pct_eta100_cap075_r2
AMZN,1,5,0.20000000000000001,1,0.75,news_impulse,16,7,value_5bps_20pct_eta100_cap075_r16
ANAB,1,5,0.20000000000000001,1,0.75,news_impulse,16,0,value_5bps_20pct_eta100_cap075_r16
ANAT,1,5,0.20000000000000001,1,0.75,news_impulse,16,0,value_5bps_20pct_eta100_cap075_r16
ANDE,1,5,0.20000000000000001,1,0.75,news_impulse,8,3,value_5bps_20pct_eta100_cap075_r8
ANGI,1,5,0.050000000000000003,0.5,0.10000000000000001,news_impulse,16,6,value_5bps_5pct_eta050_cap010_r16
ANGO,1,5,0.20000000000000001,1,0.75,news_impulse,8,3,value_5bps_20pct_eta100_cap075_r8
ANIK,1,5,0.20000000000000001,1,0.75,news_impulse,2,2,value_5bps_20pct_eta100_cap075_r2
ANIP,1,5,0.20000000000000001,1,0.75,news_impulse,16,0,value_5bps_20pct_eta100_cap075_r16
ANIX,1,10,0.20000000000000001,0,1,news_impulse,16,1,value_10bps_20pct_r16
ANSS,1,5,0.20000000000000001,1,0.75,news_impulse,16,7,value_5bps_20pct_eta100_cap075_r16
AOBC,1,5,0.050000000000000003,0.5,0.10000000000000001,news_impulse,16,6,value_5bps_5pct_eta050_cap010_r16
AOSL,1,5,0.20000000000000001,1,0.75,news_impulse,8,3,value_5bps_20pct_eta100_cap075_r8
APEI,1,5,0.20000000000000001,1,0.75,news_impulse,8,3,value_5bps_20pct_eta100_cap075_r8
APLS,1,5,0.20000000000000001,1,0.75,news_impulse,8,3,value_5bps_20pct_eta100_cap075_r8
APOG,1,5,0.20000000000000001,1,0.75,news_impulse,8,3,value_5bps_20pct_eta100_cap075_r8
APPF,1,5,0.20000000000000001,1,0.75,news_impulse,2,2,value_5bps_20pct_eta100_cap075_r2
APPN,1,5,0.20000000000000001,1,0.75,news_impulse,16,5,value_5bps_20pct_eta100_cap075_r16
APPS,1,5,0.20000000000000001,1,0.75,news_impulse,2,8,value_5bps_20pct_eta100_cap075_r2
APTO,1,5,0.20000000000000001,1,0.75,news_impulse,2,4,value_5bps_20pct_eta100_cap075_r2
APTX,1,5,0.20000000000000001,1,0.75,news_impulse,2,4,value_5bps_20pct_eta100_cap075_r2
APYX,1,10,0.20000000000000001,0,1,news_impulse,16,1,value_10bps_20pct_r16
AQST,1,10,0.20000000000000001,0,1,news_impulse,16,1,value_10bps_20pct_r16
ARAY,1,5,0.20000000000000001,1,0.75,news_impulse,2,8,value_5bps_20pct_eta100_cap075_r2
ARCB,1,5,0.20000000000000001,1,0.75,news_impulse,8,3,value_5bps_20pct_eta100_cap075_r8
ARCC,1,5,0.20000000000000001,1,0.75,news_impulse,2,8,value_5bps_20pct_eta100_cap075_r2
ARCE,1,5,0.20000000000000001,1,0.75,news_impulse,16,0,value_5bps_20pct_eta100_cap075_r16
ARDX,1,5,0.20000000000000001,1,0.75,news_impulse,2,4,value_5bps_20pct_eta100_cap075_r2
ARNA,1,5,0.20000000000000001,1,0.75,news_impulse,2,2,value_5bps_20pct_eta100_cap075_r2
AROW,1,5,0.20000000000000001,1,0.75,news_impulse,16,0,value_5bps_20pct_eta100_cap075_r16
ARTNA,1,5,0.20000000000000001,1,0.75,news_impulse,16,0,value_5bps_20pct_eta100_cap075_r16
ARVN,1,5,0.20000000000000001,1,0.75,news_impulse,16,0,value_5bps_20pct_eta100_cap075_r16
ARWR,1,5,0.20000000000000001,1,0.75,news_impulse,16,5,value_5bps_20pct_eta100_cap075_r16
ASMB,1,10,0.20000000000000001,0,1,news_impulse,16,1,value_10bps_20pct_r16
ASPS,1,10,0.20000000000000001,0,1,news_impulse,16,1,value_10bps_20pct_r16
ASTE,1,5,0.20000000000000001,1,0.75,news_impulse,8,3,value_5bps_20pct_eta100_cap075_r8
ASUR,1,5,0.050000000000000003,0.5,0.10000000000000001,news_impulse,16,6,value_5bps_5pct_eta050_cap010_r16
ASYS,1,5,0.050000000000000003,0.5,0.10000000000000001,news_impulse,16,6,value_5bps_5pct_eta050_cap010_r16
ATEC,1,5,0.20000000000000001,1,0.75,news_impulse,2,4,value_5bps_20pct_eta100_cap075_r2
ATHX,1,5,0.20000000000000001,1,0.75,news_impulse,2,8,value_5bps_20pct_eta100_cap075_r2
ATLC,1,10,0.20000000000000001,0,1,news_impulse,16,1,value_10bps_20pct_r16
ATLO,1,5,0.20000000000000001,1,0.75,news_impulse,16,0,value_5bps_20pct_eta100_cap075_r16
ATNI,1,5,0.20000000000000001,1,0.75,news_impulse,16,0,value_5bps_20pct_eta100_cap075_r16
ATNX,1,5,0.20000000000000001,1,0.75,news_impulse,8,3,value_5bps_20pct_eta100_cap075_r8
ATOM,1,10,0.20000000000000001,0,1,news_impulse,16,1,value_10bps_20pct_r16
ATOS,1,5,0.20000000000000001,1,0.75,news_impulse,2,4,value_5bps_20pct_eta100_cap075_r2
ATRA,1,5,0.20000000000000001,1,0.75,news_impulse,8,3,value_5bps_20pct_eta100_cap075_r8
ATRC,1,5,0.20000000000000001,1,0.75,news_impulse,8,3,value_5bps_20pct_eta100_cap075_r8
ATRI,1,5,0.20000000000000001,1,0.75,news_impulse,16,0,value_5bps_20pct_eta100_cap075_r16
ATRO,1,5,0.20000000000000001,1,0.75,news_impulse,8,3,value_5bps_20pct_eta100_cap075_r8
ATRS,1,5,0.20000000000000001,1,0.75,news_impulse,2,8,value_5bps_20pct_eta100_cap075_r2
ATSG,1,5,0.20000000000000001,1,0.75,news_impulse,8,3,value_5bps_20pct_eta100_cap075_r8
ATVI,1,5,0.20000000000000001,1,0.75,news_impulse,16,9,value_5bps_20pct_eta100_cap075_r16
AUPH,1,5,0.050000000000000003,0.5,0.10000000000000001,news_impulse,16,6,value_5bps_5pct_eta050_cap010_r16
AUTO,1,5,0.20000000000000001,1,0.75,news_impulse,2,4,value_5bps_20pct_eta100_cap075_r2
AVAV,1,5,0.20000000000000001,1,0.75,news_impulse,2,2,value_5bps_20pct_eta100_cap075_r2
AVCO,1,5,0.20000000000000001,1,0.75,news_impulse,2,4,value_5bps_20pct_eta100_cap075_r2
AVGO,1,5,0.20000000000000001,1,0.75,news_impulse,16,7,value_5bps_20pct_eta100_cap075_r16
AVID,1,5,0.050000000000000003,0.5,0.10000000000000001,news_impulse,16,6,value_5bps_5pct_eta050_cap010_r16
AVRO,1,10,0.20000000000000001,0,1,news_impulse,16,1,value_10bps_20pct_r16
AVT,1,5,0.20000000000000001,1,0.75,news_impulse,16,5,value_5bps_20pct_eta100_cap075_r16
AVXL,1,5,0.20000000000000001,1,0.75,news_impulse,2,4,value_5bps_20pct_eta100_cap075_r2
AXDX,1,5,0.20000000000000001,1,0.75,news_impulse,8,3,value_5bps_20pct_eta100_cap075_r8
AXGN,1,5,0.20000000000000001,1,0.75,news_impulse,8,3,value_5bps_20pct_eta100_cap075_r8
AXNX,1,5,0.20000000000000001,1,0.75,news_impulse,16,0,value_5bps_20pct_eta100_cap075_r16
AXSM,1,5,0.20000000000000001,1,0.75,news_impulse,2,2,value_5bps_20pct_eta100_cap075_r2
AXTI,1,5,0.050000000000000003,0.5,0.10000000000000001,news_impulse,16,6,value_5bps_5pct_eta050_cap010_r16
AZPN,1,5,0.20000000000000001,1,0.75,news_impulse,2,2,value_5bps_20pct_eta100_cap075_r2
BAND,1,5,0.20000000000000001,1,0.75,news_impulse,2,2,value_5bps_20pct_eta100_cap075_r2
BANF,1,5,0.20000000000000001,1,0.75,news_impulse,16,0,value_5bps_20pct_eta100_cap075_r16
BANR,1,5,0.20000000000000001,1,0.75,news_impulse,2,2,value_5bps_20pct_eta100_cap075_r2
BATRA,1,5,0.20000000000000001,1,0.75,news_impulse,8,3,value_5bps_20pct_eta100_cap075_r8
BATRK,1,5,0.20000000000000001,1,0.75,news_impulse,16,5,value_5bps_20pct_eta100_cap075_r16
BBBY,1,5,0.20000000000000001,1,0.75,news_impulse,16,9,value_5bps_20pct_eta100_cap075_r16
BBGI,1,5,0.20000000000000001,1,0.75,news_impulse,2,4,value_5bps_20pct_eta100_cap075_r2
BBSI,1,5,0.20000000000000001,1,0.75,news_impulse,16,0,value_5bps_20pct_eta100_cap075_r16
BCBP,1,10,0.20000000000000001,0,1,news_impulse,16,1,value_10bps_20pct_r16
BCLI,1,5,0.050000000000000003,0.5,0.10000000000000001,news_impulse,16,6,value_5bps_5pct_eta050_cap010_r16
BCML,1,5,0.20000000000000001,1,0.75,news_impulse,16,0,value_5bps_20pct_eta100_cap075_r16
BCOR,1,5,0.20000000000000001,1,0.75,news_impulse,16,5,value_5bps_20pct_eta100_cap075_r16
BCOV,1,5,0.050000000000000003,0.5,0.10000000000000001,news_impulse,16,6,value_5bps_5pct_eta050_cap010_r16
BCPC,1,5,0.20000000000000001,1,0.75,news_impulse,2,2,value_5bps_20pct_eta100_cap075_r2
BCRX,1,5,0.20000000000000001,1,0.75,news_impulse,2,8,value_5bps_20pct_eta100_cap075_r2
BDGE,1,5,0.20000000000000001,1,0.75,news_impulse,16,0,value_5bps_20pct_eta100_cap075_r16
BDSI,1,5,0.20000000000000001,1,0.75,news_impulse,2,8,value_5bps_20pct_eta100_cap075_r2
BEAT,1,5,0.20000000000000001,1,0.75,news_impulse,2,2,value_5bps_20pct_eta100_cap075_r2
BECN,1,5,0.20000000000000001,1,0.75,news_impulse,16,5,value_5bps_20pct_eta100_cap075_r16
BELFB,1,5,0.20000000000000001,1,0.75,news_impulse,16,0,value_5bps_20pct_eta100_cap075_r16
BFIN,1,5,0.20000000000000001,1,0.75,news_impulse,8,3,value_5bps_20pct_eta100_cap075_r8
BFST,1,5,0.20000000000000001,1,0.75,news_impulse,16,0,value_5bps_20pct_eta100_cap075_r16
BGCP,1,5,0.20000000000000001,1,0.75,news_impulse,2,8,value_5bps_20pct_eta100_cap075_r2
BGFV,1,5,0.20000000000000001,1,0.75,news_impulse,2,4,value_5bps_20pct_eta100_cap075_r2
BHF,1,5,0.20000000000000001,1,0.75,news_impulse,16,5,value_5bps_20pct_eta100_cap075_r16
BIIB,1,5,0.20000000000000001,1,0.75,news_impulse,16,7,value_5bps_20pct_eta100_cap075_r16
BIOS,1,5,0.20000000000000001,1,0.75,news_impulse,2,8,value_5bps_20pct_eta100_cap075_r2
BJRI,1,5,0.20000000000000001,1,0.75,news_impulse,16,5,value_5bps_20pct_eta100_cap075_r16
BKCC,1,5,0.050000000000000003,0.5,0.10000000000000001,news_impulse,16,6,value_5bps_5pct_eta050_cap010_r16
BKNG,1,5,0.20000000000000001,1,0.75,news_impulse,16,7,value_5bps_20pct_eta100_cap075_r16
BL,1,5,0.20000000000000001,1,0.75,news_impulse,2,2,value_5bps_20pct_eta100_cap075_r2
BLBD,1,5,0.20000000000000001,1,0.75,news_impulse,8,3,value_5bps_20pct_eta100_cap075_r8
BLDP,1,5,0.20000000000000001,1,0.75,news_impulse,2,8,value_5bps_20pct_eta100_cap075_r2
BLDR,1,5,0.20000000000000001,1,0.75,news_impulse,16,5,value_5bps_20pct_eta100_cap075_r16
BLFS,1,5,0.20000000000000001,1,0.75,news_impulse,8,3,value_5bps_20pct_eta100_cap075_r8
BLKB,1,5,0.20000000000000001,1,0.75,news_impulse,2,2,value_5bps_20pct_eta100_cap075_r2
BLMN,1,5,0.20000000000000001,1,0.75,news_impulse,16,5,value_5bps_20pct_eta100_cap075_r16
BLNK,1,5,0.20000000000000001,1,0.75,news_impulse,2,4,value_5bps_20pct_eta100_cap075_r2
BLUE,1,5,0.20000000000000001,1,0.75,news_impulse,2,2,value_5bps_20pct_eta100_cap075_r2
BMCH,1,5,0.20000000000000001,1,0.75,news_impulse,16,5,value_5bps_20pct_eta100_cap075_r16
BMRC,1,5,0.20000000000000001,1,0.75,news_impulse,16,0,value_5bps_20pct_eta100_cap075_r16
BMRN,1,5,0.20000000000000001,1,0.75,news_impulse,16,7,value_5bps_20pct_eta100_cap075_r16
BMTC,1,5,0.20000000000000001,1,0.75,news_impulse,8,3,value_5bps_20pct_eta100_cap075_r8
BNFT,1,5,0.20000000000000001,1,0.75,news_impulse,8,3,value_5bps_20pct_eta100_cap075_r8
BOCH,1,10,0.20000000000000001,0,1,news_impulse,16,1,value_10bps_20pct_r16
BOKF,1,5,0.20000000000000001,1,0.75,news_impulse,2,2,value_5bps_20pct_eta100_cap075_r2
BOMN,1,5,0.20000000000000001,1,0.75,news_impulse,16,0,value_5bps_20pct_eta100_cap075_r16
BOOM,1,5,0.20000000000000001,1,0.75,news_impulse,2,2,value_5bps_20pct_eta100_cap075_r2
BOXL,1,5,0.20000000000000001,1,0.75,news_impulse,2,4,value_5bps_20pct_eta100_cap075_r2
BPFH,1,5,0.050000000000000003,0.5,0.10000000000000001,news_impulse,16,6,value_5bps_5pct_eta050_cap010_r16
BPMC,1,5,0.20000000000000001,1,0.75,news_impulse,2,2,value_5bps_20pct_eta100_cap075_r2
BPOP,1,5,0.20000000000000001,1,0.75,news_impulse,16,5,value_5bps_20pct_eta100_cap075_r16
BPR,1,5,0.050000000000000003,0.5,0.10000000000000001,news_impulse,16,6,value_5bps_5pct_eta050_cap010_r16
BREW,1,5,0.20000000000000001,1,0.75,news_impulse,8,3,value_5bps_20pct_eta100_cap075_r8
BRKL,1,5,0.050000000000000003,0.5,0.10000000000000001,news_impulse,16,6,value_5bps_5pct_eta050_cap010_r16
BRKR,1,5,0.20000000000000001,1,0.75,news_impulse,16,5,value_5bps_20pct_eta100_cap075_r16
BRKS,1,5,0.20000000000000001,1,0.75,news_impulse,16,5,value_5bps_20pct_eta100_cap075_r16
BRY,1,10,0.20000000000000001,0,1,news_impulse,16,1,value_10bps_20pct_r16
BSET,1,5,0.20000000000000001,1,0.75,news_impulse,8,3,value_5bps_20pct_eta100_cap075_r8
BSGM,1,10,0.20000000000000001,0,1,news_impulse,16,1,value_10bps_20pct_r16
BSRR,1,5,0.20000000000000001,1,0.75,news_impulse,8,3,value_5bps_20pct_eta100_cap075_r8
BUSE,1,5,0.20000000000000001,1,0.75,news_impulse,8,3,value_5bps_20pct_eta100_cap075_r8
BWB,1,5,0.20000000000000001,1,0.75,news_impulse,8,3,value_5bps_20pct_eta100_cap075_r8
BWEN,1,5,0.20000000000000001,1,0.75,news_impulse,2,4,value_5bps_20pct_eta100_cap075_r2
CAAS,1,5,0.20000000000000001,1,0.75,news_impulse,2,4,value_5bps_20pct_eta100_cap075_r2
CAC,1,5,0.20000000000000001,1,0.75,news_impulse,16,0,value_5bps_20pct_eta100_cap075_r16
CACC,1,5,0.20000000000000001,1,0.75,news_impulse,16,0,value_5bps_20pct_eta100_cap075_r16
CAKE,1,5,0.20000000000000001,1,0.75,news_impulse,16,5,value_5bps_20pct_eta100_cap075_r16
CALA,1,5,0.20000000000000001,1,0.75,news_impulse,2,4,value_5bps_20pct_eta100_cap075_r2
CALM,1,5,0.20000000000000001,1,0.75,news_impulse,16,5,value_5bps_20pct_eta100_cap075_r16
CAMP,1,5,0.050000000000000003,0.5,0.10000000000000001,news_impulse,16,6,value_5bps_5pct_eta050_cap010_r16
CAR,1,5,0.20000000000000001,1,0.75,news_impulse,16,5,value_5bps_20pct_eta100_cap075_r16
CARA,1,5,0.20000000000000001,1,0.75,news_impulse,8,3,value_5bps_20pct_eta100_cap075_r8
CARG,1,5,0.20000000000000001,1,0.75,news_impulse,16,5,value_5bps_20pct_eta100_cap075_r16
CARO,1,5,0.20000000000000001,1,0.75,news_impulse,8,3,value_5bps_20pct_eta100_cap075_r8
CASA,1,5,0.20000000000000001,1,0.75,news_impulse,2,4,value_5bps_20pct_eta100_cap075_r2
CASH,1,5,0.20000000000000001,1,0.75,news_impulse,16,5,value_5bps_20pct_eta100_cap075_r16
CASI,1,5,0.20000000000000001,1,0.75,news_impulse,2,4,value_5bps_20pct_eta100_cap075_r2
CASS,1,5,0.20000000000000001,1,0.75,news_impulse,16,0,value_5bps_20pct_eta100_cap075_r16
CASY,1,5,0.20000000000000001,1,0.75,news_impulse,2,2,value_5bps_20pct_eta100_cap075_r2
CATB,1,10,0.20000000000000001,0,1,news_impulse,16,1,value_10bps_20pct_r16
CATS,1,10,0.20000000000000001,0,1,news_impulse,16,1,value_10bps_20pct_r16
CATY,1,5,0.20000000000000001,1,0.75,news_impulse,16,5,value_5bps_20pct_eta100_cap075_r16
CBAY,1,5,0.20000000000000001,1,0.75,news_impulse,2,4,value_5bps_20pct_eta100_cap075_r2
CBIO,1,10,0.20000000000000001,0,1,news_impulse,16,1,value_10bps_20pct_r16
CBMG,1,5,0.20000000000000001,1,0.75,news_impulse,8,3,value_5bps_20pct_eta100_cap075_r8
CBRL,1,5,0.20000000000000001,1,0.75,news_impulse,16,7,value_5bps_20pct_eta100_cap075_r16
CBSH,1,5,0.20000000000000001,1,0.75,news_impulse,16,5,value_5bps_20pct_eta100_cap075_r16
CBTX,1,5,0.20000000000000001,1,0.75,news_impulse,16,0,value_5bps_20pct_eta100_cap075_r16
CCBG,1,5,0.20000000000000001,1,0.75,news_impulse,8,3,value_5bps_20pct_eta100_cap075_r8
CCD,1,5,0.050000000000000003,0.5,0.10000000000000001,news_impulse,16,6,value_5bps_5pct_eta050_cap010_r16
CCMP,1,5,0.20000000000000001,1,0.75,news_impulse,2,2,value_5bps_20pct_eta100_cap075_r2
CCNE,1,5,0.20000000000000001,1,0.75,news_impulse,16,0,value_5bps_20pct_eta100_cap075_r16
CCOI,1,5,0.20000000000000001,1,0.75,news_impulse,2,2,value_5bps_20pct_eta100_cap075_r2
CCRN,1,5,0.050000000000000003,0.5,0.10000000000000001,news_impulse,16,6,value_5bps_5pct_eta050_cap010_r16
CCXI,1,5,0.20000000000000001,1,0.75,news_impulse,8,3,value_5bps_20pct_eta100_cap075_r8
CDK,1,5,0.20000000000000001,1,0.75,news_impulse,16,5,value_5bps_20pct_eta100_cap075_r16
CDLX,1,5,0.20000000000000001,1,0.75,news_impulse,2,2,value_5bps_20pct_eta100_cap075_r2
CDMO,1,5,0.20000000000000001,1,0.75,news_impulse,2,4,value_5bps_20pct_eta100_cap075_r2
CDNA,1,5,0.20000000000000001,1,0.75,news_impulse,8,3,value_5bps_20pct_eta100_cap075_r8
CDNS,1,5,0.20000000000000001,1,0.75,news_impulse,16,7,value_5bps_20pct_eta100_cap075_r16
CDTX,1,5,0.20000000000000001,1,0.75,news_impulse,2,4,value_5bps_20pct_eta100_cap075_r2
CDW,1,5,0.20000000000000001,1,0.75,news_impulse,16,7,value_5bps_20pct_eta100_cap075_r16
CDXC,1,5,0.20000000000000001,1,0.75,news_impulse,2,4,value_5bps_20pct_eta100_cap075_r2
CDXS,1,5,0.050000000000000003,0.5,0.10000000000000001,news_impulse,16,6,value_5bps_5pct_eta050_cap010_r16
CDZI,1,5,0.20000000000000001,1,0.75,news_impulse,8,3,value_5bps_20pct_eta100_cap075_r8
CECE,1,5,0.050000000000000003,0.5,0.10000000000000001,news_impulse,16,6,value_5bps_5pct_eta050_cap010_r16
CEMI,1,10,0.20000000000000001,0,1,news_impulse,16,1,value_10bps_20pct_r16
CENT,1,5,0.20000000000000001,1,0.75,news_impulse,8,3,value_5bps_20pct_eta100_cap075_r8
CENTA,1,5,0.20000000000000001,1,0.75,news_impulse,16,5,value_5bps_20pct_eta100_cap075_r16
CENX,1,5,0.20000000000000001,1,0.75,news_impulse,2,8,value_5bps_20pct_eta100_cap075_r2
CERN,1,5,0.20000000000000001,1,0.75,news_impulse,16,9,value_5bps_20pct_eta100_cap075_r16
CERS,1,5,0.20000000000000001,1,0.75,news_impulse,2,8,value_5bps_20pct_eta100_cap075_r2
CETV,1,5,0.20000000000000001,1,0.75,news_impulse,2,8,value_5bps_20pct_eta100_cap075_r2
CEVA,1,5,0.20000000000000001,1,0.75,news_impulse,8,3,value_5bps_20pct_eta100_cap075_r8
CFFN,1,5,0.050000000000000003,0.5,0.10000000000000001,news_impulse,16,6,value_5bps_5pct_eta050_cap010_r16
CGBD,1,5,0.050000000000000003,0.5,0.10000000000000001,news_impulse,16,6,value_5bps_5pct_eta050_cap010_r16
CGNX,1,5,0.20000000000000001,1,0.75,news_impulse,16,5,value_5bps_20pct_eta100_cap075_r16
CHCO,1,5,0.20000000000000001,1,0.75,news_impulse,2,2,value_5bps_20pct_eta100_cap075_r2
CHDN,1,5,0.20000000000000001,1,0.75,news_impulse,2,2,value_5bps_20pct_eta100_cap075_r2
CHEF,1,5,0.20000000000000001,1,0.75,news_impulse,8,3,value_5bps_20pct_eta100_cap075_r8
CHI,1,5,0.050000000000000003,0.5,0.10000000000000001,news_impulse,16,6,value_5bps_5pct_eta050_cap010_r16
CHMA,1,5,0.20000000000000001,1,0.75,news_impulse,2,4,value_5bps_20pct_eta100_cap075_r2
CHRS,1,5,0.20000000000000001,1,0.75,news_impulse,8,3,value_5bps_20pct_eta100_cap075_r8
CHRW,1,5,0.20000000000000001,1,0.75,news_impulse,16,5,value_5bps_20pct_eta100_cap075_r16
CHTR,1,5,0.20000000000000001,1,0.75,news_impulse,16,7,value_5bps_20pct_eta100_cap075_r16
CHUY,1,5,0.20000000000000001,1,0.75,news_impulse,8,3,value_5bps_20pct_eta100_cap075_r8
CHW,1,5,0.050000000000000003,0.5,0.10000000000000001,news_impulse,16,6,value_5bps_5pct_eta050_cap010_r16
CHY,1,5,0.050000000000000003,0.5,0.10000000000000001,news_impulse,16,6,value_5bps_5pct_eta050_cap010_r16
CIGI,1,5,0.20000000000000001,1,0.75,news_impulse,2,2,value_5bps_20pct_eta100_cap075_r2
CINF,1,5,0.20000000000000001,1,0.75,news_impulse,16,7,value_5bps_20pct_eta100_cap075_r16
CIVB,1,5,0.20000000000000001,1,0.75,news_impulse,8,3,value_5bps_20pct_eta100_cap075_r8
CJJD,1,5,0.20000000000000001,1,0.75,news_impulse,2,8,value_5bps_20pct_eta100_cap075_r2
CKPT,1,5,0.20000000000000001,1,0.75,news_impulse,2,4,value_5bps_20pct_eta100_cap075_r2
CLAR,1,5,0.20000000000000001,1,0.75,news_impulse,8,3,value_5bps_20pct_eta100_cap075_r8
CLBK,1,5,0.050000000000000003,0.5,0.10000000000000001,news_impulse,16,6,value_5bps_5pct_eta050_cap010_r16
CLCT,1,5,0.20000000000000001,1,0.75,news_impulse,8,3,value_5bps_20pct_eta100_cap075_r8
CLNE,1,5,0.20000000000000001,1,0.75,news_impulse,2,8,value_5bps_20pct_eta100_cap075_r2
CLPS,1,10,0.20000000000000001,0,1,news_impulse,16,1,value_10bps_20pct_r16
CLSN,1,5,0.20000000000000001,1,0.75,news_impulse,2,4,value_5bps_20pct_eta100_cap075_r2
CLUB,1,5,0.20000000000000001,1,0.75,news_impulse,2,4,value_5bps_20pct_eta100_cap075_r2
CLVS,1,5,0.20000000000000001,1,0.75,news_impulse,2,8,value_5bps_20pct_eta100_cap075_r2
CLXT,1,10,0.20000000000000001,0,1,news_impulse,16,1,value_10bps_20pct_r16
CMCO,1,5,0.20000000000000001,1,0.75,news_impulse,16,0,value_5bps_20pct_eta100_cap075_r16
CMCSA,1,5,0.20000000000000001,1,0.75,news_impulse,16,9,value_5bps_20pct_eta100_cap075_r16
CME,1,5,0.20000000000000001,1,0.75,news_impulse,16,7,value_5bps_20pct_eta100_cap075_r16
CMRX,1,5,0.20000000000000001,1,0.75,news_impulse,2,4,value_5bps_20pct_eta100_cap075_r2
CMTL,1,5,0.20000000000000001,1,0.75,news_impulse,8,3,value_5bps_20pct_eta100_cap075_r8
CNCE,1,10,0.20000000000000001,0,1,news_impulse,16,1,value_10bps_20pct_r16
CNET,1,5,0.20000000000000001,1,0.75,news_impulse,2,4,value_5bps_20pct_eta100_cap075_r2
CNMD,1,5,0.20000000000000001,1,0.75,news_impulse,2,2,value_5bps_20pct_eta100_cap075_r2
CNOB,1,5,0.20000000000000001,1,0.75,news_impulse,8,3,value_5bps_20pct_eta100_cap075_r8
CNSL,1,5,0.20000000000000001,1,0.75,news_impulse,2,4,value_5bps_20pct_eta100_cap075_r2
CNST,1,5,0.20000000000000001,1,0.75,news_impulse,16,0,value_5bps_20pct_eta100_cap075_r16
CNTY,1,5,0.20000000000000001,1,0.75,news_impulse,2,4,value_5bps_20pct_eta100_cap075_r2
CNXN,1,5,0.20000000000000001,1,0.75,news_impulse,16,0,value_5bps_20pct_eta100_cap075_r16
CODA,1,10,0.20000000000000001,0,1,news_impulse,16,1,value_10bps_20pct_r16
COHR,1,5,0.20000000000000001,1,0.75,news_impulse,2,2,value_5bps_20pct_eta100_cap075_r2
COHU,1,5,0.20000000000000001,1,0.75,news_impulse,8,3,value_5bps_20pct_eta100_cap075_r8
COKE,1,5,0.20000000000000001,1,0.75,news_impulse,16,0,value_5bps_20pct_eta100_cap075_r16
COLB,1,5,0.20000000000000001,1,0.75,news_impulse,16,5,value_5bps_20pct_eta100_cap075_r16
COLL,1,5,0.20000000000000001,1,0.75,news_impulse,8,3,value_5bps_20pct_eta100_cap075_r8
COLM,1,5,0.20000000000000001,1,0.75,news_impulse,2,2,value_5bps_20pct_eta100_cap075_r2
COMM,1,5,0.20000000000000001,1,0.75,news_impulse,16,9,value_5bps_20pct_eta100_cap075_r16
CONE,1,5,0.20000000000000001,1,0.75,news_impulse,16,5,value_5bps_20pct_eta100_cap075_r16
CONN,1,5,0.20000000000000001,1,0.75,news_impulse,16,5,value_5bps_20pct_eta100_cap075_r16
COOP,1,5,0.050000000000000003,0.5,0.10000000000000001,news_impulse,16,6,value_5bps_5pct_eta050_cap010_r16
CORE,1,5,0.20000000000000001,1,0.75,news_impulse,8,3,value_5bps_20pct_eta100_cap075_r8
CORT,1,5,0.050000000000000003,0.5,0.10000000000000001,news_impulse,16,6,value_5bps_5pct_eta050_cap010_r16
COST,1,5,0.20000000000000001,1,0.75,news_impulse,16,7,value_5bps_20pct_eta100_cap075_r16
COUP,1,5,0.20000000000000001,1,0.75,news_impulse,16,7,value_5bps_20pct_eta100_cap075_r16
COWN,1,5,0.20000000000000001,1,0.75,news_impulse,8,3,value_5bps_20pct_eta100_cap075_r8
CPRT,1,5,0.20000000000000001,1,0.75,news_impulse,16,7,value_5bps_20pct_eta100_cap075_r16
CPRX,1,5,0.20000000000000001,1,0.75,news_impulse,2,8,value_5bps_20pct_eta100_cap075_r2
CPSI,1,5,0.20000000000000001,1,0.75,news_impulse,8,3,value_5bps_20pct_eta100_cap075_r8
CPSS,1,5,0.20000000000000001,1,0.75,news_impulse,2,4,value_5bps_20pct_eta100_cap075_r2
CPTA,1,5,0.050000000000000003,0.5,0.10000000000000001,news_impulse,16,6,value_5bps_5pct_eta050_cap010_r16
CRAI,1,5,0.20000000000000001,1,0.75,news_impulse,16,0,value_5bps_20pct_eta100_cap075_r16
CRBP,1,5,0.20000000000000001,1,0.75,news_impulse,2,4,value_5bps_20pct_eta100_cap075_r2
CREE,1,5,0.20000000000000001,1,0.75,news_impulse,16,5,value_5bps_20pct_eta100_cap075_r16
CRMT,1,5,0.20000000000000001,1,0.75,news_impulse,2,2,value_5bps_20pct_eta100_cap075_r2
CRON,1,5,0.20000000000000001,1,0.75,news_impulse,2,8,value_5bps_20pct_eta100_cap075_r2
CROX,1,5,0.20000000000000001,1,0.75,news_impulse,16,5,value_5bps_20pct_eta100_cap075_r16
CRSP,1,5,0.20000000000000001,1,0.75,news_impulse,2,2,value_5bps_20pct_eta100_cap075_r2
CRUS,1,5,0.20000000000000001,1,0.75,news_impulse,16,5,value_5bps_20pct_eta100_cap075_r16
CRVL,1,5,0.20000000000000001,1,0.75,news_impulse,16,0,value_5bps_20pct_eta100_cap075_r16
CRVS,1,10,0.20000000000000001,0,1,news_impulse,16,1,value_10bps_20pct_r16
CSBR,1,10,0.20000000000000001,0,1,news_impulse,16,1,value_10bps_20pct_r16
CSCO,1,5,0.20000000000000001,1,0.75,news_impulse,16,9,value_5bps_20pct_eta100_cap075_r16
CSFL,1,5,0.20000000000000001,1,0.75,news_impulse,16,5,value_5bps_20pct_eta100_cap075_r16
CSGP,1,5,0.20000000000000001,1,0.75,news_impulse,2,2,value_5bps_20pct_eta100_cap075_r2
CSGS,1,5,0.20000000000000001,1,0.75,news_impulse,16,5,value_5bps_20pct_eta100_cap075_r16
CSII,1,5,0.20000000000000001,1,0.75,news_impulse,2,2,value_5bps_20pct_eta100_cap075_r2
CSIQ,1,5,0.20000000000000001,1,0.75,news_impulse,16,5,value_5bps_20pct_eta100_cap075_r16
CSOD,1,5,0.20000000000000001,1,0.75,news_impulse,16,5,value_5bps_20pct_eta100_cap075_r16
CSQ,1,5,0.050000000000000003,0.5,0.10000000000000001,news_impulse,16,6,value_5bps_5pct_eta050_cap010_r16
CSTR,1,10,0.20000000000000001,0,1,news_impulse,16,1,value_10bps_20pct_r16
CSWC,1,5,0.20000000000000001,1,0.75,news_impulse,8,3,value_5bps_20pct_eta100_cap075_r8
CSWI,1,5,0.20000000000000001,1,0.75,news_impulse,16,0,value_5bps_20pct_eta100_cap075_r16
CSX,1,5,0.20000000000000001,1,0.75,news_impulse,16,9,value_5bps_20pct_eta100_cap075_r16
CTAS,1,5,0.20000000000000001,1,0.75,news_impulse,16,7,value_5bps_20pct_eta100_cap075_r16
CTBI,1,5,0.20000000000000001,1,0.75,news_impulse,2,2,value_5bps_20pct_eta100_cap075_r2
CTG,1,5,0.20000000000000001,1,0.75,news_impulse,8,3,value_5bps_20pct_eta100_cap075_r8
CTMX,1,10,0.20000000000000001,0,1,news_impulse,16,1,value_10bps_20pct_r16
CTRC,1,10,0.20000000000000001,0,1,news_impulse,16,1,value_10bps_20pct_r16
CTRE,1,5,0.050000000000000003,0.5,0.10000000000000001,news_impulse,16,6,value_5bps_5pct_eta050_cap010_r16
CTRN,1,5,0.20000000000000001,1,0.75,news_impulse,8,3,value_5bps_20pct_eta100_cap075_r8
CTSH,1,5,0.20000000000000001,1,0.75,news_impulse,16,9,value_5bps_20pct_eta100_cap075_r16
CTSO,1,10,0.20000000000000001,0,1,news_impulse,16,1,value_10bps_20pct_r16
CTXS,1,5,0.20000000000000001,1,0.75,news_impulse,16,7,value_5bps_20pct_eta100_cap075_r16
CUE,1,10,0.20000000000000001,0,1,news_impulse,16,1,value_10bps_20pct_r16
CUTR,1,5,0.20000000000000001,1,0.75,news_impulse,8,3,value_5bps_20pct_eta100_cap075_r8
CVBF,1,5,0.050000000000000003,0.5,0.10000000000000001,news_impulse,16,6,value_5bps_5pct_eta050_cap010_r16
CVCO,1,5,0.20000000000000001,1,0.75,news_impulse,16,0,value_5bps_20pct_eta100_cap075_r16
CVGI,1,5,0.050000000000000003,0.5,0.10000000000000001,news_impulse,16,6,value_5bps_5pct_eta050_cap010_r16
CVGW,1,5,0.20000000000000001,1,0.75,news_impulse,2,2,value_5bps_20pct_eta100_cap075_r2
CVLT,1,5,0.20000000000000001,1,0.75,news_impulse,16,5,value_5bps_20pct_eta100_cap075_r16
CVTI,1,5,0.20000000000000001,1,0.75,news_impulse,8,3,value_5bps_20pct_eta100_cap075_r8
CWST,1,5,0.20000000000000001,1,0.75,news_impulse,16,5,value_5bps_20pct_eta100_cap075_r16
CY,1,5,0.20000000000000001,1,0.75,news_impulse,2,8,value_5bps_20pct_eta100_cap075_r2
CYBE,1,5,0.20000000000000001,1,0.75,news_impulse,8,3,value_5bps_20pct_eta100_cap075_r8
CYRX,1,5,0.20000000000000001,1,0.75,news_impulse,8,3,value_5bps_20pct_eta100_cap075_r8
CYTK,1,10,0.20000000000000001,0,1,news_impulse,16,1,value_10bps_20pct_r16
CZR,1,5,0.20000000000000001,1,0.75,news_impulse,2,8,value_5bps_20pct_eta100_cap075_r2
DAIO,1,10,0.20000000000000001,0,1,news_impulse,16,1,value_10bps_20pct_r16
DAKT,1,5,0.050000000000000003,0.5,0.10000000000000001,news_impulse,16,6,value_5bps_5pct_eta050_cap010_r16
DBX,1,5,0.20000000000000001,1,0.75,news_impulse,16,9,value_5bps_20pct_eta100_cap075_r16
DCOM,1,5,0.20000000000000001,1,0.75,news_impulse,8,3,value_5bps_20pct_eta100_cap075_r8
DCPH,1,5,0.20000000000000001,1,0.75,news_impulse,16,0,value_5bps_20pct_eta100_cap075_r16
DENN,1,5,0.20000000000000001,1,0.75,news_impulse,16,5,value_5bps_20pct_eta100_cap075_r16
DERM,1,5,0.20000000000000001,1,0.75,news_impulse,8,3,value_5bps_20pct_eta100_cap075_r8
DGICA,1,5,0.20000000000000001,1,0.75,news_impulse,8,3,value_5bps_20pct_eta100_cap075_r8
DGII,1,5,0.20000000000000001,1,0.75,news_impulse,8,3,value_5bps_20pct_eta100_cap075_r8
DHIL,1,5,0.20000000000000001,1,0.75,news_impulse,16,0,value_5bps_20pct_eta100_cap075_r16
DIOD,1,5,0.20000000000000001,1,0.75,news_impulse,16,5,value_5bps_20pct_eta100_cap075_r16
DISCA,1,5,0.20000000000000001,1,0.75,news_impulse,16,9,value_5bps_20pct_eta100_cap075_r16
DISCK,1,5,0.20000000000000001,1,0.75,news_impulse,16,9,value_5bps_20pct_eta100_cap075_r16
DISH,1,5,0.20000000000000001,1,0.75,news_impulse,16,9,value_5bps_20pct_eta100_cap075_r16
DLTH,1,5,0.20000000000000001,1,0.75,news_impulse,8,3,value_5bps_20pct_eta100_cap075_r8
DLTR,1,5,0.20000000000000001,1,0.75,news_impulse,16,7,value_5bps_20pct_eta100_cap075_r16
DMAC,1,10,0.20000000000000001,0,1,news_impulse,16,1,value_10bps_20pct_r16
DMRC,1,5,0.20000000000000001,1,0.75,news_impulse,16,0,value_5bps_20pct_eta100_cap075_r16
DNKN,1,5,0.20000000000000001,1,0.75,news_impulse,16,5,value_5bps_20pct_eta100_cap075_r16
DNLI,1,5,0.20000000000000001,1,0.75,news_impulse,8,3,value_5bps_20pct_eta100_cap075_r8
DOCU,1,5,0.20000000000000001,1,0.75,news_impulse,16,5,value_5bps_20pct_eta100_cap075_r16
DOMO,1,5,0.20000000000000001,1,0.75,news_impulse,8,3,value_5bps_20pct_eta100_cap075_r8
DOOO,1,5,0.20000000000000001,1,0.75,news_impulse,16,5,value_5bps_20pct_eta100_cap075_r16
DORM,1,5,0.20000000000000001,1,0.75,news_impulse,2,2,value_5bps_20pct_eta100_cap075_r2
DRNA,1,5,0.20000000000000001,1,0.75,news_impulse,8,3,value_5bps_20pct_eta100_cap075_r8
DSGX,1,5,0.20000000000000001,1,0.75,news_impulse,16,5,value_5bps_20pct_eta100_cap075_r16
DSKE,1,5,0.20000000000000001,1,0.75,news_impulse,2,4,value_5bps_20pct_eta100_cap075_r2
DSPG,1,5,0.20000000000000001,1,0.75,news_impulse,8,3,value_5bps_20pct_eta100_cap075_r8
DTEA,1,5,0.20000000000000001,1,0.75,news_impulse,2,4,value_5bps_20pct_eta100_cap075_r2
DVAX,1,5,0.20000000000000001,1,0.75,news_impulse,2,4,value_5bps_20pct_eta100_cap075_r2
DWSN,1,5,0.20000000000000001,1,0.75,news_impulse,2,4,value_5bps_20pct_eta100_cap075_r2
DXCM,1,5,0.20000000000000001,1,0.75,news_impulse,16,7,value_5bps_20pct_eta100_cap075_r16
DXLG,1,5,0.20000000000000001,1,0.75,news_impulse,2,4,value_5bps_20pct_eta100_cap075_r2
DXPE,1,5,0.20000000000000001,1,0.75,news_impulse,16,0,value_5bps_20pct_eta100_cap075_r16
EA,1,5,0.20000000000000001,1,0.75,news_impulse,16,7,value_5bps_20pct_eta100_cap075_r16
EBAY,1,5,0.20000000000000001,1,0.75,news_impulse,16,9,value_5bps_20pct_eta100_cap075_r16
EBIX,1,5,0.20000000000000001,1,0.75,news_impulse,8,3,value_5bps_20pct_eta100_cap075_r8
EBSB,1,5,0.20000000000000001,1,0.75,news_impulse,8,3,value_5bps_20pct_eta100_cap075_r8
EBTC,1,5,0.20000000000000001,1,0.75,news_impulse,16,0,value_5bps_20pct_eta100_cap075_r16
ECHO,1,5,0.20000000000000001,1,0.75,news_impulse,8,3,value_5bps_20pct_eta100_cap075_r8
ECOL,1,5,0.20000000000000001,1,0.75,news_impulse,2,2,value_5bps_20pct_eta100_cap075_r2
ECOR,1,5,0.20000000000000001,1,0.75,news_impulse,2,4,value_5bps_20pct_eta100_cap075_r2
ECPG,1,5,0.20000000000000001,1,0.75,news_impulse,8,3,value_5bps_20pct_eta100_cap075_r8
EDIT,1,5,0.20000000000000001,1,0.75,news_impulse,16,5,value_5bps_20pct_eta100_cap075_r16
EEFT,1,5,0.20000000000000001,1,0.75,news_impulse,2,2,value_5bps_20pct_eta100_cap075_r2
EFSC,1,5,0.20000000000000001,1,0.75,news_impulse,8,3,value_5bps_20pct_eta100_cap075_r8
EGAN,1,5,0.20000000000000001,1,0.75,news_impulse,8,3,value_5bps_20pct_eta100_cap075_r8
EGBN,1,5,0.20000000000000001,1,0.75,news_impulse,2,2,value_5bps_20pct_eta100_cap075_r2
EGLE,1,5,0.20000000000000001,1,0.75,news_impulse,2,4,value_5bps_20pct_eta100_cap075_r2
EGOV,1,5,0.050000000000000003,0.5,0.10000000000000001,news_impulse,16,6,value_5bps_5pct_eta050_cap010_r16
EGRX,1,5,0.20000000000000001,1,0.75,news_impulse,16,0,value_5bps_20pct_eta100_cap075_r16
EHTH,1,5,0.20000000000000001,1,0.75,news_impulse,2,2,value_5bps_20pct_eta100_cap075_r2
EIDX,1,5,0.20000000000000001,1,0.75,news_impulse,16,0,value_5bps_20pct_eta100_cap075_r16
EIGI,1,5,0.20000000000000001,1,0.75,news_impulse,2,4,value_5bps_20pct_eta100_cap075_r2
EIGR,1,5,0.20000000000000001,1,0.75,news_impulse,8,3,value_5bps_20pct_eta100_cap075_r8
ELOX,1,10,0.20000000000000001,0,1,news_impulse,16,1,value_10bps_20pct_r16
EMKR,1,5,0.050000000000000003,0.5,0.10000000000000001,news_impulse,16,6,value_5bps_5pct_eta050_cap010_r16
EML,1,5,0.20000000000000001,1,0.75,news_impulse,16,0,value_5bps_20pct_eta100_cap075_r16
ENOB,1,10,0.20000000000000001,0,1,news_impulse,16,1,value_10bps_20pct_r16
ENPH,1,5,0.20000000000000001,1,0.75,news_impulse,16,5,value_5bps_20pct_eta100_cap075_r16
ENSG,1,5,0.20000000000000001,1,0.75,news_impulse,2,2,value_5bps_20pct_eta100_cap075_r2
ENTA,1,5,0.20000000000000001,1,0.75,news_impulse,16,0,value_5bps_20pct_eta100_cap075_r16
ENTG,1,5,0.20000000000000001,1,0.75,news_impulse,16,5,value_5bps_20pct_eta100_cap075_r16
EOLS,1,10,0.20000000000000001,0,1,news_impulse,16,1,value_10bps_20pct_r16
EPAY,1,5,0.20000000000000001,1,0.75,news_impulse,2,2,value_5bps_20pct_eta100_cap075_r2
EPZM,1,5,0.20000000000000001,1,0.75,news_impulse,8,3,value_5bps_20pct_eta100_cap075_r8
EQ,1,10,0.20000000000000001,0,1,news_impulse,16,1,value_10bps_20pct_r16
EQBK,1,5,0.20000000000000001,1,0.75,news_impulse,8,3,value_5bps_20pct_eta100_cap075_r8
EQIX,1,5,0.20000000000000001,1,0.75,news_impulse,16,7,value_5bps_20pct_eta100_cap075_r16
ERI,1,5,0.20000000000000001,1,0.75,news_impulse,16,5,value_5bps_20pct_eta100_cap075_r16
ERIE,1,5,0.20000000000000001,1,0.75,news_impulse,2,2,value_5bps_20pct_eta100_cap075_r2
ERII,1,5,0.050000000000000003,0.5,0.10000000000000001,news_impulse,16,6,value_5bps_5pct_eta050_cap010_r16
ESPR,1,5,0.20000000000000001,1,0.75,news_impulse,2,2,value_5bps_20pct_eta100_cap075_r2
ESQ,1,5,0.20000000000000001,1,0.75,news_impulse,16,0,value_5bps_20pct_eta100_cap075_r16
ESTA,1,5,0.20000000000000001,1,0.75,news_impulse,16,0,value_5bps_20pct_eta100_cap075_r16
ESXB,1,5,0.050000000000000003,0.5,0.10000000000000001,news_impulse,16,6,value_5bps_5pct_eta050_cap010_r16
ETFC,1,5,0.20000000000000001,1,0.75,news_impulse,16,9,value_5bps_20pct_eta100_cap075_r16
ETON,1,10,0.20000000000000001,0,1,news_impulse,16,1,value_10bps_20pct_r16
ETSY,1,5,0.20000000000000001,1,0.75,news_impulse,16,5,value_5bps_20pct_eta100_cap075_r16
EVBG,1,5,0.20000000000000001,1,0.75,news_impulse,2,2,value_5bps_20pct_eta100_cap075_r2
EVER,1,10,0.20000000000000001,0,1,news_impulse,16,1,value_10bps_20pct_r16
EVFM,1,10,0.20000000000000001,0,1,news_impulse,16,1,value_10bps_20pct_r16
EVLO,1,10,0.20000000000000001,0,1,news_impulse,16,1,value_10bps_20pct_r16
EVOP,1,5,0.20000000000000001,1,0.75,news_impulse,8,3,value_5bps_20pct_eta100_cap075_r8
EWBC,1,5,0.20000000000000001,1,0.75,news_impulse,16,5,value_5bps_20pct_eta100_cap075_r16
EXAS,1,5,0.20000000000000001,1,0.75,news_impulse,2,2,value_5bps_20pct_eta100_cap075_r2
EXEL,1,5,0.20000000000000001,1,0.75,news_impulse,16,9,value_5bps_20pct_eta100_cap075_r16
EXLS,1,5,0.20000000000000001,1,0.75,news_impulse,2,2,value_5bps_20pct_eta100_cap075_r2
EXPD,1,5,0.20000000000000001,1,0.75,news_impulse,16,7,value_5bps_20pct_eta100_cap075_r16
EXPI,1,5,0.20000000000000001,1,0.75,news_impulse,8,3,value_5bps_20pct_eta100_cap075_r8
EXPO,1,5,0.20000000000000001,1,0.75,news_impulse,2,2,value_5bps_20pct_eta100_cap075_r2
EXTR,1,5,0.20000000000000001,1,0.75,news_impulse,2,8,value_5bps_20pct_eta100_cap075_r2
EYE,1,5,0.20000000000000001,1,0.75,news_impulse,16,5,value_5bps_20pct_eta100_cap075_r16
EYEN,1,5,0.20000000000000001,1,0.75,news_impulse,2,4,value_5bps_20pct_eta100_cap075_r2
EYPT,1,5,0.20000000000000001,1,0.75,news_impulse,2,4,value_5bps_20pct_eta100_cap075_r2
FANG,1,5,0.20000000000000001,1,0.75,news_impulse,16,7,value_5bps_20pct_eta100_cap075_r16
FARM,1,10,0.20000000000000001,0,1,news_impulse,16,1,value_10bps_20pct_r16
FARO,1,5,0.20000000000000001,1,0.75,news_impulse,16,0,value_5bps_20pct_eta100_cap075_r16
FAST,1,5,0.20000000000000001,1,0.75,news_impulse,16,9,value_5bps_20pct_eta100_cap075_r16
FATE,1,5,0.20000000000000001,1,0.75,news_impulse,8,3,value_5bps_20pct_eta100_cap075_r8
FB,1,5,0.20000000000000001,1,0.75,news_impulse,16,9,value_5bps_20pct_eta100_cap075_r16
FBIO,1,5,0.20000000000000001,1,0.75,news_impulse,2,4,value_5bps_20pct_eta100_cap075_r2
FBMS,1,5,0.20000000000000001,1,0.75,news_impulse,16,0,value_5bps_20pct_eta100_cap075_r16
FBNC,1,5,0.20000000000000001,1,0.75,news_impulse,8,3,value_5bps_20pct_eta100_cap075_r8
FCBC,1,5,0.20000000000000001,1,0.75,news_impulse,8,3,value_5bps_20pct_eta100_cap075_r8
FCFS,1,5,0.20000000000000001,1,0.75,news_impulse,2,2,value_5bps_20pct_eta100_cap075_r2
FCNCA,1,5,0.20000000000000001,1,0.75,news_impulse,16,0,value_5bps_20pct_eta100_cap075_r16
FDEF,1,5,0.20000000000000001,1,0.75,news_impulse,8,3,value_5bps_20pct_eta100_cap075_r8
FDUS,1,5,0.050000000000000003,0.5,0.10000000000000001,news_impulse,16,6,value_5bps_5pct_eta050_cap010_r16
FELE,1,5,0.20000000000000001,1,0.75,news_impulse,2,2,value_5bps_20pct_eta100_cap075_r2
FENC,1,10,0.20000000000000001,0,1,news_impulse,16,1,value_10bps_20pct_r16
FEYE,1,5,0.20000000000000001,1,0.75,news_impulse,16,9,value_5bps_20pct_eta100_cap075_r16
FFBC,1,5,0.20000000000000001,1,0.75,news_impulse,16,5,value_5bps_20pct_eta100_cap075_r16
FFIC,1,5,0.20000000000000001,1,0.75,news_impulse,8,3,value_5bps_20pct_eta100_cap075_r8
FFIN,1,5,0.20000000000000001,1,0.75,news_impulse,16,5,value_5bps_20pct_eta100_cap075_r16
FFIV,1,5,0.20000000000000001,1,0.75,news_impulse,16,7,value_5bps_20pct_eta100_cap075_r16
FFWM,1,5,0.20000000000000001,1,0.75,news_impulse,8,3,value_5bps_20pct_eta100_cap075_r8
FGEN,1,5,0.20000000000000001,1,0.75,news_impulse,2,2,value_5bps_20pct_eta100_cap075_r2
FHB,1,5,0.20000000000000001,1,0.75,news_impulse,16,5,value_5bps_20pct_eta100_cap075_r16
FIBK,1,5,0.20000000000000001,1,0.75,news_impulse,8,3,value_5bps_20pct_eta100_cap075_r8
FISI,1,5,0.20000000000000001,1,0.75,news_impulse,16,0,value_5bps_20pct_eta100_cap075_r16
FISV,1,5,0.20000000000000001,1,0.75,news_impulse,16,9,value_5bps_20pct_eta100_cap075_r16
FITB,1,5,0.20000000000000001,1,0.75,news_impulse,16,9,value_5bps_20pct_eta100_cap075_r16
FIVE,1,5,0.20000000000000001,1,0.75,news_impulse,16,7,value_5bps_20pct_eta100_cap075_r16
FIVN,1,5,0.20000000000000001,1,0.75,news_impulse,2,2,value_5bps_20pct_eta100_cap075_r2
FIXX,1,10,0.20000000000000001,0,1,news_impulse,16,1,value_10bps_20pct_r16
FIZZ,1,5,0.20000000000000001,1,0.75,news_impulse,2,2,value_5bps_20pct_eta100_cap075_r2
FLDM,1,5,0.20000000000000001,1,0.75,news_impulse,2,4,value_5bps_20pct_eta100_cap075_r2
FLGT,1,10,0.20000000000000001,0,1,news_impulse,16,1,value_10bps_20pct_r16
FLIC,1,5,0.20000000000000001,1,0.75,news_impulse,8,3,value_5bps_20pct_eta100_cap075_r8
FLIR,1,5,0.20000000000000001,1,0.75,news_impulse,16,5,value_5bps_20pct_eta100_cap075_r16
FLL,1,5,0.20000000000000001,1,0.75,news_impulse,2,4,value_5bps_20pct_eta100_cap075_r2
FLMN,1,10,0.20000000000000001,0,1,news_impulse,16,1,value_10bps_20pct_r16
FLNT,1,5,0.20000000000000001,1,0.75,news_impulse,2,4,value_5bps_20pct_eta100_cap075_r2
FLWS,1,5,0.050000000000000003,0.5,0.10000000000000001,news_impulse,16,6,value_5bps_5pct_eta050_cap010_r16
FLXN,1,5,0.20000000000000001,1,0.75,news_impulse,8,3,value_5bps_20pct_eta100_cap075_r8
FLXS,1,5,0.20000000000000001,1,0.75,news_impulse,16,0,value_5bps_20pct_eta100_cap075_r16
FMBH,1,5,0.20000000000000001,1,0.75,news_impulse,16,0,value_5bps_20pct_eta100_cap075_r16
FMBI,1,5,0.20000000000000001,1,0.75,news_impulse,16,5,value_5bps_20pct_eta100_cap075_r16
FMNB,1,5,0.20000000000000001,1,0.75,news_impulse,8,3,value_5bps_20pct_eta100_cap075_r8
FNHC,1,5,0.20000000000000001,1,0.75,news_impulse,8,3,value_5bps_20pct_eta100_cap075_r8
FNJN,1,5,0.20000000000000001,1,0.75,news_impulse,2,4,value_5bps_20pct_eta100_cap075_r2
FNKO,1,5,0.20000000000000001,1,0.75,news_impulse,16,5,value_5bps_20pct_eta100_cap075_r16
FOCS,1,5,0.20000000000000001,1,0.75,news_impulse,8,3,value_5bps_20pct_eta100_cap075_r8
FOLD,1,5,0.20000000000000001,1,0.75,news_impulse,2,8,value_5bps_20pct_eta100_cap075_r2
FORM,1,5,0.20000000000000001,1,0.75,news_impulse,8,3,value_5bps_20pct_eta100_cap075_r8
FORR,1,5,0.20000000000000001,1,0.75,news_impulse,16,0,value_5bps_20pct_eta100_cap075_r16
FOSL,1,5,0.050000000000000003,0.5,0.10000000000000001,news_impulse,16,6,value_5bps_5pct_eta050_cap010_r16
FOX,1,5,0.20000000000000001,1,0.75,news_impulse,16,9,value_5bps_20pct_eta100_cap075_r16
FOXA,1,5,0.20000000000000001,1,0.75,news_impulse,16,9,value_5bps_20pct_eta100_cap075_r16
FOXF,1,5,0.20000000000000001,1,0.75,news_impulse,2,2,value_5bps_20pct_eta100_cap075_r2
FPRX,1,5,0.20000000000000001,1,0.75,news_impulse,2,4,value_5bps_20pct_eta100_cap075_r2
FRBA,1,5,0.20000000000000001,1,0.75,news_impulse,8,3,value_5bps_20pct_eta100_cap075_r8
FRBK,1,5,0.050000000000000003,0.5,0.10000000000000001,news_impulse,16,6,value_5bps_5pct_eta050_cap010_r16
FRGI,1,5,0.050000000000000003,0.5,0.10000000000000001,news_impulse,16,6,value_5bps_5pct_eta050_cap010_r16
FRME,1,5,0.20000000000000001,1,0.75,news_impulse,16,5,value_5bps_20pct_eta100_cap075_r16
FRPH,1,5,0.20000000000000001,1,0.75,news_impulse,16,0,value_5bps_20pct_eta100_cap075_r16
FRPT,1,5,0.20000000000000001,1,0.75,news_impulse,2,2,value_5bps_20pct_eta100_cap075_r2
FRTA,1,10,0.20000000000000001,0,1,news_impulse,16,1,value_10bps_20pct_r16
FSBW,1,5,0.20000000000000001,1,0.75,news_impulse,16,0,value_5bps_20pct_eta100_cap075_r16
FSCT,1,5,0.20000000000000001,1,0.75,news_impulse,16,5,value_5bps_20pct_eta100_cap075_r16
FSLR,1,5,0.20000000000000001,1,0.75,news_impulse,16,5,value_5bps_20pct_eta100_cap075_r16
FSTR,1,5,0.20000000000000001,1,0.75,news_impulse,16,0,value_5bps_20pct_eta100_cap075_r16
FSV,1,5,0.20000000000000001,1,0.75,news_impulse,2,2,value_5bps_20pct_eta100_cap075_r2
FTDR,1,5,0.20000000000000001,1,0.75,news_impulse,8,3,value_5bps_20pct_eta100_cap075_r8
FTNT,1,5,0.20000000000000001,1,0.75,news_impulse,16,7,value_5bps_20pct_eta100_cap075_r16
FTSV,1,5,0.20000000000000001,1,0.75,news_impulse,16,0,value_5bps_20pct_eta100_cap075_r16
FULT,1,5,0.050000000000000003,0.5,0.10000000000000001,news_impulse,16,6,value_5bps_5pct_eta050_cap010_r16
FUND,1,5,0.050000000000000003,0.5,0.10000000000000001,news_impulse,16,6,value_5bps_5pct_eta050_cap010_r16
FWONA,1,5,0.20000000000000001,1,0.75,news_impulse,16,5,value_5bps_20pct_eta100_cap075_r16
FWONK,1,5,0.20000000000000001,1,0.75,news_impulse,16,5,value_5bps_20pct_eta100_cap075_r16
FWRD,1,5,0.20000000000000001,1,0.75,news_impulse,2,2,value_5bps_20pct_eta100_cap075_r2
GABC,1,5,0.20000000000000001,1,0.75,news_impulse,8,3,value_5bps_20pct_eta100_cap075_r8
GAIA,1,5,0.20000000000000001,1,0.75,news_impulse,8,3,value_5bps_20pct_eta100_cap075_r8
GAIN,1,5,0.050000000000000003,0.5,0.10000000000000001,news_impulse,16,6,value_5bps_5pct_eta050_cap010_r16
GALT,1,5,0.20000000000000001,1,0.75,news_impulse,2,4,value_5bps_20pct_eta100_cap075_r2
GARS,1,5,0.050000000000000003,0.5,0.10000000000000001,news_impulse,16,6,value_5bps_5pct_eta050_cap010_r16
GASS,1,5,0.050000000000000003,0.5,0.10000000000000001,news_impulse,16,6,value_5bps_5pct_eta050_cap010_r16
GBCI,1,5,0.20000000000000001,1,0.75,news_impulse,16,5,value_5bps_20pct_eta100_cap075_r16
GBDC,1,5,0.050000000000000003,0.5,0.10000000000000001,news_impulse,16,6,value_5bps_5pct_eta050_cap010_r16
GBLI,1,5,0.20000000000000001,1,0.75,news_impulse,16,0,value_5bps_20pct_eta100_cap075_r16
GBT,1,5,0.20000000000000001,1,0.75,news_impulse,2,2,value_5bps_20pct_eta100_cap075_r2
GDEN,1,5,0.20000000000000001,1,0.75,news_impulse,8,3,value_5bps_20pct_eta100_cap075_r8
GECC,1,5,0.050000000000000003,0.5,0.10000000000000001,news_impulse,16,6,value_5bps_5pct_eta050_cap010_r16
GENC,1,10,0.20000000000000001,0,1,news_impulse,16,1,value_10bps_20pct_r16
GEOS,1,5,0.20000000000000001,1,0.75,news_impulse,8,3,value_5bps_20pct_eta100_cap075_r8
GERN,1,5,0.20000000000000001,1,0.75,news_impulse,2,8,value_5bps_20pct_eta100_cap075_r2
GEVO,1,5,0.20000000000000001,1,0.75,news_impulse,2,4,value_5bps_20pct_eta100_cap075_r2
GFN,1,10,0.20000000000000001,0,1,news_impulse,16,1,value_10bps_20pct_r16
GH,1,5,0.20000000000000001,1,0.75,news_impulse,2,2,value_5bps_20pct_eta100_cap075_r2
GIFI,1,10,0.20000000000000001,0,1,news_impulse,16,1,value_10bps_20pct_r16
GIII,1,5,0.20000000000000001,1,0.75,news_impulse,16,5,value_5bps_20pct_eta100_cap075_r16
GILD,1,5,0.20000000000000001,1,0.75,news_impulse,16,9,value_5bps_20pct_eta100_cap075_r16
GLAD,1,5,0.050000000000000003,0.5,0.10000000000000001,news_impulse,16,6,value_5bps_5pct_eta050_cap010_r16
GLDD,1,5,0.050000000000000003,0.5,0.10000000000000001,news_impulse,16,6,value_5bps_5pct_eta050_cap010_r16
GLIBA,1,5,0.20000000000000001,1,0.75,news_impulse,16,5,value_5bps_20pct_eta100_cap075_r16
GLNG,1,5,0.20000000000000001,1,0.75,news_impulse,16,5,value_5bps_20pct_eta100_cap075_r16
GLPI,1,5,0.050000000000000003,0.5,0.10000000000000001,news_impulse,16,6,value_5bps_5pct_eta050_cap010_r16
GLUU,1,5,0.20000000000000001,1,0.75,news_impulse,2,8,value_5bps_20pct_eta100_cap075_r2
GLYC,1,10,0.20000000000000001,0,1,news_impulse,16,1,value_10bps_20pct_r16
GNMK,1,5,0.20000000000000001,1,0.75,news_impulse,2,4,value_5bps_20pct_eta100_cap075_r2
GNTX,1,5,0.20000000000000001,1,0.75,news_impulse,16,9,value_5bps_20pct_eta100_cap075_r16
GNTY,1,5,0.20000000000000001,1,0.75,news_impulse,16,0,value_5bps_20pct_eta100_cap075_r16
GOGL,1,5,0.050000000000000003,0.5,0.10000000000000001,news_impulse,16,6,value_5bps_5pct_eta050_cap010_r16
GOGO,1,5,0.20000000000000001,1,0.75,news_impulse,2,8,value_5bps_20pct_eta100_cap075_r2
GOOD,1,5,0.050000000000000003,0.5,0.10000000000000001,news_impulse,16,6,value_5bps_5pct_eta050_cap010_r16
GOOG,1,5,0.20000000000000001,1,0.75,news_impulse,16,7,value_5bps_20pct_eta100_cap075_r16
GOOGL,1,5,0.20000000000000001,1,0.75,news_impulse,16,7,value_5bps_20pct_eta100_cap075_r16
GPOR,1,5,0.20000000000000001,1,0.75,news_impulse,2,8,value_5bps_20pct_eta100_cap075_r2
GPRE,1,5,0.050000000000000003,0.5,0.10000000000000001,news_impulse,16,6,value_5bps_5pct_eta050_cap010_r16
GPRO,1,5,0.20000000000000001,1,0.75,news_impulse,2,8,value_5bps_20pct_eta100_cap075_r2
GRBK,1,5,0.20000000000000001,1,0.75,news_impulse,8,3,value_5bps_20pct_eta100_cap075_r8
GRMN,1,5,0.20000000000000001,1,0.75,news_impulse,16,5,value_5bps_20pct_eta100_cap075_r16
GROW,1,5,0.20000000000000001,1,0.75,news_impulse,2,4,value_5bps_20pct_eta100_cap075_r2
GRPN,1,5,0.20000000000000001,1,0.75,news_impulse,2,8,value_5bps_20pct_eta100_cap075_r2
GRTS,1,10,0.20000000000000001,0,1,news_impulse,16,1,value_10bps_20pct_r16
GSBC,1,5,0.20000000000000001,1,0.75,news_impulse,16,0,value_5bps_20pct_eta100_cap075_r16
GSHD,1,5,0.20000000000000001,1,0.75,news_impulse,16,0,value_5bps_20pct_eta100_cap075_r16
GSIT,1,10,0.20000000000000001,0,1,news_impulse,16,1,value_10bps_20pct_r16
GSKY,1,5,0.050000000000000003,0.5,0.10000000000000001,news_impulse,16,6,value_5bps_5pct_eta050_cap010_r16
GT,1,5,0.20000000000000001,1,0.75,news_impulse,16,9,value_5bps_20pct_eta100_cap075_r16
GTHX,1,5,0.20000000000000001,1,0.75,news_impulse,8,3,value_5bps_20pct_eta100_cap075_r8
GTIM,1,5,0.20000000000000001,1,0.75,news_impulse,2,4,value_5bps_20pct_eta100_cap075_r2
GTLS,1,5,0.20000000000000001,1,0.75,news_impulse,2,2,value_5bps_20pct_eta100_cap075_r2
GWRS,1,5,0.20000000000000001,1,0.75,news_impulse,8,3,value_5bps_20pct_eta100_cap075_r8
HA,1,5,0.20000000000000001,1,0.75,news_impulse,16,5,value_5bps_20pct_eta100_cap075_r16
HABT,1,5,0.050000000000000003,0.5,0.10000000000000001,news_impulse,16,6,value_5bps_5pct_eta050_cap010_r16
HAFC,1,5,0.20000000000000001,1,0.75,news_impulse,8,3,value_5bps_20pct_eta100_cap075_r8
HAIN,1,5,0.20000000000000001,1,0.75,news_impulse,16,5,value_5bps_20pct_eta100_cap075_r16
HALL,1,5,0.20000000000000001,1,0.75,news_impulse,8,3,value_5bps_20pct_eta100_cap075_r8
HALO,1,5,0.20000000000000001,1,0.75,news_impulse,16,5,value_5bps_20pct_eta100_cap075_r16
HAS,1,5,0.20000000000000001,1,0.75,news_impulse,16,7,value_5bps_20pct_eta100_cap075_r16
HAYN,1,5,0.20000000000000001,1,0.75,news_impulse,16,0,value_5bps_20pct_eta100_cap075_r16
HBAN,1,5,0.20000000000000001,1,0.75,news_impulse,2,8,value_5bps_20pct_eta100_cap075_r2
HBCP,1,5,0.20000000000000001,1,0.75,news_impulse,16,0,value_5bps_20pct_eta100_cap075_r16
HBIO,1,5,0.20000000000000001,1,0.75,news_impulse,2,4,value_5bps_20pct_eta100_cap075_r2
HBMD,1,10,0.20000000000000001,0,1,news_impulse,16,1,value_10bps_20pct_r16
HBNC,1,5,0.20000000000000001,1,0.75,news_impulse,8,3,value_5bps_20pct_eta100_cap075_r8
HCCI,1,5,0.20000000000000001,1,0.75,news_impulse,16,0,value_5bps_20pct_eta100_cap075_r16
HCKT,1,5,0.20000000000000001,1,0.75,news_impulse,8,3,value_5bps_20pct_eta100_cap075_r8
HCSG,1,5,0.20000000000000001,1,0.75,news_impulse,16,5,value_5bps_20pct_eta100_cap075_r16
HDS,1,5,0.20000000000000001,1,0.75,news_impulse,16,5,value_5bps_20pct_eta100_cap075_r16
HEAR,1,10,0.20000000000000001,0,1,news_impulse,16,1,value_10bps_20pct_r16
HEES,1,5,0.20000000000000001,1,0.75,news_impulse,8,3,value_5bps_20pct_eta100_cap075_r8
HELE,1,5,0.20000000000000001,1,0.75,news_impulse,2,2,value_5bps_20pct_eta100_cap075_r2
HFWA,1,5,0.20000000000000001,1,0.75,news_impulse,8,3,value_5bps_20pct_eta100_cap075_r8
HIBB,1,5,0.20000000000000001,1,0.75,news_impulse,16,5,value_5bps_20pct_eta100_cap075_r16
HIFS,1,5,0.20000000000000001,1,0.75,news_impulse,16,0,value_5bps_20pct_eta100_cap075_r16
HIIQ,1,5,0.20000000000000001,1,0.75,news_impulse,8,3,value_5bps_20pct_eta100_cap075_r8
HLIT,1,5,0.050000000000000003,0.5,0.10000000000000001,news_impulse,16,6,value_5bps_5pct_eta050_cap010_r16
HLNE,1,5,0.20000000000000001,1,0.75,news_impulse,2,2,value_5bps_20pct_eta100_cap075_r2
HMHC,1,5,0.050000000000000003,0.5,0.10000000000000001,news_impulse,16,6,value_5bps_5pct_eta050_cap010_r16
HMST,1,5,0.20000000000000001,1,0.75,news_impulse,8,3,value_5bps_20pct_eta100_cap075_r8
HMSY,1,5,0.20000000000000001,1,0.75,news_impulse,16,5,value_5bps_20pct_eta100_cap075_r16
HMTV,1,5,0.20000000000000001,1,0.75,news_impulse,8,3,value_5bps_20pct_eta100_cap075_r8
HNRG,1,10,0.20000000000000001,0,1,news_impulse,16,1,value_10bps_20pct_r16
HOFT,1,5,0.20000000000000001,1,0.75,news_impulse,8,3,value_5bps_20pct_eta100_cap075_r8
HOLX,1,5,0.20000000000000001,1,0.75,news_impulse,16,9,value_5bps_20pct_eta100_cap075_r16
HOMB,1,5,0.20000000000000001,1,0.75,news_impulse,16,5,value_5bps_20pct_eta100_cap075_r16
HONE,1,5,0.050000000000000003,0.5,0.10000000000000001,news_impulse,16,6,value_5bps_5pct_eta050_cap010_r16
HOPE,1,5,0.050000000000000003,0.5,0.10000000000000001,news_impulse,16,6,value_5bps_5pct_eta050_cap010_r16
HQY,1,5,0.20000000000000001,1,0.75,news_impulse,2,2,value_5bps_20pct_eta100_cap075_r2
HROW,1,10,0.20000000000000001,0,1,news_impulse,16,1,value_10bps_20pct_r16
HRZN,1,5,0.050000000000000003,0.5,0.10000000000000001,news_impulse,16,6,value_5bps_5pct_eta050_cap010_r16
HSIC,1,5,0.20000000000000001,1,0.75,news_impulse,16,7,value_5bps_20pct_eta100_cap075_r16
HSII,1,5,0.20000000000000001,1,0.75,news_impulse,8,3,value_5bps_20pct_eta100_cap075_r8
HSKA,1,5,0.20000000000000001,1,0.75,news_impulse,16,0,value_5bps_20pct_eta100_cap075_r16
HSTM,1,5,0.20000000000000001,1,0.75,news_impulse,8,3,value_5bps_20pct_eta100_cap075_r8
HTBI,1,5,0.20000000000000001,1,0.75,news_impulse,8,3,value_5bps_20pct_eta100_cap075_r8
HTBK,1,5,0.050000000000000003,0.5,0.10000000000000001,news_impulse,16,6,value_5bps_5pct_eta050_cap010_r16
HTLD,1,5,0.20000000000000001,1,0.75,news_impulse,16,5,value_5bps_20pct_eta100_cap075_r16
HTLF,1,5,0.20000000000000001,1,0.75,news_impulse,2,2,value_5bps_20pct_eta100_cap075_r2
HUBG,1,5,0.20000000000000001,1,0.75,news_impulse,2,2,value_5bps_20pct_eta100_cap075_r2
HURC,1,5,0.20000000000000001,1,0.75,news_impulse,16,0,value_5bps_20pct_eta100_cap075_r16
HURN,1,5,0.20000000000000001,1,0.75,news_impulse,2,2,value_5bps_20pct_eta100_cap075_r2
HWC,1,5,0.20000000000000001,1,0.75,news_impulse,16,5,value_5bps_20pct_eta100_cap075_r16
HWCC,1,10,0.20000000000000001,0,1,news_impulse,16,1,value_10bps_20pct_r16
HWKN,1,5,0.20000000000000001,1,0.75,news_impulse,16,0,value_5bps_20pct_eta100_cap075_r16
HYRE,1,5,0.20000000000000001,1,0.75,news_impulse,2,4,value_5bps_20pct_eta100_cap075_r2
HZNP,1,5,0.20000000000000001,1,0.75,news_impulse,16,5,value_5bps_20pct_eta100_cap075_r16
IAC,1,5,0.20000000000000001,1,0.75,news_impulse,16,7,value_5bps_20pct_eta100_cap075_r16
IART,1,5,0.20000000000000001,1,0.75,news_impulse,16,5,value_5bps_20pct_eta100_cap075_r16
IBCP,1,5,0.20000000000000001,1,0.75,news_impulse,8,3,value_5bps_20pct_eta100_cap075_r8
IBKC,1,5,0.20000000000000001,1,0.75,news_impulse,2,2,value_5bps_20pct_eta100_cap075_r2
IBOC,1,5,0.20000000000000001,1,0.75,news_impulse,8,3,value_5bps_20pct_eta100_cap075_r8
IBTX,1,5,0.20000000000000001,1,0.75,news_impulse,2,2,value_5bps_20pct_eta100_cap075_r2
ICAD,1,10,0.20000000000000001,0,1,news_impulse,16,1,value_10bps_20pct_r16
ICFI,1,5,0.20000000000000001,1,0.75,news_impulse,16,0,value_5bps_20pct_eta100_cap075_r16
ICPT,1,5,0.20000000000000001,1,0.75,news_impulse,2,2,value_5bps_20pct_eta100_cap075_r2
ICUI,1,5,0.20000000000000001,1,0.75,news_impulse,2,2,value_5bps_20pct_eta100_cap075_r2
IDCC,1,5,0.20000000000000001,1,0.75,news_impulse,16,5,value_5bps_20pct_eta100_cap075_r16
IDRA,1,5,0.20000000000000001,1,0.75,news_impulse,2,4,value_5bps_20pct_eta100_cap075_r2
IDXX,1,5,0.20000000000000001,1,0.75,news_impulse,16,7,value_5bps_20pct_eta100_cap075_r16
IESC,1,5,0.20000000000000001,1,0.75,news_impulse,16,0,value_5bps_20pct_eta100_cap075_r16
IFRX,1,10,0.20000000000000001,0,1,news_impulse,16,1,value_10bps_20pct_r16
III,1,5,0.20000000000000001,1,0.75,news_impulse,2,4,value_5bps_20pct_eta100_cap075_r2
IIIN,1,5,0.20000000000000001,1,0.75,news_impulse,8,3,value_5bps_20pct_eta100_cap075_r8
IIIV,1,5,0.20000000000000001,1,0.75,news_impulse,16,0,value_5bps_20pct_eta100_cap075_r16
IIN,1,5,0.20000000000000001,1,0.75,news_impulse,8,3,value_5bps_20pct_eta100_cap075_r8
IIVI,1,5,0.20000000000000001,1,0.75,news_impulse,16,5,value_5bps_20pct_eta100_cap075_r16
ILMN,1,5,0.20000000000000001,1,0.75,news_impulse,16,7,value_5bps_20pct_eta100_cap075_r16
IMGN,1,5,0.20000000000000001,1,0.75,news_impulse,2,8,value_5bps_20pct_eta100_cap075_r2
IMKTA,1,5,0.20000000000000001,1,0.75,news_impulse,8,3,value_5bps_20pct_eta100_cap075_r8
IMMR,1,5,0.050000000000000003,0.5,0.10000000000000001,news_impulse,16,6,value_5bps_5pct_eta050_cap010_r16
IMXI,1,5,0.20000000000000001,1,0.75,news_impulse,8,3,value_5bps_20pct_eta100_cap075_r8
INBK,1,5,0.20000000000000001,1,0.75,news_impulse,8,3,value_5bps_20pct_eta100_cap075_r8
INCY,1,5,0.20000000000000001,1,0.75,news_impulse,16,5,value_5bps_20pct_eta100_cap075_r16
INDB,1,5,0.20000000000000001,1,0.75,news_impulse,2,2,value_5bps_20pct_eta100_cap075_r2
INFN,1,5,0.20000000000000001,1,0.75,news_impulse,2,8,value_5bps_20pct_eta100_cap075_r2
INGN,1,5,0.20000000000000001,1,0.75,news_impulse,2,2,value_5bps_20pct_eta100_cap075_r2
INO,1,5,0.20000000000000001,1,0.75,news_impulse,2,8,value_5bps_20pct_eta100_cap075_r2
INOV,1,5,0.20000000000000001,1,0.75,news_impulse,8,3,value_5bps_20pct_eta100_cap075_r8
INSG,1,5,0.20000000000000001,1,0.75,news_impulse,2,4,value_5bps_20pct_eta100_cap075_r2
INSM,1,5,0.20000000000000001,1,0.75,news_impulse,8,3,value_5bps_20pct_eta100_cap075_r8
INTC,1,5,0.20000000000000001,1,0.75,news_impulse,16,9,value_5bps_20pct_eta100_cap075_r16
INTL,1,5,0.20000000000000001,1,0.75,news_impulse,2,2,value_5bps_20pct_eta100_cap075_r2
INTU,1,5,0.20000000000000001,1,0.75,news_impulse,16,7,value_5bps_20pct_eta100_cap075_r16
INVA,1,5,0.050000000000000003,0.5,0.10000000000000001,news_impulse,16,6,value_5bps_5pct_eta050_cap010_r16
INWK,1,5,0.20000000000000001,1,0.75,news_impulse,2,4,value_5bps_20pct_eta100_cap075_r2
IONS,1,5,0.20000000000000001,1,0.75,news_impulse,16,5,value_5bps_20pct_eta100_cap075_r16
IOSP,1,5,0.20000000000000001,1,0.75,news_impulse,2,2,value_5bps_20pct_eta100_cap075_r2
IOTS,1,5,0.20000000000000001,1,0.75,news_impulse,8,3,value_5bps_20pct_eta100_cap075_r8
IOVA,1,5,0.20000000000000001,1,0.75,news_impulse,16,5,value_5bps_20pct_eta100_cap075_r16
IPAR,1,5,0.20000000000000001,1,0.75,news_impulse,2,2,value_5bps_20pct_eta100_cap075_r2
IPGP,1,5,0.20000000000000001,1,0.75,news_impulse,2,2,value_5bps_20pct_eta100_cap075_r2
IPHS,1,5,0.20000000000000001,1,0.75,news_impulse,2,8,value_5bps_20pct_eta100_cap075_r2
IRBT,1,5,0.20000000000000001,1,0.75,news_impulse,2,2,value_5bps_20pct_eta100_cap075_r2
IRDM,1,5,0.20000000000000001,1,0.75,news_impulse,16,5,value_5bps_20pct_eta100_cap075_r16
IRMD,1,5,0.20000000000000001,1,0.75,news_impulse,16,0,value_5bps_20pct_eta100_cap075_r16
IRWD,1,5,0.050000000000000003,0.5,0.10000000000000001,news_impulse,16,6,value_5bps_5pct_eta050_cap010_r16
ISBC,1,5,0.20000000000000001,1,0.75,news_impulse,2,8,value_5bps_20pct_eta100_cap075_r2
ISRG,1,5,0.20000000000000001,1,0.75,news_impulse,16,7,value_5bps_20pct_eta100_cap075_r16
ITCI,1,5,0.20000000000000001,1,0.75,news_impulse,8,3,value_5bps_20pct_eta100_cap075_r8
ITI,1,5,0.20000000000000001,1,0.75,news_impulse,2,4,value_5bps_20pct_eta100_cap075_r2
ITIC,1,5,0.20000000000000001,1,0.75,news_impulse,16,0,value_5bps_20pct_eta100_cap075_r16
ITRI,1,5,0.20000000000000001,1,0.75,news_impulse,2,2,value_5bps_20pct_eta100_cap075_r2
IVAC,1,10,0.20000000000000001,0,1,news_impulse,16,1,value_10bps_20pct_r16
JACK,1,5,0.20000000000000001,1,0.75,news_impulse,2,2,value_5bps_20pct_eta100_cap075_r2
JBHT,1,5,0.20000000000000001,1,0.75,news_impulse,16,7,value_5bps_20pct_eta100_cap075_r16
JBLU,1,5,0.20000000000000001,1,0.75,news_impulse,16,9,value_5bps_20pct_eta100_cap075_r16
JBSS,1,5,0.20000000000000001,1,0.75,news_impulse,16,0,value_5bps_20pct_eta100_cap075_r16
JCOM,1,5,0.20000000000000001,1,0.75,news_impulse,2,2,value_5bps_20pct_eta100_cap075_r2
JJSF,1,5,0.20000000000000001,1,0.75,news_impulse,16,0,value_5bps_20pct_eta100_cap075_r16
JKHY,1,5,0.20000000000000001,1,0.75,news_impulse,16,7,value_5bps_20pct_eta100_cap075_r16
JNCE,1,10,0.20000000000000001,0,1,news_impulse,16,1,value_10bps_20pct_r16
JOUT,1,5,0.20000000000000001,1,0.75,news_impulse,16,0,value_5bps_20pct_eta100_cap075_r16
JRVR,1,5,0.20000000000000001,1,0.75,news_impulse,8,3,value_5bps_20pct_eta100_cap075_r8
JYNT,1,5,0.20000000000000001,1,0.75,news_impulse,8,3,value_5bps_20pct_eta100_cap075_r8
KALA,1,5,0.20000000000000001,1,0.75,news_impulse,2,4,value_5bps_20pct_eta100_cap075_r2
KALU,1,5,0.20000000000000001,1,0.75,news_impulse,2,2,value_5bps_20pct_eta100_cap075_r2
KALV,1,10,0.20000000000000001,0,1,news_impulse,16,1,value_10bps_20pct_r16
KBAL,1,5,0.20000000000000001,1,0.75,news_impulse,8,3,value_5bps_20pct_eta100_cap075_r8
KE,1,5,0.20000000000000001,1,0.75,news_impulse,8,3,value_5bps_20pct_eta100_cap075_r8
KELYA,1,5,0.20000000000000001,1,0.75,news_impulse,8,3,value_5bps_20pct_eta100_cap075_r8
KFRC,1,5,0.20000000000000001,1,0.75,news_impulse,8,3,value_5bps_20pct_eta100_cap075_r8
KIDS,1,5,0.20000000000000001,1,0.75,news_impulse,16,0,value_5bps_20pct_eta100_cap075_r16
KIN,1,10,0.20000000000000001,0,1,news_impulse,16,1,value_10bps_20pct_r16
KINS,1,10,0.20000000000000001,0,1,news_impulse,16,1,value_10bps_20pct_r16
KIRK,1,5,0.20000000000000001,1,0.75,news_impulse,2,4,value_5bps_20pct_eta100_cap075_r2
KLAC,1,5,0.20000000000000001,1,0.75,news_impulse,16,7,value_5bps_20pct_eta100_cap075_r16
KLIC,1,5,0.20000000000000001,1,0.75,news_impulse,16,5,value_5bps_20pct_eta100_cap075_r16
KLXE,1,10,0.20000000000000001,0,1,news_impulse,16,1,value_10bps_20pct_r16
KNDI,1,5,0.20000000000000001,1,0.75,news_impulse,2,4,value_5bps_20pct_eta100_cap075_r2
KNSA,1,10,0.20000000000000001,0,1,news_impulse,16,1,value_10bps_20pct_r16
KNSL,1,5,0.20000000000000001,1,0.75,news_impulse,2,2,value_5bps_20pct_eta100_cap075_r2
KPTI,1,5,0.20000000000000001,1,0.75,news_impulse,8,3,value_5bps_20pct_eta100_cap075_r8
KRNY,1,5,0.050000000000000003,0.5,0.10000000000000001,news_impulse,16,6,value_5bps_5pct_eta050_cap010_r16
KRYS,1,5,0.20000000000000001,1,0.75,news_impulse,16,0,value_5bps_20pct_eta100_cap075_r16
KTOS,1,5,0.20000000000000001,1,0.75,news_impulse,16,5,value_5bps_20pct_eta100_cap075_r16
KURA,1,5,0.20000000000000001,1,0.75,news_impulse,8,3,value_5bps_20pct_eta100_cap075_r8
KVHI,1,10,0.20000000000000001,0,1,news_impulse,16,1,value_10bps_20pct_r16
KZR,1,10,0.20000000000000001,0,1,news_impulse,16,1,value_10bps_20pct_r16
LAKE,1,5,0.20000000000000001,1,0.75,news_impulse,8,3,value_5bps_20pct_eta100_cap075_r8
LAMR,1,5,0.20000000000000001,1,0.75,news_impulse,2,2,value_5bps_20pct_eta100_cap075_r2
LANC,1,5,0.20000000000000001,1,0.75,news_impulse,2,2,value_5bps_20pct_eta100_cap075_r2
LAND,1,5,0.050000000000000003,0.5,0.10000000000000001,news_impulse,16,6,value_5bps_5pct_eta050_cap010_r16
LASR,1,5,0.20000000000000001,1,0.75,news_impulse,8,3,value_5bps_20pct_eta100_cap075_r8
LAUR,1,5,0.050000000000000003,0.5,0.10000000000000001,news_impulse,16,6,value_5bps_5pct_eta050_cap010_r16
LAWS,1,5,0.20000000000000001,1,0.75,news_impulse,16,0,value_5bps_20pct_eta100_cap075_r16
LBAI,1,5,0.20000000000000001,1,0.75,news_impulse,8,3,value_5bps_20pct_eta100_cap075_r8
LBC,1,5,0.20000000000000001,1,0.75,news_impulse,8,3,value_5bps_20pct_eta100_cap075_r8
LBRDA,1,5,0.20000000000000001,1,0.75,news_impulse,16,7,value_5bps_20pct_eta100_cap075_r16
LBRDK,1,5,0.20000000000000001,1,0.75,news_impulse,16,7,value_5bps_20pct_eta100_cap075_r16
LCNB,1,5,0.20000000000000001,1,0.75,news_impulse,8,3,value_5bps_20pct_eta100_cap075_r8
LE,1,5,0.20000000000000001,1,0.75,news_impulse,8,3,value_5bps_20pct_eta100_cap075_r8
LECO,1,5,0.20000000000000001,1,0.75,news_impulse,2,2,value_5bps_20pct_eta100_cap075_r2
LEGH,1,10,0.20000000000000001,0,1,news_impulse,16,1,value_10bps_20pct_r16
LFUS,1,5,0.20000000000000001,1,0.75,news_impulse,2,2,value_5bps_20pct_eta100_cap075_r2
LFVN,1,5,0.20000000000000001,1,0.75,news_impulse,8,3,value_5bps_20pct_eta100_cap075_r8
LGIH,1,5,0.20000000000000001,1,0.75,news_impulse,2,2,value_5bps_20pct_eta100_cap075_r2
LGND,1,5,0.20000000000000001,1,0.75,news_impulse,2,2,value_5bps_20pct_eta100_cap075_r2
LHCG,1,5,0.20000000000000001,1,0.75,news_impulse,2,2,value_5bps_20pct_eta100_cap075_r2
LILA,1,5,0.050000000000000003,0.5,0.10000000000000001,news_impulse,16,6,value_5bps_5pct_eta050_cap010_r16
LILAK,1,5,0.20000000000000001,1,0.75,news_impulse,16,5,value_5bps_20pct_eta100_cap075_r16
LIND,1,10,0.20000000000000001,0,1,news_impulse,16,1,value_10bps_20pct_r16
LITE,1,5,0.20000000000000001,1,0.75,news_impulse,16,5,value_5bps_20pct_eta100_cap075_r16
LIVX,1,5,0.20000000000000001,1,0.75,news_impulse,2,4,value_5bps_20pct_eta100_cap075_r2
LJPC,1,5,0.20000000000000001,1,0.75,news_impulse,2,4,value_5bps_20pct_eta100_cap075_r2
LKFN,1,5,0.20000000000000001,1,0.75,news_impulse,2,2,value_5bps_20pct_eta100_cap075_r2
LKQ,1,5,0.20000000000000001,1,0.75,news_impulse,16,9,value_5bps_20pct_eta100_cap075_r16
LLNW,1,5,0.20000000000000001,1,0.75,news_impulse,2,8,value_5bps_20pct_eta100_cap075_r2
LMAT,1,5,0.20000000000000001,1,0.75,news_impulse,8,3,value_5bps_20pct_eta100_cap075_r8
LMNR,1,5,0.20000000000000001,1,0.75,news_impulse,8,3,value_5bps_20pct_eta100_cap075_r8
LMNX,1,5,0.20000000000000001,1,0.75,news_impulse,8,3,value_5bps_20pct_eta100_cap075_r8
LNDC,1,5,0.20000000000000001,1,0.75,news_impulse,8,3,value_5bps_20pct_eta100_cap075_r8
LNT,1,5,0.20000000000000001,1,0.75,news_impulse,16,9,value_5bps_20pct_eta100_cap075_r16
LNTH,1,5,0.20000000000000001,1,0.75,news_impulse,8,3,value_5bps_20pct_eta100_cap075_r8
LOB,1,5,0.20000000000000001,1,0.75,news_impulse,8,3,value_5bps_20pct_eta100_cap075_r8
LOCO,1,5,0.050000000000000003,0.5,0.10000000000000001,news_impulse,16,6,value_5bps_5pct_eta050_cap010_r16
LOGI,1,5,0.20000000000000001,1,0.75,news_impulse,16,5,value_5bps_20pct_eta100_cap075_r16
LOGM,1,5,0.20000000000000001,1,0.75,news_impulse,16,5,value_5bps_20pct_eta100_cap075_r16
LONE,1,5,0.20000000000000001,1,0.75,news_impulse,2,4,value_5bps_20pct_eta100_cap075_r2
LOOP,1,10,0.20000000000000001,0,1,news_impulse,16,1,value_10bps_20pct_r16
LOPE,1,5,0.20000000000000001,1,0.75,news_impulse,2,2,value_5bps_20pct_eta100_cap075_r2
LORL,1,5,0.20000000000000001,1,0.75,news_impulse,8,3,value_5bps_20pct_eta100_cap075_r8
LOVE,1,10,0.20000000000000001,0,1,news_impulse,16,1,value_10bps_20pct_r16
LPLA,1,5,0.20000000000000001,1,0.75,news_impulse,16,5,value_5bps_20pct_eta100_cap075_r16
LPSN,1,5,0.20000000000000001,1,0.75,news_impulse,16,5,value_5bps_20pct_eta100_cap075_r16
LQDA,1,10,0.20000000000000001,0,1,news_impulse,16,1,value_10bps_20pct_r16
LQDT,1,10,0.20000000000000001,0,1,news_impulse,16,1,value_10bps_20pct_r16
LRCX,1,5,0.20000000000000001,1,0.75,news_impulse,16,7,value_5bps_20pct_eta100_cap075_r16
LSCC,1,5,0.20000000000000001,1,0.75,news_impulse,16,5,value_5bps_20pct_eta100_cap075_r16
LSTR,1,5,0.20000000000000001,1,0.75,news_impulse,2,2,value_5bps_20pct_eta100_cap075_r2
LSXMA,1,5,0.20000000000000001,1,0.75,news_impulse,16,5,value_5bps_20pct_eta100_cap075_r16
LSXMK,1,5,0.20000000000000001,1,0.75,news_impulse,16,5,value_5bps_20pct_eta100_cap075_r16
LTRPA,1,5,0.050000000000000003,0.5,0.10000000000000001,news_impulse,16,6,value_5bps_5pct_eta050_cap010_r16
LTRX,1,5,0.20000000000000001,1,0.75,news_impulse,2,4,value_5bps_20pct_eta100_cap075_r2
LULU,1,5,0.20000000000000001,1,0.75,news_impulse,16,7,value_5bps_20pct_eta100_cap075_r16
LUNA,1,10,0.20000000000000001,0,1,news_impulse,16,1,value_10bps_20pct_r16
LXRX,1,5,0.20000000000000001,1,0.75,news_impulse,2,8,value_5bps_20pct_eta100_cap075_r2
LYTS,1,5,0.050000000000000003,0.5,0.10000000000000001,news_impulse,16,6,value_5bps_5pct_eta050_cap010_r16
MACK,1,5,0.20000000000000001,1,0.75,news_impulse,2,4,value_5bps_20pct_eta100_cap075_r2
MANH,1,5,0.20000000000000001,1,0.75,news_impulse,2,2,value_5bps_20pct_eta100_cap075_r2
MANT,1,5,0.20000000000000001,1,0.75,news_impulse,2,2,value_5bps_20pct_eta100_cap075_r2
MAR,1,5,0.20000000000000001,1,0.75,news_impulse,16,7,value_5bps_20pct_eta100_cap075_r16
MASI,1,5,0.20000000000000001,1,0.75,news_impulse,2,2,value_5bps_20pct_eta100_cap075_r2
MAT,1,5,0.20000000000000001,1,0.75,news_impulse,2,8,value_5bps_20pct_eta100_cap075_r2
MATW,1,5,0.20000000000000001,1,0.75,news_impulse,8,3,value_5bps_20pct_eta100_cap075_r8
MBII,1,5,0.20000000000000001,1,0.75,news_impulse,2,4,value_5bps_20pct_eta100_cap075_r2
MBIN,1,5,0.20000000000000001,1,0.75,news_impulse,8,3,value_5bps_20pct_eta100_cap075_r8
MBIO,1,5,0.20000000000000001,1,0.75,news_impulse,2,4,value_5bps_20pct_eta100_cap075_r2
MBOT,1,10,0.20000000000000001,0,1,news_impulse,16,1,value_10bps_20pct_r16
MBUU,1,5,0.20000000000000001,1,0.75,news_impulse,8,3,value_5bps_20pct_eta100_cap075_r8
MBWM,1,5,0.20000000000000001,1,0.75,news_impulse,8,3,value_5bps_20pct_eta100_cap075_r8
MCBC,1,5,0.050000000000000003,0.5,0.10000000000000001,news_impulse,16,6,value_5bps_5pct_eta050_cap010_r16
MCFT,1,5,0.20000000000000001,1,0.75,news_impulse,8,3,value_5bps_20pct_eta100_cap075_r8
MCHP,1,5,0.20000000000000001,1,0.75,news_impulse,16,7,value_5bps_20pct_eta100_cap075_r16
MCHX,1,5,0.050000000000000003,0.5,0.10000000000000001,news_impulse,16,6,value_5bps_5pct_eta050_cap010_r16
MCRB,1,5,0.20000000000000001,1,0.75,news_impulse,2,4,value_5bps_20pct_eta100_cap075_r2
MCRI,1,5,0.20000000000000001,1,0.75,news_impulse,16,0,value_5bps_20pct_eta100_cap075_r16
MDB,1,5,0.20000000000000001,1,0.75,news_impulse,2,2,value_5bps_20pct_eta100_cap075_r2
MDCA,1,5,0.20000000000000001,1,0.75,news_impulse,2,4,value_5bps_20pct_eta100_cap075_r2
MDGL,1,5,0.20000000000000001,1,0.75,news_impulse,16,0,value_5bps_20pct_eta100_cap075_r16
MDLZ,1,5,0.20000000000000001,1,0.75,news_impulse,16,9,value_5bps_20pct_eta100_cap075_r16
MDRX,1,5,0.20000000000000001,1,0.75,news_impulse,2,8,value_5bps_20pct_eta100_cap075_r2
MEDP,1,5,0.20000000000000001,1,0.75,news_impulse,2,2,value_5bps_20pct_eta100_cap075_r2
MEET,1,5,0.20000000000000001,1,0.75,news_impulse,2,8,value_5bps_20pct_eta100_cap075_r2
MEIP,1,5,0.20000000000000001,1,0.75,news_impulse,2,4,value_5bps_20pct_eta100_cap075_r2
MELI,1,5,0.20000000000000001,1,0.75,news_impulse,2,2,value_5bps_20pct_eta100_cap075_r2
MEOH,1,5,0.20000000000000001,1,0.75,news_impulse,16,5,value_5bps_20pct_eta100_cap075_r16
MERC,1,5,0.050000000000000003,0.5,0.10000000000000001,news_impulse,16,6,value_5bps_5pct_eta050_cap010_r16
MESA,1,5,0.20000000000000001,1,0.75,news_impulse,8,3,value_5bps_20pct_eta100_cap075_r8
METC,1,5,0.20000000000000001,1,0.75,news_impulse,2,4,value_5bps_20pct_eta100_cap075_r2
MFIN,1,10,0.20000000000000001,0,1,news_impulse,16,1,value_10bps_20pct_r16
MGEE,1,5,0.20000000000000001,1,0.75,news_impulse,2,2,value_5bps_20pct_eta100_cap075_r2
MGI,1,5,0.20000000000000001,1,0.75,news_impulse,2,4,value_5bps_20pct_eta100_cap075_r2
MGLN,1,5,0.20000000000000001,1,0.75,news_impulse,2,2,value_5bps_20pct_eta100_cap075_r2
MGNX,1,5,0.20000000000000001,1,0.75,news_impulse,8,3,value_5bps_20pct_eta100_cap075_r8
MGPI,1,5,0.20000000000000001,1,0.75,news_impulse,2,2,value_5bps_20pct_eta100_cap075_r2
MGRC,1,5,0.20000000000000001,1,0.75,news_impulse,16,0,value_5bps_20pct_eta100_cap075_r16
MGTA,1,10,0.20000000000000001,0,1,news_impulse,16,1,value_10bps_20pct_r16
MIDD,1,5,0.20000000000000001,1,0.75,news_impulse,2,2,value_5bps_20pct_eta100_cap075_r2
MIK,1,5,0.20000000000000001,1,0.75,news_impulse,2,8,value_5bps_20pct_eta100_cap075_r2
MINI,1,5,0.20000000000000001,1,0.75,news_impulse,8,3,value_5bps_20pct_eta100_cap075_r8
MITK,1,5,0.050000000000000003,0.5,0.10000000000000001,news_impulse,16,6,value_5bps_5pct_eta050_cap010_r16
MKSI,1,5,0.20000000000000001,1,0.75,news_impulse,2,2,value_5bps_20pct_eta100_cap075_r2
MKTX,1,5,0.20000000000000001,1,0.75,news_impulse,2,2,value_5bps_20pct_eta100_cap075_r2
MLAB,1,5,0.20000000000000001,1,0.75,news_impulse,16,0,value_5bps_20pct_eta100_cap075_r16
MLHR,1,5,0.20000000000000001,1,0.75,news_impulse,16,5,value_5bps_20pct_eta100_cap075_r16
MMSI,1,5,0.20000000000000001,1,0.75,news_impulse,16,5,value_5bps_20pct_eta100_cap075_r16
MNKD,1,5,0.20000000000000001,1,0.75,news_impulse,2,8,value_5bps_20pct_eta100_cap075_r2
MNLO,1,10,0.20000000000000001,0,1,news_impulse,16,1,value_10bps_20pct_r16
MNOV,1,5,0.20000000000000001,1,0.75,news_impulse,8,3,value_5bps_20pct_eta100_cap075_r8
MNRO,1,5,0.20000000000000001,1,0.75,news_impulse,2,2,value_5bps_20pct_eta100_cap075_r2
MNST,1,5,0.20000000000000001,1,0.75,news_impulse,16,9,value_5bps_20pct_eta100_cap075_r16
MNTA,1,5,0.20000000000000001,1,0.75,news_impulse,8,3,value_5bps_20pct_eta100_cap075_r8
MNTX,1,10,0.20000000000000001,0,1,news_impulse,16,1,value_10bps_20pct_r16
MOBL,1,5,0.050000000000000003,0.5,0.10000000000000001,news_impulse,16,6,value_5bps_5pct_eta050_cap010_r16
MOFG,1,5,0.20000000000000001,1,0.75,news_impulse,16,0,value_5bps_20pct_eta100_cap075_r16
MORN,1,5,0.20000000000000001,1,0.75,news_impulse,2,2,value_5bps_20pct_eta100_cap075_r2
MOTS,1,5,0.20000000000000001,1,0.75,news_impulse,2,4,value_5bps_20pct_eta100_cap075_r2
MPAA,1,5,0.20000000000000001,1,0.75,news_impulse,8,3,value_5bps_20pct_eta100_cap075_r8
MPWR,1,5,0.20000000000000001,1,0.75,news_impulse,2,2,value_5bps_20pct_eta100_cap075_r2
MRAM,1,10,0.20000000000000001,0,1,news_impulse,16,1,value_10bps_20pct_r16
MRCC,1,5,0.050000000000000003,0.5,0.10000000000000001,news_impulse,16,6,value_5bps_5pct_eta050_cap010_r16
MRCY,1,5,0.20000000000000001,1,0.75,news_impulse,2,2,value_5bps_20pct_eta100_cap075_r2
MRKR,1,5,0.20000000000000001,1,0.75,news_impulse,2,4,value_5bps_20pct_eta100_cap075_r2
MRLN,1,5,0.20000000000000001,1,0.75,news_impulse,16,0,value_5bps_20pct_eta100_cap075_r16
MRNA,1,5,0.20000000000000001,1,0.75,news_impulse,16,5,value_5bps_20pct_eta100_cap075_r16
MRNS,1,5,0.20000000000000001,1,0.75,news_impulse,2,4,value_5bps_20pct_eta100_cap075_r2
MRSN,1,10,0.20000000000000001,0,1,news_impulse,16,1,value_10bps_20pct_r16
MRTN,1,5,0.20000000000000001,1,0.75,news_impulse,8,3,value_5bps_20pct_eta100_cap075_r8
MRTX,1,5,0.20000000000000001,1,0.75,news_impulse,2,2,value_5bps_20pct_eta100_cap075_r2
MRUS,1,10,0.20000000000000001,0,1,news_impulse,16,1,value_10bps_20pct_r16
MRVL,1,5,0.20000000000000001,1,0.75,news_impulse,16,9,value_5bps_20pct_eta100_cap075_r16
MSBI,1,5,0.20000000000000001,1,0.75,news_impulse,8,3,value_5bps_20pct_eta100_cap075_r8
MSEX,1,5,0.20000000000000001,1,0.75,news_impulse,16,0,value_5bps_20pct_eta100_cap075_r16
MSFT,1,5,0.20000000000000001,1,0.75,news_impulse,16,9,value_5bps_20pct_eta100_cap075_r16
MSON,1,5,0.20000000000000001,1,0.75,news_impulse,16,0,value_5bps_20pct_eta100_cap075_r16
MSTR,1,5,0.20000000000000001,1,0.75,news_impulse,16,0,value_5bps_20pct_eta100_cap075_r16
MTBC,1,5,0.20000000000000001,1,0.75,news_impulse,2,4,value_5bps_20pct_eta100_cap075_r2
MTCH,1,5,0.20000000000000001,1,0.75,news_impulse,16,7,value_5bps_20pct_eta100_cap075_r16
MTEM,1,10,0.20000000000000001,0,1,news_impulse,16,1,value_10bps_20pct_r16
MTRX,1,5,0.20000000000000001,1,0.75,news_impulse,8,3,value_5bps_20pct_eta100_cap075_r8
MTSC,1,5,0.20000000000000001,1,0.75,news_impulse,2,2,value_5bps_20pct_eta100_cap075_r2
MTSI,1,5,0.20000000000000001,1,0.75,news_impulse,16,5,value_5bps_20pct_eta100_cap075_r16
MU,1,5,0.20000000000000001,1,0.75,news_impulse,16,9,value_5bps_20pct_eta100_cap075_r16
MVBF,1,5,0.20000000000000001,1,0.75,news_impulse,16,0,value_5bps_20pct_eta100_cap075_r16
MXIM,1,5,0.20000000000000001,1,0.75,news_impulse,16,9,value_5bps_20pct_eta100_cap075_r16
MYGN,1,5,0.20000000000000001,1,0.75,news_impulse,16,5,value_5bps_20pct_eta100_cap075_r16
MYOK,1,5,0.20000000000000001,1,0.75,news_impulse,2,2,value_5bps_20pct_eta100_cap075_r2
MYRG,1,5,0.20000000000000001,1,0.75,news_impulse,16,0,value_5bps_20pct_eta100_cap075_r16
NATH,1,5,0.20000000000000001,1,0.75,news_impulse,16,0,value_5bps_20pct_eta100_cap075_r16
NATI,1,5,0.20000000000000001,1,0.75,news_impulse,16,5,value_5bps_20pct_eta100_cap075_r16
NATR,1,10,0.20000000000000001,0,1,news_impulse,16,1,value_10bps_20pct_r16
NAVI,1,5,0.20000000000000001,1,0.75,news_impulse,2,8,value_5bps_20pct_eta100_cap075_r2
NBEV,1,5,0.20000000000000001,1,0.75,news_impulse,2,8,value_5bps_20pct_eta100_cap075_r2
NBIX,1,5,0.20000000000000001,1,0.75,news_impulse,2,2,value_5bps_20pct_eta100_cap075_r2
NBN,1,5,0.20000000000000001,1,0.75,news_impulse,16,0,value_5bps_20pct_eta100_cap075_r16
NBTB,1,5,0.20000000000000001,1,0.75,news_impulse,8,3,value_5bps_20pct_eta100_cap075_r8
NCBS,1,5,0.20000000000000001,1,0.75,news_impulse,16,0,value_5bps_20pct_eta100_cap075_r16
NCSM,1,10,0.20000000000000001,0,1,news_impulse,16,1,value_10bps_20pct_r16
NDAQ,1,5,0.20000000000000001,1,0.75,news_impulse,16,7,value_5bps_20pct_eta100_cap075_r16
NDLS,1,5,0.050000000000000003,0.5,0.10000000000000001,news_impulse,16,6,value_5bps_5pct_eta050_cap010_r16
NDSN,1,5,0.20000000000000001,1,0.75,news_impulse,2,2,value_5bps_20pct_eta100_cap075_r2
NEO,1,5,0.20000000000000001,1,0.75,news_impulse,16,5,value_5bps_20pct_eta100_cap075_r16
NEOG,1,5,0.20000000000000001,1,0.75,news_impulse,2,2,value_5bps_20pct_eta100_cap075_r2
NEOS,1,5,0.20000000000000001,1,0.75,news_impulse,2,4,value_5bps_20pct_eta100_cap075_r2
NERV,1,10,0.20000000000000001,0,1,news_impulse,16,1,value_10bps_20pct_r16
NEWT,1,5,0.20000000000000001,1,0.75,news_impulse,8,3,value_5bps_20pct_eta100_cap075_r8
NFBK,1,5,0.20000000000000001,1,0.75,news_impulse,8,3,value_5bps_20pct_eta100_cap075_r8
NFLX,1,5,0.20000000000000001,1,0.75,news_impulse,16,7,value_5bps_20pct_eta100_cap075_r16
NGHC,1,5,0.20000000000000001,1,0.75,news_impulse,8,3,value_5bps_20pct_eta100_cap075_r8
NHTC,1,10,0.20000000000000001,0,1,news_impulse,16,1,value_10bps_20pct_r16
NK,1,5,0.20000000000000001,1,0.75,news_impulse,2,4,value_5bps_20pct_eta100_cap075_r2
NKSH,1,5,0.20000000000000001,1,0.75,news_impulse,16,0,value_5bps_20pct_eta100_cap075_r16
NKTR,1,5,0.20000000000000001,1,0.75,news_impulse,16,5,value_5bps_20pct_eta100_cap075_r16
NLNK,1,5,0.20000000000000001,1,0.75,news_impulse,2,4,value_5bps_20pct_eta100_cap075_r2
NMIH,1,5,0.20000000000000001,1,0.75,news_impulse,16,5,value_5bps_20pct_eta100_cap075_r16
NMRK,1,5,0.050000000000000003,0.5,0.10000000000000001,news_impulse,16,6,value_5bps_5pct_eta050_cap010_r16
NNBR,1,5,0.050000000000000003,0.5,0.10000000000000001,news_impulse,16,6,value_5bps_5pct_eta050_cap010_r16
NOVT,1,5,0.20000000000000001,1,0.75,news_impulse,2,2,value_5bps_20pct_eta100_cap075_r2
NRC,1,5,0.20000000000000001,1,0.75,news_impulse,16,0,value_5bps_20pct_eta100_cap075_r16
NRIM,1,5,0.20000000000000001,1,0.75,news_impulse,16,0,value_5bps_20pct_eta100_cap075_r16
NSIT,1,5,0.20000000000000001,1,0.75,news_impulse,2,2,value_5bps_20pct_eta100_cap075_r2
NSTG,1,5,0.20000000000000001,1,0.75,news_impulse,8,3,value_5bps_20pct_eta100_cap075_r8
NTAP,1,5,0.20000000000000001,1,0.75,news_impulse,16,9,value_5bps_20pct_eta100_cap075_r16
NTCT,1,5,0.20000000000000001,1,0.75,news_impulse,16,5,value_5bps_20pct_eta100_cap075_r16
NTGN,1,5,0.20000000000000001,1,0.75,news_impulse,2,4,value_5bps_20pct_eta100_cap075_r2
NTGR,1,5,0.20000000000000001,1,0.75,news_impulse,16,5,value_5bps_20pct_eta100_cap075_r16
NTLA,1,5,0.20000000000000001,1,0.75,news_impulse,8,3,value_5bps_20pct_eta100_cap075_r8
NTNX,1,5,0.20000000000000001,1,0.75,news_impulse,16,9,value_5bps_20pct_eta100_cap075_r16
NTRA,1,5,0.20000000000000001,1,0.75,news_impulse,16,5,value_5bps_20pct_eta100_cap075_r16
NTRS,1,5,0.20000000000000001,1,0.75,news_impulse,16,7,value_5bps_20pct_eta100_cap075_r16
NUAN,1,5,0.20000000000000001,1,0.75,news_impulse,16,9,value_5bps_20pct_eta100_cap075_r16
NUVA,1,5,0.20000000000000001,1,0.75,news_impulse,2,2,value_5bps_20pct_eta100_cap075_r2
NVDA,1,5,0.20000000000000001,1,0.75,news_impulse,16,7,value_5bps_20pct_eta100_cap075_r16
NVEC,1,5,0.20000000000000001,1,0.75,news_impulse,16,0,value_5bps_20pct_eta100_cap075_r16
NVEE,1,5,0.20000000000000001,1,0.75,news_impulse,16,0,value_5bps_20pct_eta100_cap075_r16
NWBI,1,5,0.050000000000000003,0.5,0.10000000000000001,news_impulse,16,6,value_5bps_5pct_eta050_cap010_r16
NWL,1,5,0.20000000000000001,1,0.75,news_impulse,16,9,value_5bps_20pct_eta100_cap075_r16
NWLI,1,5,0.20000000000000001,1,0.75,news_impulse,16,0,value_5bps_20pct_eta100_cap075_r16
NWS,1,5,0.050000000000000003,0.5,0.10000000000000001,news_impulse,16,6,value_5bps_5pct_eta050_cap010_r16
NWSA,1,5,0.20000000000000001,1,0.75,news_impulse,2,8,value_5bps_20pct_eta100_cap075_r2
NXGN,1,5,0.050000000000000003,0.5,0.10000000000000001,news_impulse,16,6,value_5bps_5pct_eta050_cap010_r16
NXPI,1,5,0.20000000000000001,1,0.75,news_impulse,16,7,value_5bps_20pct_eta100_cap075_r16
NXST,1,5,0.20000000000000001,1,0.75,news_impulse,2,2,value_5bps_20pct_eta100_cap075_r2
NYMT,1,5,0.20000000000000001,1,0.75,news_impulse,2,8,value_5bps_20pct_eta100_cap075_r2
NYMX,1,5,0.20000000000000001,1,0.75,news_impulse,2,4,value_5bps_20pct_eta100_cap075_r2
OBNK,1,5,0.20000000000000001,1,0.75,news_impulse,16,0,value_5bps_20pct_eta100_cap075_r16
OCFC,1,5,0.20000000000000001,1,0.75,news_impulse,16,5,value_5bps_20pct_eta100_cap075_r16
OCSI,1,5,0.050000000000000003,0.5,0.10000000000000001,news_impulse,16,6,value_5bps_5pct_eta050_cap010_r16
OCSL,1,5,0.20000000000000001,1,0.75,news_impulse,2,8,value_5bps_20pct_eta100_cap075_r2
OCUL,1,5,0.20000000000000001,1,0.75,news_impulse,2,4,value_5bps_20pct_eta100_cap075_r2
ODFL,1,5,0.20000000000000001,1,0.75,news_impulse,16,7,value_5bps_20pct_eta100_cap075_r16
ODP,1,5,0.20000000000000001,1,0.75,news_impulse,2,8,value_5bps_20pct_eta100_cap075_r2
ODT,1,5,0.20000000000000001,1,0.75,news_impulse,16,0,value_5bps_20pct_eta100_cap075_r16
OFIX,1,5,0.20000000000000001,1,0.75,news_impulse,16,0,value_5bps_20pct_eta100_cap075_r16
OKTA,1,5,0.20000000000000001,1,0.75,news_impulse,16,7,value_5bps_20pct_eta100_cap075_r16
OLED,1,5,0.20000000000000001,1,0.75,news_impulse,2,2,value_5bps_20pct_eta100_cap075_r2
OLLI,1,5,0.20000000000000001,1,0.75,news_impulse,16,5,value_5bps_20pct_eta100_cap075_r16
OMCL,1,5,0.20000000000000001,1,0.75,news_impulse,2,2,value_5bps_20pct_eta100_cap075_r2
OMER,1,5,0.20000000000000001,1,0.75,news_impulse,8,3,value_5bps_20pct_eta100_cap075_r8
OMEX,1,10,0.20000000000000001,0,1,news_impulse,16,1,value_10bps_20pct_r16
ON,1,5,0.20000000000000001,1,0.75,news_impulse,16,9,value_5bps_20pct_eta100_cap075_r16
ONB,1,5,0.050000000000000003,0.5,0.10000000000000001,news_impulse,16,6,value_5bps_5pct_eta050_cap010_r16
OPB,1,5,0.20000000000000001,1,0.75,news_impulse,8,3,value_5bps_20pct_eta100_cap075_r8
OPBK,1,10,0.20000000000000001,0,1,news_impulse,16,1,value_10bps_20pct_r16
OPK,1,5,0.20000000000000001,1,0.75,news_impulse,2,8,value_5bps_20pct_eta100_cap075_r2
OPNT,1,10,0.20000000000000001,0,1,news_impulse,16,1,value_10bps_20pct_r16
OPRX,1,10,0.20000000000000001,0,1,news_impulse,16,1,value_10bps_20pct_r16
OPTN,1,10,0.20000000000000001,0,1,news_impulse,16,1,value_10bps_20pct_r16
ORBC,1,5,0.20000000000000001,1,0.75,news_impulse,2,4,value_5bps_20pct_eta100_cap075_r2
ORGS,1,5,0.20000000000000001,1,0.75,news_impulse,2,4,value_5bps_20pct_eta100_cap075_r2
ORLY,1,5,0.20000000000000001,1,0.75,news_impulse,16,7,value_5bps_20pct_eta100_cap075_r16
ORMP,1,5,0.20000000000000001,1,0.75,news_impulse,2,4,value_5bps_20pct_eta100_cap075_r2
OSBC,1,5,0.050000000000000003,0.5,0.10000000000000001,news_impulse,16,6,value_5bps_5pct_eta050_cap010_r16
OSIS,1,5,0.20000000000000001,1,0.75,news_impulse,2,2,value_5bps_20pct_eta100_cap075_r2
OSPN,1,5,0.20000000000000001,1,0.75,news_impulse,8,3,value_5bps_20pct_eta100_cap075_r8
OSTK,1,5,0.20000000000000001,1,0.75,news_impulse,2,4,value_5bps_20pct_eta100_cap075_r2
OSUR,1,5,0.050000000000000003,0.5,0.10000000000000001,news_impulse,16,6,value_5bps_5pct_eta050_cap010_r16
OTEX,1,5,0.20000000000000001,1,0.75,news_impulse,16,5,value_5bps_20pct_eta100_cap075_r16
OTIC,1,5,0.20000000000000001,1,0.75,news_impulse,2,4,value_5bps_20pct_eta100_cap075_r2
OTTR,1,5,0.20000000000000001,1,0.75,news_impulse,2,2,value_5bps_20pct_eta100_cap075_r2
OVID,1,5,0.20000000000000001,1,0.75,news_impulse,2,4,value_5bps_20pct_eta100_cap075_r2
OXLC,1,5,0.050000000000000003,0.5,0.10000000000000001,news_impulse,16,6,value_5bps_5pct_eta050_cap010_r16
OXSQ,1,5,0.20000000000000001,1,0.75,news_impulse,2,4,value_5bps_20pct_eta100_cap075_r2
OZK,1,5,0.20000000000000001,1,0.75,news_impulse,16,5,value_5bps_20pct_eta100_cap075_r16
PAAS,1,5,0.20000000000000001,1,0.75,news_impulse,16,9,value_5bps_20pct_eta100_cap075_r16
PACB,1,5,0.20000000000000001,1,0.75,news_impulse,2,8,value_5bps_20pct_eta100_cap075_r2
PACW,1,5,0.20000000000000001,1,0.75,news_impulse,16,5,value_5bps_20pct_eta100_cap075_r16
PAHC,1,5,0.20000000000000001,1,0.75,news_impulse,8,3,value_5bps_20pct_eta100_cap075_r8
PATK,1,5,0.20000000000000001,1,0.75,news_impulse,2,2,value_5bps_20pct_eta100_cap075_r2
PAYX,1,5,0.20000000000000001,1,0.75,news_impulse,16,9,value_5bps_20pct_eta100_cap075_r16
PBCT,1,5,0.20000000000000001,1,0.75,news_impulse,16,9,value_5bps_20pct_eta100_cap075_r16
PBPB,1,5,0.050000000000000003,0.5,0.10000000000000001,news_impulse,16,6,value_5bps_5pct_eta050_cap010_r16
PBYI,1,10,0.20000000000000001,0,1,news_impulse,16,1,value_10bps_20pct_r16
PCAR,1,5,0.20000000000000001,1,0.75,news_impulse,16,7,value_5bps_20pct_eta100_cap075_r16
PCH,1,5,0.20000000000000001,1,0.75,news_impulse,16,5,value_5bps_20pct_eta100_cap075_r16
PCOM,1,5,0.20000000000000001,1,0.75,news_impulse,8,3,value_5bps_20pct_eta100_cap075_r8
PCRX,1,5,0.20000000000000001,1,0.75,news_impulse,16,5,value_5bps_20pct_eta100_cap075_r16
PCSB,1,5,0.20000000000000001,1,0.75,news_impulse,8,3,value_5bps_20pct_eta100_cap075_r8
PCTI,1,5,0.050000000000000003,0.5,0.10000000000000001,news_impulse,16,6,value_5bps_5pct_eta050_cap010_r16
PCTY,1,5,0.20000000000000001,1,0.75,news_impulse,2,2,value_5bps_20pct_eta100_cap075_r2
PCYG,1,10,0.20000000000000001,0,1,news_impulse,16,1,value_10bps_20pct_r16
PCYO,1,5,0.050000000000000003,0.5,0.10000000000000001,news_impulse,16,6,value_5bps_5pct_eta050_cap010_r16
PDCE,1,5,0.20000000000000001,1,0.75,news_impulse,16,5,value_5bps_20pct_eta100_cap075_r16
PDCO,1,5,0.20000000000000001,1,0.75,news_impulse,16,5,value_5bps_20pct_eta100_cap075_r16
PDFS,1,5,0.20000000000000001,1,0.75,news_impulse,8,3,value_5bps_20pct_eta100_cap075_r8
PDLI,1,5,0.20000000000000001,1,0.75,news_impulse,2,8,value_5bps_20pct_eta100_cap075_r2
PEBO,1,5,0.20000000000000001,1,0.75,news_impulse,8,3,value_5bps_20pct_eta100_cap075_r8
PEGA,1,5,0.20000000000000001,1,0.75,news_impulse,2,2,value_5bps_20pct_eta100_cap075_r2
PEGI,1,5,0.20000000000000001,1,0.75,news_impulse,16,5,value_5bps_20pct_eta100_cap075_r16
PENN,1,5,0.20000000000000001,1,0.75,news_impulse,16,5,value_5bps_20pct_eta100_cap075_r16
PEP,1,5,0.20000000000000001,1,0.75,news_impulse,16,9,value_5bps_20pct_eta100_cap075_r16
PETQ,1,5,0.20000000000000001,1,0.75,news_impulse,8,3,value_5bps_20pct_eta100_cap075_r8
PETS,1,5,0.20000000000000001,1,0.75,news_impulse,16,5,value_5bps_20pct_eta100_cap075_r16
PFBC,1,5,0.20000000000000001,1,0.75,news_impulse,2,2,value_5bps_20pct_eta100_cap075_r2
PFBI,1,10,0.20000000000000001,0,1,news_impulse,16,1,value_10bps_20pct_r16
PFG,1,5,0.20000000000000001,1,0.75,news_impulse,16,5,value_5bps_20pct_eta100_cap075_r16
PFIE,1,5,0.20000000000000001,1,0.75,news_impulse,2,4,value_5bps_20pct_eta100_cap075_r2
PFLT,1,5,0.050000000000000003,0.5,0.10000000000000001,news_impulse,16,6,value_5bps_5pct_eta050_cap010_r16
PFPT,1,5,0.20000000000000001,1,0.75,news_impulse,2,2,value_5bps_20pct_eta100_cap075_r2
PFSW,1,10,0.20000000000000001,0,1,news_impulse,16,1,value_10bps_20pct_r16
PGC,1,5,0.20000000000000001,1,0.75,news_impulse,8,3,value_5bps_20pct_eta100_cap075_r8
PGNX,1,5,0.20000000000000001,1,0.75,news_impulse,2,8,value_5bps_20pct_eta100_cap075_r2
PI,1,5,0.20000000000000001,1,0.75,news_impulse,8,3,value_5bps_20pct_eta100_cap075_r8
PICO,1,5,0.20000000000000001,1,0.75,news_impulse,8,3,value_5bps_20pct_eta100_cap075_r8
PINC,1,5,0.20000000000000001,1,0.75,news_impulse,16,5,value_5bps_20pct_eta100_cap075_r16
PIRS,1,5,0.20000000000000001,1,0.75,news_impulse,2,4,value_5bps_20pct_eta100_cap075_r2
PKOH,1,5,0.20000000000000001,1,0.75,news_impulse,16,0,value_5bps_20pct_eta100_cap075_r16
PLAB,1,5,0.050000000000000003,0.5,0.10000000000000001,news_impulse,16,6,value_5bps_5pct_eta050_cap010_r16
PLAY,1,5,0.20000000000000001,1,0.75,news_impulse,16,5,value_5bps_20pct_eta100_cap075_r16
PLCE,1,5,0.20000000000000001,1,0.75,news_impulse,2,2,value_5bps_20pct_eta100_cap075_r2
PLPC,1,5,0.20000000000000001,1,0.75,news_impulse,16,0,value_5bps_20pct_eta100_cap075_r16
PLUG,1,5,0.20000000000000001,1,0.75,news_impulse,2,8,value_5bps_20pct_eta100_cap075_r2
PLUS,1,5,0.20000000000000001,1,0.75,news_impulse,16,0,value_5bps_20pct_eta100_cap075_r16
PLXS,1,5,0.20000000000000001,1,0.75,news_impulse,2,2,value_5bps_20pct_eta100_cap075_r2
PMBC,1,5,0.20000000000000001,1,0.75,news_impulse,8,3,value_5bps_20pct_eta100_cap075_r8
PMD,1,5,0.20000000000000001,1,0.75,news_impulse,8,3,value_5bps_20pct_eta100_cap075_r8
PNFP,1,5,0.20000000000000001,1,0.75,news_impulse,16,5,value_5bps_20pct_eta100_cap075_r16
PNNT,1,5,0.050000000000000003,0.5,0.10000000000000001,news_impulse,16,6,value_5bps_5pct_eta050_cap010_r16
PODD,1,5,0.20000000000000001,1,0.75,news_impulse,2,2,value_5bps_20pct_eta100_cap075_r2
POOL,1,5,0.20000000000000001,1,0.75,news_impulse,2,2,value_5bps_20pct_eta100_cap075_r2
POWI,1,5,0.20000000000000001,1,0.75,news_impulse,2,2,value_5bps_20pct_eta100_cap075_r2
POWL,1,5,0.20000000000000001,1,0.75,news_impulse,16,0,value_5bps_20pct_eta100_cap075_r16
PPBI,1,5,0.20000000000000001,1,0.75,news_impulse,16,5,value_5bps_20pct_eta100_cap075_r16
PPC,1,5,0.20000000000000001,1,0.75,news_impulse,16,5,value_5bps_20pct_eta100_cap075_r16
PRAA,1,5,0.20000000000000001,1,0.75,news_impulse,16,5,value_5bps_20pct_eta100_cap075_r16
PRAH,1,5,0.20000000000000001,1,0.75,news_impulse,2,2,value_5bps_20pct_eta100_cap075_r2
PRFT,1,5,0.20000000000000001,1,0.75,news_impulse,16,5,value_5bps_20pct_eta100_cap075_r16
PRGS,1,5,0.20000000000000001,1,0.75,news_impulse,16,5,value_5bps_20pct_eta100_cap075_r16
PRGX,1,10,0.20000000000000001,0,1,news_impulse,16,1,value_10bps_20pct_r16
PRIM,1,5,0.20000000000000001,1,0.75,news_impulse,8,3,value_5bps_20pct_eta100_cap075_r8
PRMW,1,5,0.050000000000000003,0.5,0.10000000000000001,news_impulse,16,6,value_5bps_5pct_eta050_cap010_r16
PRPL,1,10,0.20000000000000001,0,1,news_impulse,16,1,value_10bps_20pct_r16
PRSC,1,5,0.20000000000000001,1,0.75,news_impulse,16,0,value_5bps_20pct_eta100_cap075_r16
PRTK,1,5,0.20000000000000001,1,0.75,news_impulse,2,4,value_5bps_20pct_eta100_cap075_r2
PS,1,5,0.20000000000000001,1,0.75,news_impulse,16,5,value_5bps_20pct_eta100_cap075_r16
PSEC,1,5,0.20000000000000001,1,0.75,news_impulse,2,8,value_5bps_20pct_eta100_cap075_r2
PSMT,1,5,0.20000000000000001,1,0.75,news_impulse,2,2,value_5bps_20pct_eta100_cap075_r2
PTC,1,5,0.20000000000000001,1,0.75,news_impulse,16,5,value_5bps_20pct_eta100_cap075_r16
PTCT,1,5,0.20000000000000001,1,0.75,news_impulse,2,2,value_5bps_20pct_eta100_cap075_r2
PTE,1,5,0.20000000000000001,1,0.75,news_impulse,2,4,value_5bps_20pct_eta100_cap075_r2
PTEN,1,5,0.20000000000000001,1,0.75,news_impulse,16,9,value_5bps_20pct_eta100_cap075_r16
PTGX,1,10,0.20000000000000001,0,1,news_impulse,16,1,value_10bps_20pct_r16
PTLA,1,5,0.20000000000000001,1,0.75,news_impulse,16,5,value_5bps_20pct_eta100_cap075_r16
PTVCB,1,5,0.20000000000000001,1,0.75,news_impulse,8,3,value_5bps_20pct_eta100_cap075_r8
PUB,1,5,0.20000000000000001,1,0.75,news_impulse,16,0,value_5bps_20pct_eta100_cap075_r16
PVAC,1,5,0.20000000000000001,1,0.75,news_impulse,8,3,value_5bps_20pct_eta100_cap075_r8
PXLW,1,5,0.20000000000000001,1,0.75,news_impulse,2,4,value_5bps_20pct_eta100_cap075_r2
PXS,1,5,0.20000000000000001,1,0.75,news_impulse,2,4,value_5bps_20pct_eta100_cap075_r2
PYPL,1,5,0.20000000000000001,1,0.75,news_impulse,16,9,value_5bps_20pct_eta100_cap075_r16
PZZA,1,5,0.20000000000000001,1,0.75,news_impulse,16,5,value_5bps_20pct_eta100_cap075_r16
QADA,1,5,0.20000000000000001,1,0.75,news_impulse,16,0,value_5bps_20pct_eta100_cap075_r16
QCOM,1,5,0.20000000000000001,1,0.75,news_impulse,16,9,value_5bps_20pct_eta100_cap075_r16
QCRH,1,5,0.20000000000000001,1,0.75,news_impulse,16,0,value_5bps_20pct_eta100_cap075_r16
QDEL,1,5,0.20000000000000001,1,0.75,news_impulse,2,2,value_5bps_20pct_eta100_cap075_r2
QNST,1,5,0.050000000000000003,0.5,0.10000000000000001,news_impulse,16,6,value_5bps_5pct_eta050_cap010_r16
QRTEA,1,5,0.20000000000000001,1,0.75,news_impulse,2,8,value_5bps_20pct_eta100_cap075_r2
QRVO,1,5,0.20000000000000001,1,0.75,news_impulse,16,7,value_5bps_20pct_eta100_cap075_r16
QTRX,1,5,0.20000000000000001,1,0.75,news_impulse,16,0,value_5bps_20pct_eta100_cap075_r16
RAIL,1,5,0.20000000000000001,1,0.75,news_impulse,2,4,value_5bps_20pct_eta100_cap075_r2
RARE,1,5,0.20000000000000001,1,0.75,news_impulse,2,2,value_5bps_20pct_eta100_cap075_r2
RARX,1,5,0.20000000000000001,1,0.75,news_impulse,8,3,value_5bps_20pct_eta100_cap075_r8
RAVN,1,5,0.20000000000000001,1,0.75,news_impulse,8,3,value_5bps_20pct_eta100_cap075_r8
RBB,1,5,0.20000000000000001,1,0.75,news_impulse,8,3,value_5bps_20pct_eta100_cap075_r8
RBBN,1,5,0.20000000000000001,1,0.75,news_impulse,2,4,value_5bps_20pct_eta100_cap075_r2
RBCAA,1,5,0.20000000000000001,1,0.75,news_impulse,16,0,value_5bps_20pct_eta100_cap075_r16
RCII,1,5,0.20000000000000001,1,0.75,news_impulse,16,5,value_5bps_20pct_eta100_cap075_r16
RCKY,1,5,0.20000000000000001,1,0.75,news_impulse,16,0,value_5bps_20pct_eta100_cap075_r16
RCM,1,5,0.050000000000000003,0.5,0.10000000000000001,news_impulse,16,6,value_5bps_5pct_eta050_cap010_r16
RDFN,1,5,0.20000000000000001,1,0.75,news_impulse,16,5,value_5bps_20pct_eta100_cap075_r16
RDI,1,5,0.20000000000000001,1,0.75,news_impulse,8,3,value_5bps_20pct_eta100_cap075_r8
RDNT,1,5,0.20000000000000001,1,0.75,news_impulse,8,3,value_5bps_20pct_eta100_cap075_r8
RDUS,1,5,0.20000000000000001,1,0.75,news_impulse,8,3,value_5bps_20pct_eta100_cap075_r8
RDVT,1,10,0.20000000000000001,0,1,news_impulse,16,1,value_10bps_20pct_r16
RECN,1,5,0.20000000000000001,1,0.75,news_impulse,8,3,value_5bps_20pct_eta100_cap075_r8
REFR,1,5,0.20000000000000001,1,0.75,news_impulse,2,4,value_5bps_20pct_eta100_cap075_r2
REG,1,5,0.20000000000000001,1,0.75,news_impulse,16,5,value_5bps_20pct_eta100_cap075_r16
REGI,1,5,0.20000000000000001,1,0.75,news_impulse,16,5,value_5bps_20pct_eta100_cap075_r16
REGN,1,5,0.20000000000000001,1,0.75,news_impulse,16,7,value_5bps_20pct_eta100_cap075_r16
REPH,1,5,0.20000000000000001,1,0.75,news_impulse,8,3,value_5bps_20pct_eta100_cap075_r8
REPL,1,5,0.20000000000000001,1,0.75,news_impulse,16,0,value_5bps_20pct_eta100_cap075_r16
RESN,1,5,0.20000000000000001,1,0.75,news_impulse,2,4,value_5bps_20pct_eta100_cap075_r2
RETA,1,5,0.20000000000000001,1,0.75,news_impulse,2,2,value_5bps_20pct_eta100_cap075_r2
RFIL,1,5,0.20000000000000001,1,0.75,news_impulse,2,8,value_5bps_20pct_eta100_cap075_r2
RGEN,1,5,0.20000000000000001,1,0.75,news_impulse,2,2,value_5bps_20pct_eta100_cap075_r2
RGLD,1,5,0.20000000000000001,1,0.75,news_impulse,2,2,value_5bps_20pct_eta100_cap075_r2
RGNX,1,5,0.20000000000000001,1,0.75,news_impulse,2,2,value_5bps_20pct_eta100_cap075_r2
RIBT,1,5,0.20000000000000001,1,0.75,news_impulse,2,4,value_5bps_20pct_eta100_cap075_r2
RIGL,1,5,0.20000000000000001,1,0.75,news_impulse,2,8,value_5bps_20pct_eta100_cap075_r2
RILY,1,5,0.20000000000000001,1,0.75,news_impulse,8,3,value_5bps_20pct_eta100_cap075_r8
RIOT,1,5,0.20000000000000001,1,0.75,news_impulse,2,4,value_5bps_20pct_eta100_cap075_r2
RMBS,1,5,0.050000000000000003,0.5,0.10000000000000001,news_impulse,16,6,value_5bps_5pct_eta050_cap010_r16
RMNI,1,10,0.20000000000000001,0,1,news_impulse,16,1,value_10bps_20pct_r16
RMR,1,5,0.20000000000000001,1,0.75,news_impulse,16,0,value_5bps_20pct_eta100_cap075_r16
RMTI,1,5,0.20000000000000001,1,0.75,news_impulse,2,4,value_5bps_20pct_eta100_cap075_r2
RNET,1,10,0.20000000000000001,0,1,news_impulse,16,1,value_10bps_20pct_r16
RNST,1,5,0.20000000000000001,1,0.75,news_impulse,16,5,value_5bps_20pct_eta100_cap075_r16
ROAD,1,10,0.20000000000000001,0,1,news_impulse,16,1,value_10bps_20pct_r16
ROCK,1,5,0.20000000000000001,1,0.75,news_impulse,8,3,value_5bps_20pct_eta100_cap075_r8
ROIC,1,5,0.050000000000000003,0.5,0.10000000000000001,news_impulse,16,6,value_5bps_5pct_eta050_cap010_r16
ROKU,1,5,0.20000000000000001,1,0.75,news_impulse,16,7,value_5bps_20pct_eta100_cap075_r16
ROLL,1,5,0.20000000000000001,1,0.75,news_impulse,2,2,value_5bps_20pct_eta100_cap075_r2
ROSE,1,5,0.20000000000000001,1,0.75,news_impulse,2,4,value_5bps_20pct_eta100_cap075_r2
ROST,1,5,0.20000000000000001,1,0.75,news_impulse,16,7,value_5bps_20pct_eta100_cap075_r16
RP,1,5,0.20000000000000001,1,0.75,news_impulse,16,5,value_5bps_20pct_eta100_cap075_r16
RPD,1,5,0.20000000000000001,1,0.75,news_impulse,2,2,value_5bps_20pct_eta100_cap075_r2
RRGB,1,5,0.20000000000000001,1,0.75,news_impulse,8,3,value_5bps_20pct_eta100_cap075_r8
RRR,1,5,0.20000000000000001,1,0.75,news_impulse,16,5,value_5bps_20pct_eta100_cap075_r16
RTIX,1,5,0.20000000000000001,1,0.75,news_impulse,2,4,value_5bps_20pct_eta100_cap075_r2
RTRX,1,5,0.20000000000000001,1,0.75,news_impulse,8,3,value_5bps_20pct_eta100_cap075_r8
RUBY,1,10,0.20000000000000001,0,1,news_impulse,16,1,value_10bps_20pct_r16
RUN,1,5,0.20000000000000001,1,0.75,news_impulse,16,5,value_5bps_20pct_eta100_cap075_r16
RUSHA,1,5,0.20000000000000001,1,0.75,news_impulse,2,2,value_5bps_20pct_eta100_cap075_r2
RUTH,1,5,0.20000000000000001,1,0.75,news_impulse,8,3,value_5bps_20pct_eta100_cap075_r8
RVNC,1,5,0.20000000000000001,1,0.75,news_impulse,8,3,value_5bps_20pct_eta100_cap075_r8
RVSB,1,5,0.20000000000000001,1,0.75,news_impulse,8,3,value_5bps_20pct_eta100_cap075_r8
RYTM,1,5,0.20000000000000001,1,0.75,news_impulse,16,0,value_5bps_20pct_eta100_cap075_r16
SABR,1,5,0.20000000000000001,1,0.75,news_impulse,16,9,value_5bps_20pct_eta100_cap075_r16
SAFM,1,5,0.20000000000000001,1,0.75,news_impulse,2,2,value_5bps_20pct_eta100_cap075_r2
SAFT,1,5,0.20000000000000001,1,0.75,news_impulse,2,2,value_5bps_20pct_eta100_cap075_r2
SAGE,1,5,0.20000000000000001,1,0.75,news_impulse,2,2,value_5bps_20pct_eta100_cap075_r2
SAIA,1,5,0.20000000000000001,1,0.75,news_impulse,2,2,value_5bps_20pct_eta100_cap075_r2
SAMG,1,10,0.20000000000000001,0,1,news_impulse,16,1,value_10bps_20pct_r16
SANM,1,5,0.20000000000000001,1,0.75,news_impulse,16,5,value_5bps_20pct_eta100_cap075_r16
SASR,1,5,0.20000000000000001,1,0.75,news_impulse,8,3,value_5bps_20pct_eta100_cap075_r8
SATS,1,5,0.20000000000000001,1,0.75,news_impulse,16,5,value_5bps_20pct_eta100_cap075_r16
SBAC,1,5,0.20000000000000001,1,0.75,news_impulse,16,7,value_5bps_20pct_eta100_cap075_r16
SBCF,1,5,0.20000000000000001,1,0.75,news_impulse,8,3,value_5bps_20pct_eta100_cap075_r8
SBGI,1,5,0.20000000000000001,1,0.75,news_impulse,16,5,value_5bps_20pct_eta100_cap075_r16
SBLK,1,5,0.050000000000000003,0.5,0.10000000000000001,news_impulse,16,6,value_5bps_5pct_eta050_cap010_r16
SBNY,1,5,0.20000000000000001,1,0.75,news_impulse,2,2,value_5bps_20pct_eta100_cap075_r2
SBPH,1,5,0.20000000000000001,1,0.75,news_impulse,2,4,value_5bps_20pct_eta100_cap075_r2
SBRA,1,5,0.050000000000000003,0.5,0.10000000000000001,news_impulse,16,6,value_5bps_5pct_eta050_cap010_r16
SBSI,1,5,0.20000000000000001,1,0.75,news_impulse,8,3,value_5bps_20pct_eta100_cap075_r8
SBT,1,10,0.20000000000000001,0,1,news_impulse,16,1,value_10bps_20pct_r16
SBUX,1,5,0.20000000000000001,1,0.75,news_impulse,16,9,value_5bps_20pct_eta100_cap075_r16
SCHL,1,5,0.20000000000000001,1,0.75,news_impulse,8,3,value_5bps_20pct_eta100_cap075_r8
SCHN,1,5,0.20000000000000001,1,0.75,news_impulse,8,3,value_5bps_20pct_eta100_cap075_r8
SCOR,1,5,0.20000000000000001,1,0.75,news_impulse,2,4,value_5bps_20pct_eta100_cap075_r2
SCSC,1,5,0.20000000000000001,1,0.75,news_impulse,8,3,value_5bps_20pct_eta100_cap075_r8
SCVL,1,5,0.20000000000000001,1,0.75,news_impulse,8,3,value_5bps_20pct_eta100_cap075_r8
SCWX,1,10,0.20000000000000001,0,1,news_impulse,16,1,value_10bps_20pct_r16
SEAC,1,5,0.20000000000000001,1,0.75,news_impulse,2,4,value_5bps_20pct_eta100_cap075_r2
SEDG,1,5,0.20000000000000001,1,0.75,news_impulse,2,2,value_5bps_20pct_eta100_cap075_r2
SEIC,1,5,0.20000000000000001,1,0.75,news_impulse,16,5,value_5bps_20pct_eta100_cap075_r16
SELB,1,5,0.20000000000000001,1,0.75,news_impulse,2,4,value_5bps_20pct_eta100_cap075_r2
SENEA,1,5,0.20000000000000001,1,0.75,news_impulse,16,0,value_5bps_20pct_eta100_cap075_r16
SFBS,1,5,0.20000000000000001,1,0.75,news_impulse,8,3,value_5bps_20pct_eta100_cap075_r8
SFIX,1,5,0.20000000000000001,1,0.75,news_impulse,16,5,value_5bps_20pct_eta100_cap075_r16
SFM,1,5,0.050000000000000003,0.5,0.10000000000000001,news_impulse,16,6,value_5bps_5pct_eta050_cap010_r16
SFNC,1,5,0.20000000000000001,1,0.75,news_impulse,16,5,value_5bps_20pct_eta100_cap075_r16
SFST,1,5,0.20000000000000001,1,0.75,news_impulse,16,0,value_5bps_20pct_eta100_cap075_r16
SGC,1,5,0.20000000000000001,1,0.75,news_impulse,16,0,value_5bps_20pct_eta100_cap075_r16
SGEN,1,5,0.20000000000000001,1,0.75,news_impulse,2,2,value_5bps_20pct_eta100_cap075_r2
SGMO,1,5,0.050000000000000003,0.5,0.10000000000000001,news_impulse,16,6,value_5bps_5pct_eta050_cap010_r16
SGMS,1,5,0.20000000000000001,1,0.75,news_impulse,16,5,value_5bps_20pct_eta100_cap075_r16
SGRY,1,5,0.20000000000000001,1,0.75,news_impulse,8,3,value_5bps_20pct_eta100_cap075_r8
SHEN,1,5,0.20000000000000001,1,0.75,news_impulse,8,3,value_5bps_20pct_eta100_cap075_r8
SHOO,1,5,0.20000000000000001,1,0.75,news_impulse,16,5,value_5bps_20pct_eta100_cap075_r16
SHSP,1,10,0.20000000000000001,0,1,news_impulse,16,1,value_10bps_20pct_r16
SIBN,1,10,0.20000000000000001,0,1,news_impulse,16,1,value_10bps_20pct_r16
SIEN,1,5,0.050000000000000003,0.5,0.10000000000000001,news_impulse,16,6,value_5bps_5pct_eta050_cap010_r16
SIGA,1,5,0.20000000000000001,1,0.75,news_impulse,2,4,value_5bps_20pct_eta100_cap075_r2
SIGI,1,5,0.20000000000000001,1,0.75,news_impulse,2,2,value_5bps_20pct_eta100_cap075_r2
SIRI,1,5,0.20000000000000001,1,0.75,news_impulse,2,8,value_5bps_20pct_eta100_cap075_r2
SIVB,1,5,0.20000000000000001,1,0.75,news_impulse,16,7,value_5bps_20pct_eta100_cap075_r16
SKYW,1,5,0.20000000000000001,1,0.75,news_impulse,2,2,value_5bps_20pct_eta100_cap075_r2
SLAB,1,5,0.20000000000000001,1,0.75,news_impulse,2,2,value_5bps_20pct_eta100_cap075_r2
SLCT,1,5,0.20000000000000001,1,0.75,news_impulse,8,3,value_5bps_20pct_eta100_cap075_r8
SLDB,1,10,0.20000000000000001,0,1,news_impulse,16,1,value_10bps_20pct_r16
SLGN,1,5,0.20000000000000001,1,0.75,news_impulse,16,5,value_5bps_20pct_eta100_cap075_r16
SLM,1,5,0.20000000000000001,1,0.75,news_impulse,2,8,value_5bps_20pct_eta100_cap075_r2
SLNO,1,5,0.20000000000000001,1,0.75,news_impulse,2,4,value_5bps_20pct_eta100_cap075_r2
SLP,1,5,0.20000000000000001,1,0.75,news_impulse,8,3,value_5bps_20pct_eta100_cap075_r8
SLRC,1,5,0.050000000000000003,0.5,0.10000000000000001,news_impulse,16,6,value_5bps_5pct_eta050_cap010_r16
SMBC,1,5,0.20000000000000001,1,0.75,news_impulse,16,0,value_5bps_20pct_eta100_cap075_r16
SMBK,1,5,0.20000000000000001,1,0.75,news_impulse,16,0,value_5bps_20pct_eta100_cap075_r16
SMPL,1,5,0.20000000000000001,1,0.75,news_impulse,16,5,value_5bps_20pct_eta100_cap075_r16
SMSI,1,5,0.20000000000000001,1,0.75,news_impulse,2,4,value_5bps_20pct_eta100_cap075_r2
SMTC,1,5,0.20000000000000001,1,0.75,news_impulse,16,5,value_5bps_20pct_eta100_cap075_r16
SNBR,1,5,0.20000000000000001,1,0.75,news_impulse,16,5,value_5bps_20pct_eta100_cap075_r16
SNCR,1,5,0.050000000000000003,0.5,0.10000000000000001,news_impulse,16,6,value_5bps_5pct_eta050_cap010_r16
SND,1,5,0.20000000000000001,1,0.75,news_impulse,2,4,value_5bps_20pct_eta100_cap075_r2
SNDX,1,10,0.20000000000000001,0,1,news_impulse,16,1,value_10bps_20pct_r16
SNFCA,1,10,0.20000000000000001,0,1,news_impulse,16,1,value_10bps_20pct_r16
SNPS,1,5,0.20000000000000001,1,0.75,news_impulse,16,7,value_5bps_20pct_eta100_cap075_r16
SOHO,1,5,0.050000000000000003,0.5,0.10000000000000001,news_impulse,16,6,value_5bps_5pct_eta050_cap010_r16
SOLO,1,5,0.20000000000000001,1,0.75,news_impulse,2,4,value_5bps_20pct_eta100_cap075_r2
SONA,1,5,0.20000000000000001,1,0.75,news_impulse,8,3,value_5bps_20pct_eta100_cap075_r8
SONO,1,5,0.050000000000000003,0.5,0.10000000000000001,news_impulse,16,6,value_5bps_5pct_eta050_cap010_r16
SORL,1,5,0.20000000000000001,1,0.75,news_impulse,2,4,value_5bps_20pct_eta100_cap075_r2
SP,1,5,0.20000000000000001,1,0.75,news_impulse,8,3,value_5bps_20pct_eta100_cap075_r8
SPAR,1,5,0.20000000000000001,1,0.75,news_impulse,8,3,value_5bps_20pct_eta100_cap075_r8
SPLK,1,5,0.20000000000000001,1,0.75,news_impulse,16,7,value_5bps_20pct_eta100_cap075_r16
SPNE,1,10,0.20000000000000001,0,1,news_impulse,16,1,value_10bps_20pct_r16
SPNS,1,5,0.20000000000000001,1,0.75,news_impulse,8,3,value_5bps_20pct_eta100_cap075_r8
SPOK,1,5,0.20000000000000001,1,0.75,news_impulse,8,3,value_5bps_20pct_eta100_cap075_r8
SPPI,1,5,0.20000000000000001,1,0.75,news_impulse,2,4,value_5bps_20pct_eta100_cap075_r2
SPRO,1,10,0.20000000000000001,0,1,news_impulse,16,1,value_10bps_20pct_r16
SPSC,1,5,0.20000000000000001,1,0.75,news_impulse,2,2,value_5bps_20pct_eta100_cap075_r2
SPTN,1,5,0.20000000000000001,1,0.75,news_impulse,8,3,value_5bps_20pct_eta100_cap075_r8
SPWH,1,5,0.050000000000000003,0.5,0.10000000000000001,news_impulse,16,6,value_5bps_5pct_eta050_cap010_r16
SPWR,1,5,0.20000000000000001,1,0.75,news_impulse,2,8,value_5bps_20pct_eta100_cap075_r2
SRAX,1,5,0.20000000000000001,1,0.75,news_impulse,2,4,value_5bps_20pct_eta100_cap075_r2
SRCE,1,5,0.20000000000000001,1,0.75,news_impulse,2,2,value_5bps_20pct_eta100_cap075_r2
SRCL,1,5,0.20000000000000001,1,0.75,news_impulse,16,5,value_5bps_20pct_eta100_cap075_r16
SRDX,1,5,0.20000000000000001,1,0.75,news_impulse,16,0,value_5bps_20pct_eta100_cap075_r16
SRNE,1,5,0.20000000000000001,1,0.75,news_impulse,2,8,value_5bps_20pct_eta100_cap075_r2
SRPT,1,5,0.20000000000000001,1,0.75,news_impulse,2,2,value_5bps_20pct_eta100_cap075_r2
SRRK,1,10,0.20000000000000001,0,1,news_impulse,16,1,value_10bps_20pct_r16
SRTS,1,10,0.20000000000000001,0,1,news_impulse,16,1,value_10bps_20pct_r16
SSB,1,5,0.20000000000000001,1,0.75,news_impulse,2,2,value_5bps_20pct_eta100_cap075_r2
SSNC,1,5,0.20000000000000001,1,0.75,news_impulse,16,5,value_5bps_20pct_eta100_cap075_r16
SSP,1,5,0.050000000000000003,0.5,0.10000000000000001,news_impulse,16,6,value_5bps_5pct_eta050_cap010_r16
SSRM,1,5,0.20000000000000001,1,0.75,news_impulse,16,5,value_5bps_20pct_eta100_cap075_r16
SSTI,1,5,0.20000000000000001,1,0.75,news_impulse,16,0,value_5bps_20pct_eta100_cap075_r16
STAA,1,5,0.20000000000000001,1,0.75,news_impulse,8,3,value_5bps_20pct_eta100_cap075_r8
STAY,1,5,0.050000000000000003,0.5,0.10000000000000001,news_impulse,16,6,value_5bps_5pct_eta050_cap010_r16
STBA,1,5,0.20000000000000001,1,0.75,news_impulse,8,3,value_5bps_20pct_eta100_cap075_r8
STFC,1,5,0.20000000000000001,1,0.75,news_impulse,16,0,value_5bps_20pct_eta100_cap075_r16
STIM,1,10,0.20000000000000001,0,1,news_impulse,16,1,value_10bps_20pct_r16
STKL,1,5,0.20000000000000001,1,0.75,news_impulse,2,4,value_5bps_20pct_eta100_cap075_r2
STLD,1,5,0.20000000000000001,1,0.75,news_impulse,16,9,value_5bps_20pct_eta100_cap075_r16
STML,1,10,0.20000000000000001,0,1,news_impulse,16,1,value_10bps_20pct_r16
STMP,1,5,0.20000000000000001,1,0.75,news_impulse,2,2,value_5bps_20pct_eta100_cap075_r2
STNE,1,5,0.20000000000000001,1,0.75,news_impulse,16,5,value_5bps_20pct_eta100_cap075_r16
STRA,1,5,0.20000000000000001,1,0.75,news_impulse,2,2,value_5bps_20pct_eta100_cap075_r2
STRL,1,5,0.20000000000000001,1,0.75,news_impulse,8,3,value_5bps_20pct_eta100_cap075_r8
STRO,1,10,0.20000000000000001,0,1,news_impulse,16,1,value_10bps_20pct_r16
STX,1,5,0.20000000000000001,1,0.75,news_impulse,16,9,value_5bps_20pct_eta100_cap075_r16
STXB,1,5,0.20000000000000001,1,0.75,news_impulse,8,3,value_5bps_20pct_eta100_cap075_r8
SUNS,1,5,0.050000000000000003,0.5,0.10000000000000001,news_impulse,16,6,value_5bps_5pct_eta050_cap010_r16
SUPN,1,5,0.20000000000000001,1,0.75,news_impulse,8,3,value_5bps_20pct_eta100_cap075_r8
SURF,1,5,0.20000000000000001,1,0.75,news_impulse,2,4,value_5bps_20pct_eta100_cap075_r2
SVMK,1,5,0.20000000000000001,1,0.75,news_impulse,16,5,value_5bps_20pct_eta100_cap075_r16
SWIR,1,5,0.050000000000000003,0.5,0.10000000000000001,news_impulse,16,6,value_5bps_5pct_eta050_cap010_r16
SWKS,1,5,0.20000000000000001,1,0.75,news_impulse,16,7,value_5bps_20pct_eta100_cap075_r16
SYBT,1,5,0.20000000000000001,1,0.75,news_impulse,16,0,value_5bps_20pct_eta100_cap075_r16
SYBX,1,5,0.20000000000000001,1,0.75,news_impulse,2,4,value_5bps_20pct_eta100_cap075_r2
SYKE,1,5,0.20000000000000001,1,0.75,news_impulse,8,3,value_5bps_20pct_eta100_cap075_r8
SYNA,1,5,0.20000000000000001,1,0.75,news_impulse,16,5,value_5bps_20pct_eta100_cap075_r16
SYNH,1,5,0.20000000000000001,1,0.75,news_impulse,16,5,value_5bps_20pct_eta100_cap075_r16
SYRS,1,10,0.20000000000000001,0,1,news_impulse,16,1,value_10bps_20pct_r16
TA,1,5,0.20000000000000001,1,0.75,news_impulse,8,3,value_5bps_20pct_eta100_cap075_r8
TACO,1,5,0.20000000000000001,1,0.75,news_impulse,2,4,value_5bps_20pct_eta100_cap075_r2
TACT,1,5,0.20000000000000001,1,0.75,news_impulse,16,0,value_5bps_20pct_eta100_cap075_r16
TAIT,1,5,0.20000000000000001,1,0.75,news_impulse,2,4,value_5bps_20pct_eta100_cap075_r2
TANH,1,5,0.20000000000000001,1,0.75,news_impulse,2,4,value_5bps_20pct_eta100_cap075_r2
TAST,1,5,0.050000000000000003,0.5,0.10000000000000001,news_impulse,16,6,value_5bps_5pct_eta050_cap010_r16
TBBK,1,5,0.050000000000000003,0.5,0.10000000000000001,news_impulse,16,6,value_5bps_5pct_eta050_cap010_r16
TBIO,1,10,0.20000000000000001,0,1,news_impulse,16,1,value_10bps_20pct_r16
TBK,1,5,0.20000000000000001,1,0.75,news_impulse,8,3,value_5bps_20pct_eta100_cap075_r8
TBNK,1,5,0.20000000000000001,1,0.75,news_impulse,16,0,value_5bps_20pct_eta100_cap075_r16
TCBI,1,5,0.20000000000000001,1,0.75,news_impulse,16,5,value_5bps_20pct_eta100_cap075_r16
TCBK,1,5,0.20000000000000001,1,0.75,news_impulse,8,3,value_5bps_20pct_eta100_cap075_r8
TCDA,1,5,0.20000000000000001,1,0.75,news_impulse,16,0,value_5bps_20pct_eta100_cap075_r16
TCMD,1,5,0.20000000000000001,1,0.75,news_impulse,2,2,value_5bps_20pct_eta100_cap075_r2
TCPC,1,5,0.050000000000000003,0.5,0.10000000000000001,news_impulse,16,6,value_5bps_5pct_eta050_cap010_r16
TCRD,1,5,0.050000000000000003,0.5,0.10000000000000001,news_impulse,16,6,value_5bps_5pct_eta050_cap010_r16
TCX,1,5,0.20000000000000001,1,0.75,news_impulse,16,0,value_5bps_20pct_eta100_cap075_r16
TECD,1,5,0.20000000000000001,1,0.75,news_impulse,2,2,value_5bps_20pct_eta100_cap075_r2
TECH,1,5,0.20000000000000001,1,0.75,news_impulse,2,2,value_5bps_20pct_eta100_cap075_r2
TELL,1,5,0.20000000000000001,1,0.75,news_impulse,2,8,value_5bps_20pct_eta100_cap075_r2
TENB,1,5,0.20000000000000001,1,0.75,news_impulse,8,3,value_5bps_20pct_eta100_cap075_r8
TENX,1,5,0.20000000000000001,1,0.75,news_impulse,2,4,value_5bps_20pct_eta100_cap075_r2
TER,1,5,0.20000000000000001,1,0.75,news_impulse,16,9,value_5bps_20pct_eta100_cap075_r16
TERP,1,5,0.050000000000000003,0.5,0.10000000000000001,news_impulse,16,6,value_5bps_5pct_eta050_cap010_r16
TFSL,1,5,0.050000000000000003,0.5,0.10000000000000001,news_impulse,16,6,value_5bps_5pct_eta050_cap010_r16
TGTX,1,5,0.20000000000000001,1,0.75,news_impulse,2,8,value_5bps_20pct_eta100_cap075_r2
THFF,1,5,0.20000000000000001,1,0.75,news_impulse,16,0,value_5bps_20pct_eta100_cap075_r16
THRM,1,5,0.20000000000000001,1,0.75,news_impulse,8,3,value_5bps_20pct_eta100_cap075_r8
TIGO,1,5,0.20000000000000001,1,0.75,news_impulse,2,2,value_5bps_20pct_eta100_cap075_r2
TILE,1,5,0.050000000000000003,0.5,0.10000000000000001,news_impulse,16,6,value_5bps_5pct_eta050_cap010_r16
TIPT,1,5,0.050000000000000003,0.5,0.10000000000000001,news_impulse,16,6,value_5bps_5pct_eta050_cap010_r16
TITN,1,10,0.20000000000000001,0,1,news_impulse,16,1,value_10bps_20pct_r16
TIVO,1,5,0.050000000000000003,0.5,0.10000000000000001,news_impulse,16,6,value_5bps_5pct_eta050_cap010_r16
TLRY,1,5,0.20000000000000001,1,0.75,news_impulse,8,3,value_5bps_20pct_eta100_cap075_r8
TMUS,1,5,0.20000000000000001,1,0.75,news_impulse,16,9,value_5bps_20pct_eta100_cap075_r16
TNAV,1,5,0.20000000000000001,1,0.75,news_impulse,2,4,value_5bps_20pct_eta100_cap075_r2
TNDM,1,5,0.20000000000000001,1,0.75,news_impulse,2,2,value_5bps_20pct_eta100_cap075_r2
TORC,1,5,0.20000000000000001,1,0.75,news_impulse,2,4,value_5bps_20pct_eta100_cap075_r2
TOWN,1,5,0.20000000000000001,1,0.75,news_impulse,8,3,value_5bps_20pct_eta100_cap075_r8
TPCO,1,10,0.20000000000000001,0,1,news_impulse,16,1,value_10bps_20pct_r16
TPIC,1,5,0.20000000000000001,1,0.75,news_impulse,8,3,value_5bps_20pct_eta100_cap075_r8
TREE,1,5,0.20000000000000001,1,0.75,news_impulse,2,2,value_5bps_20pct_eta100_cap075_r2
TRHC,1,5,0.20000000000000001,1,0.75,news_impulse,2,2,value_5bps_20pct_eta100_cap075_r2
TRIP,1,5,0.20000000000000001,1,0.75,news_impulse,16,9,value_5bps_20pct_eta100_cap075_r16
TRMB,1,5,0.20000000000000001,1,0.75,news_impulse,16,5,value_5bps_20pct_eta100_cap075_r16
TRMK,1,5,0.20000000000000001,1,0.75,news_impulse,16,5,value_5bps_20pct_eta100_cap075_r16
TROW,1,5,0.20000000000000001,1,0.75,news_impulse,16,7,value_5bps_20pct_eta100_cap075_r16
TRS,1,5,0.20000000000000001,1,0.75,news_impulse,8,3,value_5bps_20pct_eta100_cap075_r8
TRST,1,5,0.050000000000000003,0.5,0.10000000000000001,news_impulse,16,6,value_5bps_5pct_eta050_cap010_r16
TRUE,1,5,0.20000000000000001,1,0.75,news_impulse,2,8,value_5bps_20pct_eta100_cap075_r2
TRUP,1,5,0.20000000000000001,1,0.75,news_impulse,8,3,value_5bps_20pct_eta100_cap075_r8
TSBK,1,5,0.20000000000000001,1,0.75,news_impulse,16,0,value_5bps_20pct_eta100_cap075_r16
TSC,1,5,0.20000000000000001,1,0.75,news_impulse,8,3,value_5bps_20pct_eta100_cap075_r8
TSCO,1,5,0.20000000000000001,1,0.75,news_impulse,16,7,value_5bps_20pct_eta100_cap075_r16
TSG,1,5,0.20000000000000001,1,0.75,news_impulse,16,9,value_5bps_20pct_eta100_cap075_r16
TSLA,1,5,0.20000000000000001,1,0.75,news_impulse,16,7,value_5bps_20pct_eta100_cap075_r16
TTD,1,5,0.20000000000000001,1,0.75,news_impulse,2,2,value_5bps_20pct_eta100_cap075_r2
TTEC,1,5,0.20000000000000001,1,0.75,news_impulse,16,0,value_5bps_20pct_eta100_cap075_r16
TTEK,1,5,0.20000000000000001,1,0.75,news_impulse,2,2,value_5bps_20pct_eta100_cap075_r2
TTGT,1,5,0.20000000000000001,1,0.75,news_impulse,8,3,value_5bps_20pct_eta100_cap075_r8
TTMI,1,5,0.050000000000000003,0.5,0.10000000000000001,news_impulse,16,6,value_5bps_5pct_eta050_cap010_r16
TTOO,1,5,0.20000000000000001,1,0.75,news_impulse,2,4,value_5bps_20pct_eta100_cap075_r2
TTWO,1,5,0.20000000000000001,1,0.75,news_impulse,16,7,value_5bps_20pct_eta100_cap075_r16
TUES,1,5,0.20000000000000001,1,0.75,news_impulse,2,4,value_5bps_20pct_eta100_cap075_r2
TUSK,1,5,0.20000000000000001,1,0.75,news_impulse,2,4,value_5bps_20pct_eta100_cap075_r2
TVTY,1,5,0.20000000000000001,1,0.75,news_impulse,16,5,value_5bps_20pct_eta100_cap075_r16
TWIN,1,10,0.20000000000000001,0,1,news_impulse,16,1,value_10bps_20pct_r16
TWNK,1,5,0.050000000000000003,0.5,0.10000000000000001,news_impulse,16,6,value_5bps_5pct_eta050_cap010_r16
TWOU,1,5,0.20000000000000001,1,0.75,news_impulse,16,5,value_5bps_20pct_eta100_cap075_r16
TWST,1,5,0.20000000000000001,1,0.75,news_impulse,16,0,value_5bps_20pct_eta100_cap075_r16
TXMD,1,5,0.20000000000000001,1,0.75,news_impulse,2,8,value_5bps_20pct_eta100_cap075_r2
TXN,1,5,0.20000000000000001,1,0.75,news_impulse,16,9,value_5bps_20pct_eta100_cap075_r16
TXRH,1,5,0.20000000000000001,1,0.75,news_impulse,16,5,value_5bps_20pct_eta100_cap075_r16
TYME,1,5,0.20000000000000001,1,0.75,news_impulse,2,4,value_5bps_20pct_eta100_cap075_r2
TZOO,1,10,0.20000000000000001,0,1,news_impulse,16,1,value_10bps_20pct_r16
UAL,1,5,0.20000000000000001,1,0.75,news_impulse,16,7,value_5bps_20pct_eta100_cap075_r16
UBSI,1,5,0.20000000000000001,1,0.75,news_impulse,16,5,value_5bps_20pct_eta100_cap075_r16
UBX,1,10,0.20000000000000001,0,1,news_impulse,16,1,value_10bps_20pct_r16
UCBI,1,5,0.20000000000000001,1,0.75,news_impulse,16,5,value_5bps_20pct_eta100_cap075_r16
UCFC,1,5,0.050000000000000003,0.5,0.10000000000000001,news_impulse,16,6,value_5bps_5pct_eta050_cap010_r16
UCTT,1,5,0.20000000000000001,1,0.75,news_impulse,16,5,value_5bps_20pct_eta100_cap075_r16
UEIC,1,5,0.20000000000000001,1,0.75,news_impulse,16,0,value_5bps_20pct_eta100_cap075_r16
UEPS,1,5,0.050000000000000003,0.5,0.10000000000000001,news_impulse,16,6,value_5bps_5pct_eta050_cap010_r16
UFCS,1,5,0.20000000000000001,1,0.75,news_impulse,16,0,value_5bps_20pct_eta100_cap075_r16
UFPI,1,5,0.20000000000000001,1,0.75,news_impulse,16,5,value_5bps_20pct_eta100_cap075_r16
UFPT,1,5,0.20000000000000001,1,0.75,news_impulse,16,0,value_5bps_20pct_eta100_cap075_r16
UHAL,1,5,0.20000000000000001,1,0.75,news_impulse,2,2,value_5bps_20pct_eta100_cap075_r2
UIHC,1,5,0.20000000000000001,1,0.75,news_impulse,8,3,value_5bps_20pct_eta100_cap075_r8
ULBI,1,10,0.20000000000000001,0,1,news_impulse,16,1,value_10bps_20pct_r16
ULH,1,5,0.20000000000000001,1,0.75,news_impulse,8,3,value_5bps_20pct_eta100_cap075_r8
ULTA,1,5,0.20000000000000001,1,0.75,news_impulse,16,7,value_5bps_20pct_eta100_cap075_r16
UMBF,1,5,0.20000000000000001,1,0.75,news_impulse,2,2,value_5bps_20pct_eta100_cap075_r2
UMPQ,1,5,0.050000000000000003,0.5,0.10000000000000001,news_impulse,16,6,value_5bps_5pct_eta050_cap010_r16
UNIT,1,5,0.20000000000000001,1,0.75,news_impulse,2,8,value_5bps_20pct_eta100_cap075_r2
UPLD,1,5,0.20000000000000001,1,0.75,news_impulse,8,3,value_5bps_20pct_eta100_cap075_r8
UPWK,1,5,0.050000000000000003,0.5,0.10000000000000001,news_impulse,16,6,value_5bps_5pct_eta050_cap010_r16
URBN,1,5,0.20000000000000001,1,0.75,news_impulse,16,9,value_5bps_20pct_eta100_cap075_r16
USAK,1,10,0.20000000000000001,0,1,news_impulse,16,1,value_10bps_20pct_r16
USAP,1,10,0.20000000000000001,0,1,news_impulse,16,1,value_10bps_20pct_r16
USCR,1,5,0.20000000000000001,1,0.75,news_impulse,2,2,value_5bps_20pct_eta100_cap075_r2
UTHR,1,5,0.20000000000000001,1,0.75,news_impulse,2,2,value_5bps_20pct_eta100_cap075_r2
UTMD,1,5,0.20000000000000001,1,0.75,news_impulse,16,0,value_5bps_20pct_eta100_cap075_r16
UVSP,1,5,0.20000000000000001,1,0.75,news_impulse,8,3,value_5bps_20pct_eta100_cap075_r8
VBTX,1,5,0.20000000000000001,1,0.75,news_impulse,16,5,value_5bps_20pct_eta100_cap075_r16
VC,1,5,0.20000000000000001,1,0.75,news_impulse,2,2,value_5bps_20pct_eta100_cap075_r2
VCEL,1,5,0.20000000000000001,1,0.75,news_impulse,8,3,value_5bps_20pct_eta100_cap075_r8
VCTR,1,5,0.20000000000000001,1,0.75,news_impulse,8,3,value_5bps_20pct_eta100_cap075_r8
VCYT,1,5,0.20000000000000001,1,0.75,news_impulse,8,3,value_5bps_20pct_eta100_cap075_r8
VECO,1,5,0.20000000000000001,1,0.75,news_impulse,16,5,value_5bps_20pct_eta100_cap075_r16
VERI,1,5,0.20000000000000001,1,0.75,news_impulse,2,4,value_5bps_20pct_eta100_cap075_r2
VERU,1,5,0.20000000000000001,1,0.75,news_impulse,2,4,value_5bps_20pct_eta100_cap075_r2
VIAV,1,5,0.050000000000000003,0.5,0.10000000000000001,news_impulse,16,6,value_5bps_5pct_eta050_cap010_r16
VICR,1,5,0.20000000000000001,1,0.75,news_impulse,8,3,value_5bps_20pct_eta100_cap075_r8
VIRT,1,5,0.050000000000000003,0.5,0.10000000000000001,news_impulse,16,6,value_5bps_5pct_eta050_cap010_r16
VIVO,1,5,0.050000000000000003,0.5,0.10000000000000001,news_impulse,16,6,value_5bps_5pct_eta050_cap010_r16
VKTX,1,5,0.20000000000000001,1,0.75,news_impulse,2,8,value_5bps_20pct_eta100_cap075_r2
VLGEA,1,5,0.20000000000000001,1,0.75,news_impulse,8,3,value_5bps_20pct_eta100_cap075_r8
VLY,1,5,0.20000000000000001,1,0.75,news_impulse,2,8,value_5bps_20pct_eta100_cap075_r2
VNDA,1,5,0.20000000000000001,1,0.75,news_impulse,16,5,value_5bps_20pct_eta100_cap075_r16
VOXX,1,10,0.20000000000000001,0,1,news_impulse,16,1,value_10bps_20pct_r16
VRA,1,5,0.20000000000000001,1,0.75,news_impulse,8,3,value_5bps_20pct_eta100_cap075_r8
VRAY,1,5,0.20000000000000001,1,0.75,news_impulse,2,8,value_5bps_20pct_eta100_cap075_r2
VREX,1,5,0.20000000000000001,1,0.75,news_impulse,8,3,value_5bps_20pct_eta100_cap075_r8
VRNS,1,5,0.20000000000000001,1,0.75,news_impulse,2,2,value_5bps_20pct_eta100_cap075_r2
VRNT,1,5,0.20000000000000001,1,0.75,news_impulse,16,5,value_5bps_20pct_eta100_cap075_r16
VRRM,1,5,0.050000000000000003,0.5,0.10000000000000001,news_impulse,16,6,value_5bps_5pct_eta050_cap010_r16
VRSK,1,5,0.20000000000000001,1,0.75,news_impulse,16,7,value_5bps_20pct_eta100_cap075_r16
VRSN,1,5,0.20000000000000001,1,0.75,news_impulse,16,7,value_5bps_20pct_eta100_cap075_r16
VRTS,1,5,0.20000000000000001,1,0.75,news_impulse,16,0,value_5bps_20pct_eta100_cap075_r16
VRTU,1,5,0.20000000000000001,1,0.75,news_impulse,8,3,value_5bps_20pct_eta100_cap075_r8
VRTX,1,5,0.20000000000000001,1,0.75,news_impulse,16,7,value_5bps_20pct_eta100_cap075_r16
VSAT,1,5,0.20000000000000001,1,0.75,news_impulse,16,5,value_5bps_20pct_eta100_cap075_r16
VSTM,1,5,0.20000000000000001,1,0.75,news_impulse,2,8,value_5bps_20pct_eta100_cap075_r2
VTNR,1,5,0.20000000000000001,1,0.75,news_impulse,2,4,value_5bps_20pct_eta100_cap075_r2
VTSI,1,10,0.20000000000000001,0,1,news_impulse,16,1,value_10bps_20pct_r16
VTVT,1,5,0.20000000000000001,1,0.75,news_impulse,2,4,value_5bps_20pct_eta100_cap075_r2
VUZI,1,5,0.20000000000000001,1,0.75,news_impulse,2,4,value_5bps_20pct_eta100_cap075_r2
VVUS,1,5,0.20000000000000001,1,0.75,news_impulse,2,4,value_5bps_20pct_eta100_cap075_r2
VYGR,1,10,0.20000000000000001,0,1,news_impulse,16,1,value_10bps_20pct_r16
WABC,1,5,0.20000000000000001,1,0.75,news_impulse,2,2,value_5bps_20pct_eta100_cap075_r2
WAFD,1,5,0.20000000000000001,1,0.75,news_impulse,16,5,value_5bps_20pct_eta100_cap075_r16
WASH,1,5,0.20000000000000001,1,0.75,news_impulse,16,0,value_5bps_20pct_eta100_cap075_r16
WATT,1,5,0.20000000000000001,1,0.75,news_impulse,2,4,value_5bps_20pct_eta100_cap075_r2
WBA,1,5,0.20000000000000001,1,0.75,news_impulse,16,9,value_5bps_20pct_eta100_cap075_r16
WDAY,1,5,0.20000000000000001,1,0.75,news_impulse,16,7,value_5bps_20pct_eta100_cap075_r16
WDC,1,5,0.20000000000000001,1,0.75,news_impulse,16,9,value_5bps_20pct_eta100_cap075_r16
WDFC,1,5,0.20000000000000001,1,0.75,news_impulse,2,2,value_5bps_20pct_eta100_cap075_r2
WEN,1,5,0.20000000000000001,1,0.75,news_impulse,16,9,value_5bps_20pct_eta100_cap075_r16
WERN,1,5,0.20000000000000001,1,0.75,news_impulse,16,5,value_5bps_20pct_eta100_cap075_r16
WETF,1,5,0.20000000000000001,1,0.75,news_impulse,2,8,value_5bps_20pct_eta100_cap075_r2
WEYS,1,5,0.20000000000000001,1,0.75,news_impulse,16,0,value_5bps_20pct_eta100_cap075_r16
WHF,1,5,0.050000000000000003,0.5,0.10000000000000001,news_impulse,16,6,value_5bps_5pct_eta050_cap010_r16
WHLR,1,5,0.20000000000000001,1,0.75,news_impulse,2,4,value_5bps_20pct_eta100_cap075_r2
WIFI,1,5,0.20000000000000001,1,0.75,news_impulse,16,5,value_5bps_20pct_eta100_cap075_r16
WING,1,5,0.20000000000000001,1,0.75,news_impulse,2,2,value_5bps_20pct_eta100_cap075_r2
WIRE,1,5,0.20000000000000001,1,0.75,news_impulse,2,2,value_5bps_20pct_eta100_cap075_r2
WLDN,1,5,0.20000000000000001,1,0.75,news_impulse,8,3,value_5bps_20pct_eta100_cap075_r8
WNEB,1,5,0.20000000000000001,1,0.75,news_impulse,8,3,value_5bps_20pct_eta100_cap075_r8
WPRT,1,5,0.20000000000000001,1,0.75,news_impulse,2,4,value_5bps_20pct_eta100_cap075_r2
WRLD,1,5,0.20000000000000001,1,0.75,news_impulse,16,0,value_5bps_20pct_eta100_cap075_r16
WRTC,1,10,0.20000000000000001,0,1,news_impulse,16,1,value_10bps_20pct_r16
WSBC,1,5,0.20000000000000001,1,0.75,news_impulse,8,3,value_5bps_20pct_eta100_cap075_r8
WSBF,1,5,0.050000000000000003,0.5,0.10000000000000001,news_impulse,16,6,value_5bps_5pct_eta050_cap010_r16
WSC,1,5,0.050000000000000003,0.5,0.10000000000000001,news_impulse,16,6,value_5bps_5pct_eta050_cap010_r16
WSFS,1,5,0.20000000000000001,1,0.75,news_impulse,16,5,value_5bps_20pct_eta100_cap075_r16
WTBA,1,5,0.20000000000000001,1,0.75,news_impulse,8,3,value_5bps_20pct_eta100_cap075_r8
WTER,1,5,0.20000000000000001,1,0.75,news_impulse,2,4,value_5bps_20pct_eta100_cap075_r2
WTFC,1,5,0.20000000000000001,1,0.75,news_impulse,16,5,value_5bps_20pct_eta100_cap075_r16
WWD,1,5,0.20000000000000001,1,0.75,news_impulse,2,2,value_5bps_20pct_eta100_cap075_r2
WYNN,1,5,0.20000000000000001,1,0.75,news_impulse,16,7,value_5bps_20pct_eta100_cap075_r16
XBIO,1,5,0.20000000000000001,1,0.75,news_impulse,2,4,value_5bps_20pct_eta100_cap075_r2
XBIT,1,10,0.20000000000000001,0,1,news_impulse,16,1,value_10bps_20pct_r16
XEL,1,5,0.20000000000000001,1,0.75,news_impulse,16,9,value_5bps_20pct_eta100_cap075_r16
XELB,1,5,0.20000000000000001,1,0.75,news_impulse,2,4,value_5bps_20pct_eta100_cap075_r2
XENE,1,10,0.20000000000000001,0,1,news_impulse,16,1,value_10bps_20pct_r16
XENT,1,5,0.20000000000000001,1,0.75,news_impulse,8,3,value_5bps_20pct_eta100_cap075_r8
XERS,1,10,0.20000000000000001,0,1,news_impulse,16,1,value_10bps_20pct_r16
XLNX,1,5,0.20000000000000001,1,0.75,news_impulse,16,7,value_5bps_20pct_eta100_cap075_r16
XLRN,1,5,0.20000000000000001,1,0.75,news_impulse,2,2,value_5bps_20pct_eta100_cap075_r2
XNCR,1,5,0.20000000000000001,1,0.75,news_impulse,8,3,value_5bps_20pct_eta100_cap075_r8
XOG,1,5,0.20000000000000001,1,0.75,news_impulse,2,8,value_5bps_20pct_eta100_cap075_r2
XOMA,1,5,0.20000000000000001,1,0.75,news_impulse,16,0,value_5bps_20pct_eta100_cap075_r16
XON,1,5,0.20000000000000001,1,0.75,news_impulse,2,4,value_5bps_20pct_eta100_cap075_r2
XONE,1,10,0.20000000000000001,0,1,news_impulse,16,1,value_10bps_20pct_r16
XPER,1,5,0.20000000000000001,1,0.75,news_impulse,16,5,value_5bps_20pct_eta100_cap075_r16
XRAY,1,5,0.20000000000000001,1,0.75,news_impulse,16,5,value_5bps_20pct_eta100_cap075_r16
YGYI,1,10,0.20000000000000001,0,1,news_impulse,16,1,value_10bps_20pct_r16
YMAB,1,5,0.20000000000000001,1,0.75,news_impulse,16,0,value_5bps_20pct_eta100_cap075_r16
YORW,1,5,0.20000000000000001,1,0.75,news_impulse,16,0,value_5bps_20pct_eta100_cap075_r16
YRCW,1,5,0.20000000000000001,1,0.75,news_impulse,2,4,value_5bps_20pct_eta100_cap075_r2
Z,1,5,0.20000000000000001,1,0.75,news_impulse,16,9,value_5bps_20pct_eta100_cap075_r16
ZAGG,1,5,0.050000000000000003,0.5,0.10000000000000001,news_impulse,16,6,value_5bps_5pct_eta050_cap010_r16
ZBRA,1,5,0.20000000000000001,1,0.75,news_impulse,2,2,value_5bps_20pct_eta100_cap075_r2
ZEUS,1,10,0.20000000000000001,0,1,news_impulse,16,1,value_10bps_20pct_r16
ZG,1,5,0.20000000000000001,1,0.75,news_impulse,16,5,value_5bps_20pct_eta100_cap075_r16
ZGNX,1,5,0.20000000000000001,1,0.75,news_impulse,2,2,value_5bps_20pct_eta100_cap075_r2
ZION,1,5,0.20000000000000001,1,0.75,news_impulse,16,9,value_5bps_20pct_eta100_cap075_r16
ZIOP,1,5,0.20000000000000001,1,0.75,news_impulse,2,8,value_5bps_20pct_eta100_cap075_r2
ZIXI,1,5,0.050000000000000003,0.5,0.10000000000000001,news_impulse,16,6,value_5bps_5pct_eta050_cap010_r16
ZNGA,1,5,0.20000000000000001,1,0.75,news_impulse,2,8,value_5bps_20pct_eta100_cap075_r2
ZS,1,5,0.20000000000000001,1,0.75,news_impulse,16,5,value_5bps_20pct_eta100_cap075_r16
ZSAN,1,5,0.20000000000000001,1,0.75,news_impulse,2,4,value_5bps_20pct_eta100_cap075_r2
ZUMZ,1,5,0.20000000000000001,1,0.75,news_impulse,16,5,value_5bps_20pct_eta100_cap075_r16
ZYNE,1,5,0.20000000000000001,1,0.75,news_impulse,2,4,value_5bps_20pct_eta100_cap075_r2
